const uint16_t gbk_to_unicode[21791][2] = {
{0x8140, 0x4e02}, //丂
{0x8141, 0x4e04}, //丄
{0x8142, 0x4e05}, //丅
{0x8143, 0x4e06}, //丆
{0x8144, 0x4e0f}, //丏
{0x8145, 0x4e12}, //丒
{0x8146, 0x4e17}, //丗
{0x8147, 0x4e1f}, //丟
{0x8148, 0x4e20}, //丠
{0x8149, 0x4e21}, //両
{0x814a, 0x4e23}, //丣
{0x814b, 0x4e26}, //並
{0x814c, 0x4e29}, //丩
{0x814d, 0x4e2e}, //丮
{0x814e, 0x4e2f}, //丯
{0x814f, 0x4e31}, //丱
{0x8150, 0x4e33}, //丳
{0x8151, 0x4e35}, //丵
{0x8152, 0x4e37}, //丷
{0x8153, 0x4e3c}, //丼
{0x8154, 0x4e40}, //乀
{0x8155, 0x4e41}, //乁
{0x8156, 0x4e42}, //乂
{0x8157, 0x4e44}, //乄
{0x8158, 0x4e46}, //乆
{0x8159, 0x4e4a}, //乊
{0x815a, 0x4e51}, //乑
{0x815b, 0x4e55}, //乕
{0x815c, 0x4e57}, //乗
{0x815d, 0x4e5a}, //乚
{0x815e, 0x4e5b}, //乛
{0x815f, 0x4e62}, //乢
{0x8160, 0x4e63}, //乣
{0x8161, 0x4e64}, //乤
{0x8162, 0x4e65}, //乥
{0x8163, 0x4e67}, //乧
{0x8164, 0x4e68}, //乨
{0x8165, 0x4e6a}, //乪
{0x8166, 0x4e6b}, //乫
{0x8167, 0x4e6c}, //乬
{0x8168, 0x4e6d}, //乭
{0x8169, 0x4e6e}, //乮
{0x816a, 0x4e6f}, //乯
{0x816b, 0x4e72}, //乲
{0x816c, 0x4e74}, //乴
{0x816d, 0x4e75}, //乵
{0x816e, 0x4e76}, //乶
{0x816f, 0x4e77}, //乷
{0x8170, 0x4e78}, //乸
{0x8171, 0x4e79}, //乹
{0x8172, 0x4e7a}, //乺
{0x8173, 0x4e7b}, //乻
{0x8174, 0x4e7c}, //乼
{0x8175, 0x4e7d}, //乽
{0x8176, 0x4e7f}, //乿
{0x8177, 0x4e80}, //亀
{0x8178, 0x4e81}, //亁
{0x8179, 0x4e82}, //亂
{0x817a, 0x4e83}, //亃
{0x817b, 0x4e84}, //亄
{0x817c, 0x4e85}, //亅
{0x817d, 0x4e87}, //亇
{0x817e, 0x4e8a}, //亊
{0x8180, 0x4e90}, //亐
{0x8181, 0x4e96}, //亖
{0x8182, 0x4e97}, //亗
{0x8183, 0x4e99}, //亙
{0x8184, 0x4e9c}, //亜
{0x8185, 0x4e9d}, //亝
{0x8186, 0x4e9e}, //亞
{0x8187, 0x4ea3}, //亣
{0x8188, 0x4eaa}, //亪
{0x8189, 0x4eaf}, //亯
{0x818a, 0x4eb0}, //亰
{0x818b, 0x4eb1}, //亱
{0x818c, 0x4eb4}, //亴
{0x818d, 0x4eb6}, //亶
{0x818e, 0x4eb7}, //亷
{0x818f, 0x4eb8}, //亸
{0x8190, 0x4eb9}, //亹
{0x8191, 0x4ebc}, //亼
{0x8192, 0x4ebd}, //亽
{0x8193, 0x4ebe}, //亾
{0x8194, 0x4ec8}, //仈
{0x8195, 0x4ecc}, //仌
{0x8196, 0x4ecf}, //仏
{0x8197, 0x4ed0}, //仐
{0x8198, 0x4ed2}, //仒
{0x8199, 0x4eda}, //仚
{0x819a, 0x4edb}, //仛
{0x819b, 0x4edc}, //仜
{0x819c, 0x4ee0}, //仠
{0x819d, 0x4ee2}, //仢
{0x819e, 0x4ee6}, //仦
{0x819f, 0x4ee7}, //仧
{0x81a0, 0x4ee9}, //仩
{0x81a1, 0x4eed}, //仭
{0x81a2, 0x4eee}, //仮
{0x81a3, 0x4eef}, //仯
{0x81a4, 0x4ef1}, //仱
{0x81a5, 0x4ef4}, //仴
{0x81a6, 0x4ef8}, //仸
{0x81a7, 0x4ef9}, //仹
{0x81a8, 0x4efa}, //仺
{0x81a9, 0x4efc}, //仼
{0x81aa, 0x4efe}, //仾
{0x81ab, 0x4f00}, //伀
{0x81ac, 0x4f02}, //伂
{0x81ad, 0x4f03}, //伃
{0x81ae, 0x4f04}, //伄
{0x81af, 0x4f05}, //伅
{0x81b0, 0x4f06}, //伆
{0x81b1, 0x4f07}, //伇
{0x81b2, 0x4f08}, //伈
{0x81b3, 0x4f0b}, //伋
{0x81b4, 0x4f0c}, //伌
{0x81b5, 0x4f12}, //伒
{0x81b6, 0x4f13}, //伓
{0x81b7, 0x4f14}, //伔
{0x81b8, 0x4f15}, //伕
{0x81b9, 0x4f16}, //伖
{0x81ba, 0x4f1c}, //伜
{0x81bb, 0x4f1d}, //伝
{0x81bc, 0x4f21}, //伡
{0x81bd, 0x4f23}, //伣
{0x81be, 0x4f28}, //伨
{0x81bf, 0x4f29}, //伩
{0x81c0, 0x4f2c}, //伬
{0x81c1, 0x4f2d}, //伭
{0x81c2, 0x4f2e}, //伮
{0x81c3, 0x4f31}, //伱
{0x81c4, 0x4f33}, //伳
{0x81c5, 0x4f35}, //伵
{0x81c6, 0x4f37}, //伷
{0x81c7, 0x4f39}, //伹
{0x81c8, 0x4f3b}, //伻
{0x81c9, 0x4f3e}, //伾
{0x81ca, 0x4f3f}, //伿
{0x81cb, 0x4f40}, //佀
{0x81cc, 0x4f41}, //佁
{0x81cd, 0x4f42}, //佂
{0x81ce, 0x4f44}, //佄
{0x81cf, 0x4f45}, //佅
{0x81d0, 0x4f47}, //佇
{0x81d1, 0x4f48}, //佈
{0x81d2, 0x4f49}, //佉
{0x81d3, 0x4f4a}, //佊
{0x81d4, 0x4f4b}, //佋
{0x81d5, 0x4f4c}, //佌
{0x81d6, 0x4f52}, //佒
{0x81d7, 0x4f54}, //佔
{0x81d8, 0x4f56}, //佖
{0x81d9, 0x4f61}, //佡
{0x81da, 0x4f62}, //佢
{0x81db, 0x4f66}, //佦
{0x81dc, 0x4f68}, //佨
{0x81dd, 0x4f6a}, //佪
{0x81de, 0x4f6b}, //佫
{0x81df, 0x4f6d}, //佭
{0x81e0, 0x4f6e}, //佮
{0x81e1, 0x4f71}, //佱
{0x81e2, 0x4f72}, //佲
{0x81e3, 0x4f75}, //併
{0x81e4, 0x4f77}, //佷
{0x81e5, 0x4f78}, //佸
{0x81e6, 0x4f79}, //佹
{0x81e7, 0x4f7a}, //佺
{0x81e8, 0x4f7d}, //佽
{0x81e9, 0x4f80}, //侀
{0x81ea, 0x4f81}, //侁
{0x81eb, 0x4f82}, //侂
{0x81ec, 0x4f85}, //侅
{0x81ed, 0x4f86}, //來
{0x81ee, 0x4f87}, //侇
{0x81ef, 0x4f8a}, //侊
{0x81f0, 0x4f8c}, //侌
{0x81f1, 0x4f8e}, //侎
{0x81f2, 0x4f90}, //侐
{0x81f3, 0x4f92}, //侒
{0x81f4, 0x4f93}, //侓
{0x81f5, 0x4f95}, //侕
{0x81f6, 0x4f96}, //侖
{0x81f7, 0x4f98}, //侘
{0x81f8, 0x4f99}, //侙
{0x81f9, 0x4f9a}, //侚
{0x81fa, 0x4f9c}, //侜
{0x81fb, 0x4f9e}, //侞
{0x81fc, 0x4f9f}, //侟
{0x81fd, 0x4fa1}, //価
{0x81fe, 0x4fa2}, //侢
{0x8240, 0x4fa4}, //侤
{0x8241, 0x4fab}, //侫
{0x8242, 0x4fad}, //侭
{0x8243, 0x4fb0}, //侰
{0x8244, 0x4fb1}, //侱
{0x8245, 0x4fb2}, //侲
{0x8246, 0x4fb3}, //侳
{0x8247, 0x4fb4}, //侴
{0x8248, 0x4fb6}, //侶
{0x8249, 0x4fb7}, //侷
{0x824a, 0x4fb8}, //侸
{0x824b, 0x4fb9}, //侹
{0x824c, 0x4fba}, //侺
{0x824d, 0x4fbb}, //侻
{0x824e, 0x4fbc}, //侼
{0x824f, 0x4fbd}, //侽
{0x8250, 0x4fbe}, //侾
{0x8251, 0x4fc0}, //俀
{0x8252, 0x4fc1}, //俁
{0x8253, 0x4fc2}, //係
{0x8254, 0x4fc6}, //俆
{0x8255, 0x4fc7}, //俇
{0x8256, 0x4fc8}, //俈
{0x8257, 0x4fc9}, //俉
{0x8258, 0x4fcb}, //俋
{0x8259, 0x4fcc}, //俌
{0x825a, 0x4fcd}, //俍
{0x825b, 0x4fd2}, //俒
{0x825c, 0x4fd3}, //俓
{0x825d, 0x4fd4}, //俔
{0x825e, 0x4fd5}, //俕
{0x825f, 0x4fd6}, //俖
{0x8260, 0x4fd9}, //俙
{0x8261, 0x4fdb}, //俛
{0x8262, 0x4fe0}, //俠
{0x8263, 0x4fe2}, //俢
{0x8264, 0x4fe4}, //俤
{0x8265, 0x4fe5}, //俥
{0x8266, 0x4fe7}, //俧
{0x8267, 0x4feb}, //俫
{0x8268, 0x4fec}, //俬
{0x8269, 0x4ff0}, //俰
{0x826a, 0x4ff2}, //俲
{0x826b, 0x4ff4}, //俴
{0x826c, 0x4ff5}, //俵
{0x826d, 0x4ff6}, //俶
{0x826e, 0x4ff7}, //俷
{0x826f, 0x4ff9}, //俹
{0x8270, 0x4ffb}, //俻
{0x8271, 0x4ffc}, //俼
{0x8272, 0x4ffd}, //俽
{0x8273, 0x4fff}, //俿
{0x8274, 0x5000}, //倀
{0x8275, 0x5001}, //倁
{0x8276, 0x5002}, //倂
{0x8277, 0x5003}, //倃
{0x8278, 0x5004}, //倄
{0x8279, 0x5005}, //倅
{0x827a, 0x5006}, //倆
{0x827b, 0x5007}, //倇
{0x827c, 0x5008}, //倈
{0x827d, 0x5009}, //倉
{0x827e, 0x500a}, //倊
{0x8280, 0x500b}, //個
{0x8281, 0x500e}, //倎
{0x8282, 0x5010}, //倐
{0x8283, 0x5011}, //們
{0x8284, 0x5013}, //倓
{0x8285, 0x5015}, //倕
{0x8286, 0x5016}, //倖
{0x8287, 0x5017}, //倗
{0x8288, 0x501b}, //倛
{0x8289, 0x501d}, //倝
{0x828a, 0x501e}, //倞
{0x828b, 0x5020}, //倠
{0x828c, 0x5022}, //倢
{0x828d, 0x5023}, //倣
{0x828e, 0x5024}, //値
{0x828f, 0x5027}, //倧
{0x8290, 0x502b}, //倫
{0x8291, 0x502f}, //倯
{0x8292, 0x5030}, //倰
{0x8293, 0x5031}, //倱
{0x8294, 0x5032}, //倲
{0x8295, 0x5033}, //倳
{0x8296, 0x5034}, //倴
{0x8297, 0x5035}, //倵
{0x8298, 0x5036}, //倶
{0x8299, 0x5037}, //倷
{0x829a, 0x5038}, //倸
{0x829b, 0x5039}, //倹
{0x829c, 0x503b}, //倻
{0x829d, 0x503d}, //倽
{0x829e, 0x503f}, //倿
{0x829f, 0x5040}, //偀
{0x82a0, 0x5041}, //偁
{0x82a1, 0x5042}, //偂
{0x82a2, 0x5044}, //偄
{0x82a3, 0x5045}, //偅
{0x82a4, 0x5046}, //偆
{0x82a5, 0x5049}, //偉
{0x82a6, 0x504a}, //偊
{0x82a7, 0x504b}, //偋
{0x82a8, 0x504d}, //偍
{0x82a9, 0x5050}, //偐
{0x82aa, 0x5051}, //偑
{0x82ab, 0x5052}, //偒
{0x82ac, 0x5053}, //偓
{0x82ad, 0x5054}, //偔
{0x82ae, 0x5056}, //偖
{0x82af, 0x5057}, //偗
{0x82b0, 0x5058}, //偘
{0x82b1, 0x5059}, //偙
{0x82b2, 0x505b}, //偛
{0x82b3, 0x505d}, //偝
{0x82b4, 0x505e}, //偞
{0x82b5, 0x505f}, //偟
{0x82b6, 0x5060}, //偠
{0x82b7, 0x5061}, //偡
{0x82b8, 0x5062}, //偢
{0x82b9, 0x5063}, //偣
{0x82ba, 0x5064}, //偤
{0x82bb, 0x5066}, //偦
{0x82bc, 0x5067}, //偧
{0x82bd, 0x5068}, //偨
{0x82be, 0x5069}, //偩
{0x82bf, 0x506a}, //偪
{0x82c0, 0x506b}, //偫
{0x82c1, 0x506d}, //偭
{0x82c2, 0x506e}, //偮
{0x82c3, 0x506f}, //偯
{0x82c4, 0x5070}, //偰
{0x82c5, 0x5071}, //偱
{0x82c6, 0x5072}, //偲
{0x82c7, 0x5073}, //偳
{0x82c8, 0x5074}, //側
{0x82c9, 0x5075}, //偵
{0x82ca, 0x5078}, //偸
{0x82cb, 0x5079}, //偹
{0x82cc, 0x507a}, //偺
{0x82cd, 0x507c}, //偼
{0x82ce, 0x507d}, //偽
{0x82cf, 0x5081}, //傁
{0x82d0, 0x5082}, //傂
{0x82d1, 0x5083}, //傃
{0x82d2, 0x5084}, //傄
{0x82d3, 0x5086}, //傆
{0x82d4, 0x5087}, //傇
{0x82d5, 0x5089}, //傉
{0x82d6, 0x508a}, //傊
{0x82d7, 0x508b}, //傋
{0x82d8, 0x508c}, //傌
{0x82d9, 0x508e}, //傎
{0x82da, 0x508f}, //傏
{0x82db, 0x5090}, //傐
{0x82dc, 0x5091}, //傑
{0x82dd, 0x5092}, //傒
{0x82de, 0x5093}, //傓
{0x82df, 0x5094}, //傔
{0x82e0, 0x5095}, //傕
{0x82e1, 0x5096}, //傖
{0x82e2, 0x5097}, //傗
{0x82e3, 0x5098}, //傘
{0x82e4, 0x5099}, //備
{0x82e5, 0x509a}, //傚
{0x82e6, 0x509b}, //傛
{0x82e7, 0x509c}, //傜
{0x82e8, 0x509d}, //傝
{0x82e9, 0x509e}, //傞
{0x82ea, 0x509f}, //傟
{0x82eb, 0x50a0}, //傠
{0x82ec, 0x50a1}, //傡
{0x82ed, 0x50a2}, //傢
{0x82ee, 0x50a4}, //傤
{0x82ef, 0x50a6}, //傦
{0x82f0, 0x50aa}, //傪
{0x82f1, 0x50ab}, //傫
{0x82f2, 0x50ad}, //傭
{0x82f3, 0x50ae}, //傮
{0x82f4, 0x50af}, //傯
{0x82f5, 0x50b0}, //傰
{0x82f6, 0x50b1}, //傱
{0x82f7, 0x50b3}, //傳
{0x82f8, 0x50b4}, //傴
{0x82f9, 0x50b5}, //債
{0x82fa, 0x50b6}, //傶
{0x82fb, 0x50b7}, //傷
{0x82fc, 0x50b8}, //傸
{0x82fd, 0x50b9}, //傹
{0x82fe, 0x50bc}, //傼
{0x8340, 0x50bd}, //傽
{0x8341, 0x50be}, //傾
{0x8342, 0x50bf}, //傿
{0x8343, 0x50c0}, //僀
{0x8344, 0x50c1}, //僁
{0x8345, 0x50c2}, //僂
{0x8346, 0x50c3}, //僃
{0x8347, 0x50c4}, //僄
{0x8348, 0x50c5}, //僅
{0x8349, 0x50c6}, //僆
{0x834a, 0x50c7}, //僇
{0x834b, 0x50c8}, //僈
{0x834c, 0x50c9}, //僉
{0x834d, 0x50ca}, //僊
{0x834e, 0x50cb}, //僋
{0x834f, 0x50cc}, //僌
{0x8350, 0x50cd}, //働
{0x8351, 0x50ce}, //僎
{0x8352, 0x50d0}, //僐
{0x8353, 0x50d1}, //僑
{0x8354, 0x50d2}, //僒
{0x8355, 0x50d3}, //僓
{0x8356, 0x50d4}, //僔
{0x8357, 0x50d5}, //僕
{0x8358, 0x50d7}, //僗
{0x8359, 0x50d8}, //僘
{0x835a, 0x50d9}, //僙
{0x835b, 0x50db}, //僛
{0x835c, 0x50dc}, //僜
{0x835d, 0x50dd}, //僝
{0x835e, 0x50de}, //僞
{0x835f, 0x50df}, //僟
{0x8360, 0x50e0}, //僠
{0x8361, 0x50e1}, //僡
{0x8362, 0x50e2}, //僢
{0x8363, 0x50e3}, //僣
{0x8364, 0x50e4}, //僤
{0x8365, 0x50e5}, //僥
{0x8366, 0x50e8}, //僨
{0x8367, 0x50e9}, //僩
{0x8368, 0x50ea}, //僪
{0x8369, 0x50eb}, //僫
{0x836a, 0x50ef}, //僯
{0x836b, 0x50f0}, //僰
{0x836c, 0x50f1}, //僱
{0x836d, 0x50f2}, //僲
{0x836e, 0x50f4}, //僴
{0x836f, 0x50f6}, //僶
{0x8370, 0x50f7}, //僷
{0x8371, 0x50f8}, //僸
{0x8372, 0x50f9}, //價
{0x8373, 0x50fa}, //僺
{0x8374, 0x50fc}, //僼
{0x8375, 0x50fd}, //僽
{0x8376, 0x50fe}, //僾
{0x8377, 0x50ff}, //僿
{0x8378, 0x5100}, //儀
{0x8379, 0x5101}, //儁
{0x837a, 0x5102}, //儂
{0x837b, 0x5103}, //儃
{0x837c, 0x5104}, //億
{0x837d, 0x5105}, //儅
{0x837e, 0x5108}, //儈
{0x8380, 0x5109}, //儉
{0x8381, 0x510a}, //儊
{0x8382, 0x510c}, //儌
{0x8383, 0x510d}, //儍
{0x8384, 0x510e}, //儎
{0x8385, 0x510f}, //儏
{0x8386, 0x5110}, //儐
{0x8387, 0x5111}, //儑
{0x8388, 0x5113}, //儓
{0x8389, 0x5114}, //儔
{0x838a, 0x5115}, //儕
{0x838b, 0x5116}, //儖
{0x838c, 0x5117}, //儗
{0x838d, 0x5118}, //儘
{0x838e, 0x5119}, //儙
{0x838f, 0x511a}, //儚
{0x8390, 0x511b}, //儛
{0x8391, 0x511c}, //儜
{0x8392, 0x511d}, //儝
{0x8393, 0x511e}, //儞
{0x8394, 0x511f}, //償
{0x8395, 0x5120}, //儠
{0x8396, 0x5122}, //儢
{0x8397, 0x5123}, //儣
{0x8398, 0x5124}, //儤
{0x8399, 0x5125}, //儥
{0x839a, 0x5126}, //儦
{0x839b, 0x5127}, //儧
{0x839c, 0x5128}, //儨
{0x839d, 0x5129}, //儩
{0x839e, 0x512a}, //優
{0x839f, 0x512b}, //儫
{0x83a0, 0x512c}, //儬
{0x83a1, 0x512d}, //儭
{0x83a2, 0x512e}, //儮
{0x83a3, 0x512f}, //儯
{0x83a4, 0x5130}, //儰
{0x83a5, 0x5131}, //儱
{0x83a6, 0x5132}, //儲
{0x83a7, 0x5133}, //儳
{0x83a8, 0x5134}, //儴
{0x83a9, 0x5135}, //儵
{0x83aa, 0x5136}, //儶
{0x83ab, 0x5137}, //儷
{0x83ac, 0x5138}, //儸
{0x83ad, 0x5139}, //儹
{0x83ae, 0x513a}, //儺
{0x83af, 0x513b}, //儻
{0x83b0, 0x513c}, //儼
{0x83b1, 0x513d}, //儽
{0x83b2, 0x513e}, //儾
{0x83b3, 0x5142}, //兂
{0x83b4, 0x5147}, //兇
{0x83b5, 0x514a}, //兊
{0x83b6, 0x514c}, //兌
{0x83b7, 0x514e}, //兎
{0x83b8, 0x514f}, //兏
{0x83b9, 0x5150}, //児
{0x83ba, 0x5152}, //兒
{0x83bb, 0x5153}, //兓
{0x83bc, 0x5157}, //兗
{0x83bd, 0x5158}, //兘
{0x83be, 0x5159}, //兙
{0x83bf, 0x515b}, //兛
{0x83c0, 0x515d}, //兝
{0x83c1, 0x515e}, //兞
{0x83c2, 0x515f}, //兟
{0x83c3, 0x5160}, //兠
{0x83c4, 0x5161}, //兡
{0x83c5, 0x5163}, //兣
{0x83c6, 0x5164}, //兤
{0x83c7, 0x5166}, //兦
{0x83c8, 0x5167}, //內
{0x83c9, 0x5169}, //兩
{0x83ca, 0x516a}, //兪
{0x83cb, 0x516f}, //兯
{0x83cc, 0x5172}, //兲
{0x83cd, 0x517a}, //兺
{0x83ce, 0x517e}, //兾
{0x83cf, 0x517f}, //兿
{0x83d0, 0x5183}, //冃
{0x83d1, 0x5184}, //冄
{0x83d2, 0x5186}, //円
{0x83d3, 0x5187}, //冇
{0x83d4, 0x518a}, //冊
{0x83d5, 0x518b}, //冋
{0x83d6, 0x518e}, //冎
{0x83d7, 0x518f}, //冏
{0x83d8, 0x5190}, //冐
{0x83d9, 0x5191}, //冑
{0x83da, 0x5193}, //冓
{0x83db, 0x5194}, //冔
{0x83dc, 0x5198}, //冘
{0x83dd, 0x519a}, //冚
{0x83de, 0x519d}, //冝
{0x83df, 0x519e}, //冞
{0x83e0, 0x519f}, //冟
{0x83e1, 0x51a1}, //冡
{0x83e2, 0x51a3}, //冣
{0x83e3, 0x51a6}, //冦
{0x83e4, 0x51a7}, //冧
{0x83e5, 0x51a8}, //冨
{0x83e6, 0x51a9}, //冩
{0x83e7, 0x51aa}, //冪
{0x83e8, 0x51ad}, //冭
{0x83e9, 0x51ae}, //冮
{0x83ea, 0x51b4}, //冴
{0x83eb, 0x51b8}, //冸
{0x83ec, 0x51b9}, //冹
{0x83ed, 0x51ba}, //冺
{0x83ee, 0x51be}, //冾
{0x83ef, 0x51bf}, //冿
{0x83f0, 0x51c1}, //凁
{0x83f1, 0x51c2}, //凂
{0x83f2, 0x51c3}, //凃
{0x83f3, 0x51c5}, //凅
{0x83f4, 0x51c8}, //凈
{0x83f5, 0x51ca}, //凊
{0x83f6, 0x51cd}, //凍
{0x83f7, 0x51ce}, //凎
{0x83f8, 0x51d0}, //凐
{0x83f9, 0x51d2}, //凒
{0x83fa, 0x51d3}, //凓
{0x83fb, 0x51d4}, //凔
{0x83fc, 0x51d5}, //凕
{0x83fd, 0x51d6}, //凖
{0x83fe, 0x51d7}, //凗
{0x8440, 0x51d8}, //凘
{0x8441, 0x51d9}, //凙
{0x8442, 0x51da}, //凚
{0x8443, 0x51dc}, //凜
{0x8444, 0x51de}, //凞
{0x8445, 0x51df}, //凟
{0x8446, 0x51e2}, //凢
{0x8447, 0x51e3}, //凣
{0x8448, 0x51e5}, //凥
{0x8449, 0x51e6}, //処
{0x844a, 0x51e7}, //凧
{0x844b, 0x51e8}, //凨
{0x844c, 0x51e9}, //凩
{0x844d, 0x51ea}, //凪
{0x844e, 0x51ec}, //凬
{0x844f, 0x51ee}, //凮
{0x8450, 0x51f1}, //凱
{0x8451, 0x51f2}, //凲
{0x8452, 0x51f4}, //凴
{0x8453, 0x51f7}, //凷
{0x8454, 0x51fe}, //凾
{0x8455, 0x5204}, //刄
{0x8456, 0x5205}, //刅
{0x8457, 0x5209}, //刉
{0x8458, 0x520b}, //刋
{0x8459, 0x520c}, //刌
{0x845a, 0x520f}, //刏
{0x845b, 0x5210}, //刐
{0x845c, 0x5213}, //刓
{0x845d, 0x5214}, //刔
{0x845e, 0x5215}, //刕
{0x845f, 0x521c}, //刜
{0x8460, 0x521e}, //刞
{0x8461, 0x521f}, //刟
{0x8462, 0x5221}, //刡
{0x8463, 0x5222}, //刢
{0x8464, 0x5223}, //刣
{0x8465, 0x5225}, //別
{0x8466, 0x5226}, //刦
{0x8467, 0x5227}, //刧
{0x8468, 0x522a}, //刪
{0x8469, 0x522c}, //刬
{0x846a, 0x522f}, //刯
{0x846b, 0x5231}, //刱
{0x846c, 0x5232}, //刲
{0x846d, 0x5234}, //刴
{0x846e, 0x5235}, //刵
{0x846f, 0x523c}, //刼
{0x8470, 0x523e}, //刾
{0x8471, 0x5244}, //剄
{0x8472, 0x5245}, //剅
{0x8473, 0x5246}, //剆
{0x8474, 0x5247}, //則
{0x8475, 0x5248}, //剈
{0x8476, 0x5249}, //剉
{0x8477, 0x524b}, //剋
{0x8478, 0x524e}, //剎
{0x8479, 0x524f}, //剏
{0x847a, 0x5252}, //剒
{0x847b, 0x5253}, //剓
{0x847c, 0x5255}, //剕
{0x847d, 0x5257}, //剗
{0x847e, 0x5258}, //剘
{0x8480, 0x5259}, //剙
{0x8481, 0x525a}, //剚
{0x8482, 0x525b}, //剛
{0x8483, 0x525d}, //剝
{0x8484, 0x525f}, //剟
{0x8485, 0x5260}, //剠
{0x8486, 0x5262}, //剢
{0x8487, 0x5263}, //剣
{0x8488, 0x5264}, //剤
{0x8489, 0x5266}, //剦
{0x848a, 0x5268}, //剨
{0x848b, 0x526b}, //剫
{0x848c, 0x526c}, //剬
{0x848d, 0x526d}, //剭
{0x848e, 0x526e}, //剮
{0x848f, 0x5270}, //剰
{0x8490, 0x5271}, //剱
{0x8491, 0x5273}, //剳
{0x8492, 0x5274}, //剴
{0x8493, 0x5275}, //創
{0x8494, 0x5276}, //剶
{0x8495, 0x5277}, //剷
{0x8496, 0x5278}, //剸
{0x8497, 0x5279}, //剹
{0x8498, 0x527a}, //剺
{0x8499, 0x527b}, //剻
{0x849a, 0x527c}, //剼
{0x849b, 0x527e}, //剾
{0x849c, 0x5280}, //劀
{0x849d, 0x5283}, //劃
{0x849e, 0x5284}, //劄
{0x849f, 0x5285}, //劅
{0x84a0, 0x5286}, //劆
{0x84a1, 0x5287}, //劇
{0x84a2, 0x5289}, //劉
{0x84a3, 0x528a}, //劊
{0x84a4, 0x528b}, //劋
{0x84a5, 0x528c}, //劌
{0x84a6, 0x528d}, //劍
{0x84a7, 0x528e}, //劎
{0x84a8, 0x528f}, //劏
{0x84a9, 0x5291}, //劑
{0x84aa, 0x5292}, //劒
{0x84ab, 0x5294}, //劔
{0x84ac, 0x5295}, //劕
{0x84ad, 0x5296}, //劖
{0x84ae, 0x5297}, //劗
{0x84af, 0x5298}, //劘
{0x84b0, 0x5299}, //劙
{0x84b1, 0x529a}, //劚
{0x84b2, 0x529c}, //劜
{0x84b3, 0x52a4}, //劤
{0x84b4, 0x52a5}, //劥
{0x84b5, 0x52a6}, //劦
{0x84b6, 0x52a7}, //劧
{0x84b7, 0x52ae}, //劮
{0x84b8, 0x52af}, //劯
{0x84b9, 0x52b0}, //劰
{0x84ba, 0x52b4}, //労
{0x84bb, 0x52b5}, //劵
{0x84bc, 0x52b6}, //劶
{0x84bd, 0x52b7}, //劷
{0x84be, 0x52b8}, //劸
{0x84bf, 0x52b9}, //効
{0x84c0, 0x52ba}, //劺
{0x84c1, 0x52bb}, //劻
{0x84c2, 0x52bc}, //劼
{0x84c3, 0x52bd}, //劽
{0x84c4, 0x52c0}, //勀
{0x84c5, 0x52c1}, //勁
{0x84c6, 0x52c2}, //勂
{0x84c7, 0x52c4}, //勄
{0x84c8, 0x52c5}, //勅
{0x84c9, 0x52c6}, //勆
{0x84ca, 0x52c8}, //勈
{0x84cb, 0x52ca}, //勊
{0x84cc, 0x52cc}, //勌
{0x84cd, 0x52cd}, //勍
{0x84ce, 0x52ce}, //勎
{0x84cf, 0x52cf}, //勏
{0x84d0, 0x52d1}, //勑
{0x84d1, 0x52d3}, //勓
{0x84d2, 0x52d4}, //勔
{0x84d3, 0x52d5}, //動
{0x84d4, 0x52d7}, //勗
{0x84d5, 0x52d9}, //務
{0x84d6, 0x52da}, //勚
{0x84d7, 0x52db}, //勛
{0x84d8, 0x52dc}, //勜
{0x84d9, 0x52dd}, //勝
{0x84da, 0x52de}, //勞
{0x84db, 0x52e0}, //勠
{0x84dc, 0x52e1}, //勡
{0x84dd, 0x52e2}, //勢
{0x84de, 0x52e3}, //勣
{0x84df, 0x52e5}, //勥
{0x84e0, 0x52e6}, //勦
{0x84e1, 0x52e7}, //勧
{0x84e2, 0x52e8}, //勨
{0x84e3, 0x52e9}, //勩
{0x84e4, 0x52ea}, //勪
{0x84e5, 0x52eb}, //勫
{0x84e6, 0x52ec}, //勬
{0x84e7, 0x52ed}, //勭
{0x84e8, 0x52ee}, //勮
{0x84e9, 0x52ef}, //勯
{0x84ea, 0x52f1}, //勱
{0x84eb, 0x52f2}, //勲
{0x84ec, 0x52f3}, //勳
{0x84ed, 0x52f4}, //勴
{0x84ee, 0x52f5}, //勵
{0x84ef, 0x52f6}, //勶
{0x84f0, 0x52f7}, //勷
{0x84f1, 0x52f8}, //勸
{0x84f2, 0x52fb}, //勻
{0x84f3, 0x52fc}, //勼
{0x84f4, 0x52fd}, //勽
{0x84f5, 0x5301}, //匁
{0x84f6, 0x5302}, //匂
{0x84f7, 0x5303}, //匃
{0x84f8, 0x5304}, //匄
{0x84f9, 0x5307}, //匇
{0x84fa, 0x5309}, //匉
{0x84fb, 0x530a}, //匊
{0x84fc, 0x530b}, //匋
{0x84fd, 0x530c}, //匌
{0x84fe, 0x530e}, //匎
{0x8540, 0x5311}, //匑
{0x8541, 0x5312}, //匒
{0x8542, 0x5313}, //匓
{0x8543, 0x5314}, //匔
{0x8544, 0x5318}, //匘
{0x8545, 0x531b}, //匛
{0x8546, 0x531c}, //匜
{0x8547, 0x531e}, //匞
{0x8548, 0x531f}, //匟
{0x8549, 0x5322}, //匢
{0x854a, 0x5324}, //匤
{0x854b, 0x5325}, //匥
{0x854c, 0x5327}, //匧
{0x854d, 0x5328}, //匨
{0x854e, 0x5329}, //匩
{0x854f, 0x532b}, //匫
{0x8550, 0x532c}, //匬
{0x8551, 0x532d}, //匭
{0x8552, 0x532f}, //匯
{0x8553, 0x5330}, //匰
{0x8554, 0x5331}, //匱
{0x8555, 0x5332}, //匲
{0x8556, 0x5333}, //匳
{0x8557, 0x5334}, //匴
{0x8558, 0x5335}, //匵
{0x8559, 0x5336}, //匶
{0x855a, 0x5337}, //匷
{0x855b, 0x5338}, //匸
{0x855c, 0x533c}, //匼
{0x855d, 0x533d}, //匽
{0x855e, 0x5340}, //區
{0x855f, 0x5342}, //卂
{0x8560, 0x5344}, //卄
{0x8561, 0x5346}, //卆
{0x8562, 0x534b}, //卋
{0x8563, 0x534c}, //卌
{0x8564, 0x534d}, //卍
{0x8565, 0x5350}, //卐
{0x8566, 0x5354}, //協
{0x8567, 0x5358}, //単
{0x8568, 0x5359}, //卙
{0x8569, 0x535b}, //卛
{0x856a, 0x535d}, //卝
{0x856b, 0x5365}, //卥
{0x856c, 0x5368}, //卨
{0x856d, 0x536a}, //卪
{0x856e, 0x536c}, //卬
{0x856f, 0x536d}, //卭
{0x8570, 0x5372}, //卲
{0x8571, 0x5376}, //卶
{0x8572, 0x5379}, //卹
{0x8573, 0x537b}, //卻
{0x8574, 0x537c}, //卼
{0x8575, 0x537d}, //卽
{0x8576, 0x537e}, //卾
{0x8577, 0x5380}, //厀
{0x8578, 0x5381}, //厁
{0x8579, 0x5383}, //厃
{0x857a, 0x5387}, //厇
{0x857b, 0x5388}, //厈
{0x857c, 0x538a}, //厊
{0x857d, 0x538e}, //厎
{0x857e, 0x538f}, //厏
{0x8580, 0x5390}, //厐
{0x8581, 0x5391}, //厑
{0x8582, 0x5392}, //厒
{0x8583, 0x5393}, //厓
{0x8584, 0x5394}, //厔
{0x8585, 0x5396}, //厖
{0x8586, 0x5397}, //厗
{0x8587, 0x5399}, //厙
{0x8588, 0x539b}, //厛
{0x8589, 0x539c}, //厜
{0x858a, 0x539e}, //厞
{0x858b, 0x53a0}, //厠
{0x858c, 0x53a1}, //厡
{0x858d, 0x53a4}, //厤
{0x858e, 0x53a7}, //厧
{0x858f, 0x53aa}, //厪
{0x8590, 0x53ab}, //厫
{0x8591, 0x53ac}, //厬
{0x8592, 0x53ad}, //厭
{0x8593, 0x53af}, //厯
{0x8594, 0x53b0}, //厰
{0x8595, 0x53b1}, //厱
{0x8596, 0x53b2}, //厲
{0x8597, 0x53b3}, //厳
{0x8598, 0x53b4}, //厴
{0x8599, 0x53b5}, //厵
{0x859a, 0x53b7}, //厷
{0x859b, 0x53b8}, //厸
{0x859c, 0x53b9}, //厹
{0x859d, 0x53ba}, //厺
{0x859e, 0x53bc}, //厼
{0x859f, 0x53bd}, //厽
{0x85a0, 0x53be}, //厾
{0x85a1, 0x53c0}, //叀
{0x85a2, 0x53c3}, //參
{0x85a3, 0x53c4}, //叄
{0x85a4, 0x53c5}, //叅
{0x85a5, 0x53c6}, //叆
{0x85a6, 0x53c7}, //叇
{0x85a7, 0x53ce}, //収
{0x85a8, 0x53cf}, //叏
{0x85a9, 0x53d0}, //叐
{0x85aa, 0x53d2}, //叒
{0x85ab, 0x53d3}, //叓
{0x85ac, 0x53d5}, //叕
{0x85ad, 0x53da}, //叚
{0x85ae, 0x53dc}, //叜
{0x85af, 0x53dd}, //叝
{0x85b0, 0x53de}, //叞
{0x85b1, 0x53e1}, //叡
{0x85b2, 0x53e2}, //叢
{0x85b3, 0x53e7}, //叧
{0x85b4, 0x53f4}, //叴
{0x85b5, 0x53fa}, //叺
{0x85b6, 0x53fe}, //叾
{0x85b7, 0x53ff}, //叿
{0x85b8, 0x5400}, //吀
{0x85b9, 0x5402}, //吂
{0x85ba, 0x5405}, //吅
{0x85bb, 0x5407}, //吇
{0x85bc, 0x540b}, //吋
{0x85bd, 0x5414}, //吔
{0x85be, 0x5418}, //吘
{0x85bf, 0x5419}, //吙
{0x85c0, 0x541a}, //吚
{0x85c1, 0x541c}, //吜
{0x85c2, 0x5422}, //吢
{0x85c3, 0x5424}, //吤
{0x85c4, 0x5425}, //吥
{0x85c5, 0x542a}, //吪
{0x85c6, 0x5430}, //吰
{0x85c7, 0x5433}, //吳
{0x85c8, 0x5436}, //吶
{0x85c9, 0x5437}, //吷
{0x85ca, 0x543a}, //吺
{0x85cb, 0x543d}, //吽
{0x85cc, 0x543f}, //吿
{0x85cd, 0x5441}, //呁
{0x85ce, 0x5442}, //呂
{0x85cf, 0x5444}, //呄
{0x85d0, 0x5445}, //呅
{0x85d1, 0x5447}, //呇
{0x85d2, 0x5449}, //呉
{0x85d3, 0x544c}, //呌
{0x85d4, 0x544d}, //呍
{0x85d5, 0x544e}, //呎
{0x85d6, 0x544f}, //呏
{0x85d7, 0x5451}, //呑
{0x85d8, 0x545a}, //呚
{0x85d9, 0x545d}, //呝
{0x85da, 0x545e}, //呞
{0x85db, 0x545f}, //呟
{0x85dc, 0x5460}, //呠
{0x85dd, 0x5461}, //呡
{0x85de, 0x5463}, //呣
{0x85df, 0x5465}, //呥
{0x85e0, 0x5467}, //呧
{0x85e1, 0x5469}, //呩
{0x85e2, 0x546a}, //呪
{0x85e3, 0x546b}, //呫
{0x85e4, 0x546c}, //呬
{0x85e5, 0x546d}, //呭
{0x85e6, 0x546e}, //呮
{0x85e7, 0x546f}, //呯
{0x85e8, 0x5470}, //呰
{0x85e9, 0x5474}, //呴
{0x85ea, 0x5479}, //呹
{0x85eb, 0x547a}, //呺
{0x85ec, 0x547e}, //呾
{0x85ed, 0x547f}, //呿
{0x85ee, 0x5481}, //咁
{0x85ef, 0x5483}, //咃
{0x85f0, 0x5485}, //咅
{0x85f1, 0x5487}, //咇
{0x85f2, 0x5488}, //咈
{0x85f3, 0x5489}, //咉
{0x85f4, 0x548a}, //咊
{0x85f5, 0x548d}, //咍
{0x85f6, 0x5491}, //咑
{0x85f7, 0x5493}, //咓
{0x85f8, 0x5497}, //咗
{0x85f9, 0x5498}, //咘
{0x85fa, 0x549c}, //咜
{0x85fb, 0x549e}, //咞
{0x85fc, 0x549f}, //咟
{0x85fd, 0x54a0}, //咠
{0x85fe, 0x54a1}, //咡
{0x8640, 0x54a2}, //咢
{0x8641, 0x54a5}, //咥
{0x8642, 0x54ae}, //咮
{0x8643, 0x54b0}, //咰
{0x8644, 0x54b2}, //咲
{0x8645, 0x54b5}, //咵
{0x8646, 0x54b6}, //咶
{0x8647, 0x54b7}, //咷
{0x8648, 0x54b9}, //咹
{0x8649, 0x54ba}, //咺
{0x864a, 0x54bc}, //咼
{0x864b, 0x54be}, //咾
{0x864c, 0x54c3}, //哃
{0x864d, 0x54c5}, //哅
{0x864e, 0x54ca}, //哊
{0x864f, 0x54cb}, //哋
{0x8650, 0x54d6}, //哖
{0x8651, 0x54d8}, //哘
{0x8652, 0x54db}, //哛
{0x8653, 0x54e0}, //哠
{0x8654, 0x54e1}, //員
{0x8655, 0x54e2}, //哢
{0x8656, 0x54e3}, //哣
{0x8657, 0x54e4}, //哤
{0x8658, 0x54eb}, //哫
{0x8659, 0x54ec}, //哬
{0x865a, 0x54ef}, //哯
{0x865b, 0x54f0}, //哰
{0x865c, 0x54f1}, //哱
{0x865d, 0x54f4}, //哴
{0x865e, 0x54f5}, //哵
{0x865f, 0x54f6}, //哶
{0x8660, 0x54f7}, //哷
{0x8661, 0x54f8}, //哸
{0x8662, 0x54f9}, //哹
{0x8663, 0x54fb}, //哻
{0x8664, 0x54fe}, //哾
{0x8665, 0x5500}, //唀
{0x8666, 0x5502}, //唂
{0x8667, 0x5503}, //唃
{0x8668, 0x5504}, //唄
{0x8669, 0x5505}, //唅
{0x866a, 0x5508}, //唈
{0x866b, 0x550a}, //唊
{0x866c, 0x550b}, //唋
{0x866d, 0x550c}, //唌
{0x866e, 0x550d}, //唍
{0x866f, 0x550e}, //唎
{0x8670, 0x5512}, //唒
{0x8671, 0x5513}, //唓
{0x8672, 0x5515}, //唕
{0x8673, 0x5516}, //唖
{0x8674, 0x5517}, //唗
{0x8675, 0x5518}, //唘
{0x8676, 0x5519}, //唙
{0x8677, 0x551a}, //唚
{0x8678, 0x551c}, //唜
{0x8679, 0x551d}, //唝
{0x867a, 0x551e}, //唞
{0x867b, 0x551f}, //唟
{0x867c, 0x5521}, //唡
{0x867d, 0x5525}, //唥
{0x867e, 0x5526}, //唦
{0x8680, 0x5528}, //唨
{0x8681, 0x5529}, //唩
{0x8682, 0x552b}, //唫
{0x8683, 0x552d}, //唭
{0x8684, 0x5532}, //唲
{0x8685, 0x5534}, //唴
{0x8686, 0x5535}, //唵
{0x8687, 0x5536}, //唶
{0x8688, 0x5538}, //唸
{0x8689, 0x5539}, //唹
{0x868a, 0x553a}, //唺
{0x868b, 0x553b}, //唻
{0x868c, 0x553d}, //唽
{0x868d, 0x5540}, //啀
{0x868e, 0x5542}, //啂
{0x868f, 0x5545}, //啅
{0x8690, 0x5547}, //啇
{0x8691, 0x5548}, //啈
{0x8692, 0x554b}, //啋
{0x8693, 0x554c}, //啌
{0x8694, 0x554d}, //啍
{0x8695, 0x554e}, //啎
{0x8696, 0x554f}, //問
{0x8697, 0x5551}, //啑
{0x8698, 0x5552}, //啒
{0x8699, 0x5553}, //啓
{0x869a, 0x5554}, //啔
{0x869b, 0x5557}, //啗
{0x869c, 0x5558}, //啘
{0x869d, 0x5559}, //啙
{0x869e, 0x555a}, //啚
{0x869f, 0x555b}, //啛
{0x86a0, 0x555d}, //啝
{0x86a1, 0x555e}, //啞
{0x86a2, 0x555f}, //啟
{0x86a3, 0x5560}, //啠
{0x86a4, 0x5562}, //啢
{0x86a5, 0x5563}, //啣
{0x86a6, 0x5568}, //啨
{0x86a7, 0x5569}, //啩
{0x86a8, 0x556b}, //啫
{0x86a9, 0x556f}, //啯
{0x86aa, 0x5570}, //啰
{0x86ab, 0x5571}, //啱
{0x86ac, 0x5572}, //啲
{0x86ad, 0x5573}, //啳
{0x86ae, 0x5574}, //啴
{0x86af, 0x5579}, //啹
{0x86b0, 0x557a}, //啺
{0x86b1, 0x557d}, //啽
{0x86b2, 0x557f}, //啿
{0x86b3, 0x5585}, //喅
{0x86b4, 0x5586}, //喆
{0x86b5, 0x558c}, //喌
{0x86b6, 0x558d}, //喍
{0x86b7, 0x558e}, //喎
{0x86b8, 0x5590}, //喐
{0x86b9, 0x5592}, //喒
{0x86ba, 0x5593}, //喓
{0x86bb, 0x5595}, //喕
{0x86bc, 0x5596}, //喖
{0x86bd, 0x5597}, //喗
{0x86be, 0x559a}, //喚
{0x86bf, 0x559b}, //喛
{0x86c0, 0x559e}, //喞
{0x86c1, 0x55a0}, //喠
{0x86c2, 0x55a1}, //喡
{0x86c3, 0x55a2}, //喢
{0x86c4, 0x55a3}, //喣
{0x86c5, 0x55a4}, //喤
{0x86c6, 0x55a5}, //喥
{0x86c7, 0x55a6}, //喦
{0x86c8, 0x55a8}, //喨
{0x86c9, 0x55a9}, //喩
{0x86ca, 0x55aa}, //喪
{0x86cb, 0x55ab}, //喫
{0x86cc, 0x55ac}, //喬
{0x86cd, 0x55ad}, //喭
{0x86ce, 0x55ae}, //單
{0x86cf, 0x55af}, //喯
{0x86d0, 0x55b0}, //喰
{0x86d1, 0x55b2}, //喲
{0x86d2, 0x55b4}, //喴
{0x86d3, 0x55b6}, //営
{0x86d4, 0x55b8}, //喸
{0x86d5, 0x55ba}, //喺
{0x86d6, 0x55bc}, //喼
{0x86d7, 0x55bf}, //喿
{0x86d8, 0x55c0}, //嗀
{0x86d9, 0x55c1}, //嗁
{0x86da, 0x55c2}, //嗂
{0x86db, 0x55c3}, //嗃
{0x86dc, 0x55c6}, //嗆
{0x86dd, 0x55c7}, //嗇
{0x86de, 0x55c8}, //嗈
{0x86df, 0x55ca}, //嗊
{0x86e0, 0x55cb}, //嗋
{0x86e1, 0x55ce}, //嗎
{0x86e2, 0x55cf}, //嗏
{0x86e3, 0x55d0}, //嗐
{0x86e4, 0x55d5}, //嗕
{0x86e5, 0x55d7}, //嗗
{0x86e6, 0x55d8}, //嗘
{0x86e7, 0x55d9}, //嗙
{0x86e8, 0x55da}, //嗚
{0x86e9, 0x55db}, //嗛
{0x86ea, 0x55de}, //嗞
{0x86eb, 0x55e0}, //嗠
{0x86ec, 0x55e2}, //嗢
{0x86ed, 0x55e7}, //嗧
{0x86ee, 0x55e9}, //嗩
{0x86ef, 0x55ed}, //嗭
{0x86f0, 0x55ee}, //嗮
{0x86f1, 0x55f0}, //嗰
{0x86f2, 0x55f1}, //嗱
{0x86f3, 0x55f4}, //嗴
{0x86f4, 0x55f6}, //嗶
{0x86f5, 0x55f8}, //嗸
{0x86f6, 0x55f9}, //嗹
{0x86f7, 0x55fa}, //嗺
{0x86f8, 0x55fb}, //嗻
{0x86f9, 0x55fc}, //嗼
{0x86fa, 0x55ff}, //嗿
{0x86fb, 0x5602}, //嘂
{0x86fc, 0x5603}, //嘃
{0x86fd, 0x5604}, //嘄
{0x86fe, 0x5605}, //嘅
{0x8740, 0x5606}, //嘆
{0x8741, 0x5607}, //嘇
{0x8742, 0x560a}, //嘊
{0x8743, 0x560b}, //嘋
{0x8744, 0x560d}, //嘍
{0x8745, 0x5610}, //嘐
{0x8746, 0x5611}, //嘑
{0x8747, 0x5612}, //嘒
{0x8748, 0x5613}, //嘓
{0x8749, 0x5614}, //嘔
{0x874a, 0x5615}, //嘕
{0x874b, 0x5616}, //嘖
{0x874c, 0x5617}, //嘗
{0x874d, 0x5619}, //嘙
{0x874e, 0x561a}, //嘚
{0x874f, 0x561c}, //嘜
{0x8750, 0x561d}, //嘝
{0x8751, 0x5620}, //嘠
{0x8752, 0x5621}, //嘡
{0x8753, 0x5622}, //嘢
{0x8754, 0x5625}, //嘥
{0x8755, 0x5626}, //嘦
{0x8756, 0x5628}, //嘨
{0x8757, 0x5629}, //嘩
{0x8758, 0x562a}, //嘪
{0x8759, 0x562b}, //嘫
{0x875a, 0x562e}, //嘮
{0x875b, 0x562f}, //嘯
{0x875c, 0x5630}, //嘰
{0x875d, 0x5633}, //嘳
{0x875e, 0x5635}, //嘵
{0x875f, 0x5637}, //嘷
{0x8760, 0x5638}, //嘸
{0x8761, 0x563a}, //嘺
{0x8762, 0x563c}, //嘼
{0x8763, 0x563d}, //嘽
{0x8764, 0x563e}, //嘾
{0x8765, 0x5640}, //噀
{0x8766, 0x5641}, //噁
{0x8767, 0x5642}, //噂
{0x8768, 0x5643}, //噃
{0x8769, 0x5644}, //噄
{0x876a, 0x5645}, //噅
{0x876b, 0x5646}, //噆
{0x876c, 0x5647}, //噇
{0x876d, 0x5648}, //噈
{0x876e, 0x5649}, //噉
{0x876f, 0x564a}, //噊
{0x8770, 0x564b}, //噋
{0x8771, 0x564f}, //噏
{0x8772, 0x5650}, //噐
{0x8773, 0x5651}, //噑
{0x8774, 0x5652}, //噒
{0x8775, 0x5653}, //噓
{0x8776, 0x5655}, //噕
{0x8777, 0x5656}, //噖
{0x8778, 0x565a}, //噚
{0x8779, 0x565b}, //噛
{0x877a, 0x565d}, //噝
{0x877b, 0x565e}, //噞
{0x877c, 0x565f}, //噟
{0x877d, 0x5660}, //噠
{0x877e, 0x5661}, //噡
{0x8780, 0x5663}, //噣
{0x8781, 0x5665}, //噥
{0x8782, 0x5666}, //噦
{0x8783, 0x5667}, //噧
{0x8784, 0x566d}, //噭
{0x8785, 0x566e}, //噮
{0x8786, 0x566f}, //噯
{0x8787, 0x5670}, //噰
{0x8788, 0x5672}, //噲
{0x8789, 0x5673}, //噳
{0x878a, 0x5674}, //噴
{0x878b, 0x5675}, //噵
{0x878c, 0x5677}, //噷
{0x878d, 0x5678}, //噸
{0x878e, 0x5679}, //噹
{0x878f, 0x567a}, //噺
{0x8790, 0x567d}, //噽
{0x8791, 0x567e}, //噾
{0x8792, 0x567f}, //噿
{0x8793, 0x5680}, //嚀
{0x8794, 0x5681}, //嚁
{0x8795, 0x5682}, //嚂
{0x8796, 0x5683}, //嚃
{0x8797, 0x5684}, //嚄
{0x8798, 0x5687}, //嚇
{0x8799, 0x5688}, //嚈
{0x879a, 0x5689}, //嚉
{0x879b, 0x568a}, //嚊
{0x879c, 0x568b}, //嚋
{0x879d, 0x568c}, //嚌
{0x879e, 0x568d}, //嚍
{0x879f, 0x5690}, //嚐
{0x87a0, 0x5691}, //嚑
{0x87a1, 0x5692}, //嚒
{0x87a2, 0x5694}, //嚔
{0x87a3, 0x5695}, //嚕
{0x87a4, 0x5696}, //嚖
{0x87a5, 0x5697}, //嚗
{0x87a6, 0x5698}, //嚘
{0x87a7, 0x5699}, //嚙
{0x87a8, 0x569a}, //嚚
{0x87a9, 0x569b}, //嚛
{0x87aa, 0x569c}, //嚜
{0x87ab, 0x569d}, //嚝
{0x87ac, 0x569e}, //嚞
{0x87ad, 0x569f}, //嚟
{0x87ae, 0x56a0}, //嚠
{0x87af, 0x56a1}, //嚡
{0x87b0, 0x56a2}, //嚢
{0x87b1, 0x56a4}, //嚤
{0x87b2, 0x56a5}, //嚥
{0x87b3, 0x56a6}, //嚦
{0x87b4, 0x56a7}, //嚧
{0x87b5, 0x56a8}, //嚨
{0x87b6, 0x56a9}, //嚩
{0x87b7, 0x56aa}, //嚪
{0x87b8, 0x56ab}, //嚫
{0x87b9, 0x56ac}, //嚬
{0x87ba, 0x56ad}, //嚭
{0x87bb, 0x56ae}, //嚮
{0x87bc, 0x56b0}, //嚰
{0x87bd, 0x56b1}, //嚱
{0x87be, 0x56b2}, //嚲
{0x87bf, 0x56b3}, //嚳
{0x87c0, 0x56b4}, //嚴
{0x87c1, 0x56b5}, //嚵
{0x87c2, 0x56b6}, //嚶
{0x87c3, 0x56b8}, //嚸
{0x87c4, 0x56b9}, //嚹
{0x87c5, 0x56ba}, //嚺
{0x87c6, 0x56bb}, //嚻
{0x87c7, 0x56bd}, //嚽
{0x87c8, 0x56be}, //嚾
{0x87c9, 0x56bf}, //嚿
{0x87ca, 0x56c0}, //囀
{0x87cb, 0x56c1}, //囁
{0x87cc, 0x56c2}, //囂
{0x87cd, 0x56c3}, //囃
{0x87ce, 0x56c4}, //囄
{0x87cf, 0x56c5}, //囅
{0x87d0, 0x56c6}, //囆
{0x87d1, 0x56c7}, //囇
{0x87d2, 0x56c8}, //囈
{0x87d3, 0x56c9}, //囉
{0x87d4, 0x56cb}, //囋
{0x87d5, 0x56cc}, //囌
{0x87d6, 0x56cd}, //囍
{0x87d7, 0x56ce}, //囎
{0x87d8, 0x56cf}, //囏
{0x87d9, 0x56d0}, //囐
{0x87da, 0x56d1}, //囑
{0x87db, 0x56d2}, //囒
{0x87dc, 0x56d3}, //囓
{0x87dd, 0x56d5}, //囕
{0x87de, 0x56d6}, //囖
{0x87df, 0x56d8}, //囘
{0x87e0, 0x56d9}, //囙
{0x87e1, 0x56dc}, //囜
{0x87e2, 0x56e3}, //団
{0x87e3, 0x56e5}, //囥
{0x87e4, 0x56e6}, //囦
{0x87e5, 0x56e7}, //囧
{0x87e6, 0x56e8}, //囨
{0x87e7, 0x56e9}, //囩
{0x87e8, 0x56ea}, //囪
{0x87e9, 0x56ec}, //囬
{0x87ea, 0x56ee}, //囮
{0x87eb, 0x56ef}, //囯
{0x87ec, 0x56f2}, //囲
{0x87ed, 0x56f3}, //図
{0x87ee, 0x56f6}, //囶
{0x87ef, 0x56f7}, //囷
{0x87f0, 0x56f8}, //囸
{0x87f1, 0x56fb}, //囻
{0x87f2, 0x56fc}, //囼
{0x87f3, 0x5700}, //圀
{0x87f4, 0x5701}, //圁
{0x87f5, 0x5702}, //圂
{0x87f6, 0x5705}, //圅
{0x87f7, 0x5707}, //圇
{0x87f8, 0x570b}, //國
{0x87f9, 0x570c}, //圌
{0x87fa, 0x570d}, //圍
{0x87fb, 0x570e}, //圎
{0x87fc, 0x570f}, //圏
{0x87fd, 0x5710}, //圐
{0x87fe, 0x5711}, //圑
{0x8840, 0x5712}, //園
{0x8841, 0x5713}, //圓
{0x8842, 0x5714}, //圔
{0x8843, 0x5715}, //圕
{0x8844, 0x5716}, //圖
{0x8845, 0x5717}, //圗
{0x8846, 0x5718}, //團
{0x8847, 0x5719}, //圙
{0x8848, 0x571a}, //圚
{0x8849, 0x571b}, //圛
{0x884a, 0x571d}, //圝
{0x884b, 0x571e}, //圞
{0x884c, 0x5720}, //圠
{0x884d, 0x5721}, //圡
{0x884e, 0x5722}, //圢
{0x884f, 0x5724}, //圤
{0x8850, 0x5725}, //圥
{0x8851, 0x5726}, //圦
{0x8852, 0x5727}, //圧
{0x8853, 0x572b}, //圫
{0x8854, 0x5731}, //圱
{0x8855, 0x5732}, //圲
{0x8856, 0x5734}, //圴
{0x8857, 0x5735}, //圵
{0x8858, 0x5736}, //圶
{0x8859, 0x5737}, //圷
{0x885a, 0x5738}, //圸
{0x885b, 0x573c}, //圼
{0x885c, 0x573d}, //圽
{0x885d, 0x573f}, //圿
{0x885e, 0x5741}, //坁
{0x885f, 0x5743}, //坃
{0x8860, 0x5744}, //坄
{0x8861, 0x5745}, //坅
{0x8862, 0x5746}, //坆
{0x8863, 0x5748}, //坈
{0x8864, 0x5749}, //坉
{0x8865, 0x574b}, //坋
{0x8866, 0x5752}, //坒
{0x8867, 0x5753}, //坓
{0x8868, 0x5754}, //坔
{0x8869, 0x5755}, //坕
{0x886a, 0x5756}, //坖
{0x886b, 0x5758}, //坘
{0x886c, 0x5759}, //坙
{0x886d, 0x5762}, //坢
{0x886e, 0x5763}, //坣
{0x886f, 0x5765}, //坥
{0x8870, 0x5767}, //坧
{0x8871, 0x576c}, //坬
{0x8872, 0x576e}, //坮
{0x8873, 0x5770}, //坰
{0x8874, 0x5771}, //坱
{0x8875, 0x5772}, //坲
{0x8876, 0x5774}, //坴
{0x8877, 0x5775}, //坵
{0x8878, 0x5778}, //坸
{0x8879, 0x5779}, //坹
{0x887a, 0x577a}, //坺
{0x887b, 0x577d}, //坽
{0x887c, 0x577e}, //坾
{0x887d, 0x577f}, //坿
{0x887e, 0x5780}, //垀
{0x8880, 0x5781}, //垁
{0x8881, 0x5787}, //垇
{0x8882, 0x5788}, //垈
{0x8883, 0x5789}, //垉
{0x8884, 0x578a}, //垊
{0x8885, 0x578d}, //垍
{0x8886, 0x578e}, //垎
{0x8887, 0x578f}, //垏
{0x8888, 0x5790}, //垐
{0x8889, 0x5791}, //垑
{0x888a, 0x5794}, //垔
{0x888b, 0x5795}, //垕
{0x888c, 0x5796}, //垖
{0x888d, 0x5797}, //垗
{0x888e, 0x5798}, //垘
{0x888f, 0x5799}, //垙
{0x8890, 0x579a}, //垚
{0x8891, 0x579c}, //垜
{0x8892, 0x579d}, //垝
{0x8893, 0x579e}, //垞
{0x8894, 0x579f}, //垟
{0x8895, 0x57a5}, //垥
{0x8896, 0x57a8}, //垨
{0x8897, 0x57aa}, //垪
{0x8898, 0x57ac}, //垬
{0x8899, 0x57af}, //垯
{0x889a, 0x57b0}, //垰
{0x889b, 0x57b1}, //垱
{0x889c, 0x57b3}, //垳
{0x889d, 0x57b5}, //垵
{0x889e, 0x57b6}, //垶
{0x889f, 0x57b7}, //垷
{0x88a0, 0x57b9}, //垹
{0x88a1, 0x57ba}, //垺
{0x88a2, 0x57bb}, //垻
{0x88a3, 0x57bc}, //垼
{0x88a4, 0x57bd}, //垽
{0x88a5, 0x57be}, //垾
{0x88a6, 0x57bf}, //垿
{0x88a7, 0x57c0}, //埀
{0x88a8, 0x57c1}, //埁
{0x88a9, 0x57c4}, //埄
{0x88aa, 0x57c5}, //埅
{0x88ab, 0x57c6}, //埆
{0x88ac, 0x57c7}, //埇
{0x88ad, 0x57c8}, //埈
{0x88ae, 0x57c9}, //埉
{0x88af, 0x57ca}, //埊
{0x88b0, 0x57cc}, //埌
{0x88b1, 0x57cd}, //埍
{0x88b2, 0x57d0}, //埐
{0x88b3, 0x57d1}, //埑
{0x88b4, 0x57d3}, //埓
{0x88b5, 0x57d6}, //埖
{0x88b6, 0x57d7}, //埗
{0x88b7, 0x57db}, //埛
{0x88b8, 0x57dc}, //埜
{0x88b9, 0x57de}, //埞
{0x88ba, 0x57e1}, //埡
{0x88bb, 0x57e2}, //埢
{0x88bc, 0x57e3}, //埣
{0x88bd, 0x57e5}, //埥
{0x88be, 0x57e6}, //埦
{0x88bf, 0x57e7}, //埧
{0x88c0, 0x57e8}, //埨
{0x88c1, 0x57e9}, //埩
{0x88c2, 0x57ea}, //埪
{0x88c3, 0x57eb}, //埫
{0x88c4, 0x57ec}, //埬
{0x88c5, 0x57ee}, //埮
{0x88c6, 0x57f0}, //埰
{0x88c7, 0x57f1}, //埱
{0x88c8, 0x57f2}, //埲
{0x88c9, 0x57f3}, //埳
{0x88ca, 0x57f5}, //埵
{0x88cb, 0x57f6}, //埶
{0x88cc, 0x57f7}, //執
{0x88cd, 0x57fb}, //埻
{0x88ce, 0x57fc}, //埼
{0x88cf, 0x57fe}, //埾
{0x88d0, 0x57ff}, //埿
{0x88d1, 0x5801}, //堁
{0x88d2, 0x5803}, //堃
{0x88d3, 0x5804}, //堄
{0x88d4, 0x5805}, //堅
{0x88d5, 0x5808}, //堈
{0x88d6, 0x5809}, //堉
{0x88d7, 0x580a}, //堊
{0x88d8, 0x580c}, //堌
{0x88d9, 0x580e}, //堎
{0x88da, 0x580f}, //堏
{0x88db, 0x5810}, //堐
{0x88dc, 0x5812}, //堒
{0x88dd, 0x5813}, //堓
{0x88de, 0x5814}, //堔
{0x88df, 0x5816}, //堖
{0x88e0, 0x5817}, //堗
{0x88e1, 0x5818}, //堘
{0x88e2, 0x581a}, //堚
{0x88e3, 0x581b}, //堛
{0x88e4, 0x581c}, //堜
{0x88e5, 0x581d}, //堝
{0x88e6, 0x581f}, //堟
{0x88e7, 0x5822}, //堢
{0x88e8, 0x5823}, //堣
{0x88e9, 0x5825}, //堥
{0x88ea, 0x5826}, //堦
{0x88eb, 0x5827}, //堧
{0x88ec, 0x5828}, //堨
{0x88ed, 0x5829}, //堩
{0x88ee, 0x582b}, //堫
{0x88ef, 0x582c}, //堬
{0x88f0, 0x582d}, //堭
{0x88f1, 0x582e}, //堮
{0x88f2, 0x582f}, //堯
{0x88f3, 0x5831}, //報
{0x88f4, 0x5832}, //堲
{0x88f5, 0x5833}, //堳
{0x88f6, 0x5834}, //場
{0x88f7, 0x5836}, //堶
{0x88f8, 0x5837}, //堷
{0x88f9, 0x5838}, //堸
{0x88fa, 0x5839}, //堹
{0x88fb, 0x583a}, //堺
{0x88fc, 0x583b}, //堻
{0x88fd, 0x583c}, //堼
{0x88fe, 0x583d}, //堽
{0x8940, 0x583e}, //堾
{0x8941, 0x583f}, //堿
{0x8942, 0x5840}, //塀
{0x8943, 0x5841}, //塁
{0x8944, 0x5842}, //塂
{0x8945, 0x5843}, //塃
{0x8946, 0x5845}, //塅
{0x8947, 0x5846}, //塆
{0x8948, 0x5847}, //塇
{0x8949, 0x5848}, //塈
{0x894a, 0x5849}, //塉
{0x894b, 0x584a}, //塊
{0x894c, 0x584b}, //塋
{0x894d, 0x584e}, //塎
{0x894e, 0x584f}, //塏
{0x894f, 0x5850}, //塐
{0x8950, 0x5852}, //塒
{0x8951, 0x5853}, //塓
{0x8952, 0x5855}, //塕
{0x8953, 0x5856}, //塖
{0x8954, 0x5857}, //塗
{0x8955, 0x5859}, //塙
{0x8956, 0x585a}, //塚
{0x8957, 0x585b}, //塛
{0x8958, 0x585c}, //塜
{0x8959, 0x585d}, //塝
{0x895a, 0x585f}, //塟
{0x895b, 0x5860}, //塠
{0x895c, 0x5861}, //塡
{0x895d, 0x5862}, //塢
{0x895e, 0x5863}, //塣
{0x895f, 0x5864}, //塤
{0x8960, 0x5866}, //塦
{0x8961, 0x5867}, //塧
{0x8962, 0x5868}, //塨
{0x8963, 0x5869}, //塩
{0x8964, 0x586a}, //塪
{0x8965, 0x586d}, //塭
{0x8966, 0x586e}, //塮
{0x8967, 0x586f}, //塯
{0x8968, 0x5870}, //塰
{0x8969, 0x5871}, //塱
{0x896a, 0x5872}, //塲
{0x896b, 0x5873}, //塳
{0x896c, 0x5874}, //塴
{0x896d, 0x5875}, //塵
{0x896e, 0x5876}, //塶
{0x896f, 0x5877}, //塷
{0x8970, 0x5878}, //塸
{0x8971, 0x5879}, //塹
{0x8972, 0x587a}, //塺
{0x8973, 0x587b}, //塻
{0x8974, 0x587c}, //塼
{0x8975, 0x587d}, //塽
{0x8976, 0x587f}, //塿
{0x8977, 0x5882}, //墂
{0x8978, 0x5884}, //墄
{0x8979, 0x5886}, //墆
{0x897a, 0x5887}, //墇
{0x897b, 0x5888}, //墈
{0x897c, 0x588a}, //墊
{0x897d, 0x588b}, //墋
{0x897e, 0x588c}, //墌
{0x8980, 0x588d}, //墍
{0x8981, 0x588e}, //墎
{0x8982, 0x588f}, //墏
{0x8983, 0x5890}, //墐
{0x8984, 0x5891}, //墑
{0x8985, 0x5894}, //墔
{0x8986, 0x5895}, //墕
{0x8987, 0x5896}, //墖
{0x8988, 0x5897}, //増
{0x8989, 0x5898}, //墘
{0x898a, 0x589b}, //墛
{0x898b, 0x589c}, //墜
{0x898c, 0x589d}, //墝
{0x898d, 0x58a0}, //墠
{0x898e, 0x58a1}, //墡
{0x898f, 0x58a2}, //墢
{0x8990, 0x58a3}, //墣
{0x8991, 0x58a4}, //墤
{0x8992, 0x58a5}, //墥
{0x8993, 0x58a6}, //墦
{0x8994, 0x58a7}, //墧
{0x8995, 0x58aa}, //墪
{0x8996, 0x58ab}, //墫
{0x8997, 0x58ac}, //墬
{0x8998, 0x58ad}, //墭
{0x8999, 0x58ae}, //墮
{0x899a, 0x58af}, //墯
{0x899b, 0x58b0}, //墰
{0x899c, 0x58b1}, //墱
{0x899d, 0x58b2}, //墲
{0x899e, 0x58b3}, //墳
{0x899f, 0x58b4}, //墴
{0x89a0, 0x58b5}, //墵
{0x89a1, 0x58b6}, //墶
{0x89a2, 0x58b7}, //墷
{0x89a3, 0x58b8}, //墸
{0x89a4, 0x58b9}, //墹
{0x89a5, 0x58ba}, //墺
{0x89a6, 0x58bb}, //墻
{0x89a7, 0x58bd}, //墽
{0x89a8, 0x58be}, //墾
{0x89a9, 0x58bf}, //墿
{0x89aa, 0x58c0}, //壀
{0x89ab, 0x58c2}, //壂
{0x89ac, 0x58c3}, //壃
{0x89ad, 0x58c4}, //壄
{0x89ae, 0x58c6}, //壆
{0x89af, 0x58c7}, //壇
{0x89b0, 0x58c8}, //壈
{0x89b1, 0x58c9}, //壉
{0x89b2, 0x58ca}, //壊
{0x89b3, 0x58cb}, //壋
{0x89b4, 0x58cc}, //壌
{0x89b5, 0x58cd}, //壍
{0x89b6, 0x58ce}, //壎
{0x89b7, 0x58cf}, //壏
{0x89b8, 0x58d0}, //壐
{0x89b9, 0x58d2}, //壒
{0x89ba, 0x58d3}, //壓
{0x89bb, 0x58d4}, //壔
{0x89bc, 0x58d6}, //壖
{0x89bd, 0x58d7}, //壗
{0x89be, 0x58d8}, //壘
{0x89bf, 0x58d9}, //壙
{0x89c0, 0x58da}, //壚
{0x89c1, 0x58db}, //壛
{0x89c2, 0x58dc}, //壜
{0x89c3, 0x58dd}, //壝
{0x89c4, 0x58de}, //壞
{0x89c5, 0x58df}, //壟
{0x89c6, 0x58e0}, //壠
{0x89c7, 0x58e1}, //壡
{0x89c8, 0x58e2}, //壢
{0x89c9, 0x58e3}, //壣
{0x89ca, 0x58e5}, //壥
{0x89cb, 0x58e6}, //壦
{0x89cc, 0x58e7}, //壧
{0x89cd, 0x58e8}, //壨
{0x89ce, 0x58e9}, //壩
{0x89cf, 0x58ea}, //壪
{0x89d0, 0x58ed}, //壭
{0x89d1, 0x58ef}, //壯
{0x89d2, 0x58f1}, //壱
{0x89d3, 0x58f2}, //売
{0x89d4, 0x58f4}, //壴
{0x89d5, 0x58f5}, //壵
{0x89d6, 0x58f7}, //壷
{0x89d7, 0x58f8}, //壸
{0x89d8, 0x58fa}, //壺
{0x89d9, 0x58fb}, //壻
{0x89da, 0x58fc}, //壼
{0x89db, 0x58fd}, //壽
{0x89dc, 0x58fe}, //壾
{0x89dd, 0x58ff}, //壿
{0x89de, 0x5900}, //夀
{0x89df, 0x5901}, //夁
{0x89e0, 0x5903}, //夃
{0x89e1, 0x5905}, //夅
{0x89e2, 0x5906}, //夆
{0x89e3, 0x5908}, //夈
{0x89e4, 0x5909}, //変
{0x89e5, 0x590a}, //夊
{0x89e6, 0x590b}, //夋
{0x89e7, 0x590c}, //夌
{0x89e8, 0x590e}, //夎
{0x89e9, 0x5910}, //夐
{0x89ea, 0x5911}, //夑
{0x89eb, 0x5912}, //夒
{0x89ec, 0x5913}, //夓
{0x89ed, 0x5917}, //夗
{0x89ee, 0x5918}, //夘
{0x89ef, 0x591b}, //夛
{0x89f0, 0x591d}, //夝
{0x89f1, 0x591e}, //夞
{0x89f2, 0x5920}, //夠
{0x89f3, 0x5921}, //夡
{0x89f4, 0x5922}, //夢
{0x89f5, 0x5923}, //夣
{0x89f6, 0x5926}, //夦
{0x89f7, 0x5928}, //夨
{0x89f8, 0x592c}, //夬
{0x89f9, 0x5930}, //夰
{0x89fa, 0x5932}, //夲
{0x89fb, 0x5933}, //夳
{0x89fc, 0x5935}, //夵
{0x89fd, 0x5936}, //夶
{0x89fe, 0x593b}, //夻
{0x8a40, 0x593d}, //夽
{0x8a41, 0x593e}, //夾
{0x8a42, 0x593f}, //夿
{0x8a43, 0x5940}, //奀
{0x8a44, 0x5943}, //奃
{0x8a45, 0x5945}, //奅
{0x8a46, 0x5946}, //奆
{0x8a47, 0x594a}, //奊
{0x8a48, 0x594c}, //奌
{0x8a49, 0x594d}, //奍
{0x8a4a, 0x5950}, //奐
{0x8a4b, 0x5952}, //奒
{0x8a4c, 0x5953}, //奓
{0x8a4d, 0x5959}, //奙
{0x8a4e, 0x595b}, //奛
{0x8a4f, 0x595c}, //奜
{0x8a50, 0x595d}, //奝
{0x8a51, 0x595e}, //奞
{0x8a52, 0x595f}, //奟
{0x8a53, 0x5961}, //奡
{0x8a54, 0x5963}, //奣
{0x8a55, 0x5964}, //奤
{0x8a56, 0x5966}, //奦
{0x8a57, 0x5967}, //奧
{0x8a58, 0x5968}, //奨
{0x8a59, 0x5969}, //奩
{0x8a5a, 0x596a}, //奪
{0x8a5b, 0x596b}, //奫
{0x8a5c, 0x596c}, //奬
{0x8a5d, 0x596d}, //奭
{0x8a5e, 0x596e}, //奮
{0x8a5f, 0x596f}, //奯
{0x8a60, 0x5970}, //奰
{0x8a61, 0x5971}, //奱
{0x8a62, 0x5972}, //奲
{0x8a63, 0x5975}, //奵
{0x8a64, 0x5977}, //奷
{0x8a65, 0x597a}, //奺
{0x8a66, 0x597b}, //奻
{0x8a67, 0x597c}, //奼
{0x8a68, 0x597e}, //奾
{0x8a69, 0x597f}, //奿
{0x8a6a, 0x5980}, //妀
{0x8a6b, 0x5985}, //妅
{0x8a6c, 0x5989}, //妉
{0x8a6d, 0x598b}, //妋
{0x8a6e, 0x598c}, //妌
{0x8a6f, 0x598e}, //妎
{0x8a70, 0x598f}, //妏
{0x8a71, 0x5990}, //妐
{0x8a72, 0x5991}, //妑
{0x8a73, 0x5994}, //妔
{0x8a74, 0x5995}, //妕
{0x8a75, 0x5998}, //妘
{0x8a76, 0x599a}, //妚
{0x8a77, 0x599b}, //妛
{0x8a78, 0x599c}, //妜
{0x8a79, 0x599d}, //妝
{0x8a7a, 0x599f}, //妟
{0x8a7b, 0x59a0}, //妠
{0x8a7c, 0x59a1}, //妡
{0x8a7d, 0x59a2}, //妢
{0x8a7e, 0x59a6}, //妦
{0x8a80, 0x59a7}, //妧
{0x8a81, 0x59ac}, //妬
{0x8a82, 0x59ad}, //妭
{0x8a83, 0x59b0}, //妰
{0x8a84, 0x59b1}, //妱
{0x8a85, 0x59b3}, //妳
{0x8a86, 0x59b4}, //妴
{0x8a87, 0x59b5}, //妵
{0x8a88, 0x59b6}, //妶
{0x8a89, 0x59b7}, //妷
{0x8a8a, 0x59b8}, //妸
{0x8a8b, 0x59ba}, //妺
{0x8a8c, 0x59bc}, //妼
{0x8a8d, 0x59bd}, //妽
{0x8a8e, 0x59bf}, //妿
{0x8a8f, 0x59c0}, //姀
{0x8a90, 0x59c1}, //姁
{0x8a91, 0x59c2}, //姂
{0x8a92, 0x59c3}, //姃
{0x8a93, 0x59c4}, //姄
{0x8a94, 0x59c5}, //姅
{0x8a95, 0x59c7}, //姇
{0x8a96, 0x59c8}, //姈
{0x8a97, 0x59c9}, //姉
{0x8a98, 0x59cc}, //姌
{0x8a99, 0x59cd}, //姍
{0x8a9a, 0x59ce}, //姎
{0x8a9b, 0x59cf}, //姏
{0x8a9c, 0x59d5}, //姕
{0x8a9d, 0x59d6}, //姖
{0x8a9e, 0x59d9}, //姙
{0x8a9f, 0x59db}, //姛
{0x8aa0, 0x59de}, //姞
{0x8aa1, 0x59df}, //姟
{0x8aa2, 0x59e0}, //姠
{0x8aa3, 0x59e1}, //姡
{0x8aa4, 0x59e2}, //姢
{0x8aa5, 0x59e4}, //姤
{0x8aa6, 0x59e6}, //姦
{0x8aa7, 0x59e7}, //姧
{0x8aa8, 0x59e9}, //姩
{0x8aa9, 0x59ea}, //姪
{0x8aaa, 0x59eb}, //姫
{0x8aab, 0x59ed}, //姭
{0x8aac, 0x59ee}, //姮
{0x8aad, 0x59ef}, //姯
{0x8aae, 0x59f0}, //姰
{0x8aaf, 0x59f1}, //姱
{0x8ab0, 0x59f2}, //姲
{0x8ab1, 0x59f3}, //姳
{0x8ab2, 0x59f4}, //姴
{0x8ab3, 0x59f5}, //姵
{0x8ab4, 0x59f6}, //姶
{0x8ab5, 0x59f7}, //姷
{0x8ab6, 0x59f8}, //姸
{0x8ab7, 0x59fa}, //姺
{0x8ab8, 0x59fc}, //姼
{0x8ab9, 0x59fd}, //姽
{0x8aba, 0x59fe}, //姾
{0x8abb, 0x5a00}, //娀
{0x8abc, 0x5a02}, //娂
{0x8abd, 0x5a0a}, //娊
{0x8abe, 0x5a0b}, //娋
{0x8abf, 0x5a0d}, //娍
{0x8ac0, 0x5a0e}, //娎
{0x8ac1, 0x5a0f}, //娏
{0x8ac2, 0x5a10}, //娐
{0x8ac3, 0x5a12}, //娒
{0x8ac4, 0x5a14}, //娔
{0x8ac5, 0x5a15}, //娕
{0x8ac6, 0x5a16}, //娖
{0x8ac7, 0x5a17}, //娗
{0x8ac8, 0x5a19}, //娙
{0x8ac9, 0x5a1a}, //娚
{0x8aca, 0x5a1b}, //娛
{0x8acb, 0x5a1d}, //娝
{0x8acc, 0x5a1e}, //娞
{0x8acd, 0x5a21}, //娡
{0x8ace, 0x5a22}, //娢
{0x8acf, 0x5a24}, //娤
{0x8ad0, 0x5a26}, //娦
{0x8ad1, 0x5a27}, //娧
{0x8ad2, 0x5a28}, //娨
{0x8ad3, 0x5a2a}, //娪
{0x8ad4, 0x5a2b}, //娫
{0x8ad5, 0x5a2c}, //娬
{0x8ad6, 0x5a2d}, //娭
{0x8ad7, 0x5a2e}, //娮
{0x8ad8, 0x5a2f}, //娯
{0x8ad9, 0x5a30}, //娰
{0x8ada, 0x5a33}, //娳
{0x8adb, 0x5a35}, //娵
{0x8adc, 0x5a37}, //娷
{0x8add, 0x5a38}, //娸
{0x8ade, 0x5a39}, //娹
{0x8adf, 0x5a3a}, //娺
{0x8ae0, 0x5a3b}, //娻
{0x8ae1, 0x5a3d}, //娽
{0x8ae2, 0x5a3e}, //娾
{0x8ae3, 0x5a3f}, //娿
{0x8ae4, 0x5a41}, //婁
{0x8ae5, 0x5a42}, //婂
{0x8ae6, 0x5a43}, //婃
{0x8ae7, 0x5a44}, //婄
{0x8ae8, 0x5a45}, //婅
{0x8ae9, 0x5a47}, //婇
{0x8aea, 0x5a48}, //婈
{0x8aeb, 0x5a4b}, //婋
{0x8aec, 0x5a4c}, //婌
{0x8aed, 0x5a4d}, //婍
{0x8aee, 0x5a4e}, //婎
{0x8aef, 0x5a4f}, //婏
{0x8af0, 0x5a50}, //婐
{0x8af1, 0x5a51}, //婑
{0x8af2, 0x5a52}, //婒
{0x8af3, 0x5a53}, //婓
{0x8af4, 0x5a54}, //婔
{0x8af5, 0x5a56}, //婖
{0x8af6, 0x5a57}, //婗
{0x8af7, 0x5a58}, //婘
{0x8af8, 0x5a59}, //婙
{0x8af9, 0x5a5b}, //婛
{0x8afa, 0x5a5c}, //婜
{0x8afb, 0x5a5d}, //婝
{0x8afc, 0x5a5e}, //婞
{0x8afd, 0x5a5f}, //婟
{0x8afe, 0x5a60}, //婠
{0x8b40, 0x5a61}, //婡
{0x8b41, 0x5a63}, //婣
{0x8b42, 0x5a64}, //婤
{0x8b43, 0x5a65}, //婥
{0x8b44, 0x5a66}, //婦
{0x8b45, 0x5a68}, //婨
{0x8b46, 0x5a69}, //婩
{0x8b47, 0x5a6b}, //婫
{0x8b48, 0x5a6c}, //婬
{0x8b49, 0x5a6d}, //婭
{0x8b4a, 0x5a6e}, //婮
{0x8b4b, 0x5a6f}, //婯
{0x8b4c, 0x5a70}, //婰
{0x8b4d, 0x5a71}, //婱
{0x8b4e, 0x5a72}, //婲
{0x8b4f, 0x5a73}, //婳
{0x8b50, 0x5a78}, //婸
{0x8b51, 0x5a79}, //婹
{0x8b52, 0x5a7b}, //婻
{0x8b53, 0x5a7c}, //婼
{0x8b54, 0x5a7d}, //婽
{0x8b55, 0x5a7e}, //婾
{0x8b56, 0x5a80}, //媀
{0x8b57, 0x5a81}, //媁
{0x8b58, 0x5a82}, //媂
{0x8b59, 0x5a83}, //媃
{0x8b5a, 0x5a84}, //媄
{0x8b5b, 0x5a85}, //媅
{0x8b5c, 0x5a86}, //媆
{0x8b5d, 0x5a87}, //媇
{0x8b5e, 0x5a88}, //媈
{0x8b5f, 0x5a89}, //媉
{0x8b60, 0x5a8a}, //媊
{0x8b61, 0x5a8b}, //媋
{0x8b62, 0x5a8c}, //媌
{0x8b63, 0x5a8d}, //媍
{0x8b64, 0x5a8e}, //媎
{0x8b65, 0x5a8f}, //媏
{0x8b66, 0x5a90}, //媐
{0x8b67, 0x5a91}, //媑
{0x8b68, 0x5a93}, //媓
{0x8b69, 0x5a94}, //媔
{0x8b6a, 0x5a95}, //媕
{0x8b6b, 0x5a96}, //媖
{0x8b6c, 0x5a97}, //媗
{0x8b6d, 0x5a98}, //媘
{0x8b6e, 0x5a99}, //媙
{0x8b6f, 0x5a9c}, //媜
{0x8b70, 0x5a9d}, //媝
{0x8b71, 0x5a9e}, //媞
{0x8b72, 0x5a9f}, //媟
{0x8b73, 0x5aa0}, //媠
{0x8b74, 0x5aa1}, //媡
{0x8b75, 0x5aa2}, //媢
{0x8b76, 0x5aa3}, //媣
{0x8b77, 0x5aa4}, //媤
{0x8b78, 0x5aa5}, //媥
{0x8b79, 0x5aa6}, //媦
{0x8b7a, 0x5aa7}, //媧
{0x8b7b, 0x5aa8}, //媨
{0x8b7c, 0x5aa9}, //媩
{0x8b7d, 0x5aab}, //媫
{0x8b7e, 0x5aac}, //媬
{0x8b80, 0x5aad}, //媭
{0x8b81, 0x5aae}, //媮
{0x8b82, 0x5aaf}, //媯
{0x8b83, 0x5ab0}, //媰
{0x8b84, 0x5ab1}, //媱
{0x8b85, 0x5ab4}, //媴
{0x8b86, 0x5ab6}, //媶
{0x8b87, 0x5ab7}, //媷
{0x8b88, 0x5ab9}, //媹
{0x8b89, 0x5aba}, //媺
{0x8b8a, 0x5abb}, //媻
{0x8b8b, 0x5abc}, //媼
{0x8b8c, 0x5abd}, //媽
{0x8b8d, 0x5abf}, //媿
{0x8b8e, 0x5ac0}, //嫀
{0x8b8f, 0x5ac3}, //嫃
{0x8b90, 0x5ac4}, //嫄
{0x8b91, 0x5ac5}, //嫅
{0x8b92, 0x5ac6}, //嫆
{0x8b93, 0x5ac7}, //嫇
{0x8b94, 0x5ac8}, //嫈
{0x8b95, 0x5aca}, //嫊
{0x8b96, 0x5acb}, //嫋
{0x8b97, 0x5acd}, //嫍
{0x8b98, 0x5ace}, //嫎
{0x8b99, 0x5acf}, //嫏
{0x8b9a, 0x5ad0}, //嫐
{0x8b9b, 0x5ad1}, //嫑
{0x8b9c, 0x5ad3}, //嫓
{0x8b9d, 0x5ad5}, //嫕
{0x8b9e, 0x5ad7}, //嫗
{0x8b9f, 0x5ad9}, //嫙
{0x8ba0, 0x5ada}, //嫚
{0x8ba1, 0x5adb}, //嫛
{0x8ba2, 0x5add}, //嫝
{0x8ba3, 0x5ade}, //嫞
{0x8ba4, 0x5adf}, //嫟
{0x8ba5, 0x5ae2}, //嫢
{0x8ba6, 0x5ae4}, //嫤
{0x8ba7, 0x5ae5}, //嫥
{0x8ba8, 0x5ae7}, //嫧
{0x8ba9, 0x5ae8}, //嫨
{0x8baa, 0x5aea}, //嫪
{0x8bab, 0x5aec}, //嫬
{0x8bac, 0x5aed}, //嫭
{0x8bad, 0x5aee}, //嫮
{0x8bae, 0x5aef}, //嫯
{0x8baf, 0x5af0}, //嫰
{0x8bb0, 0x5af2}, //嫲
{0x8bb1, 0x5af3}, //嫳
{0x8bb2, 0x5af4}, //嫴
{0x8bb3, 0x5af5}, //嫵
{0x8bb4, 0x5af6}, //嫶
{0x8bb5, 0x5af7}, //嫷
{0x8bb6, 0x5af8}, //嫸
{0x8bb7, 0x5af9}, //嫹
{0x8bb8, 0x5afa}, //嫺
{0x8bb9, 0x5afb}, //嫻
{0x8bba, 0x5afc}, //嫼
{0x8bbb, 0x5afd}, //嫽
{0x8bbc, 0x5afe}, //嫾
{0x8bbd, 0x5aff}, //嫿
{0x8bbe, 0x5b00}, //嬀
{0x8bbf, 0x5b01}, //嬁
{0x8bc0, 0x5b02}, //嬂
{0x8bc1, 0x5b03}, //嬃
{0x8bc2, 0x5b04}, //嬄
{0x8bc3, 0x5b05}, //嬅
{0x8bc4, 0x5b06}, //嬆
{0x8bc5, 0x5b07}, //嬇
{0x8bc6, 0x5b08}, //嬈
{0x8bc7, 0x5b0a}, //嬊
{0x8bc8, 0x5b0b}, //嬋
{0x8bc9, 0x5b0c}, //嬌
{0x8bca, 0x5b0d}, //嬍
{0x8bcb, 0x5b0e}, //嬎
{0x8bcc, 0x5b0f}, //嬏
{0x8bcd, 0x5b10}, //嬐
{0x8bce, 0x5b11}, //嬑
{0x8bcf, 0x5b12}, //嬒
{0x8bd0, 0x5b13}, //嬓
{0x8bd1, 0x5b14}, //嬔
{0x8bd2, 0x5b15}, //嬕
{0x8bd3, 0x5b18}, //嬘
{0x8bd4, 0x5b19}, //嬙
{0x8bd5, 0x5b1a}, //嬚
{0x8bd6, 0x5b1b}, //嬛
{0x8bd7, 0x5b1c}, //嬜
{0x8bd8, 0x5b1d}, //嬝
{0x8bd9, 0x5b1e}, //嬞
{0x8bda, 0x5b1f}, //嬟
{0x8bdb, 0x5b20}, //嬠
{0x8bdc, 0x5b21}, //嬡
{0x8bdd, 0x5b22}, //嬢
{0x8bde, 0x5b23}, //嬣
{0x8bdf, 0x5b24}, //嬤
{0x8be0, 0x5b25}, //嬥
{0x8be1, 0x5b26}, //嬦
{0x8be2, 0x5b27}, //嬧
{0x8be3, 0x5b28}, //嬨
{0x8be4, 0x5b29}, //嬩
{0x8be5, 0x5b2a}, //嬪
{0x8be6, 0x5b2b}, //嬫
{0x8be7, 0x5b2c}, //嬬
{0x8be8, 0x5b2d}, //嬭
{0x8be9, 0x5b2e}, //嬮
{0x8bea, 0x5b2f}, //嬯
{0x8beb, 0x5b30}, //嬰
{0x8bec, 0x5b31}, //嬱
{0x8bed, 0x5b33}, //嬳
{0x8bee, 0x5b35}, //嬵
{0x8bef, 0x5b36}, //嬶
{0x8bf0, 0x5b38}, //嬸
{0x8bf1, 0x5b39}, //嬹
{0x8bf2, 0x5b3a}, //嬺
{0x8bf3, 0x5b3b}, //嬻
{0x8bf4, 0x5b3c}, //嬼
{0x8bf5, 0x5b3d}, //嬽
{0x8bf6, 0x5b3e}, //嬾
{0x8bf7, 0x5b3f}, //嬿
{0x8bf8, 0x5b41}, //孁
{0x8bf9, 0x5b42}, //孂
{0x8bfa, 0x5b43}, //孃
{0x8bfb, 0x5b44}, //孄
{0x8bfc, 0x5b45}, //孅
{0x8bfd, 0x5b46}, //孆
{0x8bfe, 0x5b47}, //孇
{0x8c40, 0x5b48}, //孈
{0x8c41, 0x5b49}, //孉
{0x8c42, 0x5b4a}, //孊
{0x8c43, 0x5b4b}, //孋
{0x8c44, 0x5b4c}, //孌
{0x8c45, 0x5b4d}, //孍
{0x8c46, 0x5b4e}, //孎
{0x8c47, 0x5b4f}, //孏
{0x8c48, 0x5b52}, //孒
{0x8c49, 0x5b56}, //孖
{0x8c4a, 0x5b5e}, //孞
{0x8c4b, 0x5b60}, //孠
{0x8c4c, 0x5b61}, //孡
{0x8c4d, 0x5b67}, //孧
{0x8c4e, 0x5b68}, //孨
{0x8c4f, 0x5b6b}, //孫
{0x8c50, 0x5b6d}, //孭
{0x8c51, 0x5b6e}, //孮
{0x8c52, 0x5b6f}, //孯
{0x8c53, 0x5b72}, //孲
{0x8c54, 0x5b74}, //孴
{0x8c55, 0x5b76}, //孶
{0x8c56, 0x5b77}, //孷
{0x8c57, 0x5b78}, //學
{0x8c58, 0x5b79}, //孹
{0x8c59, 0x5b7b}, //孻
{0x8c5a, 0x5b7c}, //孼
{0x8c5b, 0x5b7e}, //孾
{0x8c5c, 0x5b7f}, //孿
{0x8c5d, 0x5b82}, //宂
{0x8c5e, 0x5b86}, //宆
{0x8c5f, 0x5b8a}, //宊
{0x8c60, 0x5b8d}, //宍
{0x8c61, 0x5b8e}, //宎
{0x8c62, 0x5b90}, //宐
{0x8c63, 0x5b91}, //宑
{0x8c64, 0x5b92}, //宒
{0x8c65, 0x5b94}, //宔
{0x8c66, 0x5b96}, //宖
{0x8c67, 0x5b9f}, //実
{0x8c68, 0x5ba7}, //宧
{0x8c69, 0x5ba8}, //宨
{0x8c6a, 0x5ba9}, //宩
{0x8c6b, 0x5bac}, //宬
{0x8c6c, 0x5bad}, //宭
{0x8c6d, 0x5bae}, //宮
{0x8c6e, 0x5baf}, //宯
{0x8c6f, 0x5bb1}, //宱
{0x8c70, 0x5bb2}, //宲
{0x8c71, 0x5bb7}, //宷
{0x8c72, 0x5bba}, //宺
{0x8c73, 0x5bbb}, //宻
{0x8c74, 0x5bbc}, //宼
{0x8c75, 0x5bc0}, //寀
{0x8c76, 0x5bc1}, //寁
{0x8c77, 0x5bc3}, //寃
{0x8c78, 0x5bc8}, //寈
{0x8c79, 0x5bc9}, //寉
{0x8c7a, 0x5bca}, //寊
{0x8c7b, 0x5bcb}, //寋
{0x8c7c, 0x5bcd}, //寍
{0x8c7d, 0x5bce}, //寎
{0x8c7e, 0x5bcf}, //寏
{0x8c80, 0x5bd1}, //寑
{0x8c81, 0x5bd4}, //寔
{0x8c82, 0x5bd5}, //寕
{0x8c83, 0x5bd6}, //寖
{0x8c84, 0x5bd7}, //寗
{0x8c85, 0x5bd8}, //寘
{0x8c86, 0x5bd9}, //寙
{0x8c87, 0x5bda}, //寚
{0x8c88, 0x5bdb}, //寛
{0x8c89, 0x5bdc}, //寜
{0x8c8a, 0x5be0}, //寠
{0x8c8b, 0x5be2}, //寢
{0x8c8c, 0x5be3}, //寣
{0x8c8d, 0x5be6}, //實
{0x8c8e, 0x5be7}, //寧
{0x8c8f, 0x5be9}, //審
{0x8c90, 0x5bea}, //寪
{0x8c91, 0x5beb}, //寫
{0x8c92, 0x5bec}, //寬
{0x8c93, 0x5bed}, //寭
{0x8c94, 0x5bef}, //寯
{0x8c95, 0x5bf1}, //寱
{0x8c96, 0x5bf2}, //寲
{0x8c97, 0x5bf3}, //寳
{0x8c98, 0x5bf4}, //寴
{0x8c99, 0x5bf5}, //寵
{0x8c9a, 0x5bf6}, //寶
{0x8c9b, 0x5bf7}, //寷
{0x8c9c, 0x5bfd}, //寽
{0x8c9d, 0x5bfe}, //対
{0x8c9e, 0x5c00}, //尀
{0x8c9f, 0x5c02}, //専
{0x8ca0, 0x5c03}, //尃
{0x8ca1, 0x5c05}, //尅
{0x8ca2, 0x5c07}, //將
{0x8ca3, 0x5c08}, //專
{0x8ca4, 0x5c0b}, //尋
{0x8ca5, 0x5c0c}, //尌
{0x8ca6, 0x5c0d}, //對
{0x8ca7, 0x5c0e}, //導
{0x8ca8, 0x5c10}, //尐
{0x8ca9, 0x5c12}, //尒
{0x8caa, 0x5c13}, //尓
{0x8cab, 0x5c17}, //尗
{0x8cac, 0x5c19}, //尙
{0x8cad, 0x5c1b}, //尛
{0x8cae, 0x5c1e}, //尞
{0x8caf, 0x5c1f}, //尟
{0x8cb0, 0x5c20}, //尠
{0x8cb1, 0x5c21}, //尡
{0x8cb2, 0x5c23}, //尣
{0x8cb3, 0x5c26}, //尦
{0x8cb4, 0x5c28}, //尨
{0x8cb5, 0x5c29}, //尩
{0x8cb6, 0x5c2a}, //尪
{0x8cb7, 0x5c2b}, //尫
{0x8cb8, 0x5c2d}, //尭
{0x8cb9, 0x5c2e}, //尮
{0x8cba, 0x5c2f}, //尯
{0x8cbb, 0x5c30}, //尰
{0x8cbc, 0x5c32}, //尲
{0x8cbd, 0x5c33}, //尳
{0x8cbe, 0x5c35}, //尵
{0x8cbf, 0x5c36}, //尶
{0x8cc0, 0x5c37}, //尷
{0x8cc1, 0x5c43}, //屃
{0x8cc2, 0x5c44}, //屄
{0x8cc3, 0x5c46}, //屆
{0x8cc4, 0x5c47}, //屇
{0x8cc5, 0x5c4c}, //屌
{0x8cc6, 0x5c4d}, //屍
{0x8cc7, 0x5c52}, //屒
{0x8cc8, 0x5c53}, //屓
{0x8cc9, 0x5c54}, //屔
{0x8cca, 0x5c56}, //屖
{0x8ccb, 0x5c57}, //屗
{0x8ccc, 0x5c58}, //屘
{0x8ccd, 0x5c5a}, //屚
{0x8cce, 0x5c5b}, //屛
{0x8ccf, 0x5c5c}, //屜
{0x8cd0, 0x5c5d}, //屝
{0x8cd1, 0x5c5f}, //屟
{0x8cd2, 0x5c62}, //屢
{0x8cd3, 0x5c64}, //層
{0x8cd4, 0x5c67}, //屧
{0x8cd5, 0x5c68}, //屨
{0x8cd6, 0x5c69}, //屩
{0x8cd7, 0x5c6a}, //屪
{0x8cd8, 0x5c6b}, //屫
{0x8cd9, 0x5c6c}, //屬
{0x8cda, 0x5c6d}, //屭
{0x8cdb, 0x5c70}, //屰
{0x8cdc, 0x5c72}, //屲
{0x8cdd, 0x5c73}, //屳
{0x8cde, 0x5c74}, //屴
{0x8cdf, 0x5c75}, //屵
{0x8ce0, 0x5c76}, //屶
{0x8ce1, 0x5c77}, //屷
{0x8ce2, 0x5c78}, //屸
{0x8ce3, 0x5c7b}, //屻
{0x8ce4, 0x5c7c}, //屼
{0x8ce5, 0x5c7d}, //屽
{0x8ce6, 0x5c7e}, //屾
{0x8ce7, 0x5c80}, //岀
{0x8ce8, 0x5c83}, //岃
{0x8ce9, 0x5c84}, //岄
{0x8cea, 0x5c85}, //岅
{0x8ceb, 0x5c86}, //岆
{0x8cec, 0x5c87}, //岇
{0x8ced, 0x5c89}, //岉
{0x8cee, 0x5c8a}, //岊
{0x8cef, 0x5c8b}, //岋
{0x8cf0, 0x5c8e}, //岎
{0x8cf1, 0x5c8f}, //岏
{0x8cf2, 0x5c92}, //岒
{0x8cf3, 0x5c93}, //岓
{0x8cf4, 0x5c95}, //岕
{0x8cf5, 0x5c9d}, //岝
{0x8cf6, 0x5c9e}, //岞
{0x8cf7, 0x5c9f}, //岟
{0x8cf8, 0x5ca0}, //岠
{0x8cf9, 0x5ca1}, //岡
{0x8cfa, 0x5ca4}, //岤
{0x8cfb, 0x5ca5}, //岥
{0x8cfc, 0x5ca6}, //岦
{0x8cfd, 0x5ca7}, //岧
{0x8cfe, 0x5ca8}, //岨
{0x8d40, 0x5caa}, //岪
{0x8d41, 0x5cae}, //岮
{0x8d42, 0x5caf}, //岯
{0x8d43, 0x5cb0}, //岰
{0x8d44, 0x5cb2}, //岲
{0x8d45, 0x5cb4}, //岴
{0x8d46, 0x5cb6}, //岶
{0x8d47, 0x5cb9}, //岹
{0x8d48, 0x5cba}, //岺
{0x8d49, 0x5cbb}, //岻
{0x8d4a, 0x5cbc}, //岼
{0x8d4b, 0x5cbe}, //岾
{0x8d4c, 0x5cc0}, //峀
{0x8d4d, 0x5cc2}, //峂
{0x8d4e, 0x5cc3}, //峃
{0x8d4f, 0x5cc5}, //峅
{0x8d50, 0x5cc6}, //峆
{0x8d51, 0x5cc7}, //峇
{0x8d52, 0x5cc8}, //峈
{0x8d53, 0x5cc9}, //峉
{0x8d54, 0x5cca}, //峊
{0x8d55, 0x5ccc}, //峌
{0x8d56, 0x5ccd}, //峍
{0x8d57, 0x5cce}, //峎
{0x8d58, 0x5ccf}, //峏
{0x8d59, 0x5cd0}, //峐
{0x8d5a, 0x5cd1}, //峑
{0x8d5b, 0x5cd3}, //峓
{0x8d5c, 0x5cd4}, //峔
{0x8d5d, 0x5cd5}, //峕
{0x8d5e, 0x5cd6}, //峖
{0x8d5f, 0x5cd7}, //峗
{0x8d60, 0x5cd8}, //峘
{0x8d61, 0x5cda}, //峚
{0x8d62, 0x5cdb}, //峛
{0x8d63, 0x5cdc}, //峜
{0x8d64, 0x5cdd}, //峝
{0x8d65, 0x5cde}, //峞
{0x8d66, 0x5cdf}, //峟
{0x8d67, 0x5ce0}, //峠
{0x8d68, 0x5ce2}, //峢
{0x8d69, 0x5ce3}, //峣
{0x8d6a, 0x5ce7}, //峧
{0x8d6b, 0x5ce9}, //峩
{0x8d6c, 0x5ceb}, //峫
{0x8d6d, 0x5cec}, //峬
{0x8d6e, 0x5cee}, //峮
{0x8d6f, 0x5cef}, //峯
{0x8d70, 0x5cf1}, //峱
{0x8d71, 0x5cf2}, //峲
{0x8d72, 0x5cf3}, //峳
{0x8d73, 0x5cf4}, //峴
{0x8d74, 0x5cf5}, //峵
{0x8d75, 0x5cf6}, //島
{0x8d76, 0x5cf7}, //峷
{0x8d77, 0x5cf8}, //峸
{0x8d78, 0x5cf9}, //峹
{0x8d79, 0x5cfa}, //峺
{0x8d7a, 0x5cfc}, //峼
{0x8d7b, 0x5cfd}, //峽
{0x8d7c, 0x5cfe}, //峾
{0x8d7d, 0x5cff}, //峿
{0x8d7e, 0x5d00}, //崀
{0x8d80, 0x5d01}, //崁
{0x8d81, 0x5d04}, //崄
{0x8d82, 0x5d05}, //崅
{0x8d83, 0x5d08}, //崈
{0x8d84, 0x5d09}, //崉
{0x8d85, 0x5d0a}, //崊
{0x8d86, 0x5d0b}, //崋
{0x8d87, 0x5d0c}, //崌
{0x8d88, 0x5d0d}, //崍
{0x8d89, 0x5d0f}, //崏
{0x8d8a, 0x5d10}, //崐
{0x8d8b, 0x5d11}, //崑
{0x8d8c, 0x5d12}, //崒
{0x8d8d, 0x5d13}, //崓
{0x8d8e, 0x5d15}, //崕
{0x8d8f, 0x5d17}, //崗
{0x8d90, 0x5d18}, //崘
{0x8d91, 0x5d19}, //崙
{0x8d92, 0x5d1a}, //崚
{0x8d93, 0x5d1c}, //崜
{0x8d94, 0x5d1d}, //崝
{0x8d95, 0x5d1f}, //崟
{0x8d96, 0x5d20}, //崠
{0x8d97, 0x5d21}, //崡
{0x8d98, 0x5d22}, //崢
{0x8d99, 0x5d23}, //崣
{0x8d9a, 0x5d25}, //崥
{0x8d9b, 0x5d28}, //崨
{0x8d9c, 0x5d2a}, //崪
{0x8d9d, 0x5d2b}, //崫
{0x8d9e, 0x5d2c}, //崬
{0x8d9f, 0x5d2f}, //崯
{0x8da0, 0x5d30}, //崰
{0x8da1, 0x5d31}, //崱
{0x8da2, 0x5d32}, //崲
{0x8da3, 0x5d33}, //崳
{0x8da4, 0x5d35}, //崵
{0x8da5, 0x5d36}, //崶
{0x8da6, 0x5d37}, //崷
{0x8da7, 0x5d38}, //崸
{0x8da8, 0x5d39}, //崹
{0x8da9, 0x5d3a}, //崺
{0x8daa, 0x5d3b}, //崻
{0x8dab, 0x5d3c}, //崼
{0x8dac, 0x5d3f}, //崿
{0x8dad, 0x5d40}, //嵀
{0x8dae, 0x5d41}, //嵁
{0x8daf, 0x5d42}, //嵂
{0x8db0, 0x5d43}, //嵃
{0x8db1, 0x5d44}, //嵄
{0x8db2, 0x5d45}, //嵅
{0x8db3, 0x5d46}, //嵆
{0x8db4, 0x5d48}, //嵈
{0x8db5, 0x5d49}, //嵉
{0x8db6, 0x5d4d}, //嵍
{0x8db7, 0x5d4e}, //嵎
{0x8db8, 0x5d4f}, //嵏
{0x8db9, 0x5d50}, //嵐
{0x8dba, 0x5d51}, //嵑
{0x8dbb, 0x5d52}, //嵒
{0x8dbc, 0x5d53}, //嵓
{0x8dbd, 0x5d54}, //嵔
{0x8dbe, 0x5d55}, //嵕
{0x8dbf, 0x5d56}, //嵖
{0x8dc0, 0x5d57}, //嵗
{0x8dc1, 0x5d59}, //嵙
{0x8dc2, 0x5d5a}, //嵚
{0x8dc3, 0x5d5c}, //嵜
{0x8dc4, 0x5d5e}, //嵞
{0x8dc5, 0x5d5f}, //嵟
{0x8dc6, 0x5d60}, //嵠
{0x8dc7, 0x5d61}, //嵡
{0x8dc8, 0x5d62}, //嵢
{0x8dc9, 0x5d63}, //嵣
{0x8dca, 0x5d64}, //嵤
{0x8dcb, 0x5d65}, //嵥
{0x8dcc, 0x5d66}, //嵦
{0x8dcd, 0x5d67}, //嵧
{0x8dce, 0x5d68}, //嵨
{0x8dcf, 0x5d6a}, //嵪
{0x8dd0, 0x5d6d}, //嵭
{0x8dd1, 0x5d6e}, //嵮
{0x8dd2, 0x5d70}, //嵰
{0x8dd3, 0x5d71}, //嵱
{0x8dd4, 0x5d72}, //嵲
{0x8dd5, 0x5d73}, //嵳
{0x8dd6, 0x5d75}, //嵵
{0x8dd7, 0x5d76}, //嵶
{0x8dd8, 0x5d77}, //嵷
{0x8dd9, 0x5d78}, //嵸
{0x8dda, 0x5d79}, //嵹
{0x8ddb, 0x5d7a}, //嵺
{0x8ddc, 0x5d7b}, //嵻
{0x8ddd, 0x5d7c}, //嵼
{0x8dde, 0x5d7d}, //嵽
{0x8ddf, 0x5d7e}, //嵾
{0x8de0, 0x5d7f}, //嵿
{0x8de1, 0x5d80}, //嶀
{0x8de2, 0x5d81}, //嶁
{0x8de3, 0x5d83}, //嶃
{0x8de4, 0x5d84}, //嶄
{0x8de5, 0x5d85}, //嶅
{0x8de6, 0x5d86}, //嶆
{0x8de7, 0x5d87}, //嶇
{0x8de8, 0x5d88}, //嶈
{0x8de9, 0x5d89}, //嶉
{0x8dea, 0x5d8a}, //嶊
{0x8deb, 0x5d8b}, //嶋
{0x8dec, 0x5d8c}, //嶌
{0x8ded, 0x5d8d}, //嶍
{0x8dee, 0x5d8e}, //嶎
{0x8def, 0x5d8f}, //嶏
{0x8df0, 0x5d90}, //嶐
{0x8df1, 0x5d91}, //嶑
{0x8df2, 0x5d92}, //嶒
{0x8df3, 0x5d93}, //嶓
{0x8df4, 0x5d94}, //嶔
{0x8df5, 0x5d95}, //嶕
{0x8df6, 0x5d96}, //嶖
{0x8df7, 0x5d97}, //嶗
{0x8df8, 0x5d98}, //嶘
{0x8df9, 0x5d9a}, //嶚
{0x8dfa, 0x5d9b}, //嶛
{0x8dfb, 0x5d9c}, //嶜
{0x8dfc, 0x5d9e}, //嶞
{0x8dfd, 0x5d9f}, //嶟
{0x8dfe, 0x5da0}, //嶠
{0x8e40, 0x5da1}, //嶡
{0x8e41, 0x5da2}, //嶢
{0x8e42, 0x5da3}, //嶣
{0x8e43, 0x5da4}, //嶤
{0x8e44, 0x5da5}, //嶥
{0x8e45, 0x5da6}, //嶦
{0x8e46, 0x5da7}, //嶧
{0x8e47, 0x5da8}, //嶨
{0x8e48, 0x5da9}, //嶩
{0x8e49, 0x5daa}, //嶪
{0x8e4a, 0x5dab}, //嶫
{0x8e4b, 0x5dac}, //嶬
{0x8e4c, 0x5dad}, //嶭
{0x8e4d, 0x5dae}, //嶮
{0x8e4e, 0x5daf}, //嶯
{0x8e4f, 0x5db0}, //嶰
{0x8e50, 0x5db1}, //嶱
{0x8e51, 0x5db2}, //嶲
{0x8e52, 0x5db3}, //嶳
{0x8e53, 0x5db4}, //嶴
{0x8e54, 0x5db5}, //嶵
{0x8e55, 0x5db6}, //嶶
{0x8e56, 0x5db8}, //嶸
{0x8e57, 0x5db9}, //嶹
{0x8e58, 0x5dba}, //嶺
{0x8e59, 0x5dbb}, //嶻
{0x8e5a, 0x5dbc}, //嶼
{0x8e5b, 0x5dbd}, //嶽
{0x8e5c, 0x5dbe}, //嶾
{0x8e5d, 0x5dbf}, //嶿
{0x8e5e, 0x5dc0}, //巀
{0x8e5f, 0x5dc1}, //巁
{0x8e60, 0x5dc2}, //巂
{0x8e61, 0x5dc3}, //巃
{0x8e62, 0x5dc4}, //巄
{0x8e63, 0x5dc6}, //巆
{0x8e64, 0x5dc7}, //巇
{0x8e65, 0x5dc8}, //巈
{0x8e66, 0x5dc9}, //巉
{0x8e67, 0x5dca}, //巊
{0x8e68, 0x5dcb}, //巋
{0x8e69, 0x5dcc}, //巌
{0x8e6a, 0x5dce}, //巎
{0x8e6b, 0x5dcf}, //巏
{0x8e6c, 0x5dd0}, //巐
{0x8e6d, 0x5dd1}, //巑
{0x8e6e, 0x5dd2}, //巒
{0x8e6f, 0x5dd3}, //巓
{0x8e70, 0x5dd4}, //巔
{0x8e71, 0x5dd5}, //巕
{0x8e72, 0x5dd6}, //巖
{0x8e73, 0x5dd7}, //巗
{0x8e74, 0x5dd8}, //巘
{0x8e75, 0x5dd9}, //巙
{0x8e76, 0x5dda}, //巚
{0x8e77, 0x5ddc}, //巜
{0x8e78, 0x5ddf}, //巟
{0x8e79, 0x5de0}, //巠
{0x8e7a, 0x5de3}, //巣
{0x8e7b, 0x5de4}, //巤
{0x8e7c, 0x5dea}, //巪
{0x8e7d, 0x5dec}, //巬
{0x8e7e, 0x5ded}, //巭
{0x8e80, 0x5df0}, //巰
{0x8e81, 0x5df5}, //巵
{0x8e82, 0x5df6}, //巶
{0x8e83, 0x5df8}, //巸
{0x8e84, 0x5df9}, //巹
{0x8e85, 0x5dfa}, //巺
{0x8e86, 0x5dfb}, //巻
{0x8e87, 0x5dfc}, //巼
{0x8e88, 0x5dff}, //巿
{0x8e89, 0x5e00}, //帀
{0x8e8a, 0x5e04}, //帄
{0x8e8b, 0x5e07}, //帇
{0x8e8c, 0x5e09}, //帉
{0x8e8d, 0x5e0a}, //帊
{0x8e8e, 0x5e0b}, //帋
{0x8e8f, 0x5e0d}, //帍
{0x8e90, 0x5e0e}, //帎
{0x8e91, 0x5e12}, //帒
{0x8e92, 0x5e13}, //帓
{0x8e93, 0x5e17}, //帗
{0x8e94, 0x5e1e}, //帞
{0x8e95, 0x5e1f}, //帟
{0x8e96, 0x5e20}, //帠
{0x8e97, 0x5e21}, //帡
{0x8e98, 0x5e22}, //帢
{0x8e99, 0x5e23}, //帣
{0x8e9a, 0x5e24}, //帤
{0x8e9b, 0x5e25}, //帥
{0x8e9c, 0x5e28}, //帨
{0x8e9d, 0x5e29}, //帩
{0x8e9e, 0x5e2a}, //帪
{0x8e9f, 0x5e2b}, //師
{0x8ea0, 0x5e2c}, //帬
{0x8ea1, 0x5e2f}, //帯
{0x8ea2, 0x5e30}, //帰
{0x8ea3, 0x5e32}, //帲
{0x8ea4, 0x5e33}, //帳
{0x8ea5, 0x5e34}, //帴
{0x8ea6, 0x5e35}, //帵
{0x8ea7, 0x5e36}, //帶
{0x8ea8, 0x5e39}, //帹
{0x8ea9, 0x5e3a}, //帺
{0x8eaa, 0x5e3e}, //帾
{0x8eab, 0x5e3f}, //帿
{0x8eac, 0x5e40}, //幀
{0x8ead, 0x5e41}, //幁
{0x8eae, 0x5e43}, //幃
{0x8eaf, 0x5e46}, //幆
{0x8eb0, 0x5e47}, //幇
{0x8eb1, 0x5e48}, //幈
{0x8eb2, 0x5e49}, //幉
{0x8eb3, 0x5e4a}, //幊
{0x8eb4, 0x5e4b}, //幋
{0x8eb5, 0x5e4d}, //幍
{0x8eb6, 0x5e4e}, //幎
{0x8eb7, 0x5e4f}, //幏
{0x8eb8, 0x5e50}, //幐
{0x8eb9, 0x5e51}, //幑
{0x8eba, 0x5e52}, //幒
{0x8ebb, 0x5e53}, //幓
{0x8ebc, 0x5e56}, //幖
{0x8ebd, 0x5e57}, //幗
{0x8ebe, 0x5e58}, //幘
{0x8ebf, 0x5e59}, //幙
{0x8ec0, 0x5e5a}, //幚
{0x8ec1, 0x5e5c}, //幜
{0x8ec2, 0x5e5d}, //幝
{0x8ec3, 0x5e5f}, //幟
{0x8ec4, 0x5e60}, //幠
{0x8ec5, 0x5e63}, //幣
{0x8ec6, 0x5e64}, //幤
{0x8ec7, 0x5e65}, //幥
{0x8ec8, 0x5e66}, //幦
{0x8ec9, 0x5e67}, //幧
{0x8eca, 0x5e68}, //幨
{0x8ecb, 0x5e69}, //幩
{0x8ecc, 0x5e6a}, //幪
{0x8ecd, 0x5e6b}, //幫
{0x8ece, 0x5e6c}, //幬
{0x8ecf, 0x5e6d}, //幭
{0x8ed0, 0x5e6e}, //幮
{0x8ed1, 0x5e6f}, //幯
{0x8ed2, 0x5e70}, //幰
{0x8ed3, 0x5e71}, //幱
{0x8ed4, 0x5e75}, //幵
{0x8ed5, 0x5e77}, //幷
{0x8ed6, 0x5e79}, //幹
{0x8ed7, 0x5e7e}, //幾
{0x8ed8, 0x5e81}, //庁
{0x8ed9, 0x5e82}, //庂
{0x8eda, 0x5e83}, //広
{0x8edb, 0x5e85}, //庅
{0x8edc, 0x5e88}, //庈
{0x8edd, 0x5e89}, //庉
{0x8ede, 0x5e8c}, //庌
{0x8edf, 0x5e8d}, //庍
{0x8ee0, 0x5e8e}, //庎
{0x8ee1, 0x5e92}, //庒
{0x8ee2, 0x5e98}, //庘
{0x8ee3, 0x5e9b}, //庛
{0x8ee4, 0x5e9d}, //庝
{0x8ee5, 0x5ea1}, //庡
{0x8ee6, 0x5ea2}, //庢
{0x8ee7, 0x5ea3}, //庣
{0x8ee8, 0x5ea4}, //庤
{0x8ee9, 0x5ea8}, //庨
{0x8eea, 0x5ea9}, //庩
{0x8eeb, 0x5eaa}, //庪
{0x8eec, 0x5eab}, //庫
{0x8eed, 0x5eac}, //庬
{0x8eee, 0x5eae}, //庮
{0x8eef, 0x5eaf}, //庯
{0x8ef0, 0x5eb0}, //庰
{0x8ef1, 0x5eb1}, //庱
{0x8ef2, 0x5eb2}, //庲
{0x8ef3, 0x5eb4}, //庴
{0x8ef4, 0x5eba}, //庺
{0x8ef5, 0x5ebb}, //庻
{0x8ef6, 0x5ebc}, //庼
{0x8ef7, 0x5ebd}, //庽
{0x8ef8, 0x5ebf}, //庿
{0x8ef9, 0x5ec0}, //廀
{0x8efa, 0x5ec1}, //廁
{0x8efb, 0x5ec2}, //廂
{0x8efc, 0x5ec3}, //廃
{0x8efd, 0x5ec4}, //廄
{0x8efe, 0x5ec5}, //廅
{0x8f40, 0x5ec6}, //廆
{0x8f41, 0x5ec7}, //廇
{0x8f42, 0x5ec8}, //廈
{0x8f43, 0x5ecb}, //廋
{0x8f44, 0x5ecc}, //廌
{0x8f45, 0x5ecd}, //廍
{0x8f46, 0x5ece}, //廎
{0x8f47, 0x5ecf}, //廏
{0x8f48, 0x5ed0}, //廐
{0x8f49, 0x5ed4}, //廔
{0x8f4a, 0x5ed5}, //廕
{0x8f4b, 0x5ed7}, //廗
{0x8f4c, 0x5ed8}, //廘
{0x8f4d, 0x5ed9}, //廙
{0x8f4e, 0x5eda}, //廚
{0x8f4f, 0x5edc}, //廜
{0x8f50, 0x5edd}, //廝
{0x8f51, 0x5ede}, //廞
{0x8f52, 0x5edf}, //廟
{0x8f53, 0x5ee0}, //廠
{0x8f54, 0x5ee1}, //廡
{0x8f55, 0x5ee2}, //廢
{0x8f56, 0x5ee3}, //廣
{0x8f57, 0x5ee4}, //廤
{0x8f58, 0x5ee5}, //廥
{0x8f59, 0x5ee6}, //廦
{0x8f5a, 0x5ee7}, //廧
{0x8f5b, 0x5ee9}, //廩
{0x8f5c, 0x5eeb}, //廫
{0x8f5d, 0x5eec}, //廬
{0x8f5e, 0x5eed}, //廭
{0x8f5f, 0x5eee}, //廮
{0x8f60, 0x5eef}, //廯
{0x8f61, 0x5ef0}, //廰
{0x8f62, 0x5ef1}, //廱
{0x8f63, 0x5ef2}, //廲
{0x8f64, 0x5ef3}, //廳
{0x8f65, 0x5ef5}, //廵
{0x8f66, 0x5ef8}, //廸
{0x8f67, 0x5ef9}, //廹
{0x8f68, 0x5efb}, //廻
{0x8f69, 0x5efc}, //廼
{0x8f6a, 0x5efd}, //廽
{0x8f6b, 0x5f05}, //弅
{0x8f6c, 0x5f06}, //弆
{0x8f6d, 0x5f07}, //弇
{0x8f6e, 0x5f09}, //弉
{0x8f6f, 0x5f0c}, //弌
{0x8f70, 0x5f0d}, //弍
{0x8f71, 0x5f0e}, //弎
{0x8f72, 0x5f10}, //弐
{0x8f73, 0x5f12}, //弒
{0x8f74, 0x5f14}, //弔
{0x8f75, 0x5f16}, //弖
{0x8f76, 0x5f19}, //弙
{0x8f77, 0x5f1a}, //弚
{0x8f78, 0x5f1c}, //弜
{0x8f79, 0x5f1d}, //弝
{0x8f7a, 0x5f1e}, //弞
{0x8f7b, 0x5f21}, //弡
{0x8f7c, 0x5f22}, //弢
{0x8f7d, 0x5f23}, //弣
{0x8f7e, 0x5f24}, //弤
{0x8f80, 0x5f28}, //弨
{0x8f81, 0x5f2b}, //弫
{0x8f82, 0x5f2c}, //弬
{0x8f83, 0x5f2e}, //弮
{0x8f84, 0x5f30}, //弰
{0x8f85, 0x5f32}, //弲
{0x8f86, 0x5f33}, //弳
{0x8f87, 0x5f34}, //弴
{0x8f88, 0x5f35}, //張
{0x8f89, 0x5f36}, //弶
{0x8f8a, 0x5f37}, //強
{0x8f8b, 0x5f38}, //弸
{0x8f8c, 0x5f3b}, //弻
{0x8f8d, 0x5f3d}, //弽
{0x8f8e, 0x5f3e}, //弾
{0x8f8f, 0x5f3f}, //弿
{0x8f90, 0x5f41}, //彁
{0x8f91, 0x5f42}, //彂
{0x8f92, 0x5f43}, //彃
{0x8f93, 0x5f44}, //彄
{0x8f94, 0x5f45}, //彅
{0x8f95, 0x5f46}, //彆
{0x8f96, 0x5f47}, //彇
{0x8f97, 0x5f48}, //彈
{0x8f98, 0x5f49}, //彉
{0x8f99, 0x5f4a}, //彊
{0x8f9a, 0x5f4b}, //彋
{0x8f9b, 0x5f4c}, //彌
{0x8f9c, 0x5f4d}, //彍
{0x8f9d, 0x5f4e}, //彎
{0x8f9e, 0x5f4f}, //彏
{0x8f9f, 0x5f51}, //彑
{0x8fa0, 0x5f54}, //彔
{0x8fa1, 0x5f59}, //彙
{0x8fa2, 0x5f5a}, //彚
{0x8fa3, 0x5f5b}, //彛
{0x8fa4, 0x5f5c}, //彜
{0x8fa5, 0x5f5e}, //彞
{0x8fa6, 0x5f5f}, //彟
{0x8fa7, 0x5f60}, //彠
{0x8fa8, 0x5f63}, //彣
{0x8fa9, 0x5f65}, //彥
{0x8faa, 0x5f67}, //彧
{0x8fab, 0x5f68}, //彨
{0x8fac, 0x5f6b}, //彫
{0x8fad, 0x5f6e}, //彮
{0x8fae, 0x5f6f}, //彯
{0x8faf, 0x5f72}, //彲
{0x8fb0, 0x5f74}, //彴
{0x8fb1, 0x5f75}, //彵
{0x8fb2, 0x5f76}, //彶
{0x8fb3, 0x5f78}, //彸
{0x8fb4, 0x5f7a}, //彺
{0x8fb5, 0x5f7d}, //彽
{0x8fb6, 0x5f7e}, //彾
{0x8fb7, 0x5f7f}, //彿
{0x8fb8, 0x5f83}, //徃
{0x8fb9, 0x5f86}, //徆
{0x8fba, 0x5f8d}, //徍
{0x8fbb, 0x5f8e}, //徎
{0x8fbc, 0x5f8f}, //徏
{0x8fbd, 0x5f91}, //徑
{0x8fbe, 0x5f93}, //従
{0x8fbf, 0x5f94}, //徔
{0x8fc0, 0x5f96}, //徖
{0x8fc1, 0x5f9a}, //徚
{0x8fc2, 0x5f9b}, //徛
{0x8fc3, 0x5f9d}, //徝
{0x8fc4, 0x5f9e}, //從
{0x8fc5, 0x5f9f}, //徟
{0x8fc6, 0x5fa0}, //徠
{0x8fc7, 0x5fa2}, //徢
{0x8fc8, 0x5fa3}, //徣
{0x8fc9, 0x5fa4}, //徤
{0x8fca, 0x5fa5}, //徥
{0x8fcb, 0x5fa6}, //徦
{0x8fcc, 0x5fa7}, //徧
{0x8fcd, 0x5fa9}, //復
{0x8fce, 0x5fab}, //徫
{0x8fcf, 0x5fac}, //徬
{0x8fd0, 0x5faf}, //徯
{0x8fd1, 0x5fb0}, //徰
{0x8fd2, 0x5fb1}, //徱
{0x8fd3, 0x5fb2}, //徲
{0x8fd4, 0x5fb3}, //徳
{0x8fd5, 0x5fb4}, //徴
{0x8fd6, 0x5fb6}, //徶
{0x8fd7, 0x5fb8}, //徸
{0x8fd8, 0x5fb9}, //徹
{0x8fd9, 0x5fba}, //徺
{0x8fda, 0x5fbb}, //徻
{0x8fdb, 0x5fbe}, //徾
{0x8fdc, 0x5fbf}, //徿
{0x8fdd, 0x5fc0}, //忀
{0x8fde, 0x5fc1}, //忁
{0x8fdf, 0x5fc2}, //忂
{0x8fe0, 0x5fc7}, //忇
{0x8fe1, 0x5fc8}, //忈
{0x8fe2, 0x5fca}, //忊
{0x8fe3, 0x5fcb}, //忋
{0x8fe4, 0x5fce}, //忎
{0x8fe5, 0x5fd3}, //忓
{0x8fe6, 0x5fd4}, //忔
{0x8fe7, 0x5fd5}, //忕
{0x8fe8, 0x5fda}, //忚
{0x8fe9, 0x5fdb}, //忛
{0x8fea, 0x5fdc}, //応
{0x8feb, 0x5fde}, //忞
{0x8fec, 0x5fdf}, //忟
{0x8fed, 0x5fe2}, //忢
{0x8fee, 0x5fe3}, //忣
{0x8fef, 0x5fe5}, //忥
{0x8ff0, 0x5fe6}, //忦
{0x8ff1, 0x5fe8}, //忨
{0x8ff2, 0x5fe9}, //忩
{0x8ff3, 0x5fec}, //忬
{0x8ff4, 0x5fef}, //忯
{0x8ff5, 0x5ff0}, //忰
{0x8ff6, 0x5ff2}, //忲
{0x8ff7, 0x5ff3}, //忳
{0x8ff8, 0x5ff4}, //忴
{0x8ff9, 0x5ff6}, //忶
{0x8ffa, 0x5ff7}, //忷
{0x8ffb, 0x5ff9}, //忹
{0x8ffc, 0x5ffa}, //忺
{0x8ffd, 0x5ffc}, //忼
{0x8ffe, 0x6007}, //怇
{0x9040, 0x6008}, //怈
{0x9041, 0x6009}, //怉
{0x9042, 0x600b}, //怋
{0x9043, 0x600c}, //怌
{0x9044, 0x6010}, //怐
{0x9045, 0x6011}, //怑
{0x9046, 0x6013}, //怓
{0x9047, 0x6017}, //怗
{0x9048, 0x6018}, //怘
{0x9049, 0x601a}, //怚
{0x904a, 0x601e}, //怞
{0x904b, 0x601f}, //怟
{0x904c, 0x6022}, //怢
{0x904d, 0x6023}, //怣
{0x904e, 0x6024}, //怤
{0x904f, 0x602c}, //怬
{0x9050, 0x602d}, //怭
{0x9051, 0x602e}, //怮
{0x9052, 0x6030}, //怰
{0x9053, 0x6031}, //怱
{0x9054, 0x6032}, //怲
{0x9055, 0x6033}, //怳
{0x9056, 0x6034}, //怴
{0x9057, 0x6036}, //怶
{0x9058, 0x6037}, //怷
{0x9059, 0x6038}, //怸
{0x905a, 0x6039}, //怹
{0x905b, 0x603a}, //怺
{0x905c, 0x603d}, //怽
{0x905d, 0x603e}, //怾
{0x905e, 0x6040}, //恀
{0x905f, 0x6044}, //恄
{0x9060, 0x6045}, //恅
{0x9061, 0x6046}, //恆
{0x9062, 0x6047}, //恇
{0x9063, 0x6048}, //恈
{0x9064, 0x6049}, //恉
{0x9065, 0x604a}, //恊
{0x9066, 0x604c}, //恌
{0x9067, 0x604e}, //恎
{0x9068, 0x604f}, //恏
{0x9069, 0x6051}, //恑
{0x906a, 0x6053}, //恓
{0x906b, 0x6054}, //恔
{0x906c, 0x6056}, //恖
{0x906d, 0x6057}, //恗
{0x906e, 0x6058}, //恘
{0x906f, 0x605b}, //恛
{0x9070, 0x605c}, //恜
{0x9071, 0x605e}, //恞
{0x9072, 0x605f}, //恟
{0x9073, 0x6060}, //恠
{0x9074, 0x6061}, //恡
{0x9075, 0x6065}, //恥
{0x9076, 0x6066}, //恦
{0x9077, 0x606e}, //恮
{0x9078, 0x6071}, //恱
{0x9079, 0x6072}, //恲
{0x907a, 0x6074}, //恴
{0x907b, 0x6075}, //恵
{0x907c, 0x6077}, //恷
{0x907d, 0x607e}, //恾
{0x907e, 0x6080}, //悀
{0x9080, 0x6081}, //悁
{0x9081, 0x6082}, //悂
{0x9082, 0x6085}, //悅
{0x9083, 0x6086}, //悆
{0x9084, 0x6087}, //悇
{0x9085, 0x6088}, //悈
{0x9086, 0x608a}, //悊
{0x9087, 0x608b}, //悋
{0x9088, 0x608e}, //悎
{0x9089, 0x608f}, //悏
{0x908a, 0x6090}, //悐
{0x908b, 0x6091}, //悑
{0x908c, 0x6093}, //悓
{0x908d, 0x6095}, //悕
{0x908e, 0x6097}, //悗
{0x908f, 0x6098}, //悘
{0x9090, 0x6099}, //悙
{0x9091, 0x609c}, //悜
{0x9092, 0x609e}, //悞
{0x9093, 0x60a1}, //悡
{0x9094, 0x60a2}, //悢
{0x9095, 0x60a4}, //悤
{0x9096, 0x60a5}, //悥
{0x9097, 0x60a7}, //悧
{0x9098, 0x60a9}, //悩
{0x9099, 0x60aa}, //悪
{0x909a, 0x60ae}, //悮
{0x909b, 0x60b0}, //悰
{0x909c, 0x60b3}, //悳
{0x909d, 0x60b5}, //悵
{0x909e, 0x60b6}, //悶
{0x909f, 0x60b7}, //悷
{0x90a0, 0x60b9}, //悹
{0x90a1, 0x60ba}, //悺
{0x90a2, 0x60bd}, //悽
{0x90a3, 0x60be}, //悾
{0x90a4, 0x60bf}, //悿
{0x90a5, 0x60c0}, //惀
{0x90a6, 0x60c1}, //惁
{0x90a7, 0x60c2}, //惂
{0x90a8, 0x60c3}, //惃
{0x90a9, 0x60c4}, //惄
{0x90aa, 0x60c7}, //惇
{0x90ab, 0x60c8}, //惈
{0x90ac, 0x60c9}, //惉
{0x90ad, 0x60cc}, //惌
{0x90ae, 0x60cd}, //惍
{0x90af, 0x60ce}, //惎
{0x90b0, 0x60cf}, //惏
{0x90b1, 0x60d0}, //惐
{0x90b2, 0x60d2}, //惒
{0x90b3, 0x60d3}, //惓
{0x90b4, 0x60d4}, //惔
{0x90b5, 0x60d6}, //惖
{0x90b6, 0x60d7}, //惗
{0x90b7, 0x60d9}, //惙
{0x90b8, 0x60db}, //惛
{0x90b9, 0x60de}, //惞
{0x90ba, 0x60e1}, //惡
{0x90bb, 0x60e2}, //惢
{0x90bc, 0x60e3}, //惣
{0x90bd, 0x60e4}, //惤
{0x90be, 0x60e5}, //惥
{0x90bf, 0x60ea}, //惪
{0x90c0, 0x60f1}, //惱
{0x90c1, 0x60f2}, //惲
{0x90c2, 0x60f5}, //惵
{0x90c3, 0x60f7}, //惷
{0x90c4, 0x60f8}, //惸
{0x90c5, 0x60fb}, //惻
{0x90c6, 0x60fc}, //惼
{0x90c7, 0x60fd}, //惽
{0x90c8, 0x60fe}, //惾
{0x90c9, 0x60ff}, //惿
{0x90ca, 0x6102}, //愂
{0x90cb, 0x6103}, //愃
{0x90cc, 0x6104}, //愄
{0x90cd, 0x6105}, //愅
{0x90ce, 0x6107}, //愇
{0x90cf, 0x610a}, //愊
{0x90d0, 0x610b}, //愋
{0x90d1, 0x610c}, //愌
{0x90d2, 0x6110}, //愐
{0x90d3, 0x6111}, //愑
{0x90d4, 0x6112}, //愒
{0x90d5, 0x6113}, //愓
{0x90d6, 0x6114}, //愔
{0x90d7, 0x6116}, //愖
{0x90d8, 0x6117}, //愗
{0x90d9, 0x6118}, //愘
{0x90da, 0x6119}, //愙
{0x90db, 0x611b}, //愛
{0x90dc, 0x611c}, //愜
{0x90dd, 0x611d}, //愝
{0x90de, 0x611e}, //愞
{0x90df, 0x6121}, //愡
{0x90e0, 0x6122}, //愢
{0x90e1, 0x6125}, //愥
{0x90e2, 0x6128}, //愨
{0x90e3, 0x6129}, //愩
{0x90e4, 0x612a}, //愪
{0x90e5, 0x612c}, //愬
{0x90e6, 0x612d}, //愭
{0x90e7, 0x612e}, //愮
{0x90e8, 0x612f}, //愯
{0x90e9, 0x6130}, //愰
{0x90ea, 0x6131}, //愱
{0x90eb, 0x6132}, //愲
{0x90ec, 0x6133}, //愳
{0x90ed, 0x6134}, //愴
{0x90ee, 0x6135}, //愵
{0x90ef, 0x6136}, //愶
{0x90f0, 0x6137}, //愷
{0x90f1, 0x6138}, //愸
{0x90f2, 0x6139}, //愹
{0x90f3, 0x613a}, //愺
{0x90f4, 0x613b}, //愻
{0x90f5, 0x613c}, //愼
{0x90f6, 0x613d}, //愽
{0x90f7, 0x613e}, //愾
{0x90f8, 0x6140}, //慀
{0x90f9, 0x6141}, //慁
{0x90fa, 0x6142}, //慂
{0x90fb, 0x6143}, //慃
{0x90fc, 0x6144}, //慄
{0x90fd, 0x6145}, //慅
{0x90fe, 0x6146}, //慆
{0x9140, 0x6147}, //慇
{0x9141, 0x6149}, //慉
{0x9142, 0x614b}, //態
{0x9143, 0x614d}, //慍
{0x9144, 0x614f}, //慏
{0x9145, 0x6150}, //慐
{0x9146, 0x6152}, //慒
{0x9147, 0x6153}, //慓
{0x9148, 0x6154}, //慔
{0x9149, 0x6156}, //慖
{0x914a, 0x6157}, //慗
{0x914b, 0x6158}, //慘
{0x914c, 0x6159}, //慙
{0x914d, 0x615a}, //慚
{0x914e, 0x615b}, //慛
{0x914f, 0x615c}, //慜
{0x9150, 0x615e}, //慞
{0x9151, 0x615f}, //慟
{0x9152, 0x6160}, //慠
{0x9153, 0x6161}, //慡
{0x9154, 0x6163}, //慣
{0x9155, 0x6164}, //慤
{0x9156, 0x6165}, //慥
{0x9157, 0x6166}, //慦
{0x9158, 0x6169}, //慩
{0x9159, 0x616a}, //慪
{0x915a, 0x616b}, //慫
{0x915b, 0x616c}, //慬
{0x915c, 0x616d}, //慭
{0x915d, 0x616e}, //慮
{0x915e, 0x616f}, //慯
{0x915f, 0x6171}, //慱
{0x9160, 0x6172}, //慲
{0x9161, 0x6173}, //慳
{0x9162, 0x6174}, //慴
{0x9163, 0x6176}, //慶
{0x9164, 0x6178}, //慸
{0x9165, 0x6179}, //慹
{0x9166, 0x617a}, //慺
{0x9167, 0x617b}, //慻
{0x9168, 0x617c}, //慼
{0x9169, 0x617d}, //慽
{0x916a, 0x617e}, //慾
{0x916b, 0x617f}, //慿
{0x916c, 0x6180}, //憀
{0x916d, 0x6181}, //憁
{0x916e, 0x6182}, //憂
{0x916f, 0x6183}, //憃
{0x9170, 0x6184}, //憄
{0x9171, 0x6185}, //憅
{0x9172, 0x6186}, //憆
{0x9173, 0x6187}, //憇
{0x9174, 0x6188}, //憈
{0x9175, 0x6189}, //憉
{0x9176, 0x618a}, //憊
{0x9177, 0x618c}, //憌
{0x9178, 0x618d}, //憍
{0x9179, 0x618f}, //憏
{0x917a, 0x6190}, //憐
{0x917b, 0x6191}, //憑
{0x917c, 0x6192}, //憒
{0x917d, 0x6193}, //憓
{0x917e, 0x6195}, //憕
{0x9180, 0x6196}, //憖
{0x9181, 0x6197}, //憗
{0x9182, 0x6198}, //憘
{0x9183, 0x6199}, //憙
{0x9184, 0x619a}, //憚
{0x9185, 0x619b}, //憛
{0x9186, 0x619c}, //憜
{0x9187, 0x619e}, //憞
{0x9188, 0x619f}, //憟
{0x9189, 0x61a0}, //憠
{0x918a, 0x61a1}, //憡
{0x918b, 0x61a2}, //憢
{0x918c, 0x61a3}, //憣
{0x918d, 0x61a4}, //憤
{0x918e, 0x61a5}, //憥
{0x918f, 0x61a6}, //憦
{0x9190, 0x61aa}, //憪
{0x9191, 0x61ab}, //憫
{0x9192, 0x61ad}, //憭
{0x9193, 0x61ae}, //憮
{0x9194, 0x61af}, //憯
{0x9195, 0x61b0}, //憰
{0x9196, 0x61b1}, //憱
{0x9197, 0x61b2}, //憲
{0x9198, 0x61b3}, //憳
{0x9199, 0x61b4}, //憴
{0x919a, 0x61b5}, //憵
{0x919b, 0x61b6}, //憶
{0x919c, 0x61b8}, //憸
{0x919d, 0x61b9}, //憹
{0x919e, 0x61ba}, //憺
{0x919f, 0x61bb}, //憻
{0x91a0, 0x61bc}, //憼
{0x91a1, 0x61bd}, //憽
{0x91a2, 0x61bf}, //憿
{0x91a3, 0x61c0}, //懀
{0x91a4, 0x61c1}, //懁
{0x91a5, 0x61c3}, //懃
{0x91a6, 0x61c4}, //懄
{0x91a7, 0x61c5}, //懅
{0x91a8, 0x61c6}, //懆
{0x91a9, 0x61c7}, //懇
{0x91aa, 0x61c9}, //應
{0x91ab, 0x61cc}, //懌
{0x91ac, 0x61cd}, //懍
{0x91ad, 0x61ce}, //懎
{0x91ae, 0x61cf}, //懏
{0x91af, 0x61d0}, //懐
{0x91b0, 0x61d3}, //懓
{0x91b1, 0x61d5}, //懕
{0x91b2, 0x61d6}, //懖
{0x91b3, 0x61d7}, //懗
{0x91b4, 0x61d8}, //懘
{0x91b5, 0x61d9}, //懙
{0x91b6, 0x61da}, //懚
{0x91b7, 0x61db}, //懛
{0x91b8, 0x61dc}, //懜
{0x91b9, 0x61dd}, //懝
{0x91ba, 0x61de}, //懞
{0x91bb, 0x61df}, //懟
{0x91bc, 0x61e0}, //懠
{0x91bd, 0x61e1}, //懡
{0x91be, 0x61e2}, //懢
{0x91bf, 0x61e3}, //懣
{0x91c0, 0x61e4}, //懤
{0x91c1, 0x61e5}, //懥
{0x91c2, 0x61e7}, //懧
{0x91c3, 0x61e8}, //懨
{0x91c4, 0x61e9}, //懩
{0x91c5, 0x61ea}, //懪
{0x91c6, 0x61eb}, //懫
{0x91c7, 0x61ec}, //懬
{0x91c8, 0x61ed}, //懭
{0x91c9, 0x61ee}, //懮
{0x91ca, 0x61ef}, //懯
{0x91cb, 0x61f0}, //懰
{0x91cc, 0x61f1}, //懱
{0x91cd, 0x61f2}, //懲
{0x91ce, 0x61f3}, //懳
{0x91cf, 0x61f4}, //懴
{0x91d0, 0x61f6}, //懶
{0x91d1, 0x61f7}, //懷
{0x91d2, 0x61f8}, //懸
{0x91d3, 0x61f9}, //懹
{0x91d4, 0x61fa}, //懺
{0x91d5, 0x61fb}, //懻
{0x91d6, 0x61fc}, //懼
{0x91d7, 0x61fd}, //懽
{0x91d8, 0x61fe}, //懾
{0x91d9, 0x6200}, //戀
{0x91da, 0x6201}, //戁
{0x91db, 0x6202}, //戂
{0x91dc, 0x6203}, //戃
{0x91dd, 0x6204}, //戄
{0x91de, 0x6205}, //戅
{0x91df, 0x6207}, //戇
{0x91e0, 0x6209}, //戉
{0x91e1, 0x6213}, //戓
{0x91e2, 0x6214}, //戔
{0x91e3, 0x6219}, //戙
{0x91e4, 0x621c}, //戜
{0x91e5, 0x621d}, //戝
{0x91e6, 0x621e}, //戞
{0x91e7, 0x6220}, //戠
{0x91e8, 0x6223}, //戣
{0x91e9, 0x6226}, //戦
{0x91ea, 0x6227}, //戧
{0x91eb, 0x6228}, //戨
{0x91ec, 0x6229}, //戩
{0x91ed, 0x622b}, //戫
{0x91ee, 0x622d}, //戭
{0x91ef, 0x622f}, //戯
{0x91f0, 0x6230}, //戰
{0x91f1, 0x6231}, //戱
{0x91f2, 0x6232}, //戲
{0x91f3, 0x6235}, //戵
{0x91f4, 0x6236}, //戶
{0x91f5, 0x6238}, //戸
{0x91f6, 0x6239}, //戹
{0x91f7, 0x623a}, //戺
{0x91f8, 0x623b}, //戻
{0x91f9, 0x623c}, //戼
{0x91fa, 0x6242}, //扂
{0x91fb, 0x6244}, //扄
{0x91fc, 0x6245}, //扅
{0x91fd, 0x6246}, //扆
{0x91fe, 0x624a}, //扊
{0x9240, 0x624f}, //扏
{0x9241, 0x6250}, //扐
{0x9242, 0x6255}, //払
{0x9243, 0x6256}, //扖
{0x9244, 0x6257}, //扗
{0x9245, 0x6259}, //扙
{0x9246, 0x625a}, //扚
{0x9247, 0x625c}, //扜
{0x9248, 0x625d}, //扝
{0x9249, 0x625e}, //扞
{0x924a, 0x625f}, //扟
{0x924b, 0x6260}, //扠
{0x924c, 0x6261}, //扡
{0x924d, 0x6262}, //扢
{0x924e, 0x6264}, //扤
{0x924f, 0x6265}, //扥
{0x9250, 0x6268}, //扨
{0x9251, 0x6271}, //扱
{0x9252, 0x6272}, //扲
{0x9253, 0x6274}, //扴
{0x9254, 0x6275}, //扵
{0x9255, 0x6277}, //扷
{0x9256, 0x6278}, //扸
{0x9257, 0x627a}, //扺
{0x9258, 0x627b}, //扻
{0x9259, 0x627d}, //扽
{0x925a, 0x6281}, //抁
{0x925b, 0x6282}, //抂
{0x925c, 0x6283}, //抃
{0x925d, 0x6285}, //抅
{0x925e, 0x6286}, //抆
{0x925f, 0x6287}, //抇
{0x9260, 0x6288}, //抈
{0x9261, 0x628b}, //抋
{0x9262, 0x628c}, //抌
{0x9263, 0x628d}, //抍
{0x9264, 0x628e}, //抎
{0x9265, 0x628f}, //抏
{0x9266, 0x6290}, //抐
{0x9267, 0x6294}, //抔
{0x9268, 0x6299}, //抙
{0x9269, 0x629c}, //抜
{0x926a, 0x629d}, //抝
{0x926b, 0x629e}, //択
{0x926c, 0x62a3}, //抣
{0x926d, 0x62a6}, //抦
{0x926e, 0x62a7}, //抧
{0x926f, 0x62a9}, //抩
{0x9270, 0x62aa}, //抪
{0x9271, 0x62ad}, //抭
{0x9272, 0x62ae}, //抮
{0x9273, 0x62af}, //抯
{0x9274, 0x62b0}, //抰
{0x9275, 0x62b2}, //抲
{0x9276, 0x62b3}, //抳
{0x9277, 0x62b4}, //抴
{0x9278, 0x62b6}, //抶
{0x9279, 0x62b7}, //抷
{0x927a, 0x62b8}, //抸
{0x927b, 0x62ba}, //抺
{0x927c, 0x62be}, //抾
{0x927d, 0x62c0}, //拀
{0x927e, 0x62c1}, //拁
{0x9280, 0x62c3}, //拃
{0x9281, 0x62cb}, //拋
{0x9282, 0x62cf}, //拏
{0x9283, 0x62d1}, //拑
{0x9284, 0x62d5}, //拕
{0x9285, 0x62dd}, //拝
{0x9286, 0x62de}, //拞
{0x9287, 0x62e0}, //拠
{0x9288, 0x62e1}, //拡
{0x9289, 0x62e4}, //拤
{0x928a, 0x62ea}, //拪
{0x928b, 0x62eb}, //拫
{0x928c, 0x62f0}, //拰
{0x928d, 0x62f2}, //拲
{0x928e, 0x62f5}, //拵
{0x928f, 0x62f8}, //拸
{0x9290, 0x62f9}, //拹
{0x9291, 0x62fa}, //拺
{0x9292, 0x62fb}, //拻
{0x9293, 0x6300}, //挀
{0x9294, 0x6303}, //挃
{0x9295, 0x6304}, //挄
{0x9296, 0x6305}, //挅
{0x9297, 0x6306}, //挆
{0x9298, 0x630a}, //挊
{0x9299, 0x630b}, //挋
{0x929a, 0x630c}, //挌
{0x929b, 0x630d}, //挍
{0x929c, 0x630f}, //挏
{0x929d, 0x6310}, //挐
{0x929e, 0x6312}, //挒
{0x929f, 0x6313}, //挓
{0x92a0, 0x6314}, //挔
{0x92a1, 0x6315}, //挕
{0x92a2, 0x6317}, //挗
{0x92a3, 0x6318}, //挘
{0x92a4, 0x6319}, //挙
{0x92a5, 0x631c}, //挜
{0x92a6, 0x6326}, //挦
{0x92a7, 0x6327}, //挧
{0x92a8, 0x6329}, //挩
{0x92a9, 0x632c}, //挬
{0x92aa, 0x632d}, //挭
{0x92ab, 0x632e}, //挮
{0x92ac, 0x6330}, //挰
{0x92ad, 0x6331}, //挱
{0x92ae, 0x6333}, //挳
{0x92af, 0x6334}, //挴
{0x92b0, 0x6335}, //挵
{0x92b1, 0x6336}, //挶
{0x92b2, 0x6337}, //挷
{0x92b3, 0x6338}, //挸
{0x92b4, 0x633b}, //挻
{0x92b5, 0x633c}, //挼
{0x92b6, 0x633e}, //挾
{0x92b7, 0x633f}, //挿
{0x92b8, 0x6340}, //捀
{0x92b9, 0x6341}, //捁
{0x92ba, 0x6344}, //捄
{0x92bb, 0x6347}, //捇
{0x92bc, 0x6348}, //捈
{0x92bd, 0x634a}, //捊
{0x92be, 0x6351}, //捑
{0x92bf, 0x6352}, //捒
{0x92c0, 0x6353}, //捓
{0x92c1, 0x6354}, //捔
{0x92c2, 0x6356}, //捖
{0x92c3, 0x6357}, //捗
{0x92c4, 0x6358}, //捘
{0x92c5, 0x6359}, //捙
{0x92c6, 0x635a}, //捚
{0x92c7, 0x635b}, //捛
{0x92c8, 0x635c}, //捜
{0x92c9, 0x635d}, //捝
{0x92ca, 0x6360}, //捠
{0x92cb, 0x6364}, //捤
{0x92cc, 0x6365}, //捥
{0x92cd, 0x6366}, //捦
{0x92ce, 0x6368}, //捨
{0x92cf, 0x636a}, //捪
{0x92d0, 0x636b}, //捫
{0x92d1, 0x636c}, //捬
{0x92d2, 0x636f}, //捯
{0x92d3, 0x6370}, //捰
{0x92d4, 0x6372}, //捲
{0x92d5, 0x6373}, //捳
{0x92d6, 0x6374}, //捴
{0x92d7, 0x6375}, //捵
{0x92d8, 0x6378}, //捸
{0x92d9, 0x6379}, //捹
{0x92da, 0x637c}, //捼
{0x92db, 0x637d}, //捽
{0x92dc, 0x637e}, //捾
{0x92dd, 0x637f}, //捿
{0x92de, 0x6381}, //掁
{0x92df, 0x6383}, //掃
{0x92e0, 0x6384}, //掄
{0x92e1, 0x6385}, //掅
{0x92e2, 0x6386}, //掆
{0x92e3, 0x638b}, //掋
{0x92e4, 0x638d}, //掍
{0x92e5, 0x6391}, //掑
{0x92e6, 0x6393}, //掓
{0x92e7, 0x6394}, //掔
{0x92e8, 0x6395}, //掕
{0x92e9, 0x6397}, //掗
{0x92ea, 0x6399}, //掙
{0x92eb, 0x639a}, //掚
{0x92ec, 0x639b}, //掛
{0x92ed, 0x639c}, //掜
{0x92ee, 0x639d}, //掝
{0x92ef, 0x639e}, //掞
{0x92f0, 0x639f}, //掟
{0x92f1, 0x63a1}, //採
{0x92f2, 0x63a4}, //掤
{0x92f3, 0x63a6}, //掦
{0x92f4, 0x63ab}, //掫
{0x92f5, 0x63af}, //掯
{0x92f6, 0x63b1}, //掱
{0x92f7, 0x63b2}, //掲
{0x92f8, 0x63b5}, //掵
{0x92f9, 0x63b6}, //掶
{0x92fa, 0x63b9}, //掹
{0x92fb, 0x63bb}, //掻
{0x92fc, 0x63bd}, //掽
{0x92fd, 0x63bf}, //掿
{0x92fe, 0x63c0}, //揀
{0x9340, 0x63c1}, //揁
{0x9341, 0x63c2}, //揂
{0x9342, 0x63c3}, //揃
{0x9343, 0x63c5}, //揅
{0x9344, 0x63c7}, //揇
{0x9345, 0x63c8}, //揈
{0x9346, 0x63ca}, //揊
{0x9347, 0x63cb}, //揋
{0x9348, 0x63cc}, //揌
{0x9349, 0x63d1}, //揑
{0x934a, 0x63d3}, //揓
{0x934b, 0x63d4}, //揔
{0x934c, 0x63d5}, //揕
{0x934d, 0x63d7}, //揗
{0x934e, 0x63d8}, //揘
{0x934f, 0x63d9}, //揙
{0x9350, 0x63da}, //揚
{0x9351, 0x63db}, //換
{0x9352, 0x63dc}, //揜
{0x9353, 0x63dd}, //揝
{0x9354, 0x63df}, //揟
{0x9355, 0x63e2}, //揢
{0x9356, 0x63e4}, //揤
{0x9357, 0x63e5}, //揥
{0x9358, 0x63e6}, //揦
{0x9359, 0x63e7}, //揧
{0x935a, 0x63e8}, //揨
{0x935b, 0x63eb}, //揫
{0x935c, 0x63ec}, //揬
{0x935d, 0x63ee}, //揮
{0x935e, 0x63ef}, //揯
{0x935f, 0x63f0}, //揰
{0x9360, 0x63f1}, //揱
{0x9361, 0x63f3}, //揳
{0x9362, 0x63f5}, //揵
{0x9363, 0x63f7}, //揷
{0x9364, 0x63f9}, //揹
{0x9365, 0x63fa}, //揺
{0x9366, 0x63fb}, //揻
{0x9367, 0x63fc}, //揼
{0x9368, 0x63fe}, //揾
{0x9369, 0x6403}, //搃
{0x936a, 0x6404}, //搄
{0x936b, 0x6406}, //搆
{0x936c, 0x6407}, //搇
{0x936d, 0x6408}, //搈
{0x936e, 0x6409}, //搉
{0x936f, 0x640a}, //搊
{0x9370, 0x640d}, //損
{0x9371, 0x640e}, //搎
{0x9372, 0x6411}, //搑
{0x9373, 0x6412}, //搒
{0x9374, 0x6415}, //搕
{0x9375, 0x6416}, //搖
{0x9376, 0x6417}, //搗
{0x9377, 0x6418}, //搘
{0x9378, 0x6419}, //搙
{0x9379, 0x641a}, //搚
{0x937a, 0x641d}, //搝
{0x937b, 0x641f}, //搟
{0x937c, 0x6422}, //搢
{0x937d, 0x6423}, //搣
{0x937e, 0x6424}, //搤
{0x9380, 0x6425}, //搥
{0x9381, 0x6427}, //搧
{0x9382, 0x6428}, //搨
{0x9383, 0x6429}, //搩
{0x9384, 0x642b}, //搫
{0x9385, 0x642e}, //搮
{0x9386, 0x642f}, //搯
{0x9387, 0x6430}, //搰
{0x9388, 0x6431}, //搱
{0x9389, 0x6432}, //搲
{0x938a, 0x6433}, //搳
{0x938b, 0x6435}, //搵
{0x938c, 0x6436}, //搶
{0x938d, 0x6437}, //搷
{0x938e, 0x6438}, //搸
{0x938f, 0x6439}, //搹
{0x9390, 0x643b}, //搻
{0x9391, 0x643c}, //搼
{0x9392, 0x643e}, //搾
{0x9393, 0x6440}, //摀
{0x9394, 0x6442}, //摂
{0x9395, 0x6443}, //摃
{0x9396, 0x6449}, //摉
{0x9397, 0x644b}, //摋
{0x9398, 0x644c}, //摌
{0x9399, 0x644d}, //摍
{0x939a, 0x644e}, //摎
{0x939b, 0x644f}, //摏
{0x939c, 0x6450}, //摐
{0x939d, 0x6451}, //摑
{0x939e, 0x6453}, //摓
{0x939f, 0x6455}, //摕
{0x93a0, 0x6456}, //摖
{0x93a1, 0x6457}, //摗
{0x93a2, 0x6459}, //摙
{0x93a3, 0x645a}, //摚
{0x93a4, 0x645b}, //摛
{0x93a5, 0x645c}, //摜
{0x93a6, 0x645d}, //摝
{0x93a7, 0x645f}, //摟
{0x93a8, 0x6460}, //摠
{0x93a9, 0x6461}, //摡
{0x93aa, 0x6462}, //摢
{0x93ab, 0x6463}, //摣
{0x93ac, 0x6464}, //摤
{0x93ad, 0x6465}, //摥
{0x93ae, 0x6466}, //摦
{0x93af, 0x6468}, //摨
{0x93b0, 0x646a}, //摪
{0x93b1, 0x646b}, //摫
{0x93b2, 0x646c}, //摬
{0x93b3, 0x646e}, //摮
{0x93b4, 0x646f}, //摯
{0x93b5, 0x6470}, //摰
{0x93b6, 0x6471}, //摱
{0x93b7, 0x6472}, //摲
{0x93b8, 0x6473}, //摳
{0x93b9, 0x6474}, //摴
{0x93ba, 0x6475}, //摵
{0x93bb, 0x6476}, //摶
{0x93bc, 0x6477}, //摷
{0x93bd, 0x647b}, //摻
{0x93be, 0x647c}, //摼
{0x93bf, 0x647d}, //摽
{0x93c0, 0x647e}, //摾
{0x93c1, 0x647f}, //摿
{0x93c2, 0x6480}, //撀
{0x93c3, 0x6481}, //撁
{0x93c4, 0x6483}, //撃
{0x93c5, 0x6486}, //撆
{0x93c6, 0x6488}, //撈
{0x93c7, 0x6489}, //撉
{0x93c8, 0x648a}, //撊
{0x93c9, 0x648b}, //撋
{0x93ca, 0x648c}, //撌
{0x93cb, 0x648d}, //撍
{0x93cc, 0x648e}, //撎
{0x93cd, 0x648f}, //撏
{0x93ce, 0x6490}, //撐
{0x93cf, 0x6493}, //撓
{0x93d0, 0x6494}, //撔
{0x93d1, 0x6497}, //撗
{0x93d2, 0x6498}, //撘
{0x93d3, 0x649a}, //撚
{0x93d4, 0x649b}, //撛
{0x93d5, 0x649c}, //撜
{0x93d6, 0x649d}, //撝
{0x93d7, 0x649f}, //撟
{0x93d8, 0x64a0}, //撠
{0x93d9, 0x64a1}, //撡
{0x93da, 0x64a2}, //撢
{0x93db, 0x64a3}, //撣
{0x93dc, 0x64a5}, //撥
{0x93dd, 0x64a6}, //撦
{0x93de, 0x64a7}, //撧
{0x93df, 0x64a8}, //撨
{0x93e0, 0x64aa}, //撪
{0x93e1, 0x64ab}, //撫
{0x93e2, 0x64af}, //撯
{0x93e3, 0x64b1}, //撱
{0x93e4, 0x64b2}, //撲
{0x93e5, 0x64b3}, //撳
{0x93e6, 0x64b4}, //撴
{0x93e7, 0x64b6}, //撶
{0x93e8, 0x64b9}, //撹
{0x93e9, 0x64bb}, //撻
{0x93ea, 0x64bd}, //撽
{0x93eb, 0x64be}, //撾
{0x93ec, 0x64bf}, //撿
{0x93ed, 0x64c1}, //擁
{0x93ee, 0x64c3}, //擃
{0x93ef, 0x64c4}, //擄
{0x93f0, 0x64c6}, //擆
{0x93f1, 0x64c7}, //擇
{0x93f2, 0x64c8}, //擈
{0x93f3, 0x64c9}, //擉
{0x93f4, 0x64ca}, //擊
{0x93f5, 0x64cb}, //擋
{0x93f6, 0x64cc}, //擌
{0x93f7, 0x64cf}, //擏
{0x93f8, 0x64d1}, //擑
{0x93f9, 0x64d3}, //擓
{0x93fa, 0x64d4}, //擔
{0x93fb, 0x64d5}, //擕
{0x93fc, 0x64d6}, //擖
{0x93fd, 0x64d9}, //擙
{0x93fe, 0x64da}, //據
{0x9440, 0x64db}, //擛
{0x9441, 0x64dc}, //擜
{0x9442, 0x64dd}, //擝
{0x9443, 0x64df}, //擟
{0x9444, 0x64e0}, //擠
{0x9445, 0x64e1}, //擡
{0x9446, 0x64e3}, //擣
{0x9447, 0x64e5}, //擥
{0x9448, 0x64e7}, //擧
{0x9449, 0x64e8}, //擨
{0x944a, 0x64e9}, //擩
{0x944b, 0x64ea}, //擪
{0x944c, 0x64eb}, //擫
{0x944d, 0x64ec}, //擬
{0x944e, 0x64ed}, //擭
{0x944f, 0x64ee}, //擮
{0x9450, 0x64ef}, //擯
{0x9451, 0x64f0}, //擰
{0x9452, 0x64f1}, //擱
{0x9453, 0x64f2}, //擲
{0x9454, 0x64f3}, //擳
{0x9455, 0x64f4}, //擴
{0x9456, 0x64f5}, //擵
{0x9457, 0x64f6}, //擶
{0x9458, 0x64f7}, //擷
{0x9459, 0x64f8}, //擸
{0x945a, 0x64f9}, //擹
{0x945b, 0x64fa}, //擺
{0x945c, 0x64fb}, //擻
{0x945d, 0x64fc}, //擼
{0x945e, 0x64fd}, //擽
{0x945f, 0x64fe}, //擾
{0x9460, 0x64ff}, //擿
{0x9461, 0x6501}, //攁
{0x9462, 0x6502}, //攂
{0x9463, 0x6503}, //攃
{0x9464, 0x6504}, //攄
{0x9465, 0x6505}, //攅
{0x9466, 0x6506}, //攆
{0x9467, 0x6507}, //攇
{0x9468, 0x6508}, //攈
{0x9469, 0x650a}, //攊
{0x946a, 0x650b}, //攋
{0x946b, 0x650c}, //攌
{0x946c, 0x650d}, //攍
{0x946d, 0x650e}, //攎
{0x946e, 0x650f}, //攏
{0x946f, 0x6510}, //攐
{0x9470, 0x6511}, //攑
{0x9471, 0x6513}, //攓
{0x9472, 0x6514}, //攔
{0x9473, 0x6515}, //攕
{0x9474, 0x6516}, //攖
{0x9475, 0x6517}, //攗
{0x9476, 0x6519}, //攙
{0x9477, 0x651a}, //攚
{0x9478, 0x651b}, //攛
{0x9479, 0x651c}, //攜
{0x947a, 0x651d}, //攝
{0x947b, 0x651e}, //攞
{0x947c, 0x651f}, //攟
{0x947d, 0x6520}, //攠
{0x947e, 0x6521}, //攡
{0x9480, 0x6522}, //攢
{0x9481, 0x6523}, //攣
{0x9482, 0x6524}, //攤
{0x9483, 0x6526}, //攦
{0x9484, 0x6527}, //攧
{0x9485, 0x6528}, //攨
{0x9486, 0x6529}, //攩
{0x9487, 0x652a}, //攪
{0x9488, 0x652c}, //攬
{0x9489, 0x652d}, //攭
{0x948a, 0x6530}, //攰
{0x948b, 0x6531}, //攱
{0x948c, 0x6532}, //攲
{0x948d, 0x6533}, //攳
{0x948e, 0x6537}, //攷
{0x948f, 0x653a}, //攺
{0x9490, 0x653c}, //攼
{0x9491, 0x653d}, //攽
{0x9492, 0x6540}, //敀
{0x9493, 0x6541}, //敁
{0x9494, 0x6542}, //敂
{0x9495, 0x6543}, //敃
{0x9496, 0x6544}, //敄
{0x9497, 0x6546}, //敆
{0x9498, 0x6547}, //敇
{0x9499, 0x654a}, //敊
{0x949a, 0x654b}, //敋
{0x949b, 0x654d}, //敍
{0x949c, 0x654e}, //敎
{0x949d, 0x6550}, //敐
{0x949e, 0x6552}, //敒
{0x949f, 0x6553}, //敓
{0x94a0, 0x6554}, //敔
{0x94a1, 0x6557}, //敗
{0x94a2, 0x6558}, //敘
{0x94a3, 0x655a}, //敚
{0x94a4, 0x655c}, //敜
{0x94a5, 0x655f}, //敟
{0x94a6, 0x6560}, //敠
{0x94a7, 0x6561}, //敡
{0x94a8, 0x6564}, //敤
{0x94a9, 0x6565}, //敥
{0x94aa, 0x6567}, //敧
{0x94ab, 0x6568}, //敨
{0x94ac, 0x6569}, //敩
{0x94ad, 0x656a}, //敪
{0x94ae, 0x656d}, //敭
{0x94af, 0x656e}, //敮
{0x94b0, 0x656f}, //敯
{0x94b1, 0x6571}, //敱
{0x94b2, 0x6573}, //敳
{0x94b3, 0x6575}, //敵
{0x94b4, 0x6576}, //敶
{0x94b5, 0x6578}, //數
{0x94b6, 0x6579}, //敹
{0x94b7, 0x657a}, //敺
{0x94b8, 0x657b}, //敻
{0x94b9, 0x657c}, //敼
{0x94ba, 0x657d}, //敽
{0x94bb, 0x657e}, //敾
{0x94bc, 0x657f}, //敿
{0x94bd, 0x6580}, //斀
{0x94be, 0x6581}, //斁
{0x94bf, 0x6582}, //斂
{0x94c0, 0x6583}, //斃
{0x94c1, 0x6584}, //斄
{0x94c2, 0x6585}, //斅
{0x94c3, 0x6586}, //斆
{0x94c4, 0x6588}, //斈
{0x94c5, 0x6589}, //斉
{0x94c6, 0x658a}, //斊
{0x94c7, 0x658d}, //斍
{0x94c8, 0x658e}, //斎
{0x94c9, 0x658f}, //斏
{0x94ca, 0x6592}, //斒
{0x94cb, 0x6594}, //斔
{0x94cc, 0x6595}, //斕
{0x94cd, 0x6596}, //斖
{0x94ce, 0x6598}, //斘
{0x94cf, 0x659a}, //斚
{0x94d0, 0x659d}, //斝
{0x94d1, 0x659e}, //斞
{0x94d2, 0x65a0}, //斠
{0x94d3, 0x65a2}, //斢
{0x94d4, 0x65a3}, //斣
{0x94d5, 0x65a6}, //斦
{0x94d6, 0x65a8}, //斨
{0x94d7, 0x65aa}, //斪
{0x94d8, 0x65ac}, //斬
{0x94d9, 0x65ae}, //斮
{0x94da, 0x65b1}, //斱
{0x94db, 0x65b2}, //斲
{0x94dc, 0x65b3}, //斳
{0x94dd, 0x65b4}, //斴
{0x94de, 0x65b5}, //斵
{0x94df, 0x65b6}, //斶
{0x94e0, 0x65b7}, //斷
{0x94e1, 0x65b8}, //斸
{0x94e2, 0x65ba}, //斺
{0x94e3, 0x65bb}, //斻
{0x94e4, 0x65be}, //斾
{0x94e5, 0x65bf}, //斿
{0x94e6, 0x65c0}, //旀
{0x94e7, 0x65c2}, //旂
{0x94e8, 0x65c7}, //旇
{0x94e9, 0x65c8}, //旈
{0x94ea, 0x65c9}, //旉
{0x94eb, 0x65ca}, //旊
{0x94ec, 0x65cd}, //旍
{0x94ed, 0x65d0}, //旐
{0x94ee, 0x65d1}, //旑
{0x94ef, 0x65d3}, //旓
{0x94f0, 0x65d4}, //旔
{0x94f1, 0x65d5}, //旕
{0x94f2, 0x65d8}, //旘
{0x94f3, 0x65d9}, //旙
{0x94f4, 0x65da}, //旚
{0x94f5, 0x65db}, //旛
{0x94f6, 0x65dc}, //旜
{0x94f7, 0x65dd}, //旝
{0x94f8, 0x65de}, //旞
{0x94f9, 0x65df}, //旟
{0x94fa, 0x65e1}, //旡
{0x94fb, 0x65e3}, //旣
{0x94fc, 0x65e4}, //旤
{0x94fd, 0x65ea}, //旪
{0x94fe, 0x65eb}, //旫
{0x9540, 0x65f2}, //旲
{0x9541, 0x65f3}, //旳
{0x9542, 0x65f4}, //旴
{0x9543, 0x65f5}, //旵
{0x9544, 0x65f8}, //旸
{0x9545, 0x65f9}, //旹
{0x9546, 0x65fb}, //旻
{0x9547, 0x65fc}, //旼
{0x9548, 0x65fd}, //旽
{0x9549, 0x65fe}, //旾
{0x954a, 0x65ff}, //旿
{0x954b, 0x6601}, //昁
{0x954c, 0x6604}, //昄
{0x954d, 0x6605}, //昅
{0x954e, 0x6607}, //昇
{0x954f, 0x6608}, //昈
{0x9550, 0x6609}, //昉
{0x9551, 0x660b}, //昋
{0x9552, 0x660d}, //昍
{0x9553, 0x6610}, //昐
{0x9554, 0x6611}, //昑
{0x9555, 0x6612}, //昒
{0x9556, 0x6616}, //昖
{0x9557, 0x6617}, //昗
{0x9558, 0x6618}, //昘
{0x9559, 0x661a}, //昚
{0x955a, 0x661b}, //昛
{0x955b, 0x661c}, //昜
{0x955c, 0x661e}, //昞
{0x955d, 0x6621}, //昡
{0x955e, 0x6622}, //昢
{0x955f, 0x6623}, //昣
{0x9560, 0x6624}, //昤
{0x9561, 0x6626}, //昦
{0x9562, 0x6629}, //昩
{0x9563, 0x662a}, //昪
{0x9564, 0x662b}, //昫
{0x9565, 0x662c}, //昬
{0x9566, 0x662e}, //昮
{0x9567, 0x6630}, //昰
{0x9568, 0x6632}, //昲
{0x9569, 0x6633}, //昳
{0x956a, 0x6637}, //昷
{0x956b, 0x6638}, //昸
{0x956c, 0x6639}, //昹
{0x956d, 0x663a}, //昺
{0x956e, 0x663b}, //昻
{0x956f, 0x663d}, //昽
{0x9570, 0x663f}, //昿
{0x9571, 0x6640}, //晀
{0x9572, 0x6642}, //時
{0x9573, 0x6644}, //晄
{0x9574, 0x6645}, //晅
{0x9575, 0x6646}, //晆
{0x9576, 0x6647}, //晇
{0x9577, 0x6648}, //晈
{0x9578, 0x6649}, //晉
{0x9579, 0x664a}, //晊
{0x957a, 0x664d}, //晍
{0x957b, 0x664e}, //晎
{0x957c, 0x6650}, //晐
{0x957d, 0x6651}, //晑
{0x957e, 0x6658}, //晘
{0x9580, 0x6659}, //晙
{0x9581, 0x665b}, //晛
{0x9582, 0x665c}, //晜
{0x9583, 0x665d}, //晝
{0x9584, 0x665e}, //晞
{0x9585, 0x6660}, //晠
{0x9586, 0x6662}, //晢
{0x9587, 0x6663}, //晣
{0x9588, 0x6665}, //晥
{0x9589, 0x6667}, //晧
{0x958a, 0x6669}, //晩
{0x958b, 0x666a}, //晪
{0x958c, 0x666b}, //晫
{0x958d, 0x666c}, //晬
{0x958e, 0x666d}, //晭
{0x958f, 0x6671}, //晱
{0x9590, 0x6672}, //晲
{0x9591, 0x6673}, //晳
{0x9592, 0x6675}, //晵
{0x9593, 0x6678}, //晸
{0x9594, 0x6679}, //晹
{0x9595, 0x667b}, //晻
{0x9596, 0x667c}, //晼
{0x9597, 0x667d}, //晽
{0x9598, 0x667f}, //晿
{0x9599, 0x6680}, //暀
{0x959a, 0x6681}, //暁
{0x959b, 0x6683}, //暃
{0x959c, 0x6685}, //暅
{0x959d, 0x6686}, //暆
{0x959e, 0x6688}, //暈
{0x959f, 0x6689}, //暉
{0x95a0, 0x668a}, //暊
{0x95a1, 0x668b}, //暋
{0x95a2, 0x668d}, //暍
{0x95a3, 0x668e}, //暎
{0x95a4, 0x668f}, //暏
{0x95a5, 0x6690}, //暐
{0x95a6, 0x6692}, //暒
{0x95a7, 0x6693}, //暓
{0x95a8, 0x6694}, //暔
{0x95a9, 0x6695}, //暕
{0x95aa, 0x6698}, //暘
{0x95ab, 0x6699}, //暙
{0x95ac, 0x669a}, //暚
{0x95ad, 0x669b}, //暛
{0x95ae, 0x669c}, //暜
{0x95af, 0x669e}, //暞
{0x95b0, 0x669f}, //暟
{0x95b1, 0x66a0}, //暠
{0x95b2, 0x66a1}, //暡
{0x95b3, 0x66a2}, //暢
{0x95b4, 0x66a3}, //暣
{0x95b5, 0x66a4}, //暤
{0x95b6, 0x66a5}, //暥
{0x95b7, 0x66a6}, //暦
{0x95b8, 0x66a9}, //暩
{0x95b9, 0x66aa}, //暪
{0x95ba, 0x66ab}, //暫
{0x95bb, 0x66ac}, //暬
{0x95bc, 0x66ad}, //暭
{0x95bd, 0x66af}, //暯
{0x95be, 0x66b0}, //暰
{0x95bf, 0x66b1}, //暱
{0x95c0, 0x66b2}, //暲
{0x95c1, 0x66b3}, //暳
{0x95c2, 0x66b5}, //暵
{0x95c3, 0x66b6}, //暶
{0x95c4, 0x66b7}, //暷
{0x95c5, 0x66b8}, //暸
{0x95c6, 0x66ba}, //暺
{0x95c7, 0x66bb}, //暻
{0x95c8, 0x66bc}, //暼
{0x95c9, 0x66bd}, //暽
{0x95ca, 0x66bf}, //暿
{0x95cb, 0x66c0}, //曀
{0x95cc, 0x66c1}, //曁
{0x95cd, 0x66c2}, //曂
{0x95ce, 0x66c3}, //曃
{0x95cf, 0x66c4}, //曄
{0x95d0, 0x66c5}, //曅
{0x95d1, 0x66c6}, //曆
{0x95d2, 0x66c7}, //曇
{0x95d3, 0x66c8}, //曈
{0x95d4, 0x66c9}, //曉
{0x95d5, 0x66ca}, //曊
{0x95d6, 0x66cb}, //曋
{0x95d7, 0x66cc}, //曌
{0x95d8, 0x66cd}, //曍
{0x95d9, 0x66ce}, //曎
{0x95da, 0x66cf}, //曏
{0x95db, 0x66d0}, //曐
{0x95dc, 0x66d1}, //曑
{0x95dd, 0x66d2}, //曒
{0x95de, 0x66d3}, //曓
{0x95df, 0x66d4}, //曔
{0x95e0, 0x66d5}, //曕
{0x95e1, 0x66d6}, //曖
{0x95e2, 0x66d7}, //曗
{0x95e3, 0x66d8}, //曘
{0x95e4, 0x66da}, //曚
{0x95e5, 0x66de}, //曞
{0x95e6, 0x66df}, //曟
{0x95e7, 0x66e0}, //曠
{0x95e8, 0x66e1}, //曡
{0x95e9, 0x66e2}, //曢
{0x95ea, 0x66e3}, //曣
{0x95eb, 0x66e4}, //曤
{0x95ec, 0x66e5}, //曥
{0x95ed, 0x66e7}, //曧
{0x95ee, 0x66e8}, //曨
{0x95ef, 0x66ea}, //曪
{0x95f0, 0x66eb}, //曫
{0x95f1, 0x66ec}, //曬
{0x95f2, 0x66ed}, //曭
{0x95f3, 0x66ee}, //曮
{0x95f4, 0x66ef}, //曯
{0x95f5, 0x66f1}, //曱
{0x95f6, 0x66f5}, //曵
{0x95f7, 0x66f6}, //曶
{0x95f8, 0x66f8}, //書
{0x95f9, 0x66fa}, //曺
{0x95fa, 0x66fb}, //曻
{0x95fb, 0x66fd}, //曽
{0x95fc, 0x6701}, //朁
{0x95fd, 0x6702}, //朂
{0x95fe, 0x6703}, //會
{0x9640, 0x6704}, //朄
{0x9641, 0x6705}, //朅
{0x9642, 0x6706}, //朆
{0x9643, 0x6707}, //朇
{0x9644, 0x670c}, //朌
{0x9645, 0x670e}, //朎
{0x9646, 0x670f}, //朏
{0x9647, 0x6711}, //朑
{0x9648, 0x6712}, //朒
{0x9649, 0x6713}, //朓
{0x964a, 0x6716}, //朖
{0x964b, 0x6718}, //朘
{0x964c, 0x6719}, //朙
{0x964d, 0x671a}, //朚
{0x964e, 0x671c}, //朜
{0x964f, 0x671e}, //朞
{0x9650, 0x6720}, //朠
{0x9651, 0x6721}, //朡
{0x9652, 0x6722}, //朢
{0x9653, 0x6723}, //朣
{0x9654, 0x6724}, //朤
{0x9655, 0x6725}, //朥
{0x9656, 0x6727}, //朧
{0x9657, 0x6729}, //朩
{0x9658, 0x672e}, //朮
{0x9659, 0x6730}, //朰
{0x965a, 0x6732}, //朲
{0x965b, 0x6733}, //朳
{0x965c, 0x6736}, //朶
{0x965d, 0x6737}, //朷
{0x965e, 0x6738}, //朸
{0x965f, 0x6739}, //朹
{0x9660, 0x673b}, //朻
{0x9661, 0x673c}, //朼
{0x9662, 0x673e}, //朾
{0x9663, 0x673f}, //朿
{0x9664, 0x6741}, //杁
{0x9665, 0x6744}, //杄
{0x9666, 0x6745}, //杅
{0x9667, 0x6747}, //杇
{0x9668, 0x674a}, //杊
{0x9669, 0x674b}, //杋
{0x966a, 0x674d}, //杍
{0x966b, 0x6752}, //杒
{0x966c, 0x6754}, //杔
{0x966d, 0x6755}, //杕
{0x966e, 0x6757}, //杗
{0x966f, 0x6758}, //杘
{0x9670, 0x6759}, //杙
{0x9671, 0x675a}, //杚
{0x9672, 0x675b}, //杛
{0x9673, 0x675d}, //杝
{0x9674, 0x6762}, //杢
{0x9675, 0x6763}, //杣
{0x9676, 0x6764}, //杤
{0x9677, 0x6766}, //杦
{0x9678, 0x6767}, //杧
{0x9679, 0x676b}, //杫
{0x967a, 0x676c}, //杬
{0x967b, 0x676e}, //杮
{0x967c, 0x6771}, //東
{0x967d, 0x6774}, //杴
{0x967e, 0x6776}, //杶
{0x9680, 0x6778}, //杸
{0x9681, 0x6779}, //杹
{0x9682, 0x677a}, //杺
{0x9683, 0x677b}, //杻
{0x9684, 0x677d}, //杽
{0x9685, 0x6780}, //枀
{0x9686, 0x6782}, //枂
{0x9687, 0x6783}, //枃
{0x9688, 0x6785}, //枅
{0x9689, 0x6786}, //枆
{0x968a, 0x6788}, //枈
{0x968b, 0x678a}, //枊
{0x968c, 0x678c}, //枌
{0x968d, 0x678d}, //枍
{0x968e, 0x678e}, //枎
{0x968f, 0x678f}, //枏
{0x9690, 0x6791}, //枑
{0x9691, 0x6792}, //枒
{0x9692, 0x6793}, //枓
{0x9693, 0x6794}, //枔
{0x9694, 0x6796}, //枖
{0x9695, 0x6799}, //枙
{0x9696, 0x679b}, //枛
{0x9697, 0x679f}, //枟
{0x9698, 0x67a0}, //枠
{0x9699, 0x67a1}, //枡
{0x969a, 0x67a4}, //枤
{0x969b, 0x67a6}, //枦
{0x969c, 0x67a9}, //枩
{0x969d, 0x67ac}, //枬
{0x969e, 0x67ae}, //枮
{0x969f, 0x67b1}, //枱
{0x96a0, 0x67b2}, //枲
{0x96a1, 0x67b4}, //枴
{0x96a2, 0x67b9}, //枹
{0x96a3, 0x67ba}, //枺
{0x96a4, 0x67bb}, //枻
{0x96a5, 0x67bc}, //枼
{0x96a6, 0x67bd}, //枽
{0x96a7, 0x67be}, //枾
{0x96a8, 0x67bf}, //枿
{0x96a9, 0x67c0}, //柀
{0x96aa, 0x67c2}, //柂
{0x96ab, 0x67c5}, //柅
{0x96ac, 0x67c6}, //柆
{0x96ad, 0x67c7}, //柇
{0x96ae, 0x67c8}, //柈
{0x96af, 0x67c9}, //柉
{0x96b0, 0x67ca}, //柊
{0x96b1, 0x67cb}, //柋
{0x96b2, 0x67cc}, //柌
{0x96b3, 0x67cd}, //柍
{0x96b4, 0x67ce}, //柎
{0x96b5, 0x67d5}, //柕
{0x96b6, 0x67d6}, //柖
{0x96b7, 0x67d7}, //柗
{0x96b8, 0x67db}, //柛
{0x96b9, 0x67df}, //柟
{0x96ba, 0x67e1}, //柡
{0x96bb, 0x67e3}, //柣
{0x96bc, 0x67e4}, //柤
{0x96bd, 0x67e6}, //柦
{0x96be, 0x67e7}, //柧
{0x96bf, 0x67e8}, //柨
{0x96c0, 0x67ea}, //柪
{0x96c1, 0x67eb}, //柫
{0x96c2, 0x67ed}, //柭
{0x96c3, 0x67ee}, //柮
{0x96c4, 0x67f2}, //柲
{0x96c5, 0x67f5}, //柵
{0x96c6, 0x67f6}, //柶
{0x96c7, 0x67f7}, //柷
{0x96c8, 0x67f8}, //柸
{0x96c9, 0x67f9}, //柹
{0x96ca, 0x67fa}, //柺
{0x96cb, 0x67fb}, //査
{0x96cc, 0x67fc}, //柼
{0x96cd, 0x67fe}, //柾
{0x96ce, 0x6801}, //栁
{0x96cf, 0x6802}, //栂
{0x96d0, 0x6803}, //栃
{0x96d1, 0x6804}, //栄
{0x96d2, 0x6806}, //栆
{0x96d3, 0x680d}, //栍
{0x96d4, 0x6810}, //栐
{0x96d5, 0x6812}, //栒
{0x96d6, 0x6814}, //栔
{0x96d7, 0x6815}, //栕
{0x96d8, 0x6818}, //栘
{0x96d9, 0x6819}, //栙
{0x96da, 0x681a}, //栚
{0x96db, 0x681b}, //栛
{0x96dc, 0x681c}, //栜
{0x96dd, 0x681e}, //栞
{0x96de, 0x681f}, //栟
{0x96df, 0x6820}, //栠
{0x96e0, 0x6822}, //栢
{0x96e1, 0x6823}, //栣
{0x96e2, 0x6824}, //栤
{0x96e3, 0x6825}, //栥
{0x96e4, 0x6826}, //栦
{0x96e5, 0x6827}, //栧
{0x96e6, 0x6828}, //栨
{0x96e7, 0x682b}, //栫
{0x96e8, 0x682c}, //栬
{0x96e9, 0x682d}, //栭
{0x96ea, 0x682e}, //栮
{0x96eb, 0x682f}, //栯
{0x96ec, 0x6830}, //栰
{0x96ed, 0x6831}, //栱
{0x96ee, 0x6834}, //栴
{0x96ef, 0x6835}, //栵
{0x96f0, 0x6836}, //栶
{0x96f1, 0x683a}, //栺
{0x96f2, 0x683b}, //栻
{0x96f3, 0x683f}, //栿
{0x96f4, 0x6847}, //桇
{0x96f5, 0x684b}, //桋
{0x96f6, 0x684d}, //桍
{0x96f7, 0x684f}, //桏
{0x96f8, 0x6852}, //桒
{0x96f9, 0x6856}, //桖
{0x96fa, 0x6857}, //桗
{0x96fb, 0x6858}, //桘
{0x96fc, 0x6859}, //桙
{0x96fd, 0x685a}, //桚
{0x96fe, 0x685b}, //桛
{0x9740, 0x685c}, //桜
{0x9741, 0x685d}, //桝
{0x9742, 0x685e}, //桞
{0x9743, 0x685f}, //桟
{0x9744, 0x686a}, //桪
{0x9745, 0x686c}, //桬
{0x9746, 0x686d}, //桭
{0x9747, 0x686e}, //桮
{0x9748, 0x686f}, //桯
{0x9749, 0x6870}, //桰
{0x974a, 0x6871}, //桱
{0x974b, 0x6872}, //桲
{0x974c, 0x6873}, //桳
{0x974d, 0x6875}, //桵
{0x974e, 0x6878}, //桸
{0x974f, 0x6879}, //桹
{0x9750, 0x687a}, //桺
{0x9751, 0x687b}, //桻
{0x9752, 0x687c}, //桼
{0x9753, 0x687d}, //桽
{0x9754, 0x687e}, //桾
{0x9755, 0x687f}, //桿
{0x9756, 0x6880}, //梀
{0x9757, 0x6882}, //梂
{0x9758, 0x6884}, //梄
{0x9759, 0x6887}, //梇
{0x975a, 0x6888}, //梈
{0x975b, 0x6889}, //梉
{0x975c, 0x688a}, //梊
{0x975d, 0x688b}, //梋
{0x975e, 0x688c}, //梌
{0x975f, 0x688d}, //梍
{0x9760, 0x688e}, //梎
{0x9761, 0x6890}, //梐
{0x9762, 0x6891}, //梑
{0x9763, 0x6892}, //梒
{0x9764, 0x6894}, //梔
{0x9765, 0x6895}, //梕
{0x9766, 0x6896}, //梖
{0x9767, 0x6898}, //梘
{0x9768, 0x6899}, //梙
{0x9769, 0x689a}, //梚
{0x976a, 0x689b}, //梛
{0x976b, 0x689c}, //梜
{0x976c, 0x689d}, //條
{0x976d, 0x689e}, //梞
{0x976e, 0x689f}, //梟
{0x976f, 0x68a0}, //梠
{0x9770, 0x68a1}, //梡
{0x9771, 0x68a3}, //梣
{0x9772, 0x68a4}, //梤
{0x9773, 0x68a5}, //梥
{0x9774, 0x68a9}, //梩
{0x9775, 0x68aa}, //梪
{0x9776, 0x68ab}, //梫
{0x9777, 0x68ac}, //梬
{0x9778, 0x68ae}, //梮
{0x9779, 0x68b1}, //梱
{0x977a, 0x68b2}, //梲
{0x977b, 0x68b4}, //梴
{0x977c, 0x68b6}, //梶
{0x977d, 0x68b7}, //梷
{0x977e, 0x68b8}, //梸
{0x9780, 0x68b9}, //梹
{0x9781, 0x68ba}, //梺
{0x9782, 0x68bb}, //梻
{0x9783, 0x68bc}, //梼
{0x9784, 0x68bd}, //梽
{0x9785, 0x68be}, //梾
{0x9786, 0x68bf}, //梿
{0x9787, 0x68c1}, //棁
{0x9788, 0x68c3}, //棃
{0x9789, 0x68c4}, //棄
{0x978a, 0x68c5}, //棅
{0x978b, 0x68c6}, //棆
{0x978c, 0x68c7}, //棇
{0x978d, 0x68c8}, //棈
{0x978e, 0x68ca}, //棊
{0x978f, 0x68cc}, //棌
{0x9790, 0x68ce}, //棎
{0x9791, 0x68cf}, //棏
{0x9792, 0x68d0}, //棐
{0x9793, 0x68d1}, //棑
{0x9794, 0x68d3}, //棓
{0x9795, 0x68d4}, //棔
{0x9796, 0x68d6}, //棖
{0x9797, 0x68d7}, //棗
{0x9798, 0x68d9}, //棙
{0x9799, 0x68db}, //棛
{0x979a, 0x68dc}, //棜
{0x979b, 0x68dd}, //棝
{0x979c, 0x68de}, //棞
{0x979d, 0x68df}, //棟
{0x979e, 0x68e1}, //棡
{0x979f, 0x68e2}, //棢
{0x97a0, 0x68e4}, //棤
{0x97a1, 0x68e5}, //棥
{0x97a2, 0x68e6}, //棦
{0x97a3, 0x68e7}, //棧
{0x97a4, 0x68e8}, //棨
{0x97a5, 0x68e9}, //棩
{0x97a6, 0x68ea}, //棪
{0x97a7, 0x68eb}, //棫
{0x97a8, 0x68ec}, //棬
{0x97a9, 0x68ed}, //棭
{0x97aa, 0x68ef}, //棯
{0x97ab, 0x68f2}, //棲
{0x97ac, 0x68f3}, //棳
{0x97ad, 0x68f4}, //棴
{0x97ae, 0x68f6}, //棶
{0x97af, 0x68f7}, //棷
{0x97b0, 0x68f8}, //棸
{0x97b1, 0x68fb}, //棻
{0x97b2, 0x68fd}, //棽
{0x97b3, 0x68fe}, //棾
{0x97b4, 0x68ff}, //棿
{0x97b5, 0x6900}, //椀
{0x97b6, 0x6902}, //椂
{0x97b7, 0x6903}, //椃
{0x97b8, 0x6904}, //椄
{0x97b9, 0x6906}, //椆
{0x97ba, 0x6907}, //椇
{0x97bb, 0x6908}, //椈
{0x97bc, 0x6909}, //椉
{0x97bd, 0x690a}, //椊
{0x97be, 0x690c}, //椌
{0x97bf, 0x690f}, //椏
{0x97c0, 0x6911}, //椑
{0x97c1, 0x6913}, //椓
{0x97c2, 0x6914}, //椔
{0x97c3, 0x6915}, //椕
{0x97c4, 0x6916}, //椖
{0x97c5, 0x6917}, //椗
{0x97c6, 0x6918}, //椘
{0x97c7, 0x6919}, //椙
{0x97c8, 0x691a}, //椚
{0x97c9, 0x691b}, //椛
{0x97ca, 0x691c}, //検
{0x97cb, 0x691d}, //椝
{0x97cc, 0x691e}, //椞
{0x97cd, 0x6921}, //椡
{0x97ce, 0x6922}, //椢
{0x97cf, 0x6923}, //椣
{0x97d0, 0x6925}, //椥
{0x97d1, 0x6926}, //椦
{0x97d2, 0x6927}, //椧
{0x97d3, 0x6928}, //椨
{0x97d4, 0x6929}, //椩
{0x97d5, 0x692a}, //椪
{0x97d6, 0x692b}, //椫
{0x97d7, 0x692c}, //椬
{0x97d8, 0x692e}, //椮
{0x97d9, 0x692f}, //椯
{0x97da, 0x6931}, //椱
{0x97db, 0x6932}, //椲
{0x97dc, 0x6933}, //椳
{0x97dd, 0x6935}, //椵
{0x97de, 0x6936}, //椶
{0x97df, 0x6937}, //椷
{0x97e0, 0x6938}, //椸
{0x97e1, 0x693a}, //椺
{0x97e2, 0x693b}, //椻
{0x97e3, 0x693c}, //椼
{0x97e4, 0x693e}, //椾
{0x97e5, 0x6940}, //楀
{0x97e6, 0x6941}, //楁
{0x97e7, 0x6943}, //楃
{0x97e8, 0x6944}, //楄
{0x97e9, 0x6945}, //楅
{0x97ea, 0x6946}, //楆
{0x97eb, 0x6947}, //楇
{0x97ec, 0x6948}, //楈
{0x97ed, 0x6949}, //楉
{0x97ee, 0x694a}, //楊
{0x97ef, 0x694b}, //楋
{0x97f0, 0x694c}, //楌
{0x97f1, 0x694d}, //楍
{0x97f2, 0x694e}, //楎
{0x97f3, 0x694f}, //楏
{0x97f4, 0x6950}, //楐
{0x97f5, 0x6951}, //楑
{0x97f6, 0x6952}, //楒
{0x97f7, 0x6953}, //楓
{0x97f8, 0x6955}, //楕
{0x97f9, 0x6956}, //楖
{0x97fa, 0x6958}, //楘
{0x97fb, 0x6959}, //楙
{0x97fc, 0x695b}, //楛
{0x97fd, 0x695c}, //楜
{0x97fe, 0x695f}, //楟
{0x9840, 0x6961}, //楡
{0x9841, 0x6962}, //楢
{0x9842, 0x6964}, //楤
{0x9843, 0x6965}, //楥
{0x9844, 0x6967}, //楧
{0x9845, 0x6968}, //楨
{0x9846, 0x6969}, //楩
{0x9847, 0x696a}, //楪
{0x9848, 0x696c}, //楬
{0x9849, 0x696d}, //業
{0x984a, 0x696f}, //楯
{0x984b, 0x6970}, //楰
{0x984c, 0x6972}, //楲
{0x984d, 0x6973}, //楳
{0x984e, 0x6974}, //楴
{0x984f, 0x6975}, //極
{0x9850, 0x6976}, //楶
{0x9851, 0x697a}, //楺
{0x9852, 0x697b}, //楻
{0x9853, 0x697d}, //楽
{0x9854, 0x697e}, //楾
{0x9855, 0x697f}, //楿
{0x9856, 0x6981}, //榁
{0x9857, 0x6983}, //榃
{0x9858, 0x6985}, //榅
{0x9859, 0x698a}, //榊
{0x985a, 0x698b}, //榋
{0x985b, 0x698c}, //榌
{0x985c, 0x698e}, //榎
{0x985d, 0x698f}, //榏
{0x985e, 0x6990}, //榐
{0x985f, 0x6991}, //榑
{0x9860, 0x6992}, //榒
{0x9861, 0x6993}, //榓
{0x9862, 0x6996}, //榖
{0x9863, 0x6997}, //榗
{0x9864, 0x6999}, //榙
{0x9865, 0x699a}, //榚
{0x9866, 0x699d}, //榝
{0x9867, 0x699e}, //榞
{0x9868, 0x699f}, //榟
{0x9869, 0x69a0}, //榠
{0x986a, 0x69a1}, //榡
{0x986b, 0x69a2}, //榢
{0x986c, 0x69a3}, //榣
{0x986d, 0x69a4}, //榤
{0x986e, 0x69a5}, //榥
{0x986f, 0x69a6}, //榦
{0x9870, 0x69a9}, //榩
{0x9871, 0x69aa}, //榪
{0x9872, 0x69ac}, //榬
{0x9873, 0x69ae}, //榮
{0x9874, 0x69af}, //榯
{0x9875, 0x69b0}, //榰
{0x9876, 0x69b2}, //榲
{0x9877, 0x69b3}, //榳
{0x9878, 0x69b5}, //榵
{0x9879, 0x69b6}, //榶
{0x987a, 0x69b8}, //榸
{0x987b, 0x69b9}, //榹
{0x987c, 0x69ba}, //榺
{0x987d, 0x69bc}, //榼
{0x987e, 0x69bd}, //榽
{0x9880, 0x69be}, //榾
{0x9881, 0x69bf}, //榿
{0x9882, 0x69c0}, //槀
{0x9883, 0x69c2}, //槂
{0x9884, 0x69c3}, //槃
{0x9885, 0x69c4}, //槄
{0x9886, 0x69c5}, //槅
{0x9887, 0x69c6}, //槆
{0x9888, 0x69c7}, //槇
{0x9889, 0x69c8}, //槈
{0x988a, 0x69c9}, //槉
{0x988b, 0x69cb}, //構
{0x988c, 0x69cd}, //槍
{0x988d, 0x69cf}, //槏
{0x988e, 0x69d1}, //槑
{0x988f, 0x69d2}, //槒
{0x9890, 0x69d3}, //槓
{0x9891, 0x69d5}, //槕
{0x9892, 0x69d6}, //槖
{0x9893, 0x69d7}, //槗
{0x9894, 0x69d8}, //様
{0x9895, 0x69d9}, //槙
{0x9896, 0x69da}, //槚
{0x9897, 0x69dc}, //槜
{0x9898, 0x69dd}, //槝
{0x9899, 0x69de}, //槞
{0x989a, 0x69e1}, //槡
{0x989b, 0x69e2}, //槢
{0x989c, 0x69e3}, //槣
{0x989d, 0x69e4}, //槤
{0x989e, 0x69e5}, //槥
{0x989f, 0x69e6}, //槦
{0x98a0, 0x69e7}, //槧
{0x98a1, 0x69e8}, //槨
{0x98a2, 0x69e9}, //槩
{0x98a3, 0x69ea}, //槪
{0x98a4, 0x69eb}, //槫
{0x98a5, 0x69ec}, //槬
{0x98a6, 0x69ee}, //槮
{0x98a7, 0x69ef}, //槯
{0x98a8, 0x69f0}, //槰
{0x98a9, 0x69f1}, //槱
{0x98aa, 0x69f3}, //槳
{0x98ab, 0x69f4}, //槴
{0x98ac, 0x69f5}, //槵
{0x98ad, 0x69f6}, //槶
{0x98ae, 0x69f7}, //槷
{0x98af, 0x69f8}, //槸
{0x98b0, 0x69f9}, //槹
{0x98b1, 0x69fa}, //槺
{0x98b2, 0x69fb}, //槻
{0x98b3, 0x69fc}, //槼
{0x98b4, 0x69fe}, //槾
{0x98b5, 0x6a00}, //樀
{0x98b6, 0x6a01}, //樁
{0x98b7, 0x6a02}, //樂
{0x98b8, 0x6a03}, //樃
{0x98b9, 0x6a04}, //樄
{0x98ba, 0x6a05}, //樅
{0x98bb, 0x6a06}, //樆
{0x98bc, 0x6a07}, //樇
{0x98bd, 0x6a08}, //樈
{0x98be, 0x6a09}, //樉
{0x98bf, 0x6a0b}, //樋
{0x98c0, 0x6a0c}, //樌
{0x98c1, 0x6a0d}, //樍
{0x98c2, 0x6a0e}, //樎
{0x98c3, 0x6a0f}, //樏
{0x98c4, 0x6a10}, //樐
{0x98c5, 0x6a11}, //樑
{0x98c6, 0x6a12}, //樒
{0x98c7, 0x6a13}, //樓
{0x98c8, 0x6a14}, //樔
{0x98c9, 0x6a15}, //樕
{0x98ca, 0x6a16}, //樖
{0x98cb, 0x6a19}, //標
{0x98cc, 0x6a1a}, //樚
{0x98cd, 0x6a1b}, //樛
{0x98ce, 0x6a1c}, //樜
{0x98cf, 0x6a1d}, //樝
{0x98d0, 0x6a1e}, //樞
{0x98d1, 0x6a20}, //樠
{0x98d2, 0x6a22}, //樢
{0x98d3, 0x6a23}, //樣
{0x98d4, 0x6a24}, //樤
{0x98d5, 0x6a25}, //樥
{0x98d6, 0x6a26}, //樦
{0x98d7, 0x6a27}, //樧
{0x98d8, 0x6a29}, //権
{0x98d9, 0x6a2b}, //樫
{0x98da, 0x6a2c}, //樬
{0x98db, 0x6a2d}, //樭
{0x98dc, 0x6a2e}, //樮
{0x98dd, 0x6a30}, //樰
{0x98de, 0x6a32}, //樲
{0x98df, 0x6a33}, //樳
{0x98e0, 0x6a34}, //樴
{0x98e1, 0x6a36}, //樶
{0x98e2, 0x6a37}, //樷
{0x98e3, 0x6a38}, //樸
{0x98e4, 0x6a39}, //樹
{0x98e5, 0x6a3a}, //樺
{0x98e6, 0x6a3b}, //樻
{0x98e7, 0x6a3c}, //樼
{0x98e8, 0x6a3f}, //樿
{0x98e9, 0x6a40}, //橀
{0x98ea, 0x6a41}, //橁
{0x98eb, 0x6a42}, //橂
{0x98ec, 0x6a43}, //橃
{0x98ed, 0x6a45}, //橅
{0x98ee, 0x6a46}, //橆
{0x98ef, 0x6a48}, //橈
{0x98f0, 0x6a49}, //橉
{0x98f1, 0x6a4a}, //橊
{0x98f2, 0x6a4b}, //橋
{0x98f3, 0x6a4c}, //橌
{0x98f4, 0x6a4d}, //橍
{0x98f5, 0x6a4e}, //橎
{0x98f6, 0x6a4f}, //橏
{0x98f7, 0x6a51}, //橑
{0x98f8, 0x6a52}, //橒
{0x98f9, 0x6a53}, //橓
{0x98fa, 0x6a54}, //橔
{0x98fb, 0x6a55}, //橕
{0x98fc, 0x6a56}, //橖
{0x98fd, 0x6a57}, //橗
{0x98fe, 0x6a5a}, //橚
{0x9940, 0x6a5c}, //橜
{0x9941, 0x6a5d}, //橝
{0x9942, 0x6a5e}, //橞
{0x9943, 0x6a5f}, //機
{0x9944, 0x6a60}, //橠
{0x9945, 0x6a62}, //橢
{0x9946, 0x6a63}, //橣
{0x9947, 0x6a64}, //橤
{0x9948, 0x6a66}, //橦
{0x9949, 0x6a67}, //橧
{0x994a, 0x6a68}, //橨
{0x994b, 0x6a69}, //橩
{0x994c, 0x6a6a}, //橪
{0x994d, 0x6a6b}, //橫
{0x994e, 0x6a6c}, //橬
{0x994f, 0x6a6d}, //橭
{0x9950, 0x6a6e}, //橮
{0x9951, 0x6a6f}, //橯
{0x9952, 0x6a70}, //橰
{0x9953, 0x6a72}, //橲
{0x9954, 0x6a73}, //橳
{0x9955, 0x6a74}, //橴
{0x9956, 0x6a75}, //橵
{0x9957, 0x6a76}, //橶
{0x9958, 0x6a77}, //橷
{0x9959, 0x6a78}, //橸
{0x995a, 0x6a7a}, //橺
{0x995b, 0x6a7b}, //橻
{0x995c, 0x6a7d}, //橽
{0x995d, 0x6a7e}, //橾
{0x995e, 0x6a7f}, //橿
{0x995f, 0x6a81}, //檁
{0x9960, 0x6a82}, //檂
{0x9961, 0x6a83}, //檃
{0x9962, 0x6a85}, //檅
{0x9963, 0x6a86}, //檆
{0x9964, 0x6a87}, //檇
{0x9965, 0x6a88}, //檈
{0x9966, 0x6a89}, //檉
{0x9967, 0x6a8a}, //檊
{0x9968, 0x6a8b}, //檋
{0x9969, 0x6a8c}, //檌
{0x996a, 0x6a8d}, //檍
{0x996b, 0x6a8f}, //檏
{0x996c, 0x6a92}, //檒
{0x996d, 0x6a93}, //檓
{0x996e, 0x6a94}, //檔
{0x996f, 0x6a95}, //檕
{0x9970, 0x6a96}, //檖
{0x9971, 0x6a98}, //檘
{0x9972, 0x6a99}, //檙
{0x9973, 0x6a9a}, //檚
{0x9974, 0x6a9b}, //檛
{0x9975, 0x6a9c}, //檜
{0x9976, 0x6a9d}, //檝
{0x9977, 0x6a9e}, //檞
{0x9978, 0x6a9f}, //檟
{0x9979, 0x6aa1}, //檡
{0x997a, 0x6aa2}, //檢
{0x997b, 0x6aa3}, //檣
{0x997c, 0x6aa4}, //檤
{0x997d, 0x6aa5}, //檥
{0x997e, 0x6aa6}, //檦
{0x9980, 0x6aa7}, //檧
{0x9981, 0x6aa8}, //檨
{0x9982, 0x6aaa}, //檪
{0x9983, 0x6aad}, //檭
{0x9984, 0x6aae}, //檮
{0x9985, 0x6aaf}, //檯
{0x9986, 0x6ab0}, //檰
{0x9987, 0x6ab1}, //檱
{0x9988, 0x6ab2}, //檲
{0x9989, 0x6ab3}, //檳
{0x998a, 0x6ab4}, //檴
{0x998b, 0x6ab5}, //檵
{0x998c, 0x6ab6}, //檶
{0x998d, 0x6ab7}, //檷
{0x998e, 0x6ab8}, //檸
{0x998f, 0x6ab9}, //檹
{0x9990, 0x6aba}, //檺
{0x9991, 0x6abb}, //檻
{0x9992, 0x6abc}, //檼
{0x9993, 0x6abd}, //檽
{0x9994, 0x6abe}, //檾
{0x9995, 0x6abf}, //檿
{0x9996, 0x6ac0}, //櫀
{0x9997, 0x6ac1}, //櫁
{0x9998, 0x6ac2}, //櫂
{0x9999, 0x6ac3}, //櫃
{0x999a, 0x6ac4}, //櫄
{0x999b, 0x6ac5}, //櫅
{0x999c, 0x6ac6}, //櫆
{0x999d, 0x6ac7}, //櫇
{0x999e, 0x6ac8}, //櫈
{0x999f, 0x6ac9}, //櫉
{0x99a0, 0x6aca}, //櫊
{0x99a1, 0x6acb}, //櫋
{0x99a2, 0x6acc}, //櫌
{0x99a3, 0x6acd}, //櫍
{0x99a4, 0x6ace}, //櫎
{0x99a5, 0x6acf}, //櫏
{0x99a6, 0x6ad0}, //櫐
{0x99a7, 0x6ad1}, //櫑
{0x99a8, 0x6ad2}, //櫒
{0x99a9, 0x6ad3}, //櫓
{0x99aa, 0x6ad4}, //櫔
{0x99ab, 0x6ad5}, //櫕
{0x99ac, 0x6ad6}, //櫖
{0x99ad, 0x6ad7}, //櫗
{0x99ae, 0x6ad8}, //櫘
{0x99af, 0x6ad9}, //櫙
{0x99b0, 0x6ada}, //櫚
{0x99b1, 0x6adb}, //櫛
{0x99b2, 0x6adc}, //櫜
{0x99b3, 0x6add}, //櫝
{0x99b4, 0x6ade}, //櫞
{0x99b5, 0x6adf}, //櫟
{0x99b6, 0x6ae0}, //櫠
{0x99b7, 0x6ae1}, //櫡
{0x99b8, 0x6ae2}, //櫢
{0x99b9, 0x6ae3}, //櫣
{0x99ba, 0x6ae4}, //櫤
{0x99bb, 0x6ae5}, //櫥
{0x99bc, 0x6ae6}, //櫦
{0x99bd, 0x6ae7}, //櫧
{0x99be, 0x6ae8}, //櫨
{0x99bf, 0x6ae9}, //櫩
{0x99c0, 0x6aea}, //櫪
{0x99c1, 0x6aeb}, //櫫
{0x99c2, 0x6aec}, //櫬
{0x99c3, 0x6aed}, //櫭
{0x99c4, 0x6aee}, //櫮
{0x99c5, 0x6aef}, //櫯
{0x99c6, 0x6af0}, //櫰
{0x99c7, 0x6af1}, //櫱
{0x99c8, 0x6af2}, //櫲
{0x99c9, 0x6af3}, //櫳
{0x99ca, 0x6af4}, //櫴
{0x99cb, 0x6af5}, //櫵
{0x99cc, 0x6af6}, //櫶
{0x99cd, 0x6af7}, //櫷
{0x99ce, 0x6af8}, //櫸
{0x99cf, 0x6af9}, //櫹
{0x99d0, 0x6afa}, //櫺
{0x99d1, 0x6afb}, //櫻
{0x99d2, 0x6afc}, //櫼
{0x99d3, 0x6afd}, //櫽
{0x99d4, 0x6afe}, //櫾
{0x99d5, 0x6aff}, //櫿
{0x99d6, 0x6b00}, //欀
{0x99d7, 0x6b01}, //欁
{0x99d8, 0x6b02}, //欂
{0x99d9, 0x6b03}, //欃
{0x99da, 0x6b04}, //欄
{0x99db, 0x6b05}, //欅
{0x99dc, 0x6b06}, //欆
{0x99dd, 0x6b07}, //欇
{0x99de, 0x6b08}, //欈
{0x99df, 0x6b09}, //欉
{0x99e0, 0x6b0a}, //權
{0x99e1, 0x6b0b}, //欋
{0x99e2, 0x6b0c}, //欌
{0x99e3, 0x6b0d}, //欍
{0x99e4, 0x6b0e}, //欎
{0x99e5, 0x6b0f}, //欏
{0x99e6, 0x6b10}, //欐
{0x99e7, 0x6b11}, //欑
{0x99e8, 0x6b12}, //欒
{0x99e9, 0x6b13}, //欓
{0x99ea, 0x6b14}, //欔
{0x99eb, 0x6b15}, //欕
{0x99ec, 0x6b16}, //欖
{0x99ed, 0x6b17}, //欗
{0x99ee, 0x6b18}, //欘
{0x99ef, 0x6b19}, //欙
{0x99f0, 0x6b1a}, //欚
{0x99f1, 0x6b1b}, //欛
{0x99f2, 0x6b1c}, //欜
{0x99f3, 0x6b1d}, //欝
{0x99f4, 0x6b1e}, //欞
{0x99f5, 0x6b1f}, //欟
{0x99f6, 0x6b25}, //欥
{0x99f7, 0x6b26}, //欦
{0x99f8, 0x6b28}, //欨
{0x99f9, 0x6b29}, //欩
{0x99fa, 0x6b2a}, //欪
{0x99fb, 0x6b2b}, //欫
{0x99fc, 0x6b2c}, //欬
{0x99fd, 0x6b2d}, //欭
{0x99fe, 0x6b2e}, //欮
{0x9a40, 0x6b2f}, //欯
{0x9a41, 0x6b30}, //欰
{0x9a42, 0x6b31}, //欱
{0x9a43, 0x6b33}, //欳
{0x9a44, 0x6b34}, //欴
{0x9a45, 0x6b35}, //欵
{0x9a46, 0x6b36}, //欶
{0x9a47, 0x6b38}, //欸
{0x9a48, 0x6b3b}, //欻
{0x9a49, 0x6b3c}, //欼
{0x9a4a, 0x6b3d}, //欽
{0x9a4b, 0x6b3f}, //欿
{0x9a4c, 0x6b40}, //歀
{0x9a4d, 0x6b41}, //歁
{0x9a4e, 0x6b42}, //歂
{0x9a4f, 0x6b44}, //歄
{0x9a50, 0x6b45}, //歅
{0x9a51, 0x6b48}, //歈
{0x9a52, 0x6b4a}, //歊
{0x9a53, 0x6b4b}, //歋
{0x9a54, 0x6b4d}, //歍
{0x9a55, 0x6b4e}, //歎
{0x9a56, 0x6b4f}, //歏
{0x9a57, 0x6b50}, //歐
{0x9a58, 0x6b51}, //歑
{0x9a59, 0x6b52}, //歒
{0x9a5a, 0x6b53}, //歓
{0x9a5b, 0x6b54}, //歔
{0x9a5c, 0x6b55}, //歕
{0x9a5d, 0x6b56}, //歖
{0x9a5e, 0x6b57}, //歗
{0x9a5f, 0x6b58}, //歘
{0x9a60, 0x6b5a}, //歚
{0x9a61, 0x6b5b}, //歛
{0x9a62, 0x6b5c}, //歜
{0x9a63, 0x6b5d}, //歝
{0x9a64, 0x6b5e}, //歞
{0x9a65, 0x6b5f}, //歟
{0x9a66, 0x6b60}, //歠
{0x9a67, 0x6b61}, //歡
{0x9a68, 0x6b68}, //歨
{0x9a69, 0x6b69}, //歩
{0x9a6a, 0x6b6b}, //歫
{0x9a6b, 0x6b6c}, //歬
{0x9a6c, 0x6b6d}, //歭
{0x9a6d, 0x6b6e}, //歮
{0x9a6e, 0x6b6f}, //歯
{0x9a6f, 0x6b70}, //歰
{0x9a70, 0x6b71}, //歱
{0x9a71, 0x6b72}, //歲
{0x9a72, 0x6b73}, //歳
{0x9a73, 0x6b74}, //歴
{0x9a74, 0x6b75}, //歵
{0x9a75, 0x6b76}, //歶
{0x9a76, 0x6b77}, //歷
{0x9a77, 0x6b78}, //歸
{0x9a78, 0x6b7a}, //歺
{0x9a79, 0x6b7d}, //歽
{0x9a7a, 0x6b7e}, //歾
{0x9a7b, 0x6b7f}, //歿
{0x9a7c, 0x6b80}, //殀
{0x9a7d, 0x6b85}, //殅
{0x9a7e, 0x6b88}, //殈
{0x9a80, 0x6b8c}, //殌
{0x9a81, 0x6b8e}, //殎
{0x9a82, 0x6b8f}, //殏
{0x9a83, 0x6b90}, //殐
{0x9a84, 0x6b91}, //殑
{0x9a85, 0x6b94}, //殔
{0x9a86, 0x6b95}, //殕
{0x9a87, 0x6b97}, //殗
{0x9a88, 0x6b98}, //殘
{0x9a89, 0x6b99}, //殙
{0x9a8a, 0x6b9c}, //殜
{0x9a8b, 0x6b9d}, //殝
{0x9a8c, 0x6b9e}, //殞
{0x9a8d, 0x6b9f}, //殟
{0x9a8e, 0x6ba0}, //殠
{0x9a8f, 0x6ba2}, //殢
{0x9a90, 0x6ba3}, //殣
{0x9a91, 0x6ba4}, //殤
{0x9a92, 0x6ba5}, //殥
{0x9a93, 0x6ba6}, //殦
{0x9a94, 0x6ba7}, //殧
{0x9a95, 0x6ba8}, //殨
{0x9a96, 0x6ba9}, //殩
{0x9a97, 0x6bab}, //殫
{0x9a98, 0x6bac}, //殬
{0x9a99, 0x6bad}, //殭
{0x9a9a, 0x6bae}, //殮
{0x9a9b, 0x6baf}, //殯
{0x9a9c, 0x6bb0}, //殰
{0x9a9d, 0x6bb1}, //殱
{0x9a9e, 0x6bb2}, //殲
{0x9a9f, 0x6bb6}, //殶
{0x9aa0, 0x6bb8}, //殸
{0x9aa1, 0x6bb9}, //殹
{0x9aa2, 0x6bba}, //殺
{0x9aa3, 0x6bbb}, //殻
{0x9aa4, 0x6bbc}, //殼
{0x9aa5, 0x6bbd}, //殽
{0x9aa6, 0x6bbe}, //殾
{0x9aa7, 0x6bc0}, //毀
{0x9aa8, 0x6bc3}, //毃
{0x9aa9, 0x6bc4}, //毄
{0x9aaa, 0x6bc6}, //毆
{0x9aab, 0x6bc7}, //毇
{0x9aac, 0x6bc8}, //毈
{0x9aad, 0x6bc9}, //毉
{0x9aae, 0x6bca}, //毊
{0x9aaf, 0x6bcc}, //毌
{0x9ab0, 0x6bce}, //毎
{0x9ab1, 0x6bd0}, //毐
{0x9ab2, 0x6bd1}, //毑
{0x9ab3, 0x6bd8}, //毘
{0x9ab4, 0x6bda}, //毚
{0x9ab5, 0x6bdc}, //毜
{0x9ab6, 0x6bdd}, //毝
{0x9ab7, 0x6bde}, //毞
{0x9ab8, 0x6bdf}, //毟
{0x9ab9, 0x6be0}, //毠
{0x9aba, 0x6be2}, //毢
{0x9abb, 0x6be3}, //毣
{0x9abc, 0x6be4}, //毤
{0x9abd, 0x6be5}, //毥
{0x9abe, 0x6be6}, //毦
{0x9abf, 0x6be7}, //毧
{0x9ac0, 0x6be8}, //毨
{0x9ac1, 0x6be9}, //毩
{0x9ac2, 0x6bec}, //毬
{0x9ac3, 0x6bed}, //毭
{0x9ac4, 0x6bee}, //毮
{0x9ac5, 0x6bf0}, //毰
{0x9ac6, 0x6bf1}, //毱
{0x9ac7, 0x6bf2}, //毲
{0x9ac8, 0x6bf4}, //毴
{0x9ac9, 0x6bf6}, //毶
{0x9aca, 0x6bf7}, //毷
{0x9acb, 0x6bf8}, //毸
{0x9acc, 0x6bfa}, //毺
{0x9acd, 0x6bfb}, //毻
{0x9ace, 0x6bfc}, //毼
{0x9acf, 0x6bfe}, //毾
{0x9ad0, 0x6bff}, //毿
{0x9ad1, 0x6c00}, //氀
{0x9ad2, 0x6c01}, //氁
{0x9ad3, 0x6c02}, //氂
{0x9ad4, 0x6c03}, //氃
{0x9ad5, 0x6c04}, //氄
{0x9ad6, 0x6c08}, //氈
{0x9ad7, 0x6c09}, //氉
{0x9ad8, 0x6c0a}, //氊
{0x9ad9, 0x6c0b}, //氋
{0x9ada, 0x6c0c}, //氌
{0x9adb, 0x6c0e}, //氎
{0x9adc, 0x6c12}, //氒
{0x9add, 0x6c17}, //気
{0x9ade, 0x6c1c}, //氜
{0x9adf, 0x6c1d}, //氝
{0x9ae0, 0x6c1e}, //氞
{0x9ae1, 0x6c20}, //氠
{0x9ae2, 0x6c23}, //氣
{0x9ae3, 0x6c25}, //氥
{0x9ae4, 0x6c2b}, //氫
{0x9ae5, 0x6c2c}, //氬
{0x9ae6, 0x6c2d}, //氭
{0x9ae7, 0x6c31}, //氱
{0x9ae8, 0x6c33}, //氳
{0x9ae9, 0x6c36}, //氶
{0x9aea, 0x6c37}, //氷
{0x9aeb, 0x6c39}, //氹
{0x9aec, 0x6c3a}, //氺
{0x9aed, 0x6c3b}, //氻
{0x9aee, 0x6c3c}, //氼
{0x9aef, 0x6c3e}, //氾
{0x9af0, 0x6c3f}, //氿
{0x9af1, 0x6c43}, //汃
{0x9af2, 0x6c44}, //汄
{0x9af3, 0x6c45}, //汅
{0x9af4, 0x6c48}, //汈
{0x9af5, 0x6c4b}, //汋
{0x9af6, 0x6c4c}, //汌
{0x9af7, 0x6c4d}, //汍
{0x9af8, 0x6c4e}, //汎
{0x9af9, 0x6c4f}, //汏
{0x9afa, 0x6c51}, //汑
{0x9afb, 0x6c52}, //汒
{0x9afc, 0x6c53}, //汓
{0x9afd, 0x6c56}, //汖
{0x9afe, 0x6c58}, //汘
{0x9b40, 0x6c59}, //汙
{0x9b41, 0x6c5a}, //汚
{0x9b42, 0x6c62}, //汢
{0x9b43, 0x6c63}, //汣
{0x9b44, 0x6c65}, //汥
{0x9b45, 0x6c66}, //汦
{0x9b46, 0x6c67}, //汧
{0x9b47, 0x6c6b}, //汫
{0x9b48, 0x6c6c}, //汬
{0x9b49, 0x6c6d}, //汭
{0x9b4a, 0x6c6e}, //汮
{0x9b4b, 0x6c6f}, //汯
{0x9b4c, 0x6c71}, //汱
{0x9b4d, 0x6c73}, //汳
{0x9b4e, 0x6c75}, //汵
{0x9b4f, 0x6c77}, //汷
{0x9b50, 0x6c78}, //汸
{0x9b51, 0x6c7a}, //決
{0x9b52, 0x6c7b}, //汻
{0x9b53, 0x6c7c}, //汼
{0x9b54, 0x6c7f}, //汿
{0x9b55, 0x6c80}, //沀
{0x9b56, 0x6c84}, //沄
{0x9b57, 0x6c87}, //沇
{0x9b58, 0x6c8a}, //沊
{0x9b59, 0x6c8b}, //沋
{0x9b5a, 0x6c8d}, //沍
{0x9b5b, 0x6c8e}, //沎
{0x9b5c, 0x6c91}, //沑
{0x9b5d, 0x6c92}, //沒
{0x9b5e, 0x6c95}, //沕
{0x9b5f, 0x6c96}, //沖
{0x9b60, 0x6c97}, //沗
{0x9b61, 0x6c98}, //沘
{0x9b62, 0x6c9a}, //沚
{0x9b63, 0x6c9c}, //沜
{0x9b64, 0x6c9d}, //沝
{0x9b65, 0x6c9e}, //沞
{0x9b66, 0x6ca0}, //沠
{0x9b67, 0x6ca2}, //沢
{0x9b68, 0x6ca8}, //沨
{0x9b69, 0x6cac}, //沬
{0x9b6a, 0x6caf}, //沯
{0x9b6b, 0x6cb0}, //沰
{0x9b6c, 0x6cb4}, //沴
{0x9b6d, 0x6cb5}, //沵
{0x9b6e, 0x6cb6}, //沶
{0x9b6f, 0x6cb7}, //沷
{0x9b70, 0x6cba}, //沺
{0x9b71, 0x6cc0}, //泀
{0x9b72, 0x6cc1}, //況
{0x9b73, 0x6cc2}, //泂
{0x9b74, 0x6cc3}, //泃
{0x9b75, 0x6cc6}, //泆
{0x9b76, 0x6cc7}, //泇
{0x9b77, 0x6cc8}, //泈
{0x9b78, 0x6ccb}, //泋
{0x9b79, 0x6ccd}, //泍
{0x9b7a, 0x6cce}, //泎
{0x9b7b, 0x6ccf}, //泏
{0x9b7c, 0x6cd1}, //泑
{0x9b7d, 0x6cd2}, //泒
{0x9b7e, 0x6cd8}, //泘
{0x9b80, 0x6cd9}, //泙
{0x9b81, 0x6cda}, //泚
{0x9b82, 0x6cdc}, //泜
{0x9b83, 0x6cdd}, //泝
{0x9b84, 0x6cdf}, //泟
{0x9b85, 0x6ce4}, //泤
{0x9b86, 0x6ce6}, //泦
{0x9b87, 0x6ce7}, //泧
{0x9b88, 0x6ce9}, //泩
{0x9b89, 0x6cec}, //泬
{0x9b8a, 0x6ced}, //泭
{0x9b8b, 0x6cf2}, //泲
{0x9b8c, 0x6cf4}, //泴
{0x9b8d, 0x6cf9}, //泹
{0x9b8e, 0x6cff}, //泿
{0x9b8f, 0x6d00}, //洀
{0x9b90, 0x6d02}, //洂
{0x9b91, 0x6d03}, //洃
{0x9b92, 0x6d05}, //洅
{0x9b93, 0x6d06}, //洆
{0x9b94, 0x6d08}, //洈
{0x9b95, 0x6d09}, //洉
{0x9b96, 0x6d0a}, //洊
{0x9b97, 0x6d0d}, //洍
{0x9b98, 0x6d0f}, //洏
{0x9b99, 0x6d10}, //洐
{0x9b9a, 0x6d11}, //洑
{0x9b9b, 0x6d13}, //洓
{0x9b9c, 0x6d14}, //洔
{0x9b9d, 0x6d15}, //洕
{0x9b9e, 0x6d16}, //洖
{0x9b9f, 0x6d18}, //洘
{0x9ba0, 0x6d1c}, //洜
{0x9ba1, 0x6d1d}, //洝
{0x9ba2, 0x6d1f}, //洟
{0x9ba3, 0x6d20}, //洠
{0x9ba4, 0x6d21}, //洡
{0x9ba5, 0x6d22}, //洢
{0x9ba6, 0x6d23}, //洣
{0x9ba7, 0x6d24}, //洤
{0x9ba8, 0x6d26}, //洦
{0x9ba9, 0x6d28}, //洨
{0x9baa, 0x6d29}, //洩
{0x9bab, 0x6d2c}, //洬
{0x9bac, 0x6d2d}, //洭
{0x9bad, 0x6d2f}, //洯
{0x9bae, 0x6d30}, //洰
{0x9baf, 0x6d34}, //洴
{0x9bb0, 0x6d36}, //洶
{0x9bb1, 0x6d37}, //洷
{0x9bb2, 0x6d38}, //洸
{0x9bb3, 0x6d3a}, //洺
{0x9bb4, 0x6d3f}, //洿
{0x9bb5, 0x6d40}, //浀
{0x9bb6, 0x6d42}, //浂
{0x9bb7, 0x6d44}, //浄
{0x9bb8, 0x6d49}, //浉
{0x9bb9, 0x6d4c}, //浌
{0x9bba, 0x6d50}, //浐
{0x9bbb, 0x6d55}, //浕
{0x9bbc, 0x6d56}, //浖
{0x9bbd, 0x6d57}, //浗
{0x9bbe, 0x6d58}, //浘
{0x9bbf, 0x6d5b}, //浛
{0x9bc0, 0x6d5d}, //浝
{0x9bc1, 0x6d5f}, //浟
{0x9bc2, 0x6d61}, //浡
{0x9bc3, 0x6d62}, //浢
{0x9bc4, 0x6d64}, //浤
{0x9bc5, 0x6d65}, //浥
{0x9bc6, 0x6d67}, //浧
{0x9bc7, 0x6d68}, //浨
{0x9bc8, 0x6d6b}, //浫
{0x9bc9, 0x6d6c}, //浬
{0x9bca, 0x6d6d}, //浭
{0x9bcb, 0x6d70}, //浰
{0x9bcc, 0x6d71}, //浱
{0x9bcd, 0x6d72}, //浲
{0x9bce, 0x6d73}, //浳
{0x9bcf, 0x6d75}, //浵
{0x9bd0, 0x6d76}, //浶
{0x9bd1, 0x6d79}, //浹
{0x9bd2, 0x6d7a}, //浺
{0x9bd3, 0x6d7b}, //浻
{0x9bd4, 0x6d7d}, //浽
{0x9bd5, 0x6d7e}, //浾
{0x9bd6, 0x6d7f}, //浿
{0x9bd7, 0x6d80}, //涀
{0x9bd8, 0x6d81}, //涁
{0x9bd9, 0x6d83}, //涃
{0x9bda, 0x6d84}, //涄
{0x9bdb, 0x6d86}, //涆
{0x9bdc, 0x6d87}, //涇
{0x9bdd, 0x6d8a}, //涊
{0x9bde, 0x6d8b}, //涋
{0x9bdf, 0x6d8d}, //涍
{0x9be0, 0x6d8f}, //涏
{0x9be1, 0x6d90}, //涐
{0x9be2, 0x6d92}, //涒
{0x9be3, 0x6d96}, //涖
{0x9be4, 0x6d97}, //涗
{0x9be5, 0x6d98}, //涘
{0x9be6, 0x6d99}, //涙
{0x9be7, 0x6d9a}, //涚
{0x9be8, 0x6d9c}, //涜
{0x9be9, 0x6da2}, //涢
{0x9bea, 0x6da5}, //涥
{0x9beb, 0x6dac}, //涬
{0x9bec, 0x6dad}, //涭
{0x9bed, 0x6db0}, //涰
{0x9bee, 0x6db1}, //涱
{0x9bef, 0x6db3}, //涳
{0x9bf0, 0x6db4}, //涴
{0x9bf1, 0x6db6}, //涶
{0x9bf2, 0x6db7}, //涷
{0x9bf3, 0x6db9}, //涹
{0x9bf4, 0x6dba}, //涺
{0x9bf5, 0x6dbb}, //涻
{0x9bf6, 0x6dbc}, //涼
{0x9bf7, 0x6dbd}, //涽
{0x9bf8, 0x6dbe}, //涾
{0x9bf9, 0x6dc1}, //淁
{0x9bfa, 0x6dc2}, //淂
{0x9bfb, 0x6dc3}, //淃
{0x9bfc, 0x6dc8}, //淈
{0x9bfd, 0x6dc9}, //淉
{0x9bfe, 0x6dca}, //淊
{0x9c40, 0x6dcd}, //淍
{0x9c41, 0x6dce}, //淎
{0x9c42, 0x6dcf}, //淏
{0x9c43, 0x6dd0}, //淐
{0x9c44, 0x6dd2}, //淒
{0x9c45, 0x6dd3}, //淓
{0x9c46, 0x6dd4}, //淔
{0x9c47, 0x6dd5}, //淕
{0x9c48, 0x6dd7}, //淗
{0x9c49, 0x6dda}, //淚
{0x9c4a, 0x6ddb}, //淛
{0x9c4b, 0x6ddc}, //淜
{0x9c4c, 0x6ddf}, //淟
{0x9c4d, 0x6de2}, //淢
{0x9c4e, 0x6de3}, //淣
{0x9c4f, 0x6de5}, //淥
{0x9c50, 0x6de7}, //淧
{0x9c51, 0x6de8}, //淨
{0x9c52, 0x6de9}, //淩
{0x9c53, 0x6dea}, //淪
{0x9c54, 0x6ded}, //淭
{0x9c55, 0x6def}, //淯
{0x9c56, 0x6df0}, //淰
{0x9c57, 0x6df2}, //淲
{0x9c58, 0x6df4}, //淴
{0x9c59, 0x6df5}, //淵
{0x9c5a, 0x6df6}, //淶
{0x9c5b, 0x6df8}, //淸
{0x9c5c, 0x6dfa}, //淺
{0x9c5d, 0x6dfd}, //淽
{0x9c5e, 0x6dfe}, //淾
{0x9c5f, 0x6dff}, //淿
{0x9c60, 0x6e00}, //渀
{0x9c61, 0x6e01}, //渁
{0x9c62, 0x6e02}, //渂
{0x9c63, 0x6e03}, //渃
{0x9c64, 0x6e04}, //渄
{0x9c65, 0x6e06}, //渆
{0x9c66, 0x6e07}, //渇
{0x9c67, 0x6e08}, //済
{0x9c68, 0x6e09}, //渉
{0x9c69, 0x6e0b}, //渋
{0x9c6a, 0x6e0f}, //渏
{0x9c6b, 0x6e12}, //渒
{0x9c6c, 0x6e13}, //渓
{0x9c6d, 0x6e15}, //渕
{0x9c6e, 0x6e18}, //渘
{0x9c6f, 0x6e19}, //渙
{0x9c70, 0x6e1b}, //減
{0x9c71, 0x6e1c}, //渜
{0x9c72, 0x6e1e}, //渞
{0x9c73, 0x6e1f}, //渟
{0x9c74, 0x6e22}, //渢
{0x9c75, 0x6e26}, //渦
{0x9c76, 0x6e27}, //渧
{0x9c77, 0x6e28}, //渨
{0x9c78, 0x6e2a}, //渪
{0x9c79, 0x6e2c}, //測
{0x9c7a, 0x6e2e}, //渮
{0x9c7b, 0x6e30}, //渰
{0x9c7c, 0x6e31}, //渱
{0x9c7d, 0x6e33}, //渳
{0x9c7e, 0x6e35}, //渵
{0x9c80, 0x6e36}, //渶
{0x9c81, 0x6e37}, //渷
{0x9c82, 0x6e39}, //渹
{0x9c83, 0x6e3b}, //渻
{0x9c84, 0x6e3c}, //渼
{0x9c85, 0x6e3d}, //渽
{0x9c86, 0x6e3e}, //渾
{0x9c87, 0x6e3f}, //渿
{0x9c88, 0x6e40}, //湀
{0x9c89, 0x6e41}, //湁
{0x9c8a, 0x6e42}, //湂
{0x9c8b, 0x6e45}, //湅
{0x9c8c, 0x6e46}, //湆
{0x9c8d, 0x6e47}, //湇
{0x9c8e, 0x6e48}, //湈
{0x9c8f, 0x6e49}, //湉
{0x9c90, 0x6e4a}, //湊
{0x9c91, 0x6e4b}, //湋
{0x9c92, 0x6e4c}, //湌
{0x9c93, 0x6e4f}, //湏
{0x9c94, 0x6e50}, //湐
{0x9c95, 0x6e51}, //湑
{0x9c96, 0x6e52}, //湒
{0x9c97, 0x6e55}, //湕
{0x9c98, 0x6e57}, //湗
{0x9c99, 0x6e59}, //湙
{0x9c9a, 0x6e5a}, //湚
{0x9c9b, 0x6e5c}, //湜
{0x9c9c, 0x6e5d}, //湝
{0x9c9d, 0x6e5e}, //湞
{0x9c9e, 0x6e60}, //湠
{0x9c9f, 0x6e61}, //湡
{0x9ca0, 0x6e62}, //湢
{0x9ca1, 0x6e63}, //湣
{0x9ca2, 0x6e64}, //湤
{0x9ca3, 0x6e65}, //湥
{0x9ca4, 0x6e66}, //湦
{0x9ca5, 0x6e67}, //湧
{0x9ca6, 0x6e68}, //湨
{0x9ca7, 0x6e69}, //湩
{0x9ca8, 0x6e6a}, //湪
{0x9ca9, 0x6e6c}, //湬
{0x9caa, 0x6e6d}, //湭
{0x9cab, 0x6e6f}, //湯
{0x9cac, 0x6e70}, //湰
{0x9cad, 0x6e71}, //湱
{0x9cae, 0x6e72}, //湲
{0x9caf, 0x6e73}, //湳
{0x9cb0, 0x6e74}, //湴
{0x9cb1, 0x6e75}, //湵
{0x9cb2, 0x6e76}, //湶
{0x9cb3, 0x6e77}, //湷
{0x9cb4, 0x6e78}, //湸
{0x9cb5, 0x6e79}, //湹
{0x9cb6, 0x6e7a}, //湺
{0x9cb7, 0x6e7b}, //湻
{0x9cb8, 0x6e7c}, //湼
{0x9cb9, 0x6e7d}, //湽
{0x9cba, 0x6e80}, //満
{0x9cbb, 0x6e81}, //溁
{0x9cbc, 0x6e82}, //溂
{0x9cbd, 0x6e84}, //溄
{0x9cbe, 0x6e87}, //溇
{0x9cbf, 0x6e88}, //溈
{0x9cc0, 0x6e8a}, //溊
{0x9cc1, 0x6e8b}, //溋
{0x9cc2, 0x6e8c}, //溌
{0x9cc3, 0x6e8d}, //溍
{0x9cc4, 0x6e8e}, //溎
{0x9cc5, 0x6e91}, //溑
{0x9cc6, 0x6e92}, //溒
{0x9cc7, 0x6e93}, //溓
{0x9cc8, 0x6e94}, //溔
{0x9cc9, 0x6e95}, //溕
{0x9cca, 0x6e96}, //準
{0x9ccb, 0x6e97}, //溗
{0x9ccc, 0x6e99}, //溙
{0x9ccd, 0x6e9a}, //溚
{0x9cce, 0x6e9b}, //溛
{0x9ccf, 0x6e9d}, //溝
{0x9cd0, 0x6e9e}, //溞
{0x9cd1, 0x6ea0}, //溠
{0x9cd2, 0x6ea1}, //溡
{0x9cd3, 0x6ea3}, //溣
{0x9cd4, 0x6ea4}, //溤
{0x9cd5, 0x6ea6}, //溦
{0x9cd6, 0x6ea8}, //溨
{0x9cd7, 0x6ea9}, //溩
{0x9cd8, 0x6eab}, //溫
{0x9cd9, 0x6eac}, //溬
{0x9cda, 0x6ead}, //溭
{0x9cdb, 0x6eae}, //溮
{0x9cdc, 0x6eb0}, //溰
{0x9cdd, 0x6eb3}, //溳
{0x9cde, 0x6eb5}, //溵
{0x9cdf, 0x6eb8}, //溸
{0x9ce0, 0x6eb9}, //溹
{0x9ce1, 0x6ebc}, //溼
{0x9ce2, 0x6ebe}, //溾
{0x9ce3, 0x6ebf}, //溿
{0x9ce4, 0x6ec0}, //滀
{0x9ce5, 0x6ec3}, //滃
{0x9ce6, 0x6ec4}, //滄
{0x9ce7, 0x6ec5}, //滅
{0x9ce8, 0x6ec6}, //滆
{0x9ce9, 0x6ec8}, //滈
{0x9cea, 0x6ec9}, //滉
{0x9ceb, 0x6eca}, //滊
{0x9cec, 0x6ecc}, //滌
{0x9ced, 0x6ecd}, //滍
{0x9cee, 0x6ece}, //滎
{0x9cef, 0x6ed0}, //滐
{0x9cf0, 0x6ed2}, //滒
{0x9cf1, 0x6ed6}, //滖
{0x9cf2, 0x6ed8}, //滘
{0x9cf3, 0x6ed9}, //滙
{0x9cf4, 0x6edb}, //滛
{0x9cf5, 0x6edc}, //滜
{0x9cf6, 0x6edd}, //滝
{0x9cf7, 0x6ee3}, //滣
{0x9cf8, 0x6ee7}, //滧
{0x9cf9, 0x6eea}, //滪
{0x9cfa, 0x6eeb}, //滫
{0x9cfb, 0x6eec}, //滬
{0x9cfc, 0x6eed}, //滭
{0x9cfd, 0x6eee}, //滮
{0x9cfe, 0x6eef}, //滯
{0x9d40, 0x6ef0}, //滰
{0x9d41, 0x6ef1}, //滱
{0x9d42, 0x6ef2}, //滲
{0x9d43, 0x6ef3}, //滳
{0x9d44, 0x6ef5}, //滵
{0x9d45, 0x6ef6}, //滶
{0x9d46, 0x6ef7}, //滷
{0x9d47, 0x6ef8}, //滸
{0x9d48, 0x6efa}, //滺
{0x9d49, 0x6efb}, //滻
{0x9d4a, 0x6efc}, //滼
{0x9d4b, 0x6efd}, //滽
{0x9d4c, 0x6efe}, //滾
{0x9d4d, 0x6eff}, //滿
{0x9d4e, 0x6f00}, //漀
{0x9d4f, 0x6f01}, //漁
{0x9d50, 0x6f03}, //漃
{0x9d51, 0x6f04}, //漄
{0x9d52, 0x6f05}, //漅
{0x9d53, 0x6f07}, //漇
{0x9d54, 0x6f08}, //漈
{0x9d55, 0x6f0a}, //漊
{0x9d56, 0x6f0b}, //漋
{0x9d57, 0x6f0c}, //漌
{0x9d58, 0x6f0d}, //漍
{0x9d59, 0x6f0e}, //漎
{0x9d5a, 0x6f10}, //漐
{0x9d5b, 0x6f11}, //漑
{0x9d5c, 0x6f12}, //漒
{0x9d5d, 0x6f16}, //漖
{0x9d5e, 0x6f17}, //漗
{0x9d5f, 0x6f18}, //漘
{0x9d60, 0x6f19}, //漙
{0x9d61, 0x6f1a}, //漚
{0x9d62, 0x6f1b}, //漛
{0x9d63, 0x6f1c}, //漜
{0x9d64, 0x6f1d}, //漝
{0x9d65, 0x6f1e}, //漞
{0x9d66, 0x6f1f}, //漟
{0x9d67, 0x6f21}, //漡
{0x9d68, 0x6f22}, //漢
{0x9d69, 0x6f23}, //漣
{0x9d6a, 0x6f25}, //漥
{0x9d6b, 0x6f26}, //漦
{0x9d6c, 0x6f27}, //漧
{0x9d6d, 0x6f28}, //漨
{0x9d6e, 0x6f2c}, //漬
{0x9d6f, 0x6f2e}, //漮
{0x9d70, 0x6f30}, //漰
{0x9d71, 0x6f32}, //漲
{0x9d72, 0x6f34}, //漴
{0x9d73, 0x6f35}, //漵
{0x9d74, 0x6f37}, //漷
{0x9d75, 0x6f38}, //漸
{0x9d76, 0x6f39}, //漹
{0x9d77, 0x6f3a}, //漺
{0x9d78, 0x6f3b}, //漻
{0x9d79, 0x6f3c}, //漼
{0x9d7a, 0x6f3d}, //漽
{0x9d7b, 0x6f3f}, //漿
{0x9d7c, 0x6f40}, //潀
{0x9d7d, 0x6f41}, //潁
{0x9d7e, 0x6f42}, //潂
{0x9d80, 0x6f43}, //潃
{0x9d81, 0x6f44}, //潄
{0x9d82, 0x6f45}, //潅
{0x9d83, 0x6f48}, //潈
{0x9d84, 0x6f49}, //潉
{0x9d85, 0x6f4a}, //潊
{0x9d86, 0x6f4c}, //潌
{0x9d87, 0x6f4e}, //潎
{0x9d88, 0x6f4f}, //潏
{0x9d89, 0x6f50}, //潐
{0x9d8a, 0x6f51}, //潑
{0x9d8b, 0x6f52}, //潒
{0x9d8c, 0x6f53}, //潓
{0x9d8d, 0x6f54}, //潔
{0x9d8e, 0x6f55}, //潕
{0x9d8f, 0x6f56}, //潖
{0x9d90, 0x6f57}, //潗
{0x9d91, 0x6f59}, //潙
{0x9d92, 0x6f5a}, //潚
{0x9d93, 0x6f5b}, //潛
{0x9d94, 0x6f5d}, //潝
{0x9d95, 0x6f5f}, //潟
{0x9d96, 0x6f60}, //潠
{0x9d97, 0x6f61}, //潡
{0x9d98, 0x6f63}, //潣
{0x9d99, 0x6f64}, //潤
{0x9d9a, 0x6f65}, //潥
{0x9d9b, 0x6f67}, //潧
{0x9d9c, 0x6f68}, //潨
{0x9d9d, 0x6f69}, //潩
{0x9d9e, 0x6f6a}, //潪
{0x9d9f, 0x6f6b}, //潫
{0x9da0, 0x6f6c}, //潬
{0x9da1, 0x6f6f}, //潯
{0x9da2, 0x6f70}, //潰
{0x9da3, 0x6f71}, //潱
{0x9da4, 0x6f73}, //潳
{0x9da5, 0x6f75}, //潵
{0x9da6, 0x6f76}, //潶
{0x9da7, 0x6f77}, //潷
{0x9da8, 0x6f79}, //潹
{0x9da9, 0x6f7b}, //潻
{0x9daa, 0x6f7d}, //潽
{0x9dab, 0x6f7e}, //潾
{0x9dac, 0x6f7f}, //潿
{0x9dad, 0x6f80}, //澀
{0x9dae, 0x6f81}, //澁
{0x9daf, 0x6f82}, //澂
{0x9db0, 0x6f83}, //澃
{0x9db1, 0x6f85}, //澅
{0x9db2, 0x6f86}, //澆
{0x9db3, 0x6f87}, //澇
{0x9db4, 0x6f8a}, //澊
{0x9db5, 0x6f8b}, //澋
{0x9db6, 0x6f8f}, //澏
{0x9db7, 0x6f90}, //澐
{0x9db8, 0x6f91}, //澑
{0x9db9, 0x6f92}, //澒
{0x9dba, 0x6f93}, //澓
{0x9dbb, 0x6f94}, //澔
{0x9dbc, 0x6f95}, //澕
{0x9dbd, 0x6f96}, //澖
{0x9dbe, 0x6f97}, //澗
{0x9dbf, 0x6f98}, //澘
{0x9dc0, 0x6f99}, //澙
{0x9dc1, 0x6f9a}, //澚
{0x9dc2, 0x6f9b}, //澛
{0x9dc3, 0x6f9d}, //澝
{0x9dc4, 0x6f9e}, //澞
{0x9dc5, 0x6f9f}, //澟
{0x9dc6, 0x6fa0}, //澠
{0x9dc7, 0x6fa2}, //澢
{0x9dc8, 0x6fa3}, //澣
{0x9dc9, 0x6fa4}, //澤
{0x9dca, 0x6fa5}, //澥
{0x9dcb, 0x6fa6}, //澦
{0x9dcc, 0x6fa8}, //澨
{0x9dcd, 0x6fa9}, //澩
{0x9dce, 0x6faa}, //澪
{0x9dcf, 0x6fab}, //澫
{0x9dd0, 0x6fac}, //澬
{0x9dd1, 0x6fad}, //澭
{0x9dd2, 0x6fae}, //澮
{0x9dd3, 0x6faf}, //澯
{0x9dd4, 0x6fb0}, //澰
{0x9dd5, 0x6fb1}, //澱
{0x9dd6, 0x6fb2}, //澲
{0x9dd7, 0x6fb4}, //澴
{0x9dd8, 0x6fb5}, //澵
{0x9dd9, 0x6fb7}, //澷
{0x9dda, 0x6fb8}, //澸
{0x9ddb, 0x6fba}, //澺
{0x9ddc, 0x6fbb}, //澻
{0x9ddd, 0x6fbc}, //澼
{0x9dde, 0x6fbd}, //澽
{0x9ddf, 0x6fbe}, //澾
{0x9de0, 0x6fbf}, //澿
{0x9de1, 0x6fc1}, //濁
{0x9de2, 0x6fc3}, //濃
{0x9de3, 0x6fc4}, //濄
{0x9de4, 0x6fc5}, //濅
{0x9de5, 0x6fc6}, //濆
{0x9de6, 0x6fc7}, //濇
{0x9de7, 0x6fc8}, //濈
{0x9de8, 0x6fca}, //濊
{0x9de9, 0x6fcb}, //濋
{0x9dea, 0x6fcc}, //濌
{0x9deb, 0x6fcd}, //濍
{0x9dec, 0x6fce}, //濎
{0x9ded, 0x6fcf}, //濏
{0x9dee, 0x6fd0}, //濐
{0x9def, 0x6fd3}, //濓
{0x9df0, 0x6fd4}, //濔
{0x9df1, 0x6fd5}, //濕
{0x9df2, 0x6fd6}, //濖
{0x9df3, 0x6fd7}, //濗
{0x9df4, 0x6fd8}, //濘
{0x9df5, 0x6fd9}, //濙
{0x9df6, 0x6fda}, //濚
{0x9df7, 0x6fdb}, //濛
{0x9df8, 0x6fdc}, //濜
{0x9df9, 0x6fdd}, //濝
{0x9dfa, 0x6fdf}, //濟
{0x9dfb, 0x6fe2}, //濢
{0x9dfc, 0x6fe3}, //濣
{0x9dfd, 0x6fe4}, //濤
{0x9dfe, 0x6fe5}, //濥
{0x9e40, 0x6fe6}, //濦
{0x9e41, 0x6fe7}, //濧
{0x9e42, 0x6fe8}, //濨
{0x9e43, 0x6fe9}, //濩
{0x9e44, 0x6fea}, //濪
{0x9e45, 0x6feb}, //濫
{0x9e46, 0x6fec}, //濬
{0x9e47, 0x6fed}, //濭
{0x9e48, 0x6ff0}, //濰
{0x9e49, 0x6ff1}, //濱
{0x9e4a, 0x6ff2}, //濲
{0x9e4b, 0x6ff3}, //濳
{0x9e4c, 0x6ff4}, //濴
{0x9e4d, 0x6ff5}, //濵
{0x9e4e, 0x6ff6}, //濶
{0x9e4f, 0x6ff7}, //濷
{0x9e50, 0x6ff8}, //濸
{0x9e51, 0x6ff9}, //濹
{0x9e52, 0x6ffa}, //濺
{0x9e53, 0x6ffb}, //濻
{0x9e54, 0x6ffc}, //濼
{0x9e55, 0x6ffd}, //濽
{0x9e56, 0x6ffe}, //濾
{0x9e57, 0x6fff}, //濿
{0x9e58, 0x7000}, //瀀
{0x9e59, 0x7001}, //瀁
{0x9e5a, 0x7002}, //瀂
{0x9e5b, 0x7003}, //瀃
{0x9e5c, 0x7004}, //瀄
{0x9e5d, 0x7005}, //瀅
{0x9e5e, 0x7006}, //瀆
{0x9e5f, 0x7007}, //瀇
{0x9e60, 0x7008}, //瀈
{0x9e61, 0x7009}, //瀉
{0x9e62, 0x700a}, //瀊
{0x9e63, 0x700b}, //瀋
{0x9e64, 0x700c}, //瀌
{0x9e65, 0x700d}, //瀍
{0x9e66, 0x700e}, //瀎
{0x9e67, 0x700f}, //瀏
{0x9e68, 0x7010}, //瀐
{0x9e69, 0x7012}, //瀒
{0x9e6a, 0x7013}, //瀓
{0x9e6b, 0x7014}, //瀔
{0x9e6c, 0x7015}, //瀕
{0x9e6d, 0x7016}, //瀖
{0x9e6e, 0x7017}, //瀗
{0x9e6f, 0x7018}, //瀘
{0x9e70, 0x7019}, //瀙
{0x9e71, 0x701c}, //瀜
{0x9e72, 0x701d}, //瀝
{0x9e73, 0x701e}, //瀞
{0x9e74, 0x701f}, //瀟
{0x9e75, 0x7020}, //瀠
{0x9e76, 0x7021}, //瀡
{0x9e77, 0x7022}, //瀢
{0x9e78, 0x7024}, //瀤
{0x9e79, 0x7025}, //瀥
{0x9e7a, 0x7026}, //瀦
{0x9e7b, 0x7027}, //瀧
{0x9e7c, 0x7028}, //瀨
{0x9e7d, 0x7029}, //瀩
{0x9e7e, 0x702a}, //瀪
{0x9e80, 0x702b}, //瀫
{0x9e81, 0x702c}, //瀬
{0x9e82, 0x702d}, //瀭
{0x9e83, 0x702e}, //瀮
{0x9e84, 0x702f}, //瀯
{0x9e85, 0x7030}, //瀰
{0x9e86, 0x7031}, //瀱
{0x9e87, 0x7032}, //瀲
{0x9e88, 0x7033}, //瀳
{0x9e89, 0x7034}, //瀴
{0x9e8a, 0x7036}, //瀶
{0x9e8b, 0x7037}, //瀷
{0x9e8c, 0x7038}, //瀸
{0x9e8d, 0x703a}, //瀺
{0x9e8e, 0x703b}, //瀻
{0x9e8f, 0x703c}, //瀼
{0x9e90, 0x703d}, //瀽
{0x9e91, 0x703e}, //瀾
{0x9e92, 0x703f}, //瀿
{0x9e93, 0x7040}, //灀
{0x9e94, 0x7041}, //灁
{0x9e95, 0x7042}, //灂
{0x9e96, 0x7043}, //灃
{0x9e97, 0x7044}, //灄
{0x9e98, 0x7045}, //灅
{0x9e99, 0x7046}, //灆
{0x9e9a, 0x7047}, //灇
{0x9e9b, 0x7048}, //灈
{0x9e9c, 0x7049}, //灉
{0x9e9d, 0x704a}, //灊
{0x9e9e, 0x704b}, //灋
{0x9e9f, 0x704d}, //灍
{0x9ea0, 0x704e}, //灎
{0x9ea1, 0x7050}, //灐
{0x9ea2, 0x7051}, //灑
{0x9ea3, 0x7052}, //灒
{0x9ea4, 0x7053}, //灓
{0x9ea5, 0x7054}, //灔
{0x9ea6, 0x7055}, //灕
{0x9ea7, 0x7056}, //灖
{0x9ea8, 0x7057}, //灗
{0x9ea9, 0x7058}, //灘
{0x9eaa, 0x7059}, //灙
{0x9eab, 0x705a}, //灚
{0x9eac, 0x705b}, //灛
{0x9ead, 0x705c}, //灜
{0x9eae, 0x705d}, //灝
{0x9eaf, 0x705f}, //灟
{0x9eb0, 0x7060}, //灠
{0x9eb1, 0x7061}, //灡
{0x9eb2, 0x7062}, //灢
{0x9eb3, 0x7063}, //灣
{0x9eb4, 0x7064}, //灤
{0x9eb5, 0x7065}, //灥
{0x9eb6, 0x7066}, //灦
{0x9eb7, 0x7067}, //灧
{0x9eb8, 0x7068}, //灨
{0x9eb9, 0x7069}, //灩
{0x9eba, 0x706a}, //灪
{0x9ebb, 0x706e}, //灮
{0x9ebc, 0x7071}, //灱
{0x9ebd, 0x7072}, //灲
{0x9ebe, 0x7073}, //灳
{0x9ebf, 0x7074}, //灴
{0x9ec0, 0x7077}, //灷
{0x9ec1, 0x7079}, //灹
{0x9ec2, 0x707a}, //灺
{0x9ec3, 0x707b}, //灻
{0x9ec4, 0x707d}, //災
{0x9ec5, 0x7081}, //炁
{0x9ec6, 0x7082}, //炂
{0x9ec7, 0x7083}, //炃
{0x9ec8, 0x7084}, //炄
{0x9ec9, 0x7086}, //炆
{0x9eca, 0x7087}, //炇
{0x9ecb, 0x7088}, //炈
{0x9ecc, 0x708b}, //炋
{0x9ecd, 0x708c}, //炌
{0x9ece, 0x708d}, //炍
{0x9ecf, 0x708f}, //炏
{0x9ed0, 0x7090}, //炐
{0x9ed1, 0x7091}, //炑
{0x9ed2, 0x7093}, //炓
{0x9ed3, 0x7097}, //炗
{0x9ed4, 0x7098}, //炘
{0x9ed5, 0x709a}, //炚
{0x9ed6, 0x709b}, //炛
{0x9ed7, 0x709e}, //炞
{0x9ed8, 0x709f}, //炟
{0x9ed9, 0x70a0}, //炠
{0x9eda, 0x70a1}, //炡
{0x9edb, 0x70a2}, //炢
{0x9edc, 0x70a3}, //炣
{0x9edd, 0x70a4}, //炤
{0x9ede, 0x70a5}, //炥
{0x9edf, 0x70a6}, //炦
{0x9ee0, 0x70a7}, //炧
{0x9ee1, 0x70a8}, //炨
{0x9ee2, 0x70a9}, //炩
{0x9ee3, 0x70aa}, //炪
{0x9ee4, 0x70b0}, //炰
{0x9ee5, 0x70b2}, //炲
{0x9ee6, 0x70b4}, //炴
{0x9ee7, 0x70b5}, //炵
{0x9ee8, 0x70b6}, //炶
{0x9ee9, 0x70ba}, //為
{0x9eea, 0x70be}, //炾
{0x9eeb, 0x70bf}, //炿
{0x9eec, 0x70c4}, //烄
{0x9eed, 0x70c5}, //烅
{0x9eee, 0x70c6}, //烆
{0x9eef, 0x70c7}, //烇
{0x9ef0, 0x70c9}, //烉
{0x9ef1, 0x70cb}, //烋
{0x9ef2, 0x70cc}, //烌
{0x9ef3, 0x70cd}, //烍
{0x9ef4, 0x70ce}, //烎
{0x9ef5, 0x70cf}, //烏
{0x9ef6, 0x70d0}, //烐
{0x9ef7, 0x70d1}, //烑
{0x9ef8, 0x70d2}, //烒
{0x9ef9, 0x70d3}, //烓
{0x9efa, 0x70d4}, //烔
{0x9efb, 0x70d5}, //烕
{0x9efc, 0x70d6}, //烖
{0x9efd, 0x70d7}, //烗
{0x9efe, 0x70da}, //烚
{0x9f40, 0x70dc}, //烜
{0x9f41, 0x70dd}, //烝
{0x9f42, 0x70de}, //烞
{0x9f43, 0x70e0}, //烠
{0x9f44, 0x70e1}, //烡
{0x9f45, 0x70e2}, //烢
{0x9f46, 0x70e3}, //烣
{0x9f47, 0x70e5}, //烥
{0x9f48, 0x70ea}, //烪
{0x9f49, 0x70ee}, //烮
{0x9f4a, 0x70f0}, //烰
{0x9f4b, 0x70f1}, //烱
{0x9f4c, 0x70f2}, //烲
{0x9f4d, 0x70f3}, //烳
{0x9f4e, 0x70f4}, //烴
{0x9f4f, 0x70f5}, //烵
{0x9f50, 0x70f6}, //烶
{0x9f51, 0x70f8}, //烸
{0x9f52, 0x70fa}, //烺
{0x9f53, 0x70fb}, //烻
{0x9f54, 0x70fc}, //烼
{0x9f55, 0x70fe}, //烾
{0x9f56, 0x70ff}, //烿
{0x9f57, 0x7100}, //焀
{0x9f58, 0x7101}, //焁
{0x9f59, 0x7102}, //焂
{0x9f5a, 0x7103}, //焃
{0x9f5b, 0x7104}, //焄
{0x9f5c, 0x7105}, //焅
{0x9f5d, 0x7106}, //焆
{0x9f5e, 0x7107}, //焇
{0x9f5f, 0x7108}, //焈
{0x9f60, 0x710b}, //焋
{0x9f61, 0x710c}, //焌
{0x9f62, 0x710d}, //焍
{0x9f63, 0x710e}, //焎
{0x9f64, 0x710f}, //焏
{0x9f65, 0x7111}, //焑
{0x9f66, 0x7112}, //焒
{0x9f67, 0x7114}, //焔
{0x9f68, 0x7117}, //焗
{0x9f69, 0x711b}, //焛
{0x9f6a, 0x711c}, //焜
{0x9f6b, 0x711d}, //焝
{0x9f6c, 0x711e}, //焞
{0x9f6d, 0x711f}, //焟
{0x9f6e, 0x7120}, //焠
{0x9f6f, 0x7121}, //無
{0x9f70, 0x7122}, //焢
{0x9f71, 0x7123}, //焣
{0x9f72, 0x7124}, //焤
{0x9f73, 0x7125}, //焥
{0x9f74, 0x7127}, //焧
{0x9f75, 0x7128}, //焨
{0x9f76, 0x7129}, //焩
{0x9f77, 0x712a}, //焪
{0x9f78, 0x712b}, //焫
{0x9f79, 0x712c}, //焬
{0x9f7a, 0x712d}, //焭
{0x9f7b, 0x712e}, //焮
{0x9f7c, 0x7132}, //焲
{0x9f7d, 0x7133}, //焳
{0x9f7e, 0x7134}, //焴
{0x9f80, 0x7135}, //焵
{0x9f81, 0x7137}, //焷
{0x9f82, 0x7138}, //焸
{0x9f83, 0x7139}, //焹
{0x9f84, 0x713a}, //焺
{0x9f85, 0x713b}, //焻
{0x9f86, 0x713c}, //焼
{0x9f87, 0x713d}, //焽
{0x9f88, 0x713e}, //焾
{0x9f89, 0x713f}, //焿
{0x9f8a, 0x7140}, //煀
{0x9f8b, 0x7141}, //煁
{0x9f8c, 0x7142}, //煂
{0x9f8d, 0x7143}, //煃
{0x9f8e, 0x7144}, //煄
{0x9f8f, 0x7146}, //煆
{0x9f90, 0x7147}, //煇
{0x9f91, 0x7148}, //煈
{0x9f92, 0x7149}, //煉
{0x9f93, 0x714b}, //煋
{0x9f94, 0x714d}, //煍
{0x9f95, 0x714f}, //煏
{0x9f96, 0x7150}, //煐
{0x9f97, 0x7151}, //煑
{0x9f98, 0x7152}, //煒
{0x9f99, 0x7153}, //煓
{0x9f9a, 0x7154}, //煔
{0x9f9b, 0x7155}, //煕
{0x9f9c, 0x7156}, //煖
{0x9f9d, 0x7157}, //煗
{0x9f9e, 0x7158}, //煘
{0x9f9f, 0x7159}, //煙
{0x9fa0, 0x715a}, //煚
{0x9fa1, 0x715b}, //煛
{0x9fa2, 0x715d}, //煝
{0x9fa3, 0x715f}, //煟
{0x9fa4, 0x7160}, //煠
{0x9fa5, 0x7161}, //煡
{0x9fa6, 0x7162}, //煢
{0x9fa7, 0x7163}, //煣
{0x9fa8, 0x7165}, //煥
{0x9fa9, 0x7169}, //煩
{0x9faa, 0x716a}, //煪
{0x9fab, 0x716b}, //煫
{0x9fac, 0x716c}, //煬
{0x9fad, 0x716d}, //煭
{0x9fae, 0x716f}, //煯
{0x9faf, 0x7170}, //煰
{0x9fb0, 0x7171}, //煱
{0x9fb1, 0x7174}, //煴
{0x9fb2, 0x7175}, //煵
{0x9fb3, 0x7176}, //煶
{0x9fb4, 0x7177}, //煷
{0x9fb5, 0x7179}, //煹
{0x9fb6, 0x717b}, //煻
{0x9fb7, 0x717c}, //煼
{0x9fb8, 0x717e}, //煾
{0x9fb9, 0x717f}, //煿
{0x9fba, 0x7180}, //熀
{0x9fbb, 0x7181}, //熁
{0x9fbc, 0x7182}, //熂
{0x9fbd, 0x7183}, //熃
{0x9fbe, 0x7185}, //熅
{0x9fbf, 0x7186}, //熆
{0x9fc0, 0x7187}, //熇
{0x9fc1, 0x7188}, //熈
{0x9fc2, 0x7189}, //熉
{0x9fc3, 0x718b}, //熋
{0x9fc4, 0x718c}, //熌
{0x9fc5, 0x718d}, //熍
{0x9fc6, 0x718e}, //熎
{0x9fc7, 0x7190}, //熐
{0x9fc8, 0x7191}, //熑
{0x9fc9, 0x7192}, //熒
{0x9fca, 0x7193}, //熓
{0x9fcb, 0x7195}, //熕
{0x9fcc, 0x7196}, //熖
{0x9fcd, 0x7197}, //熗
{0x9fce, 0x719a}, //熚
{0x9fcf, 0x719b}, //熛
{0x9fd0, 0x719c}, //熜
{0x9fd1, 0x719d}, //熝
{0x9fd2, 0x719e}, //熞
{0x9fd3, 0x71a1}, //熡
{0x9fd4, 0x71a2}, //熢
{0x9fd5, 0x71a3}, //熣
{0x9fd6, 0x71a4}, //熤
{0x9fd7, 0x71a5}, //熥
{0x9fd8, 0x71a6}, //熦
{0x9fd9, 0x71a7}, //熧
{0x9fda, 0x71a9}, //熩
{0x9fdb, 0x71aa}, //熪
{0x9fdc, 0x71ab}, //熫
{0x9fdd, 0x71ad}, //熭
{0x9fde, 0x71ae}, //熮
{0x9fdf, 0x71af}, //熯
{0x9fe0, 0x71b0}, //熰
{0x9fe1, 0x71b1}, //熱
{0x9fe2, 0x71b2}, //熲
{0x9fe3, 0x71b4}, //熴
{0x9fe4, 0x71b6}, //熶
{0x9fe5, 0x71b7}, //熷
{0x9fe6, 0x71b8}, //熸
{0x9fe7, 0x71ba}, //熺
{0x9fe8, 0x71bb}, //熻
{0x9fe9, 0x71bc}, //熼
{0x9fea, 0x71bd}, //熽
{0x9feb, 0x71be}, //熾
{0x9fec, 0x71bf}, //熿
{0x9fed, 0x71c0}, //燀
{0x9fee, 0x71c1}, //燁
{0x9fef, 0x71c2}, //燂
{0x9ff0, 0x71c4}, //燄
{0x9ff1, 0x71c5}, //燅
{0x9ff2, 0x71c6}, //燆
{0x9ff3, 0x71c7}, //燇
{0x9ff4, 0x71c8}, //燈
{0x9ff5, 0x71c9}, //燉
{0x9ff6, 0x71ca}, //燊
{0x9ff7, 0x71cb}, //燋
{0x9ff8, 0x71cc}, //燌
{0x9ff9, 0x71cd}, //燍
{0x9ffa, 0x71cf}, //燏
{0x9ffb, 0x71d0}, //燐
{0x9ffc, 0x71d1}, //燑
{0x9ffd, 0x71d2}, //燒
{0x9ffe, 0x71d3}, //燓
{0xa040, 0x71d6}, //燖
{0xa041, 0x71d7}, //燗
{0xa042, 0x71d8}, //燘
{0xa043, 0x71d9}, //燙
{0xa044, 0x71da}, //燚
{0xa045, 0x71db}, //燛
{0xa046, 0x71dc}, //燜
{0xa047, 0x71dd}, //燝
{0xa048, 0x71de}, //燞
{0xa049, 0x71df}, //營
{0xa04a, 0x71e1}, //燡
{0xa04b, 0x71e2}, //燢
{0xa04c, 0x71e3}, //燣
{0xa04d, 0x71e4}, //燤
{0xa04e, 0x71e6}, //燦
{0xa04f, 0x71e8}, //燨
{0xa050, 0x71e9}, //燩
{0xa051, 0x71ea}, //燪
{0xa052, 0x71eb}, //燫
{0xa053, 0x71ec}, //燬
{0xa054, 0x71ed}, //燭
{0xa055, 0x71ef}, //燯
{0xa056, 0x71f0}, //燰
{0xa057, 0x71f1}, //燱
{0xa058, 0x71f2}, //燲
{0xa059, 0x71f3}, //燳
{0xa05a, 0x71f4}, //燴
{0xa05b, 0x71f5}, //燵
{0xa05c, 0x71f6}, //燶
{0xa05d, 0x71f7}, //燷
{0xa05e, 0x71f8}, //燸
{0xa05f, 0x71fa}, //燺
{0xa060, 0x71fb}, //燻
{0xa061, 0x71fc}, //燼
{0xa062, 0x71fd}, //燽
{0xa063, 0x71fe}, //燾
{0xa064, 0x71ff}, //燿
{0xa065, 0x7200}, //爀
{0xa066, 0x7201}, //爁
{0xa067, 0x7202}, //爂
{0xa068, 0x7203}, //爃
{0xa069, 0x7204}, //爄
{0xa06a, 0x7205}, //爅
{0xa06b, 0x7207}, //爇
{0xa06c, 0x7208}, //爈
{0xa06d, 0x7209}, //爉
{0xa06e, 0x720a}, //爊
{0xa06f, 0x720b}, //爋
{0xa070, 0x720c}, //爌
{0xa071, 0x720d}, //爍
{0xa072, 0x720e}, //爎
{0xa073, 0x720f}, //爏
{0xa074, 0x7210}, //爐
{0xa075, 0x7211}, //爑
{0xa076, 0x7212}, //爒
{0xa077, 0x7213}, //爓
{0xa078, 0x7214}, //爔
{0xa079, 0x7215}, //爕
{0xa07a, 0x7216}, //爖
{0xa07b, 0x7217}, //爗
{0xa07c, 0x7218}, //爘
{0xa07d, 0x7219}, //爙
{0xa07e, 0x721a}, //爚
{0xa080, 0x721b}, //爛
{0xa081, 0x721c}, //爜
{0xa082, 0x721e}, //爞
{0xa083, 0x721f}, //爟
{0xa084, 0x7220}, //爠
{0xa085, 0x7221}, //爡
{0xa086, 0x7222}, //爢
{0xa087, 0x7223}, //爣
{0xa088, 0x7224}, //爤
{0xa089, 0x7225}, //爥
{0xa08a, 0x7226}, //爦
{0xa08b, 0x7227}, //爧
{0xa08c, 0x7229}, //爩
{0xa08d, 0x722b}, //爫
{0xa08e, 0x722d}, //爭
{0xa08f, 0x722e}, //爮
{0xa090, 0x722f}, //爯
{0xa091, 0x7232}, //爲
{0xa092, 0x7233}, //爳
{0xa093, 0x7234}, //爴
{0xa094, 0x723a}, //爺
{0xa095, 0x723c}, //爼
{0xa096, 0x723e}, //爾
{0xa097, 0x7240}, //牀
{0xa098, 0x7241}, //牁
{0xa099, 0x7242}, //牂
{0xa09a, 0x7243}, //牃
{0xa09b, 0x7244}, //牄
{0xa09c, 0x7245}, //牅
{0xa09d, 0x7246}, //牆
{0xa09e, 0x7249}, //牉
{0xa09f, 0x724a}, //牊
{0xa0a0, 0x724b}, //牋
{0xa0a1, 0x724e}, //牎
{0xa0a2, 0x724f}, //牏
{0xa0a3, 0x7250}, //牐
{0xa0a4, 0x7251}, //牑
{0xa0a5, 0x7253}, //牓
{0xa0a6, 0x7254}, //牔
{0xa0a7, 0x7255}, //牕
{0xa0a8, 0x7257}, //牗
{0xa0a9, 0x7258}, //牘
{0xa0aa, 0x725a}, //牚
{0xa0ab, 0x725c}, //牜
{0xa0ac, 0x725e}, //牞
{0xa0ad, 0x7260}, //牠
{0xa0ae, 0x7263}, //牣
{0xa0af, 0x7264}, //牤
{0xa0b0, 0x7265}, //牥
{0xa0b1, 0x7268}, //牨
{0xa0b2, 0x726a}, //牪
{0xa0b3, 0x726b}, //牫
{0xa0b4, 0x726c}, //牬
{0xa0b5, 0x726d}, //牭
{0xa0b6, 0x7270}, //牰
{0xa0b7, 0x7271}, //牱
{0xa0b8, 0x7273}, //牳
{0xa0b9, 0x7274}, //牴
{0xa0ba, 0x7276}, //牶
{0xa0bb, 0x7277}, //牷
{0xa0bc, 0x7278}, //牸
{0xa0bd, 0x727b}, //牻
{0xa0be, 0x727c}, //牼
{0xa0bf, 0x727d}, //牽
{0xa0c0, 0x7282}, //犂
{0xa0c1, 0x7283}, //犃
{0xa0c2, 0x7285}, //犅
{0xa0c3, 0x7286}, //犆
{0xa0c4, 0x7287}, //犇
{0xa0c5, 0x7288}, //犈
{0xa0c6, 0x7289}, //犉
{0xa0c7, 0x728c}, //犌
{0xa0c8, 0x728e}, //犎
{0xa0c9, 0x7290}, //犐
{0xa0ca, 0x7291}, //犑
{0xa0cb, 0x7293}, //犓
{0xa0cc, 0x7294}, //犔
{0xa0cd, 0x7295}, //犕
{0xa0ce, 0x7296}, //犖
{0xa0cf, 0x7297}, //犗
{0xa0d0, 0x7298}, //犘
{0xa0d1, 0x7299}, //犙
{0xa0d2, 0x729a}, //犚
{0xa0d3, 0x729b}, //犛
{0xa0d4, 0x729c}, //犜
{0xa0d5, 0x729d}, //犝
{0xa0d6, 0x729e}, //犞
{0xa0d7, 0x72a0}, //犠
{0xa0d8, 0x72a1}, //犡
{0xa0d9, 0x72a2}, //犢
{0xa0da, 0x72a3}, //犣
{0xa0db, 0x72a4}, //犤
{0xa0dc, 0x72a5}, //犥
{0xa0dd, 0x72a6}, //犦
{0xa0de, 0x72a7}, //犧
{0xa0df, 0x72a8}, //犨
{0xa0e0, 0x72a9}, //犩
{0xa0e1, 0x72aa}, //犪
{0xa0e2, 0x72ab}, //犫
{0xa0e3, 0x72ae}, //犮
{0xa0e4, 0x72b1}, //犱
{0xa0e5, 0x72b2}, //犲
{0xa0e6, 0x72b3}, //犳
{0xa0e7, 0x72b5}, //犵
{0xa0e8, 0x72ba}, //犺
{0xa0e9, 0x72bb}, //犻
{0xa0ea, 0x72bc}, //犼
{0xa0eb, 0x72bd}, //犽
{0xa0ec, 0x72be}, //犾
{0xa0ed, 0x72bf}, //犿
{0xa0ee, 0x72c0}, //狀
{0xa0ef, 0x72c5}, //狅
{0xa0f0, 0x72c6}, //狆
{0xa0f1, 0x72c7}, //狇
{0xa0f2, 0x72c9}, //狉
{0xa0f3, 0x72ca}, //狊
{0xa0f4, 0x72cb}, //狋
{0xa0f5, 0x72cc}, //狌
{0xa0f6, 0x72cf}, //狏
{0xa0f7, 0x72d1}, //狑
{0xa0f8, 0x72d3}, //狓
{0xa0f9, 0x72d4}, //狔
{0xa0fa, 0x72d5}, //狕
{0xa0fb, 0x72d6}, //狖
{0xa0fc, 0x72d8}, //狘
{0xa0fd, 0x72da}, //狚
{0xa0fe, 0x72db}, //狛
{0xa1a1, 0x3000}, //　
{0xa1a2, 0x3001}, //、
{0xa1a3, 0x3002}, //。
{0xa1a4, 0x00b7}, //·
{0xa1a5, 0x02c9}, //ˉ
{0xa1a6, 0x02c7}, //ˇ
{0xa1a7, 0x00a8}, //¨
{0xa1a8, 0x3003}, //〃
{0xa1a9, 0x3005}, //々
{0xa1aa, 0x2014}, //—
{0xa1ab, 0xff5e}, //～
{0xa1ac, 0x2016}, //‖
{0xa1ad, 0x2026}, //…
{0xa1ae, 0x2018}, //‘
{0xa1af, 0x2019}, //’
{0xa1b0, 0x201c}, //“
{0xa1b1, 0x201d}, //”
{0xa1b2, 0x3014}, //〔
{0xa1b3, 0x3015}, //〕
{0xa1b4, 0x3008}, //〈
{0xa1b5, 0x3009}, //〉
{0xa1b6, 0x300a}, //《
{0xa1b7, 0x300b}, //》
{0xa1b8, 0x300c}, //「
{0xa1b9, 0x300d}, //」
{0xa1ba, 0x300e}, //『
{0xa1bb, 0x300f}, //』
{0xa1bc, 0x3016}, //〖
{0xa1bd, 0x3017}, //〗
{0xa1be, 0x3010}, //【
{0xa1bf, 0x3011}, //】
{0xa1c0, 0x00b1}, //±
{0xa1c1, 0x00d7}, //×
{0xa1c2, 0x00f7}, //÷
{0xa1c3, 0x2236}, //∶
{0xa1c4, 0x2227}, //∧
{0xa1c5, 0x2228}, //∨
{0xa1c6, 0x2211}, //∑
{0xa1c7, 0x220f}, //∏
{0xa1c8, 0x222a}, //∪
{0xa1c9, 0x2229}, //∩
{0xa1ca, 0x2208}, //∈
{0xa1cb, 0x2237}, //∷
{0xa1cc, 0x221a}, //√
{0xa1cd, 0x22a5}, //⊥
{0xa1ce, 0x2225}, //∥
{0xa1cf, 0x2220}, //∠
{0xa1d0, 0x2312}, //⌒
{0xa1d1, 0x2299}, //⊙
{0xa1d2, 0x222b}, //∫
{0xa1d3, 0x222e}, //∮
{0xa1d4, 0x2261}, //≡
{0xa1d5, 0x224c}, //≌
{0xa1d6, 0x2248}, //≈
{0xa1d7, 0x223d}, //∽
{0xa1d8, 0x221d}, //∝
{0xa1d9, 0x2260}, //≠
{0xa1da, 0x226e}, //≮
{0xa1db, 0x226f}, //≯
{0xa1dc, 0x2264}, //≤
{0xa1dd, 0x2265}, //≥
{0xa1de, 0x221e}, //∞
{0xa1df, 0x2235}, //∵
{0xa1e0, 0x2234}, //∴
{0xa1e1, 0x2642}, //♂
{0xa1e2, 0x2640}, //♀
{0xa1e3, 0x00b0}, //°
{0xa1e4, 0x2032}, //′
{0xa1e5, 0x2033}, //″
{0xa1e6, 0x2103}, //℃
{0xa1e7, 0xff04}, //＄
{0xa1e8, 0x00a4}, //¤
{0xa1e9, 0xffe0}, //￠
{0xa1ea, 0xffe1}, //￡
{0xa1eb, 0x2030}, //‰
{0xa1ec, 0x00a7}, //§
{0xa1ed, 0x2116}, //№
{0xa1ee, 0x2606}, //☆
{0xa1ef, 0x2605}, //★
{0xa1f0, 0x25cb}, //○
{0xa1f1, 0x25cf}, //●
{0xa1f2, 0x25ce}, //◎
{0xa1f3, 0x25c7}, //◇
{0xa1f4, 0x25c6}, //◆
{0xa1f5, 0x25a1}, //□
{0xa1f6, 0x25a0}, //■
{0xa1f7, 0x25b3}, //△
{0xa1f8, 0x25b2}, //▲
{0xa1f9, 0x203b}, //※
{0xa1fa, 0x2192}, //→
{0xa1fb, 0x2190}, //←
{0xa1fc, 0x2191}, //↑
{0xa1fd, 0x2193}, //↓
{0xa1fe, 0x3013}, //〓
{0xa2a1, 0x2170}, //ⅰ
{0xa2a2, 0x2171}, //ⅱ
{0xa2a3, 0x2172}, //ⅲ
{0xa2a4, 0x2173}, //ⅳ
{0xa2a5, 0x2174}, //ⅴ
{0xa2a6, 0x2175}, //ⅵ
{0xa2a7, 0x2176}, //ⅶ
{0xa2a8, 0x2177}, //ⅷ
{0xa2a9, 0x2178}, //ⅸ
{0xa2aa, 0x2179}, //ⅹ
{0xa2b1, 0x2488}, //⒈
{0xa2b2, 0x2489}, //⒉
{0xa2b3, 0x248a}, //⒊
{0xa2b4, 0x248b}, //⒋
{0xa2b5, 0x248c}, //⒌
{0xa2b6, 0x248d}, //⒍
{0xa2b7, 0x248e}, //⒎
{0xa2b8, 0x248f}, //⒏
{0xa2b9, 0x2490}, //⒐
{0xa2ba, 0x2491}, //⒑
{0xa2bb, 0x2492}, //⒒
{0xa2bc, 0x2493}, //⒓
{0xa2bd, 0x2494}, //⒔
{0xa2be, 0x2495}, //⒕
{0xa2bf, 0x2496}, //⒖
{0xa2c0, 0x2497}, //⒗
{0xa2c1, 0x2498}, //⒘
{0xa2c2, 0x2499}, //⒙
{0xa2c3, 0x249a}, //⒚
{0xa2c4, 0x249b}, //⒛
{0xa2c5, 0x2474}, //⑴
{0xa2c6, 0x2475}, //⑵
{0xa2c7, 0x2476}, //⑶
{0xa2c8, 0x2477}, //⑷
{0xa2c9, 0x2478}, //⑸
{0xa2ca, 0x2479}, //⑹
{0xa2cb, 0x247a}, //⑺
{0xa2cc, 0x247b}, //⑻
{0xa2cd, 0x247c}, //⑼
{0xa2ce, 0x247d}, //⑽
{0xa2cf, 0x247e}, //⑾
{0xa2d0, 0x247f}, //⑿
{0xa2d1, 0x2480}, //⒀
{0xa2d2, 0x2481}, //⒁
{0xa2d3, 0x2482}, //⒂
{0xa2d4, 0x2483}, //⒃
{0xa2d5, 0x2484}, //⒄
{0xa2d6, 0x2485}, //⒅
{0xa2d7, 0x2486}, //⒆
{0xa2d8, 0x2487}, //⒇
{0xa2d9, 0x2460}, //①
{0xa2da, 0x2461}, //②
{0xa2db, 0x2462}, //③
{0xa2dc, 0x2463}, //④
{0xa2dd, 0x2464}, //⑤
{0xa2de, 0x2465}, //⑥
{0xa2df, 0x2466}, //⑦
{0xa2e0, 0x2467}, //⑧
{0xa2e1, 0x2468}, //⑨
{0xa2e2, 0x2469}, //⑩
{0xa2e5, 0x3220}, //㈠
{0xa2e6, 0x3221}, //㈡
{0xa2e7, 0x3222}, //㈢
{0xa2e8, 0x3223}, //㈣
{0xa2e9, 0x3224}, //㈤
{0xa2ea, 0x3225}, //㈥
{0xa2eb, 0x3226}, //㈦
{0xa2ec, 0x3227}, //㈧
{0xa2ed, 0x3228}, //㈨
{0xa2ee, 0x3229}, //㈩
{0xa2f1, 0x2160}, //Ⅰ
{0xa2f2, 0x2161}, //Ⅱ
{0xa2f3, 0x2162}, //Ⅲ
{0xa2f4, 0x2163}, //Ⅳ
{0xa2f5, 0x2164}, //Ⅴ
{0xa2f6, 0x2165}, //Ⅵ
{0xa2f7, 0x2166}, //Ⅶ
{0xa2f8, 0x2167}, //Ⅷ
{0xa2f9, 0x2168}, //Ⅸ
{0xa2fa, 0x2169}, //Ⅹ
{0xa2fb, 0x216a}, //Ⅺ
{0xa2fc, 0x216b}, //Ⅻ
{0xa3a1, 0xff01}, //！
{0xa3a2, 0xff02}, //＂
{0xa3a3, 0xff03}, //＃
{0xa3a4, 0xffe5}, //￥
{0xa3a5, 0xff05}, //％
{0xa3a6, 0xff06}, //＆
{0xa3a7, 0xff07}, //＇
{0xa3a8, 0xff08}, //（
{0xa3a9, 0xff09}, //）
{0xa3aa, 0xff0a}, //＊
{0xa3ab, 0xff0b}, //＋
{0xa3ac, 0xff0c}, //，
{0xa3ad, 0xff0d}, //－
{0xa3ae, 0xff0e}, //．
{0xa3af, 0xff0f}, //／
{0xa3b0, 0xff10}, //０
{0xa3b1, 0xff11}, //１
{0xa3b2, 0xff12}, //２
{0xa3b3, 0xff13}, //３
{0xa3b4, 0xff14}, //４
{0xa3b5, 0xff15}, //５
{0xa3b6, 0xff16}, //６
{0xa3b7, 0xff17}, //７
{0xa3b8, 0xff18}, //８
{0xa3b9, 0xff19}, //９
{0xa3ba, 0xff1a}, //：
{0xa3bb, 0xff1b}, //；
{0xa3bc, 0xff1c}, //＜
{0xa3bd, 0xff1d}, //＝
{0xa3be, 0xff1e}, //＞
{0xa3bf, 0xff1f}, //？
{0xa3c0, 0xff20}, //＠
{0xa3c1, 0xff21}, //Ａ
{0xa3c2, 0xff22}, //Ｂ
{0xa3c3, 0xff23}, //Ｃ
{0xa3c4, 0xff24}, //Ｄ
{0xa3c5, 0xff25}, //Ｅ
{0xa3c6, 0xff26}, //Ｆ
{0xa3c7, 0xff27}, //Ｇ
{0xa3c8, 0xff28}, //Ｈ
{0xa3c9, 0xff29}, //Ｉ
{0xa3ca, 0xff2a}, //Ｊ
{0xa3cb, 0xff2b}, //Ｋ
{0xa3cc, 0xff2c}, //Ｌ
{0xa3cd, 0xff2d}, //Ｍ
{0xa3ce, 0xff2e}, //Ｎ
{0xa3cf, 0xff2f}, //Ｏ
{0xa3d0, 0xff30}, //Ｐ
{0xa3d1, 0xff31}, //Ｑ
{0xa3d2, 0xff32}, //Ｒ
{0xa3d3, 0xff33}, //Ｓ
{0xa3d4, 0xff34}, //Ｔ
{0xa3d5, 0xff35}, //Ｕ
{0xa3d6, 0xff36}, //Ｖ
{0xa3d7, 0xff37}, //Ｗ
{0xa3d8, 0xff38}, //Ｘ
{0xa3d9, 0xff39}, //Ｙ
{0xa3da, 0xff3a}, //Ｚ
{0xa3db, 0xff3b}, //［
{0xa3dc, 0xff3c}, //＼
{0xa3dd, 0xff3d}, //］
{0xa3de, 0xff3e}, //＾
{0xa3df, 0xff3f}, //＿
{0xa3e0, 0xff40}, //｀
{0xa3e1, 0xff41}, //ａ
{0xa3e2, 0xff42}, //ｂ
{0xa3e3, 0xff43}, //ｃ
{0xa3e4, 0xff44}, //ｄ
{0xa3e5, 0xff45}, //ｅ
{0xa3e6, 0xff46}, //ｆ
{0xa3e7, 0xff47}, //ｇ
{0xa3e8, 0xff48}, //ｈ
{0xa3e9, 0xff49}, //ｉ
{0xa3ea, 0xff4a}, //ｊ
{0xa3eb, 0xff4b}, //ｋ
{0xa3ec, 0xff4c}, //ｌ
{0xa3ed, 0xff4d}, //ｍ
{0xa3ee, 0xff4e}, //ｎ
{0xa3ef, 0xff4f}, //ｏ
{0xa3f0, 0xff50}, //ｐ
{0xa3f1, 0xff51}, //ｑ
{0xa3f2, 0xff52}, //ｒ
{0xa3f3, 0xff53}, //ｓ
{0xa3f4, 0xff54}, //ｔ
{0xa3f5, 0xff55}, //ｕ
{0xa3f6, 0xff56}, //ｖ
{0xa3f7, 0xff57}, //ｗ
{0xa3f8, 0xff58}, //ｘ
{0xa3f9, 0xff59}, //ｙ
{0xa3fa, 0xff5a}, //ｚ
{0xa3fb, 0xff5b}, //｛
{0xa3fc, 0xff5c}, //｜
{0xa3fd, 0xff5d}, //｝
{0xa3fe, 0xffe3}, //￣
{0xa4a1, 0x3041}, //ぁ
{0xa4a2, 0x3042}, //あ
{0xa4a3, 0x3043}, //ぃ
{0xa4a4, 0x3044}, //い
{0xa4a5, 0x3045}, //ぅ
{0xa4a6, 0x3046}, //う
{0xa4a7, 0x3047}, //ぇ
{0xa4a8, 0x3048}, //え
{0xa4a9, 0x3049}, //ぉ
{0xa4aa, 0x304a}, //お
{0xa4ab, 0x304b}, //か
{0xa4ac, 0x304c}, //が
{0xa4ad, 0x304d}, //き
{0xa4ae, 0x304e}, //ぎ
{0xa4af, 0x304f}, //く
{0xa4b0, 0x3050}, //ぐ
{0xa4b1, 0x3051}, //け
{0xa4b2, 0x3052}, //げ
{0xa4b3, 0x3053}, //こ
{0xa4b4, 0x3054}, //ご
{0xa4b5, 0x3055}, //さ
{0xa4b6, 0x3056}, //ざ
{0xa4b7, 0x3057}, //し
{0xa4b8, 0x3058}, //じ
{0xa4b9, 0x3059}, //す
{0xa4ba, 0x305a}, //ず
{0xa4bb, 0x305b}, //せ
{0xa4bc, 0x305c}, //ぜ
{0xa4bd, 0x305d}, //そ
{0xa4be, 0x305e}, //ぞ
{0xa4bf, 0x305f}, //た
{0xa4c0, 0x3060}, //だ
{0xa4c1, 0x3061}, //ち
{0xa4c2, 0x3062}, //ぢ
{0xa4c3, 0x3063}, //っ
{0xa4c4, 0x3064}, //つ
{0xa4c5, 0x3065}, //づ
{0xa4c6, 0x3066}, //て
{0xa4c7, 0x3067}, //で
{0xa4c8, 0x3068}, //と
{0xa4c9, 0x3069}, //ど
{0xa4ca, 0x306a}, //な
{0xa4cb, 0x306b}, //に
{0xa4cc, 0x306c}, //ぬ
{0xa4cd, 0x306d}, //ね
{0xa4ce, 0x306e}, //の
{0xa4cf, 0x306f}, //は
{0xa4d0, 0x3070}, //ば
{0xa4d1, 0x3071}, //ぱ
{0xa4d2, 0x3072}, //ひ
{0xa4d3, 0x3073}, //び
{0xa4d4, 0x3074}, //ぴ
{0xa4d5, 0x3075}, //ふ
{0xa4d6, 0x3076}, //ぶ
{0xa4d7, 0x3077}, //ぷ
{0xa4d8, 0x3078}, //へ
{0xa4d9, 0x3079}, //べ
{0xa4da, 0x307a}, //ぺ
{0xa4db, 0x307b}, //ほ
{0xa4dc, 0x307c}, //ぼ
{0xa4dd, 0x307d}, //ぽ
{0xa4de, 0x307e}, //ま
{0xa4df, 0x307f}, //み
{0xa4e0, 0x3080}, //む
{0xa4e1, 0x3081}, //め
{0xa4e2, 0x3082}, //も
{0xa4e3, 0x3083}, //ゃ
{0xa4e4, 0x3084}, //や
{0xa4e5, 0x3085}, //ゅ
{0xa4e6, 0x3086}, //ゆ
{0xa4e7, 0x3087}, //ょ
{0xa4e8, 0x3088}, //よ
{0xa4e9, 0x3089}, //ら
{0xa4ea, 0x308a}, //り
{0xa4eb, 0x308b}, //る
{0xa4ec, 0x308c}, //れ
{0xa4ed, 0x308d}, //ろ
{0xa4ee, 0x308e}, //ゎ
{0xa4ef, 0x308f}, //わ
{0xa4f0, 0x3090}, //ゐ
{0xa4f1, 0x3091}, //ゑ
{0xa4f2, 0x3092}, //を
{0xa4f3, 0x3093}, //ん
{0xa5a1, 0x30a1}, //ァ
{0xa5a2, 0x30a2}, //ア
{0xa5a3, 0x30a3}, //ィ
{0xa5a4, 0x30a4}, //イ
{0xa5a5, 0x30a5}, //ゥ
{0xa5a6, 0x30a6}, //ウ
{0xa5a7, 0x30a7}, //ェ
{0xa5a8, 0x30a8}, //エ
{0xa5a9, 0x30a9}, //ォ
{0xa5aa, 0x30aa}, //オ
{0xa5ab, 0x30ab}, //カ
{0xa5ac, 0x30ac}, //ガ
{0xa5ad, 0x30ad}, //キ
{0xa5ae, 0x30ae}, //ギ
{0xa5af, 0x30af}, //ク
{0xa5b0, 0x30b0}, //グ
{0xa5b1, 0x30b1}, //ケ
{0xa5b2, 0x30b2}, //ゲ
{0xa5b3, 0x30b3}, //コ
{0xa5b4, 0x30b4}, //ゴ
{0xa5b5, 0x30b5}, //サ
{0xa5b6, 0x30b6}, //ザ
{0xa5b7, 0x30b7}, //シ
{0xa5b8, 0x30b8}, //ジ
{0xa5b9, 0x30b9}, //ス
{0xa5ba, 0x30ba}, //ズ
{0xa5bb, 0x30bb}, //セ
{0xa5bc, 0x30bc}, //ゼ
{0xa5bd, 0x30bd}, //ソ
{0xa5be, 0x30be}, //ゾ
{0xa5bf, 0x30bf}, //タ
{0xa5c0, 0x30c0}, //ダ
{0xa5c1, 0x30c1}, //チ
{0xa5c2, 0x30c2}, //ヂ
{0xa5c3, 0x30c3}, //ッ
{0xa5c4, 0x30c4}, //ツ
{0xa5c5, 0x30c5}, //ヅ
{0xa5c6, 0x30c6}, //テ
{0xa5c7, 0x30c7}, //デ
{0xa5c8, 0x30c8}, //ト
{0xa5c9, 0x30c9}, //ド
{0xa5ca, 0x30ca}, //ナ
{0xa5cb, 0x30cb}, //ニ
{0xa5cc, 0x30cc}, //ヌ
{0xa5cd, 0x30cd}, //ネ
{0xa5ce, 0x30ce}, //ノ
{0xa5cf, 0x30cf}, //ハ
{0xa5d0, 0x30d0}, //バ
{0xa5d1, 0x30d1}, //パ
{0xa5d2, 0x30d2}, //ヒ
{0xa5d3, 0x30d3}, //ビ
{0xa5d4, 0x30d4}, //ピ
{0xa5d5, 0x30d5}, //フ
{0xa5d6, 0x30d6}, //ブ
{0xa5d7, 0x30d7}, //プ
{0xa5d8, 0x30d8}, //ヘ
{0xa5d9, 0x30d9}, //ベ
{0xa5da, 0x30da}, //ペ
{0xa5db, 0x30db}, //ホ
{0xa5dc, 0x30dc}, //ボ
{0xa5dd, 0x30dd}, //ポ
{0xa5de, 0x30de}, //マ
{0xa5df, 0x30df}, //ミ
{0xa5e0, 0x30e0}, //ム
{0xa5e1, 0x30e1}, //メ
{0xa5e2, 0x30e2}, //モ
{0xa5e3, 0x30e3}, //ャ
{0xa5e4, 0x30e4}, //ヤ
{0xa5e5, 0x30e5}, //ュ
{0xa5e6, 0x30e6}, //ユ
{0xa5e7, 0x30e7}, //ョ
{0xa5e8, 0x30e8}, //ヨ
{0xa5e9, 0x30e9}, //ラ
{0xa5ea, 0x30ea}, //リ
{0xa5eb, 0x30eb}, //ル
{0xa5ec, 0x30ec}, //レ
{0xa5ed, 0x30ed}, //ロ
{0xa5ee, 0x30ee}, //ヮ
{0xa5ef, 0x30ef}, //ワ
{0xa5f0, 0x30f0}, //ヰ
{0xa5f1, 0x30f1}, //ヱ
{0xa5f2, 0x30f2}, //ヲ
{0xa5f3, 0x30f3}, //ン
{0xa5f4, 0x30f4}, //ヴ
{0xa5f5, 0x30f5}, //ヵ
{0xa5f6, 0x30f6}, //ヶ
{0xa6a1, 0x0391}, //Α
{0xa6a2, 0x0392}, //Β
{0xa6a3, 0x0393}, //Γ
{0xa6a4, 0x0394}, //Δ
{0xa6a5, 0x0395}, //Ε
{0xa6a6, 0x0396}, //Ζ
{0xa6a7, 0x0397}, //Η
{0xa6a8, 0x0398}, //Θ
{0xa6a9, 0x0399}, //Ι
{0xa6aa, 0x039a}, //Κ
{0xa6ab, 0x039b}, //Λ
{0xa6ac, 0x039c}, //Μ
{0xa6ad, 0x039d}, //Ν
{0xa6ae, 0x039e}, //Ξ
{0xa6af, 0x039f}, //Ο
{0xa6b0, 0x03a0}, //Π
{0xa6b1, 0x03a1}, //Ρ
{0xa6b2, 0x03a3}, //Σ
{0xa6b3, 0x03a4}, //Τ
{0xa6b4, 0x03a5}, //Υ
{0xa6b5, 0x03a6}, //Φ
{0xa6b6, 0x03a7}, //Χ
{0xa6b7, 0x03a8}, //Ψ
{0xa6b8, 0x03a9}, //Ω
{0xa6c1, 0x03b1}, //α
{0xa6c2, 0x03b2}, //β
{0xa6c3, 0x03b3}, //γ
{0xa6c4, 0x03b4}, //δ
{0xa6c5, 0x03b5}, //ε
{0xa6c6, 0x03b6}, //ζ
{0xa6c7, 0x03b7}, //η
{0xa6c8, 0x03b8}, //θ
{0xa6c9, 0x03b9}, //ι
{0xa6ca, 0x03ba}, //κ
{0xa6cb, 0x03bb}, //λ
{0xa6cc, 0x03bc}, //μ
{0xa6cd, 0x03bd}, //ν
{0xa6ce, 0x03be}, //ξ
{0xa6cf, 0x03bf}, //ο
{0xa6d0, 0x03c0}, //π
{0xa6d1, 0x03c1}, //ρ
{0xa6d2, 0x03c3}, //σ
{0xa6d3, 0x03c4}, //τ
{0xa6d4, 0x03c5}, //υ
{0xa6d5, 0x03c6}, //φ
{0xa6d6, 0x03c7}, //χ
{0xa6d7, 0x03c8}, //ψ
{0xa6d8, 0x03c9}, //ω
{0xa6e0, 0xfe35}, //︵
{0xa6e1, 0xfe36}, //︶
{0xa6e2, 0xfe39}, //︹
{0xa6e3, 0xfe3a}, //︺
{0xa6e4, 0xfe3f}, //︿
{0xa6e5, 0xfe40}, //﹀
{0xa6e6, 0xfe3d}, //︽
{0xa6e7, 0xfe3e}, //︾
{0xa6e8, 0xfe41}, //﹁
{0xa6e9, 0xfe42}, //﹂
{0xa6ea, 0xfe43}, //﹃
{0xa6eb, 0xfe44}, //﹄
{0xa6ee, 0xfe3b}, //︻
{0xa6ef, 0xfe3c}, //︼
{0xa6f0, 0xfe37}, //︷
{0xa6f1, 0xfe38}, //︸
{0xa6f2, 0xfe31}, //︱
{0xa6f4, 0xfe33}, //︳
{0xa6f5, 0xfe34}, //︴
{0xa7a1, 0x0410}, //А
{0xa7a2, 0x0411}, //Б
{0xa7a3, 0x0412}, //В
{0xa7a4, 0x0413}, //Г
{0xa7a5, 0x0414}, //Д
{0xa7a6, 0x0415}, //Е
{0xa7a7, 0x0401}, //Ё
{0xa7a8, 0x0416}, //Ж
{0xa7a9, 0x0417}, //З
{0xa7aa, 0x0418}, //И
{0xa7ab, 0x0419}, //Й
{0xa7ac, 0x041a}, //К
{0xa7ad, 0x041b}, //Л
{0xa7ae, 0x041c}, //М
{0xa7af, 0x041d}, //Н
{0xa7b0, 0x041e}, //О
{0xa7b1, 0x041f}, //П
{0xa7b2, 0x0420}, //Р
{0xa7b3, 0x0421}, //С
{0xa7b4, 0x0422}, //Т
{0xa7b5, 0x0423}, //У
{0xa7b6, 0x0424}, //Ф
{0xa7b7, 0x0425}, //Х
{0xa7b8, 0x0426}, //Ц
{0xa7b9, 0x0427}, //Ч
{0xa7ba, 0x0428}, //Ш
{0xa7bb, 0x0429}, //Щ
{0xa7bc, 0x042a}, //Ъ
{0xa7bd, 0x042b}, //Ы
{0xa7be, 0x042c}, //Ь
{0xa7bf, 0x042d}, //Э
{0xa7c0, 0x042e}, //Ю
{0xa7c1, 0x042f}, //Я
{0xa7d1, 0x0430}, //а
{0xa7d2, 0x0431}, //б
{0xa7d3, 0x0432}, //в
{0xa7d4, 0x0433}, //г
{0xa7d5, 0x0434}, //д
{0xa7d6, 0x0435}, //е
{0xa7d7, 0x0451}, //ё
{0xa7d8, 0x0436}, //ж
{0xa7d9, 0x0437}, //з
{0xa7da, 0x0438}, //и
{0xa7db, 0x0439}, //й
{0xa7dc, 0x043a}, //к
{0xa7dd, 0x043b}, //л
{0xa7de, 0x043c}, //м
{0xa7df, 0x043d}, //н
{0xa7e0, 0x043e}, //о
{0xa7e1, 0x043f}, //п
{0xa7e2, 0x0440}, //р
{0xa7e3, 0x0441}, //с
{0xa7e4, 0x0442}, //т
{0xa7e5, 0x0443}, //у
{0xa7e6, 0x0444}, //ф
{0xa7e7, 0x0445}, //х
{0xa7e8, 0x0446}, //ц
{0xa7e9, 0x0447}, //ч
{0xa7ea, 0x0448}, //ш
{0xa7eb, 0x0449}, //щ
{0xa7ec, 0x044a}, //ъ
{0xa7ed, 0x044b}, //ы
{0xa7ee, 0x044c}, //ь
{0xa7ef, 0x044d}, //э
{0xa7f0, 0x044e}, //ю
{0xa7f1, 0x044f}, //я
{0xa840, 0x02ca}, //ˊ
{0xa841, 0x02cb}, //ˋ
{0xa842, 0x02d9}, //˙
{0xa843, 0x2013}, //–
{0xa844, 0x2015}, //―
{0xa845, 0x2025}, //‥
{0xa846, 0x2035}, //‵
{0xa847, 0x2105}, //℅
{0xa848, 0x2109}, //℉
{0xa849, 0x2196}, //↖
{0xa84a, 0x2197}, //↗
{0xa84b, 0x2198}, //↘
{0xa84c, 0x2199}, //↙
{0xa84d, 0x2215}, //∕
{0xa84e, 0x221f}, //∟
{0xa84f, 0x2223}, //∣
{0xa850, 0x2252}, //≒
{0xa851, 0x2266}, //≦
{0xa852, 0x2267}, //≧
{0xa853, 0x22bf}, //⊿
{0xa854, 0x2550}, //═
{0xa855, 0x2551}, //║
{0xa856, 0x2552}, //╒
{0xa857, 0x2553}, //╓
{0xa858, 0x2554}, //╔
{0xa859, 0x2555}, //╕
{0xa85a, 0x2556}, //╖
{0xa85b, 0x2557}, //╗
{0xa85c, 0x2558}, //╘
{0xa85d, 0x2559}, //╙
{0xa85e, 0x255a}, //╚
{0xa85f, 0x255b}, //╛
{0xa860, 0x255c}, //╜
{0xa861, 0x255d}, //╝
{0xa862, 0x255e}, //╞
{0xa863, 0x255f}, //╟
{0xa864, 0x2560}, //╠
{0xa865, 0x2561}, //╡
{0xa866, 0x2562}, //╢
{0xa867, 0x2563}, //╣
{0xa868, 0x2564}, //╤
{0xa869, 0x2565}, //╥
{0xa86a, 0x2566}, //╦
{0xa86b, 0x2567}, //╧
{0xa86c, 0x2568}, //╨
{0xa86d, 0x2569}, //╩
{0xa86e, 0x256a}, //╪
{0xa86f, 0x256b}, //╫
{0xa870, 0x256c}, //╬
{0xa871, 0x256d}, //╭
{0xa872, 0x256e}, //╮
{0xa873, 0x256f}, //╯
{0xa874, 0x2570}, //╰
{0xa875, 0x2571}, //╱
{0xa876, 0x2572}, //╲
{0xa877, 0x2573}, //╳
{0xa878, 0x2581}, //▁
{0xa879, 0x2582}, //▂
{0xa87a, 0x2583}, //▃
{0xa87b, 0x2584}, //▄
{0xa87c, 0x2585}, //▅
{0xa87d, 0x2586}, //▆
{0xa87e, 0x2587}, //▇
{0xa880, 0x2588}, //█
{0xa881, 0x2589}, //▉
{0xa882, 0x258a}, //▊
{0xa883, 0x258b}, //▋
{0xa884, 0x258c}, //▌
{0xa885, 0x258d}, //▍
{0xa886, 0x258e}, //▎
{0xa887, 0x258f}, //▏
{0xa888, 0x2593}, //▓
{0xa889, 0x2594}, //▔
{0xa88a, 0x2595}, //▕
{0xa88b, 0x25bc}, //▼
{0xa88c, 0x25bd}, //▽
{0xa88d, 0x25e2}, //◢
{0xa88e, 0x25e3}, //◣
{0xa88f, 0x25e4}, //◤
{0xa890, 0x25e5}, //◥
{0xa891, 0x2609}, //☉
{0xa892, 0x2295}, //⊕
{0xa893, 0x3012}, //〒
{0xa894, 0x301d}, //〝
{0xa895, 0x301e}, //〞
{0xa8a1, 0x0101}, //ā
{0xa8a2, 0x00e1}, //á
{0xa8a3, 0x01ce}, //ǎ
{0xa8a4, 0x00e0}, //à
{0xa8a5, 0x0113}, //ē
{0xa8a6, 0x00e9}, //é
{0xa8a7, 0x011b}, //ě
{0xa8a8, 0x00e8}, //è
{0xa8a9, 0x012b}, //ī
{0xa8aa, 0x00ed}, //í
{0xa8ab, 0x01d0}, //ǐ
{0xa8ac, 0x00ec}, //ì
{0xa8ad, 0x014d}, //ō
{0xa8ae, 0x00f3}, //ó
{0xa8af, 0x01d2}, //ǒ
{0xa8b0, 0x00f2}, //ò
{0xa8b1, 0x016b}, //ū
{0xa8b2, 0x00fa}, //ú
{0xa8b3, 0x01d4}, //ǔ
{0xa8b4, 0x00f9}, //ù
{0xa8b5, 0x01d6}, //ǖ
{0xa8b6, 0x01d8}, //ǘ
{0xa8b7, 0x01da}, //ǚ
{0xa8b8, 0x01dc}, //ǜ
{0xa8b9, 0x00fc}, //ü
{0xa8ba, 0x00ea}, //ê
{0xa8bb, 0x0251}, //ɑ
{0xa8bd, 0x0144}, //ń
{0xa8be, 0x0148}, //ň
{0xa8c0, 0x0261}, //ɡ
{0xa8c5, 0x3105}, //ㄅ
{0xa8c6, 0x3106}, //ㄆ
{0xa8c7, 0x3107}, //ㄇ
{0xa8c8, 0x3108}, //ㄈ
{0xa8c9, 0x3109}, //ㄉ
{0xa8ca, 0x310a}, //ㄊ
{0xa8cb, 0x310b}, //ㄋ
{0xa8cc, 0x310c}, //ㄌ
{0xa8cd, 0x310d}, //ㄍ
{0xa8ce, 0x310e}, //ㄎ
{0xa8cf, 0x310f}, //ㄏ
{0xa8d0, 0x3110}, //ㄐ
{0xa8d1, 0x3111}, //ㄑ
{0xa8d2, 0x3112}, //ㄒ
{0xa8d3, 0x3113}, //ㄓ
{0xa8d4, 0x3114}, //ㄔ
{0xa8d5, 0x3115}, //ㄕ
{0xa8d6, 0x3116}, //ㄖ
{0xa8d7, 0x3117}, //ㄗ
{0xa8d8, 0x3118}, //ㄘ
{0xa8d9, 0x3119}, //ㄙ
{0xa8da, 0x311a}, //ㄚ
{0xa8db, 0x311b}, //ㄛ
{0xa8dc, 0x311c}, //ㄜ
{0xa8dd, 0x311d}, //ㄝ
{0xa8de, 0x311e}, //ㄞ
{0xa8df, 0x311f}, //ㄟ
{0xa8e0, 0x3120}, //ㄠ
{0xa8e1, 0x3121}, //ㄡ
{0xa8e2, 0x3122}, //ㄢ
{0xa8e3, 0x3123}, //ㄣ
{0xa8e4, 0x3124}, //ㄤ
{0xa8e5, 0x3125}, //ㄥ
{0xa8e6, 0x3126}, //ㄦ
{0xa8e7, 0x3127}, //ㄧ
{0xa8e8, 0x3128}, //ㄨ
{0xa8e9, 0x3129}, //ㄩ
{0xa940, 0x3021}, //〡
{0xa941, 0x3022}, //〢
{0xa942, 0x3023}, //〣
{0xa943, 0x3024}, //〤
{0xa944, 0x3025}, //〥
{0xa945, 0x3026}, //〦
{0xa946, 0x3027}, //〧
{0xa947, 0x3028}, //〨
{0xa948, 0x3029}, //〩
{0xa949, 0x32a3}, //㊣
{0xa94a, 0x338e}, //㎎
{0xa94b, 0x338f}, //㎏
{0xa94c, 0x339c}, //㎜
{0xa94d, 0x339d}, //㎝
{0xa94e, 0x339e}, //㎞
{0xa94f, 0x33a1}, //㎡
{0xa950, 0x33c4}, //㏄
{0xa951, 0x33ce}, //㏎
{0xa952, 0x33d1}, //㏑
{0xa953, 0x33d2}, //㏒
{0xa954, 0x33d5}, //㏕
{0xa955, 0xfe30}, //︰
{0xa956, 0xffe2}, //￢
{0xa957, 0xffe4}, //￤
{0xa959, 0x2121}, //℡
{0xa95a, 0x3231}, //㈱
{0xa95c, 0x2010}, //‐
{0xa960, 0x30fc}, //ー
{0xa961, 0x309b}, //゛
{0xa962, 0x309c}, //゜
{0xa963, 0x30fd}, //ヽ
{0xa964, 0x30fe}, //ヾ
{0xa965, 0x3006}, //〆
{0xa966, 0x309d}, //ゝ
{0xa967, 0x309e}, //ゞ
{0xa968, 0xfe49}, //﹉
{0xa969, 0xfe4a}, //﹊
{0xa96a, 0xfe4b}, //﹋
{0xa96b, 0xfe4c}, //﹌
{0xa96c, 0xfe4d}, //﹍
{0xa96d, 0xfe4e}, //﹎
{0xa96e, 0xfe4f}, //﹏
{0xa96f, 0xfe50}, //﹐
{0xa970, 0xfe51}, //﹑
{0xa971, 0xfe52}, //﹒
{0xa972, 0xfe54}, //﹔
{0xa973, 0xfe55}, //﹕
{0xa974, 0xfe56}, //﹖
{0xa975, 0xfe57}, //﹗
{0xa976, 0xfe59}, //﹙
{0xa977, 0xfe5a}, //﹚
{0xa978, 0xfe5b}, //﹛
{0xa979, 0xfe5c}, //﹜
{0xa97a, 0xfe5d}, //﹝
{0xa97b, 0xfe5e}, //﹞
{0xa97c, 0xfe5f}, //﹟
{0xa97d, 0xfe60}, //﹠
{0xa97e, 0xfe61}, //﹡
{0xa980, 0xfe62}, //﹢
{0xa981, 0xfe63}, //﹣
{0xa982, 0xfe64}, //﹤
{0xa983, 0xfe65}, //﹥
{0xa984, 0xfe66}, //﹦
{0xa985, 0xfe68}, //﹨
{0xa986, 0xfe69}, //﹩
{0xa987, 0xfe6a}, //﹪
{0xa988, 0xfe6b}, //﹫
{0xa996, 0x3007}, //〇
{0xa9a4, 0x2500}, //─
{0xa9a5, 0x2501}, //━
{0xa9a6, 0x2502}, //│
{0xa9a7, 0x2503}, //┃
{0xa9a8, 0x2504}, //┄
{0xa9a9, 0x2505}, //┅
{0xa9aa, 0x2506}, //┆
{0xa9ab, 0x2507}, //┇
{0xa9ac, 0x2508}, //┈
{0xa9ad, 0x2509}, //┉
{0xa9ae, 0x250a}, //┊
{0xa9af, 0x250b}, //┋
{0xa9b0, 0x250c}, //┌
{0xa9b1, 0x250d}, //┍
{0xa9b2, 0x250e}, //┎
{0xa9b3, 0x250f}, //┏
{0xa9b4, 0x2510}, //┐
{0xa9b5, 0x2511}, //┑
{0xa9b6, 0x2512}, //┒
{0xa9b7, 0x2513}, //┓
{0xa9b8, 0x2514}, //└
{0xa9b9, 0x2515}, //┕
{0xa9ba, 0x2516}, //┖
{0xa9bb, 0x2517}, //┗
{0xa9bc, 0x2518}, //┘
{0xa9bd, 0x2519}, //┙
{0xa9be, 0x251a}, //┚
{0xa9bf, 0x251b}, //┛
{0xa9c0, 0x251c}, //├
{0xa9c1, 0x251d}, //┝
{0xa9c2, 0x251e}, //┞
{0xa9c3, 0x251f}, //┟
{0xa9c4, 0x2520}, //┠
{0xa9c5, 0x2521}, //┡
{0xa9c6, 0x2522}, //┢
{0xa9c7, 0x2523}, //┣
{0xa9c8, 0x2524}, //┤
{0xa9c9, 0x2525}, //┥
{0xa9ca, 0x2526}, //┦
{0xa9cb, 0x2527}, //┧
{0xa9cc, 0x2528}, //┨
{0xa9cd, 0x2529}, //┩
{0xa9ce, 0x252a}, //┪
{0xa9cf, 0x252b}, //┫
{0xa9d0, 0x252c}, //┬
{0xa9d1, 0x252d}, //┭
{0xa9d2, 0x252e}, //┮
{0xa9d3, 0x252f}, //┯
{0xa9d4, 0x2530}, //┰
{0xa9d5, 0x2531}, //┱
{0xa9d6, 0x2532}, //┲
{0xa9d7, 0x2533}, //┳
{0xa9d8, 0x2534}, //┴
{0xa9d9, 0x2535}, //┵
{0xa9da, 0x2536}, //┶
{0xa9db, 0x2537}, //┷
{0xa9dc, 0x2538}, //┸
{0xa9dd, 0x2539}, //┹
{0xa9de, 0x253a}, //┺
{0xa9df, 0x253b}, //┻
{0xa9e0, 0x253c}, //┼
{0xa9e1, 0x253d}, //┽
{0xa9e2, 0x253e}, //┾
{0xa9e3, 0x253f}, //┿
{0xa9e4, 0x2540}, //╀
{0xa9e5, 0x2541}, //╁
{0xa9e6, 0x2542}, //╂
{0xa9e7, 0x2543}, //╃
{0xa9e8, 0x2544}, //╄
{0xa9e9, 0x2545}, //╅
{0xa9ea, 0x2546}, //╆
{0xa9eb, 0x2547}, //╇
{0xa9ec, 0x2548}, //╈
{0xa9ed, 0x2549}, //╉
{0xa9ee, 0x254a}, //╊
{0xa9ef, 0x254b}, //╋
{0xaa40, 0x72dc}, //狜
{0xaa41, 0x72dd}, //狝
{0xaa42, 0x72df}, //狟
{0xaa43, 0x72e2}, //狢
{0xaa44, 0x72e3}, //狣
{0xaa45, 0x72e4}, //狤
{0xaa46, 0x72e5}, //狥
{0xaa47, 0x72e6}, //狦
{0xaa48, 0x72e7}, //狧
{0xaa49, 0x72ea}, //狪
{0xaa4a, 0x72eb}, //狫
{0xaa4b, 0x72f5}, //狵
{0xaa4c, 0x72f6}, //狶
{0xaa4d, 0x72f9}, //狹
{0xaa4e, 0x72fd}, //狽
{0xaa4f, 0x72fe}, //狾
{0xaa50, 0x72ff}, //狿
{0xaa51, 0x7300}, //猀
{0xaa52, 0x7302}, //猂
{0xaa53, 0x7304}, //猄
{0xaa54, 0x7305}, //猅
{0xaa55, 0x7306}, //猆
{0xaa56, 0x7307}, //猇
{0xaa57, 0x7308}, //猈
{0xaa58, 0x7309}, //猉
{0xaa59, 0x730b}, //猋
{0xaa5a, 0x730c}, //猌
{0xaa5b, 0x730d}, //猍
{0xaa5c, 0x730f}, //猏
{0xaa5d, 0x7310}, //猐
{0xaa5e, 0x7311}, //猑
{0xaa5f, 0x7312}, //猒
{0xaa60, 0x7314}, //猔
{0xaa61, 0x7318}, //猘
{0xaa62, 0x7319}, //猙
{0xaa63, 0x731a}, //猚
{0xaa64, 0x731f}, //猟
{0xaa65, 0x7320}, //猠
{0xaa66, 0x7323}, //猣
{0xaa67, 0x7324}, //猤
{0xaa68, 0x7326}, //猦
{0xaa69, 0x7327}, //猧
{0xaa6a, 0x7328}, //猨
{0xaa6b, 0x732d}, //猭
{0xaa6c, 0x732f}, //猯
{0xaa6d, 0x7330}, //猰
{0xaa6e, 0x7332}, //猲
{0xaa6f, 0x7333}, //猳
{0xaa70, 0x7335}, //猵
{0xaa71, 0x7336}, //猶
{0xaa72, 0x733a}, //猺
{0xaa73, 0x733b}, //猻
{0xaa74, 0x733c}, //猼
{0xaa75, 0x733d}, //猽
{0xaa76, 0x7340}, //獀
{0xaa77, 0x7341}, //獁
{0xaa78, 0x7342}, //獂
{0xaa79, 0x7343}, //獃
{0xaa7a, 0x7344}, //獄
{0xaa7b, 0x7345}, //獅
{0xaa7c, 0x7346}, //獆
{0xaa7d, 0x7347}, //獇
{0xaa7e, 0x7348}, //獈
{0xaa80, 0x7349}, //獉
{0xaa81, 0x734a}, //獊
{0xaa82, 0x734b}, //獋
{0xaa83, 0x734c}, //獌
{0xaa84, 0x734e}, //獎
{0xaa85, 0x734f}, //獏
{0xaa86, 0x7351}, //獑
{0xaa87, 0x7353}, //獓
{0xaa88, 0x7354}, //獔
{0xaa89, 0x7355}, //獕
{0xaa8a, 0x7356}, //獖
{0xaa8b, 0x7358}, //獘
{0xaa8c, 0x7359}, //獙
{0xaa8d, 0x735a}, //獚
{0xaa8e, 0x735b}, //獛
{0xaa8f, 0x735c}, //獜
{0xaa90, 0x735d}, //獝
{0xaa91, 0x735e}, //獞
{0xaa92, 0x735f}, //獟
{0xaa93, 0x7361}, //獡
{0xaa94, 0x7362}, //獢
{0xaa95, 0x7363}, //獣
{0xaa96, 0x7364}, //獤
{0xaa97, 0x7365}, //獥
{0xaa98, 0x7366}, //獦
{0xaa99, 0x7367}, //獧
{0xaa9a, 0x7368}, //獨
{0xaa9b, 0x7369}, //獩
{0xaa9c, 0x736a}, //獪
{0xaa9d, 0x736b}, //獫
{0xaa9e, 0x736e}, //獮
{0xaa9f, 0x7370}, //獰
{0xaaa0, 0x7371}, //獱
{0xab40, 0x7372}, //獲
{0xab41, 0x7373}, //獳
{0xab42, 0x7374}, //獴
{0xab43, 0x7375}, //獵
{0xab44, 0x7376}, //獶
{0xab45, 0x7377}, //獷
{0xab46, 0x7378}, //獸
{0xab47, 0x7379}, //獹
{0xab48, 0x737a}, //獺
{0xab49, 0x737b}, //獻
{0xab4a, 0x737c}, //獼
{0xab4b, 0x737d}, //獽
{0xab4c, 0x737f}, //獿
{0xab4d, 0x7380}, //玀
{0xab4e, 0x7381}, //玁
{0xab4f, 0x7382}, //玂
{0xab50, 0x7383}, //玃
{0xab51, 0x7385}, //玅
{0xab52, 0x7386}, //玆
{0xab53, 0x7388}, //玈
{0xab54, 0x738a}, //玊
{0xab55, 0x738c}, //玌
{0xab56, 0x738d}, //玍
{0xab57, 0x738f}, //玏
{0xab58, 0x7390}, //玐
{0xab59, 0x7392}, //玒
{0xab5a, 0x7393}, //玓
{0xab5b, 0x7394}, //玔
{0xab5c, 0x7395}, //玕
{0xab5d, 0x7397}, //玗
{0xab5e, 0x7398}, //玘
{0xab5f, 0x7399}, //玙
{0xab60, 0x739a}, //玚
{0xab61, 0x739c}, //玜
{0xab62, 0x739d}, //玝
{0xab63, 0x739e}, //玞
{0xab64, 0x73a0}, //玠
{0xab65, 0x73a1}, //玡
{0xab66, 0x73a3}, //玣
{0xab67, 0x73a4}, //玤
{0xab68, 0x73a5}, //玥
{0xab69, 0x73a6}, //玦
{0xab6a, 0x73a7}, //玧
{0xab6b, 0x73a8}, //玨
{0xab6c, 0x73aa}, //玪
{0xab6d, 0x73ac}, //玬
{0xab6e, 0x73ad}, //玭
{0xab6f, 0x73b1}, //玱
{0xab70, 0x73b4}, //玴
{0xab71, 0x73b5}, //玵
{0xab72, 0x73b6}, //玶
{0xab73, 0x73b8}, //玸
{0xab74, 0x73b9}, //玹
{0xab75, 0x73bc}, //玼
{0xab76, 0x73bd}, //玽
{0xab77, 0x73be}, //玾
{0xab78, 0x73bf}, //玿
{0xab79, 0x73c1}, //珁
{0xab7a, 0x73c3}, //珃
{0xab7b, 0x73c4}, //珄
{0xab7c, 0x73c5}, //珅
{0xab7d, 0x73c6}, //珆
{0xab7e, 0x73c7}, //珇
{0xab80, 0x73cb}, //珋
{0xab81, 0x73cc}, //珌
{0xab82, 0x73ce}, //珎
{0xab83, 0x73d2}, //珒
{0xab84, 0x73d3}, //珓
{0xab85, 0x73d4}, //珔
{0xab86, 0x73d5}, //珕
{0xab87, 0x73d6}, //珖
{0xab88, 0x73d7}, //珗
{0xab89, 0x73d8}, //珘
{0xab8a, 0x73da}, //珚
{0xab8b, 0x73db}, //珛
{0xab8c, 0x73dc}, //珜
{0xab8d, 0x73dd}, //珝
{0xab8e, 0x73df}, //珟
{0xab8f, 0x73e1}, //珡
{0xab90, 0x73e2}, //珢
{0xab91, 0x73e3}, //珣
{0xab92, 0x73e4}, //珤
{0xab93, 0x73e6}, //珦
{0xab94, 0x73e8}, //珨
{0xab95, 0x73ea}, //珪
{0xab96, 0x73eb}, //珫
{0xab97, 0x73ec}, //珬
{0xab98, 0x73ee}, //珮
{0xab99, 0x73ef}, //珯
{0xab9a, 0x73f0}, //珰
{0xab9b, 0x73f1}, //珱
{0xab9c, 0x73f3}, //珳
{0xab9d, 0x73f4}, //珴
{0xab9e, 0x73f5}, //珵
{0xab9f, 0x73f6}, //珶
{0xaba0, 0x73f7}, //珷
{0xac40, 0x73f8}, //珸
{0xac41, 0x73f9}, //珹
{0xac42, 0x73fa}, //珺
{0xac43, 0x73fb}, //珻
{0xac44, 0x73fc}, //珼
{0xac45, 0x73fd}, //珽
{0xac46, 0x73fe}, //現
{0xac47, 0x73ff}, //珿
{0xac48, 0x7400}, //琀
{0xac49, 0x7401}, //琁
{0xac4a, 0x7402}, //琂
{0xac4b, 0x7404}, //琄
{0xac4c, 0x7407}, //琇
{0xac4d, 0x7408}, //琈
{0xac4e, 0x740b}, //琋
{0xac4f, 0x740c}, //琌
{0xac50, 0x740d}, //琍
{0xac51, 0x740e}, //琎
{0xac52, 0x7411}, //琑
{0xac53, 0x7412}, //琒
{0xac54, 0x7413}, //琓
{0xac55, 0x7414}, //琔
{0xac56, 0x7415}, //琕
{0xac57, 0x7416}, //琖
{0xac58, 0x7417}, //琗
{0xac59, 0x7418}, //琘
{0xac5a, 0x7419}, //琙
{0xac5b, 0x741c}, //琜
{0xac5c, 0x741d}, //琝
{0xac5d, 0x741e}, //琞
{0xac5e, 0x741f}, //琟
{0xac5f, 0x7420}, //琠
{0xac60, 0x7421}, //琡
{0xac61, 0x7423}, //琣
{0xac62, 0x7424}, //琤
{0xac63, 0x7427}, //琧
{0xac64, 0x7429}, //琩
{0xac65, 0x742b}, //琫
{0xac66, 0x742d}, //琭
{0xac67, 0x742f}, //琯
{0xac68, 0x7431}, //琱
{0xac69, 0x7432}, //琲
{0xac6a, 0x7437}, //琷
{0xac6b, 0x7438}, //琸
{0xac6c, 0x7439}, //琹
{0xac6d, 0x743a}, //琺
{0xac6e, 0x743b}, //琻
{0xac6f, 0x743d}, //琽
{0xac70, 0x743e}, //琾
{0xac71, 0x743f}, //琿
{0xac72, 0x7440}, //瑀
{0xac73, 0x7442}, //瑂
{0xac74, 0x7443}, //瑃
{0xac75, 0x7444}, //瑄
{0xac76, 0x7445}, //瑅
{0xac77, 0x7446}, //瑆
{0xac78, 0x7447}, //瑇
{0xac79, 0x7448}, //瑈
{0xac7a, 0x7449}, //瑉
{0xac7b, 0x744a}, //瑊
{0xac7c, 0x744b}, //瑋
{0xac7d, 0x744c}, //瑌
{0xac7e, 0x744d}, //瑍
{0xac80, 0x744e}, //瑎
{0xac81, 0x744f}, //瑏
{0xac82, 0x7450}, //瑐
{0xac83, 0x7451}, //瑑
{0xac84, 0x7452}, //瑒
{0xac85, 0x7453}, //瑓
{0xac86, 0x7454}, //瑔
{0xac87, 0x7456}, //瑖
{0xac88, 0x7458}, //瑘
{0xac89, 0x745d}, //瑝
{0xac8a, 0x7460}, //瑠
{0xac8b, 0x7461}, //瑡
{0xac8c, 0x7462}, //瑢
{0xac8d, 0x7463}, //瑣
{0xac8e, 0x7464}, //瑤
{0xac8f, 0x7465}, //瑥
{0xac90, 0x7466}, //瑦
{0xac91, 0x7467}, //瑧
{0xac92, 0x7468}, //瑨
{0xac93, 0x7469}, //瑩
{0xac94, 0x746a}, //瑪
{0xac95, 0x746b}, //瑫
{0xac96, 0x746c}, //瑬
{0xac97, 0x746e}, //瑮
{0xac98, 0x746f}, //瑯
{0xac99, 0x7471}, //瑱
{0xac9a, 0x7472}, //瑲
{0xac9b, 0x7473}, //瑳
{0xac9c, 0x7474}, //瑴
{0xac9d, 0x7475}, //瑵
{0xac9e, 0x7478}, //瑸
{0xac9f, 0x7479}, //瑹
{0xaca0, 0x747a}, //瑺
{0xad40, 0x747b}, //瑻
{0xad41, 0x747c}, //瑼
{0xad42, 0x747d}, //瑽
{0xad43, 0x747f}, //瑿
{0xad44, 0x7482}, //璂
{0xad45, 0x7484}, //璄
{0xad46, 0x7485}, //璅
{0xad47, 0x7486}, //璆
{0xad48, 0x7488}, //璈
{0xad49, 0x7489}, //璉
{0xad4a, 0x748a}, //璊
{0xad4b, 0x748c}, //璌
{0xad4c, 0x748d}, //璍
{0xad4d, 0x748f}, //璏
{0xad4e, 0x7491}, //璑
{0xad4f, 0x7492}, //璒
{0xad50, 0x7493}, //璓
{0xad51, 0x7494}, //璔
{0xad52, 0x7495}, //璕
{0xad53, 0x7496}, //璖
{0xad54, 0x7497}, //璗
{0xad55, 0x7498}, //璘
{0xad56, 0x7499}, //璙
{0xad57, 0x749a}, //璚
{0xad58, 0x749b}, //璛
{0xad59, 0x749d}, //璝
{0xad5a, 0x749f}, //璟
{0xad5b, 0x74a0}, //璠
{0xad5c, 0x74a1}, //璡
{0xad5d, 0x74a2}, //璢
{0xad5e, 0x74a3}, //璣
{0xad5f, 0x74a4}, //璤
{0xad60, 0x74a5}, //璥
{0xad61, 0x74a6}, //璦
{0xad62, 0x74aa}, //璪
{0xad63, 0x74ab}, //璫
{0xad64, 0x74ac}, //璬
{0xad65, 0x74ad}, //璭
{0xad66, 0x74ae}, //璮
{0xad67, 0x74af}, //璯
{0xad68, 0x74b0}, //環
{0xad69, 0x74b1}, //璱
{0xad6a, 0x74b2}, //璲
{0xad6b, 0x74b3}, //璳
{0xad6c, 0x74b4}, //璴
{0xad6d, 0x74b5}, //璵
{0xad6e, 0x74b6}, //璶
{0xad6f, 0x74b7}, //璷
{0xad70, 0x74b8}, //璸
{0xad71, 0x74b9}, //璹
{0xad72, 0x74bb}, //璻
{0xad73, 0x74bc}, //璼
{0xad74, 0x74bd}, //璽
{0xad75, 0x74be}, //璾
{0xad76, 0x74bf}, //璿
{0xad77, 0x74c0}, //瓀
{0xad78, 0x74c1}, //瓁
{0xad79, 0x74c2}, //瓂
{0xad7a, 0x74c3}, //瓃
{0xad7b, 0x74c4}, //瓄
{0xad7c, 0x74c5}, //瓅
{0xad7d, 0x74c6}, //瓆
{0xad7e, 0x74c7}, //瓇
{0xad80, 0x74c8}, //瓈
{0xad81, 0x74c9}, //瓉
{0xad82, 0x74ca}, //瓊
{0xad83, 0x74cb}, //瓋
{0xad84, 0x74cc}, //瓌
{0xad85, 0x74cd}, //瓍
{0xad86, 0x74ce}, //瓎
{0xad87, 0x74cf}, //瓏
{0xad88, 0x74d0}, //瓐
{0xad89, 0x74d1}, //瓑
{0xad8a, 0x74d3}, //瓓
{0xad8b, 0x74d4}, //瓔
{0xad8c, 0x74d5}, //瓕
{0xad8d, 0x74d6}, //瓖
{0xad8e, 0x74d7}, //瓗
{0xad8f, 0x74d8}, //瓘
{0xad90, 0x74d9}, //瓙
{0xad91, 0x74da}, //瓚
{0xad92, 0x74db}, //瓛
{0xad93, 0x74dd}, //瓝
{0xad94, 0x74df}, //瓟
{0xad95, 0x74e1}, //瓡
{0xad96, 0x74e5}, //瓥
{0xad97, 0x74e7}, //瓧
{0xad98, 0x74e8}, //瓨
{0xad99, 0x74e9}, //瓩
{0xad9a, 0x74ea}, //瓪
{0xad9b, 0x74eb}, //瓫
{0xad9c, 0x74ec}, //瓬
{0xad9d, 0x74ed}, //瓭
{0xad9e, 0x74f0}, //瓰
{0xad9f, 0x74f1}, //瓱
{0xada0, 0x74f2}, //瓲
{0xae40, 0x74f3}, //瓳
{0xae41, 0x74f5}, //瓵
{0xae42, 0x74f8}, //瓸
{0xae43, 0x74f9}, //瓹
{0xae44, 0x74fa}, //瓺
{0xae45, 0x74fb}, //瓻
{0xae46, 0x74fc}, //瓼
{0xae47, 0x74fd}, //瓽
{0xae48, 0x74fe}, //瓾
{0xae49, 0x7500}, //甀
{0xae4a, 0x7501}, //甁
{0xae4b, 0x7502}, //甂
{0xae4c, 0x7503}, //甃
{0xae4d, 0x7505}, //甅
{0xae4e, 0x7506}, //甆
{0xae4f, 0x7507}, //甇
{0xae50, 0x7508}, //甈
{0xae51, 0x7509}, //甉
{0xae52, 0x750a}, //甊
{0xae53, 0x750b}, //甋
{0xae54, 0x750c}, //甌
{0xae55, 0x750e}, //甎
{0xae56, 0x7510}, //甐
{0xae57, 0x7512}, //甒
{0xae58, 0x7514}, //甔
{0xae59, 0x7515}, //甕
{0xae5a, 0x7516}, //甖
{0xae5b, 0x7517}, //甗
{0xae5c, 0x751b}, //甛
{0xae5d, 0x751d}, //甝
{0xae5e, 0x751e}, //甞
{0xae5f, 0x7520}, //甠
{0xae60, 0x7521}, //甡
{0xae61, 0x7522}, //產
{0xae62, 0x7523}, //産
{0xae63, 0x7524}, //甤
{0xae64, 0x7526}, //甦
{0xae65, 0x7527}, //甧
{0xae66, 0x752a}, //甪
{0xae67, 0x752e}, //甮
{0xae68, 0x7534}, //甴
{0xae69, 0x7536}, //甶
{0xae6a, 0x7539}, //甹
{0xae6b, 0x753c}, //甼
{0xae6c, 0x753d}, //甽
{0xae6d, 0x753f}, //甿
{0xae6e, 0x7541}, //畁
{0xae6f, 0x7542}, //畂
{0xae70, 0x7543}, //畃
{0xae71, 0x7544}, //畄
{0xae72, 0x7546}, //畆
{0xae73, 0x7547}, //畇
{0xae74, 0x7549}, //畉
{0xae75, 0x754a}, //畊
{0xae76, 0x754d}, //畍
{0xae77, 0x7550}, //畐
{0xae78, 0x7551}, //畑
{0xae79, 0x7552}, //畒
{0xae7a, 0x7553}, //畓
{0xae7b, 0x7555}, //畕
{0xae7c, 0x7556}, //畖
{0xae7d, 0x7557}, //畗
{0xae7e, 0x7558}, //畘
{0xae80, 0x755d}, //畝
{0xae81, 0x755e}, //畞
{0xae82, 0x755f}, //畟
{0xae83, 0x7560}, //畠
{0xae84, 0x7561}, //畡
{0xae85, 0x7562}, //畢
{0xae86, 0x7563}, //畣
{0xae87, 0x7564}, //畤
{0xae88, 0x7567}, //畧
{0xae89, 0x7568}, //畨
{0xae8a, 0x7569}, //畩
{0xae8b, 0x756b}, //畫
{0xae8c, 0x756c}, //畬
{0xae8d, 0x756d}, //畭
{0xae8e, 0x756e}, //畮
{0xae8f, 0x756f}, //畯
{0xae90, 0x7570}, //異
{0xae91, 0x7571}, //畱
{0xae92, 0x7573}, //畳
{0xae93, 0x7575}, //畵
{0xae94, 0x7576}, //當
{0xae95, 0x7577}, //畷
{0xae96, 0x757a}, //畺
{0xae97, 0x757b}, //畻
{0xae98, 0x757c}, //畼
{0xae99, 0x757d}, //畽
{0xae9a, 0x757e}, //畾
{0xae9b, 0x7580}, //疀
{0xae9c, 0x7581}, //疁
{0xae9d, 0x7582}, //疂
{0xae9e, 0x7584}, //疄
{0xae9f, 0x7585}, //疅
{0xaea0, 0x7587}, //疇
{0xaf40, 0x7588}, //疈
{0xaf41, 0x7589}, //疉
{0xaf42, 0x758a}, //疊
{0xaf43, 0x758c}, //疌
{0xaf44, 0x758d}, //疍
{0xaf45, 0x758e}, //疎
{0xaf46, 0x7590}, //疐
{0xaf47, 0x7593}, //疓
{0xaf48, 0x7595}, //疕
{0xaf49, 0x7598}, //疘
{0xaf4a, 0x759b}, //疛
{0xaf4b, 0x759c}, //疜
{0xaf4c, 0x759e}, //疞
{0xaf4d, 0x75a2}, //疢
{0xaf4e, 0x75a6}, //疦
{0xaf4f, 0x75a7}, //疧
{0xaf50, 0x75a8}, //疨
{0xaf51, 0x75a9}, //疩
{0xaf52, 0x75aa}, //疪
{0xaf53, 0x75ad}, //疭
{0xaf54, 0x75b6}, //疶
{0xaf55, 0x75b7}, //疷
{0xaf56, 0x75ba}, //疺
{0xaf57, 0x75bb}, //疻
{0xaf58, 0x75bf}, //疿
{0xaf59, 0x75c0}, //痀
{0xaf5a, 0x75c1}, //痁
{0xaf5b, 0x75c6}, //痆
{0xaf5c, 0x75cb}, //痋
{0xaf5d, 0x75cc}, //痌
{0xaf5e, 0x75ce}, //痎
{0xaf5f, 0x75cf}, //痏
{0xaf60, 0x75d0}, //痐
{0xaf61, 0x75d1}, //痑
{0xaf62, 0x75d3}, //痓
{0xaf63, 0x75d7}, //痗
{0xaf64, 0x75d9}, //痙
{0xaf65, 0x75da}, //痚
{0xaf66, 0x75dc}, //痜
{0xaf67, 0x75dd}, //痝
{0xaf68, 0x75df}, //痟
{0xaf69, 0x75e0}, //痠
{0xaf6a, 0x75e1}, //痡
{0xaf6b, 0x75e5}, //痥
{0xaf6c, 0x75e9}, //痩
{0xaf6d, 0x75ec}, //痬
{0xaf6e, 0x75ed}, //痭
{0xaf6f, 0x75ee}, //痮
{0xaf70, 0x75ef}, //痯
{0xaf71, 0x75f2}, //痲
{0xaf72, 0x75f3}, //痳
{0xaf73, 0x75f5}, //痵
{0xaf74, 0x75f6}, //痶
{0xaf75, 0x75f7}, //痷
{0xaf76, 0x75f8}, //痸
{0xaf77, 0x75fa}, //痺
{0xaf78, 0x75fb}, //痻
{0xaf79, 0x75fd}, //痽
{0xaf7a, 0x75fe}, //痾
{0xaf7b, 0x7602}, //瘂
{0xaf7c, 0x7604}, //瘄
{0xaf7d, 0x7606}, //瘆
{0xaf7e, 0x7607}, //瘇
{0xaf80, 0x7608}, //瘈
{0xaf81, 0x7609}, //瘉
{0xaf82, 0x760b}, //瘋
{0xaf83, 0x760d}, //瘍
{0xaf84, 0x760e}, //瘎
{0xaf85, 0x760f}, //瘏
{0xaf86, 0x7611}, //瘑
{0xaf87, 0x7612}, //瘒
{0xaf88, 0x7613}, //瘓
{0xaf89, 0x7614}, //瘔
{0xaf8a, 0x7616}, //瘖
{0xaf8b, 0x761a}, //瘚
{0xaf8c, 0x761c}, //瘜
{0xaf8d, 0x761d}, //瘝
{0xaf8e, 0x761e}, //瘞
{0xaf8f, 0x7621}, //瘡
{0xaf90, 0x7623}, //瘣
{0xaf91, 0x7627}, //瘧
{0xaf92, 0x7628}, //瘨
{0xaf93, 0x762c}, //瘬
{0xaf94, 0x762e}, //瘮
{0xaf95, 0x762f}, //瘯
{0xaf96, 0x7631}, //瘱
{0xaf97, 0x7632}, //瘲
{0xaf98, 0x7636}, //瘶
{0xaf99, 0x7637}, //瘷
{0xaf9a, 0x7639}, //瘹
{0xaf9b, 0x763a}, //瘺
{0xaf9c, 0x763b}, //瘻
{0xaf9d, 0x763d}, //瘽
{0xaf9e, 0x7641}, //癁
{0xaf9f, 0x7642}, //療
{0xafa0, 0x7644}, //癄
{0xb040, 0x7645}, //癅
{0xb041, 0x7646}, //癆
{0xb042, 0x7647}, //癇
{0xb043, 0x7648}, //癈
{0xb044, 0x7649}, //癉
{0xb045, 0x764a}, //癊
{0xb046, 0x764b}, //癋
{0xb047, 0x764e}, //癎
{0xb048, 0x764f}, //癏
{0xb049, 0x7650}, //癐
{0xb04a, 0x7651}, //癑
{0xb04b, 0x7652}, //癒
{0xb04c, 0x7653}, //癓
{0xb04d, 0x7655}, //癕
{0xb04e, 0x7657}, //癗
{0xb04f, 0x7658}, //癘
{0xb050, 0x7659}, //癙
{0xb051, 0x765a}, //癚
{0xb052, 0x765b}, //癛
{0xb053, 0x765d}, //癝
{0xb054, 0x765f}, //癟
{0xb055, 0x7660}, //癠
{0xb056, 0x7661}, //癡
{0xb057, 0x7662}, //癢
{0xb058, 0x7664}, //癤
{0xb059, 0x7665}, //癥
{0xb05a, 0x7666}, //癦
{0xb05b, 0x7667}, //癧
{0xb05c, 0x7668}, //癨
{0xb05d, 0x7669}, //癩
{0xb05e, 0x766a}, //癪
{0xb05f, 0x766c}, //癬
{0xb060, 0x766d}, //癭
{0xb061, 0x766e}, //癮
{0xb062, 0x7670}, //癰
{0xb063, 0x7671}, //癱
{0xb064, 0x7672}, //癲
{0xb065, 0x7673}, //癳
{0xb066, 0x7674}, //癴
{0xb067, 0x7675}, //癵
{0xb068, 0x7676}, //癶
{0xb069, 0x7677}, //癷
{0xb06a, 0x7679}, //癹
{0xb06b, 0x767a}, //発
{0xb06c, 0x767c}, //發
{0xb06d, 0x767f}, //癿
{0xb06e, 0x7680}, //皀
{0xb06f, 0x7681}, //皁
{0xb070, 0x7683}, //皃
{0xb071, 0x7685}, //皅
{0xb072, 0x7689}, //皉
{0xb073, 0x768a}, //皊
{0xb074, 0x768c}, //皌
{0xb075, 0x768d}, //皍
{0xb076, 0x768f}, //皏
{0xb077, 0x7690}, //皐
{0xb078, 0x7692}, //皒
{0xb079, 0x7694}, //皔
{0xb07a, 0x7695}, //皕
{0xb07b, 0x7697}, //皗
{0xb07c, 0x7698}, //皘
{0xb07d, 0x769a}, //皚
{0xb07e, 0x769b}, //皛
{0xb080, 0x769c}, //皜
{0xb081, 0x769d}, //皝
{0xb082, 0x769e}, //皞
{0xb083, 0x769f}, //皟
{0xb084, 0x76a0}, //皠
{0xb085, 0x76a1}, //皡
{0xb086, 0x76a2}, //皢
{0xb087, 0x76a3}, //皣
{0xb088, 0x76a5}, //皥
{0xb089, 0x76a6}, //皦
{0xb08a, 0x76a7}, //皧
{0xb08b, 0x76a8}, //皨
{0xb08c, 0x76a9}, //皩
{0xb08d, 0x76aa}, //皪
{0xb08e, 0x76ab}, //皫
{0xb08f, 0x76ac}, //皬
{0xb090, 0x76ad}, //皭
{0xb091, 0x76af}, //皯
{0xb092, 0x76b0}, //皰
{0xb093, 0x76b3}, //皳
{0xb094, 0x76b5}, //皵
{0xb095, 0x76b6}, //皶
{0xb096, 0x76b7}, //皷
{0xb097, 0x76b8}, //皸
{0xb098, 0x76b9}, //皹
{0xb099, 0x76ba}, //皺
{0xb09a, 0x76bb}, //皻
{0xb09b, 0x76bc}, //皼
{0xb09c, 0x76bd}, //皽
{0xb09d, 0x76be}, //皾
{0xb09e, 0x76c0}, //盀
{0xb09f, 0x76c1}, //盁
{0xb0a0, 0x76c3}, //盃
{0xb0a1, 0x554a}, //啊
{0xb0a2, 0x963f}, //阿
{0xb0a3, 0x57c3}, //埃
{0xb0a4, 0x6328}, //挨
{0xb0a5, 0x54ce}, //哎
{0xb0a6, 0x5509}, //唉
{0xb0a7, 0x54c0}, //哀
{0xb0a8, 0x7691}, //皑
{0xb0a9, 0x764c}, //癌
{0xb0aa, 0x853c}, //蔼
{0xb0ab, 0x77ee}, //矮
{0xb0ac, 0x827e}, //艾
{0xb0ad, 0x788d}, //碍
{0xb0ae, 0x7231}, //爱
{0xb0af, 0x9698}, //隘
{0xb0b0, 0x978d}, //鞍
{0xb0b1, 0x6c28}, //氨
{0xb0b2, 0x5b89}, //安
{0xb0b3, 0x4ffa}, //俺
{0xb0b4, 0x6309}, //按
{0xb0b5, 0x6697}, //暗
{0xb0b6, 0x5cb8}, //岸
{0xb0b7, 0x80fa}, //胺
{0xb0b8, 0x6848}, //案
{0xb0b9, 0x80ae}, //肮
{0xb0ba, 0x6602}, //昂
{0xb0bb, 0x76ce}, //盎
{0xb0bc, 0x51f9}, //凹
{0xb0bd, 0x6556}, //敖
{0xb0be, 0x71ac}, //熬
{0xb0bf, 0x7ff1}, //翱
{0xb0c0, 0x8884}, //袄
{0xb0c1, 0x50b2}, //傲
{0xb0c2, 0x5965}, //奥
{0xb0c3, 0x61ca}, //懊
{0xb0c4, 0x6fb3}, //澳
{0xb0c5, 0x82ad}, //芭
{0xb0c6, 0x634c}, //捌
{0xb0c7, 0x6252}, //扒
{0xb0c8, 0x53ed}, //叭
{0xb0c9, 0x5427}, //吧
{0xb0ca, 0x7b06}, //笆
{0xb0cb, 0x516b}, //八
{0xb0cc, 0x75a4}, //疤
{0xb0cd, 0x5df4}, //巴
{0xb0ce, 0x62d4}, //拔
{0xb0cf, 0x8dcb}, //跋
{0xb0d0, 0x9776}, //靶
{0xb0d1, 0x628a}, //把
{0xb0d2, 0x8019}, //耙
{0xb0d3, 0x575d}, //坝
{0xb0d4, 0x9738}, //霸
{0xb0d5, 0x7f62}, //罢
{0xb0d6, 0x7238}, //爸
{0xb0d7, 0x767d}, //白
{0xb0d8, 0x67cf}, //柏
{0xb0d9, 0x767e}, //百
{0xb0da, 0x6446}, //摆
{0xb0db, 0x4f70}, //佰
{0xb0dc, 0x8d25}, //败
{0xb0dd, 0x62dc}, //拜
{0xb0de, 0x7a17}, //稗
{0xb0df, 0x6591}, //斑
{0xb0e0, 0x73ed}, //班
{0xb0e1, 0x642c}, //搬
{0xb0e2, 0x6273}, //扳
{0xb0e3, 0x822c}, //般
{0xb0e4, 0x9881}, //颁
{0xb0e5, 0x677f}, //板
{0xb0e6, 0x7248}, //版
{0xb0e7, 0x626e}, //扮
{0xb0e8, 0x62cc}, //拌
{0xb0e9, 0x4f34}, //伴
{0xb0ea, 0x74e3}, //瓣
{0xb0eb, 0x534a}, //半
{0xb0ec, 0x529e}, //办
{0xb0ed, 0x7eca}, //绊
{0xb0ee, 0x90a6}, //邦
{0xb0ef, 0x5e2e}, //帮
{0xb0f0, 0x6886}, //梆
{0xb0f1, 0x699c}, //榜
{0xb0f2, 0x8180}, //膀
{0xb0f3, 0x7ed1}, //绑
{0xb0f4, 0x68d2}, //棒
{0xb0f5, 0x78c5}, //磅
{0xb0f6, 0x868c}, //蚌
{0xb0f7, 0x9551}, //镑
{0xb0f8, 0x508d}, //傍
{0xb0f9, 0x8c24}, //谤
{0xb0fa, 0x82de}, //苞
{0xb0fb, 0x80de}, //胞
{0xb0fc, 0x5305}, //包
{0xb0fd, 0x8912}, //褒
{0xb0fe, 0x5265}, //剥
{0xb140, 0x76c4}, //盄
{0xb141, 0x76c7}, //盇
{0xb142, 0x76c9}, //盉
{0xb143, 0x76cb}, //盋
{0xb144, 0x76cc}, //盌
{0xb145, 0x76d3}, //盓
{0xb146, 0x76d5}, //盕
{0xb147, 0x76d9}, //盙
{0xb148, 0x76da}, //盚
{0xb149, 0x76dc}, //盜
{0xb14a, 0x76dd}, //盝
{0xb14b, 0x76de}, //盞
{0xb14c, 0x76e0}, //盠
{0xb14d, 0x76e1}, //盡
{0xb14e, 0x76e2}, //盢
{0xb14f, 0x76e3}, //監
{0xb150, 0x76e4}, //盤
{0xb151, 0x76e6}, //盦
{0xb152, 0x76e7}, //盧
{0xb153, 0x76e8}, //盨
{0xb154, 0x76e9}, //盩
{0xb155, 0x76ea}, //盪
{0xb156, 0x76eb}, //盫
{0xb157, 0x76ec}, //盬
{0xb158, 0x76ed}, //盭
{0xb159, 0x76f0}, //盰
{0xb15a, 0x76f3}, //盳
{0xb15b, 0x76f5}, //盵
{0xb15c, 0x76f6}, //盶
{0xb15d, 0x76f7}, //盷
{0xb15e, 0x76fa}, //盺
{0xb15f, 0x76fb}, //盻
{0xb160, 0x76fd}, //盽
{0xb161, 0x76ff}, //盿
{0xb162, 0x7700}, //眀
{0xb163, 0x7702}, //眂
{0xb164, 0x7703}, //眃
{0xb165, 0x7705}, //眅
{0xb166, 0x7706}, //眆
{0xb167, 0x770a}, //眊
{0xb168, 0x770c}, //県
{0xb169, 0x770e}, //眎
{0xb16a, 0x770f}, //眏
{0xb16b, 0x7710}, //眐
{0xb16c, 0x7711}, //眑
{0xb16d, 0x7712}, //眒
{0xb16e, 0x7713}, //眓
{0xb16f, 0x7714}, //眔
{0xb170, 0x7715}, //眕
{0xb171, 0x7716}, //眖
{0xb172, 0x7717}, //眗
{0xb173, 0x7718}, //眘
{0xb174, 0x771b}, //眛
{0xb175, 0x771c}, //眜
{0xb176, 0x771d}, //眝
{0xb177, 0x771e}, //眞
{0xb178, 0x7721}, //眡
{0xb179, 0x7723}, //眣
{0xb17a, 0x7724}, //眤
{0xb17b, 0x7725}, //眥
{0xb17c, 0x7727}, //眧
{0xb17d, 0x772a}, //眪
{0xb17e, 0x772b}, //眫
{0xb180, 0x772c}, //眬
{0xb181, 0x772e}, //眮
{0xb182, 0x7730}, //眰
{0xb183, 0x7731}, //眱
{0xb184, 0x7732}, //眲
{0xb185, 0x7733}, //眳
{0xb186, 0x7734}, //眴
{0xb187, 0x7739}, //眹
{0xb188, 0x773b}, //眻
{0xb189, 0x773d}, //眽
{0xb18a, 0x773e}, //眾
{0xb18b, 0x773f}, //眿
{0xb18c, 0x7742}, //睂
{0xb18d, 0x7744}, //睄
{0xb18e, 0x7745}, //睅
{0xb18f, 0x7746}, //睆
{0xb190, 0x7748}, //睈
{0xb191, 0x7749}, //睉
{0xb192, 0x774a}, //睊
{0xb193, 0x774b}, //睋
{0xb194, 0x774c}, //睌
{0xb195, 0x774d}, //睍
{0xb196, 0x774e}, //睎
{0xb197, 0x774f}, //睏
{0xb198, 0x7752}, //睒
{0xb199, 0x7753}, //睓
{0xb19a, 0x7754}, //睔
{0xb19b, 0x7755}, //睕
{0xb19c, 0x7756}, //睖
{0xb19d, 0x7757}, //睗
{0xb19e, 0x7758}, //睘
{0xb19f, 0x7759}, //睙
{0xb1a0, 0x775c}, //睜
{0xb1a1, 0x8584}, //薄
{0xb1a2, 0x96f9}, //雹
{0xb1a3, 0x4fdd}, //保
{0xb1a4, 0x5821}, //堡
{0xb1a5, 0x9971}, //饱
{0xb1a6, 0x5b9d}, //宝
{0xb1a7, 0x62b1}, //抱
{0xb1a8, 0x62a5}, //报
{0xb1a9, 0x66b4}, //暴
{0xb1aa, 0x8c79}, //豹
{0xb1ab, 0x9c8d}, //鲍
{0xb1ac, 0x7206}, //爆
{0xb1ad, 0x676f}, //杯
{0xb1ae, 0x7891}, //碑
{0xb1af, 0x60b2}, //悲
{0xb1b0, 0x5351}, //卑
{0xb1b1, 0x5317}, //北
{0xb1b2, 0x8f88}, //辈
{0xb1b3, 0x80cc}, //背
{0xb1b4, 0x8d1d}, //贝
{0xb1b5, 0x94a1}, //钡
{0xb1b6, 0x500d}, //倍
{0xb1b7, 0x72c8}, //狈
{0xb1b8, 0x5907}, //备
{0xb1b9, 0x60eb}, //惫
{0xb1ba, 0x7119}, //焙
{0xb1bb, 0x88ab}, //被
{0xb1bc, 0x5954}, //奔
{0xb1bd, 0x82ef}, //苯
{0xb1be, 0x672c}, //本
{0xb1bf, 0x7b28}, //笨
{0xb1c0, 0x5d29}, //崩
{0xb1c1, 0x7ef7}, //绷
{0xb1c2, 0x752d}, //甭
{0xb1c3, 0x6cf5}, //泵
{0xb1c4, 0x8e66}, //蹦
{0xb1c5, 0x8ff8}, //迸
{0xb1c6, 0x903c}, //逼
{0xb1c7, 0x9f3b}, //鼻
{0xb1c8, 0x6bd4}, //比
{0xb1c9, 0x9119}, //鄙
{0xb1ca, 0x7b14}, //笔
{0xb1cb, 0x5f7c}, //彼
{0xb1cc, 0x78a7}, //碧
{0xb1cd, 0x84d6}, //蓖
{0xb1ce, 0x853d}, //蔽
{0xb1cf, 0x6bd5}, //毕
{0xb1d0, 0x6bd9}, //毙
{0xb1d1, 0x6bd6}, //毖
{0xb1d2, 0x5e01}, //币
{0xb1d3, 0x5e87}, //庇
{0xb1d4, 0x75f9}, //痹
{0xb1d5, 0x95ed}, //闭
{0xb1d6, 0x655d}, //敝
{0xb1d7, 0x5f0a}, //弊
{0xb1d8, 0x5fc5}, //必
{0xb1d9, 0x8f9f}, //辟
{0xb1da, 0x58c1}, //壁
{0xb1db, 0x81c2}, //臂
{0xb1dc, 0x907f}, //避
{0xb1dd, 0x965b}, //陛
{0xb1de, 0x97ad}, //鞭
{0xb1df, 0x8fb9}, //边
{0xb1e0, 0x7f16}, //编
{0xb1e1, 0x8d2c}, //贬
{0xb1e2, 0x6241}, //扁
{0xb1e3, 0x4fbf}, //便
{0xb1e4, 0x53d8}, //变
{0xb1e5, 0x535e}, //卞
{0xb1e6, 0x8fa8}, //辨
{0xb1e7, 0x8fa9}, //辩
{0xb1e8, 0x8fab}, //辫
{0xb1e9, 0x904d}, //遍
{0xb1ea, 0x6807}, //标
{0xb1eb, 0x5f6a}, //彪
{0xb1ec, 0x8198}, //膘
{0xb1ed, 0x8868}, //表
{0xb1ee, 0x9cd6}, //鳖
{0xb1ef, 0x618b}, //憋
{0xb1f0, 0x522b}, //别
{0xb1f1, 0x762a}, //瘪
{0xb1f2, 0x5f6c}, //彬
{0xb1f3, 0x658c}, //斌
{0xb1f4, 0x6fd2}, //濒
{0xb1f5, 0x6ee8}, //滨
{0xb1f6, 0x5bbe}, //宾
{0xb1f7, 0x6448}, //摈
{0xb1f8, 0x5175}, //兵
{0xb1f9, 0x51b0}, //冰
{0xb1fa, 0x67c4}, //柄
{0xb1fb, 0x4e19}, //丙
{0xb1fc, 0x79c9}, //秉
{0xb1fd, 0x997c}, //饼
{0xb1fe, 0x70b3}, //炳
{0xb240, 0x775d}, //睝
{0xb241, 0x775e}, //睞
{0xb242, 0x775f}, //睟
{0xb243, 0x7760}, //睠
{0xb244, 0x7764}, //睤
{0xb245, 0x7767}, //睧
{0xb246, 0x7769}, //睩
{0xb247, 0x776a}, //睪
{0xb248, 0x776d}, //睭
{0xb249, 0x776e}, //睮
{0xb24a, 0x776f}, //睯
{0xb24b, 0x7770}, //睰
{0xb24c, 0x7771}, //睱
{0xb24d, 0x7772}, //睲
{0xb24e, 0x7773}, //睳
{0xb24f, 0x7774}, //睴
{0xb250, 0x7775}, //睵
{0xb251, 0x7776}, //睶
{0xb252, 0x7777}, //睷
{0xb253, 0x7778}, //睸
{0xb254, 0x777a}, //睺
{0xb255, 0x777b}, //睻
{0xb256, 0x777c}, //睼
{0xb257, 0x7781}, //瞁
{0xb258, 0x7782}, //瞂
{0xb259, 0x7783}, //瞃
{0xb25a, 0x7786}, //瞆
{0xb25b, 0x7787}, //瞇
{0xb25c, 0x7788}, //瞈
{0xb25d, 0x7789}, //瞉
{0xb25e, 0x778a}, //瞊
{0xb25f, 0x778b}, //瞋
{0xb260, 0x778f}, //瞏
{0xb261, 0x7790}, //瞐
{0xb262, 0x7793}, //瞓
{0xb263, 0x7794}, //瞔
{0xb264, 0x7795}, //瞕
{0xb265, 0x7796}, //瞖
{0xb266, 0x7797}, //瞗
{0xb267, 0x7798}, //瞘
{0xb268, 0x7799}, //瞙
{0xb269, 0x779a}, //瞚
{0xb26a, 0x779b}, //瞛
{0xb26b, 0x779c}, //瞜
{0xb26c, 0x779d}, //瞝
{0xb26d, 0x779e}, //瞞
{0xb26e, 0x77a1}, //瞡
{0xb26f, 0x77a3}, //瞣
{0xb270, 0x77a4}, //瞤
{0xb271, 0x77a6}, //瞦
{0xb272, 0x77a8}, //瞨
{0xb273, 0x77ab}, //瞫
{0xb274, 0x77ad}, //瞭
{0xb275, 0x77ae}, //瞮
{0xb276, 0x77af}, //瞯
{0xb277, 0x77b1}, //瞱
{0xb278, 0x77b2}, //瞲
{0xb279, 0x77b4}, //瞴
{0xb27a, 0x77b6}, //瞶
{0xb27b, 0x77b7}, //瞷
{0xb27c, 0x77b8}, //瞸
{0xb27d, 0x77b9}, //瞹
{0xb27e, 0x77ba}, //瞺
{0xb280, 0x77bc}, //瞼
{0xb281, 0x77be}, //瞾
{0xb282, 0x77c0}, //矀
{0xb283, 0x77c1}, //矁
{0xb284, 0x77c2}, //矂
{0xb285, 0x77c3}, //矃
{0xb286, 0x77c4}, //矄
{0xb287, 0x77c5}, //矅
{0xb288, 0x77c6}, //矆
{0xb289, 0x77c7}, //矇
{0xb28a, 0x77c8}, //矈
{0xb28b, 0x77c9}, //矉
{0xb28c, 0x77ca}, //矊
{0xb28d, 0x77cb}, //矋
{0xb28e, 0x77cc}, //矌
{0xb28f, 0x77ce}, //矎
{0xb290, 0x77cf}, //矏
{0xb291, 0x77d0}, //矐
{0xb292, 0x77d1}, //矑
{0xb293, 0x77d2}, //矒
{0xb294, 0x77d3}, //矓
{0xb295, 0x77d4}, //矔
{0xb296, 0x77d5}, //矕
{0xb297, 0x77d6}, //矖
{0xb298, 0x77d8}, //矘
{0xb299, 0x77d9}, //矙
{0xb29a, 0x77da}, //矚
{0xb29b, 0x77dd}, //矝
{0xb29c, 0x77de}, //矞
{0xb29d, 0x77df}, //矟
{0xb29e, 0x77e0}, //矠
{0xb29f, 0x77e1}, //矡
{0xb2a0, 0x77e4}, //矤
{0xb2a1, 0x75c5}, //病
{0xb2a2, 0x5e76}, //并
{0xb2a3, 0x73bb}, //玻
{0xb2a4, 0x83e0}, //菠
{0xb2a5, 0x64ad}, //播
{0xb2a6, 0x62e8}, //拨
{0xb2a7, 0x94b5}, //钵
{0xb2a8, 0x6ce2}, //波
{0xb2a9, 0x535a}, //博
{0xb2aa, 0x52c3}, //勃
{0xb2ab, 0x640f}, //搏
{0xb2ac, 0x94c2}, //铂
{0xb2ad, 0x7b94}, //箔
{0xb2ae, 0x4f2f}, //伯
{0xb2af, 0x5e1b}, //帛
{0xb2b0, 0x8236}, //舶
{0xb2b1, 0x8116}, //脖
{0xb2b2, 0x818a}, //膊
{0xb2b3, 0x6e24}, //渤
{0xb2b4, 0x6cca}, //泊
{0xb2b5, 0x9a73}, //驳
{0xb2b6, 0x6355}, //捕
{0xb2b7, 0x535c}, //卜
{0xb2b8, 0x54fa}, //哺
{0xb2b9, 0x8865}, //补
{0xb2ba, 0x57e0}, //埠
{0xb2bb, 0x4e0d}, //不
{0xb2bc, 0x5e03}, //布
{0xb2bd, 0x6b65}, //步
{0xb2be, 0x7c3f}, //簿
{0xb2bf, 0x90e8}, //部
{0xb2c0, 0x6016}, //怖
{0xb2c1, 0x64e6}, //擦
{0xb2c2, 0x731c}, //猜
{0xb2c3, 0x88c1}, //裁
{0xb2c4, 0x6750}, //材
{0xb2c5, 0x624d}, //才
{0xb2c6, 0x8d22}, //财
{0xb2c7, 0x776c}, //睬
{0xb2c8, 0x8e29}, //踩
{0xb2c9, 0x91c7}, //采
{0xb2ca, 0x5f69}, //彩
{0xb2cb, 0x83dc}, //菜
{0xb2cc, 0x8521}, //蔡
{0xb2cd, 0x9910}, //餐
{0xb2ce, 0x53c2}, //参
{0xb2cf, 0x8695}, //蚕
{0xb2d0, 0x6b8b}, //残
{0xb2d1, 0x60ed}, //惭
{0xb2d2, 0x60e8}, //惨
{0xb2d3, 0x707f}, //灿
{0xb2d4, 0x82cd}, //苍
{0xb2d5, 0x8231}, //舱
{0xb2d6, 0x4ed3}, //仓
{0xb2d7, 0x6ca7}, //沧
{0xb2d8, 0x85cf}, //藏
{0xb2d9, 0x64cd}, //操
{0xb2da, 0x7cd9}, //糙
{0xb2db, 0x69fd}, //槽
{0xb2dc, 0x66f9}, //曹
{0xb2dd, 0x8349}, //草
{0xb2de, 0x5395}, //厕
{0xb2df, 0x7b56}, //策
{0xb2e0, 0x4fa7}, //侧
{0xb2e1, 0x518c}, //册
{0xb2e2, 0x6d4b}, //测
{0xb2e3, 0x5c42}, //层
{0xb2e4, 0x8e6d}, //蹭
{0xb2e5, 0x63d2}, //插
{0xb2e6, 0x53c9}, //叉
{0xb2e7, 0x832c}, //茬
{0xb2e8, 0x8336}, //茶
{0xb2e9, 0x67e5}, //查
{0xb2ea, 0x78b4}, //碴
{0xb2eb, 0x643d}, //搽
{0xb2ec, 0x5bdf}, //察
{0xb2ed, 0x5c94}, //岔
{0xb2ee, 0x5dee}, //差
{0xb2ef, 0x8be7}, //诧
{0xb2f0, 0x62c6}, //拆
{0xb2f1, 0x67f4}, //柴
{0xb2f2, 0x8c7a}, //豺
{0xb2f3, 0x6400}, //搀
{0xb2f4, 0x63ba}, //掺
{0xb2f5, 0x8749}, //蝉
{0xb2f6, 0x998b}, //馋
{0xb2f7, 0x8c17}, //谗
{0xb2f8, 0x7f20}, //缠
{0xb2f9, 0x94f2}, //铲
{0xb2fa, 0x4ea7}, //产
{0xb2fb, 0x9610}, //阐
{0xb2fc, 0x98a4}, //颤
{0xb2fd, 0x660c}, //昌
{0xb2fe, 0x7316}, //猖
{0xb340, 0x77e6}, //矦
{0xb341, 0x77e8}, //矨
{0xb342, 0x77ea}, //矪
{0xb343, 0x77ef}, //矯
{0xb344, 0x77f0}, //矰
{0xb345, 0x77f1}, //矱
{0xb346, 0x77f2}, //矲
{0xb347, 0x77f4}, //矴
{0xb348, 0x77f5}, //矵
{0xb349, 0x77f7}, //矷
{0xb34a, 0x77f9}, //矹
{0xb34b, 0x77fa}, //矺
{0xb34c, 0x77fb}, //矻
{0xb34d, 0x77fc}, //矼
{0xb34e, 0x7803}, //砃
{0xb34f, 0x7804}, //砄
{0xb350, 0x7805}, //砅
{0xb351, 0x7806}, //砆
{0xb352, 0x7807}, //砇
{0xb353, 0x7808}, //砈
{0xb354, 0x780a}, //砊
{0xb355, 0x780b}, //砋
{0xb356, 0x780e}, //砎
{0xb357, 0x780f}, //砏
{0xb358, 0x7810}, //砐
{0xb359, 0x7813}, //砓
{0xb35a, 0x7815}, //砕
{0xb35b, 0x7819}, //砙
{0xb35c, 0x781b}, //砛
{0xb35d, 0x781e}, //砞
{0xb35e, 0x7820}, //砠
{0xb35f, 0x7821}, //砡
{0xb360, 0x7822}, //砢
{0xb361, 0x7824}, //砤
{0xb362, 0x7828}, //砨
{0xb363, 0x782a}, //砪
{0xb364, 0x782b}, //砫
{0xb365, 0x782e}, //砮
{0xb366, 0x782f}, //砯
{0xb367, 0x7831}, //砱
{0xb368, 0x7832}, //砲
{0xb369, 0x7833}, //砳
{0xb36a, 0x7835}, //砵
{0xb36b, 0x7836}, //砶
{0xb36c, 0x783d}, //砽
{0xb36d, 0x783f}, //砿
{0xb36e, 0x7841}, //硁
{0xb36f, 0x7842}, //硂
{0xb370, 0x7843}, //硃
{0xb371, 0x7844}, //硄
{0xb372, 0x7846}, //硆
{0xb373, 0x7848}, //硈
{0xb374, 0x7849}, //硉
{0xb375, 0x784a}, //硊
{0xb376, 0x784b}, //硋
{0xb377, 0x784d}, //硍
{0xb378, 0x784f}, //硏
{0xb379, 0x7851}, //硑
{0xb37a, 0x7853}, //硓
{0xb37b, 0x7854}, //硔
{0xb37c, 0x7858}, //硘
{0xb37d, 0x7859}, //硙
{0xb37e, 0x785a}, //硚
{0xb380, 0x785b}, //硛
{0xb381, 0x785c}, //硜
{0xb382, 0x785e}, //硞
{0xb383, 0x785f}, //硟
{0xb384, 0x7860}, //硠
{0xb385, 0x7861}, //硡
{0xb386, 0x7862}, //硢
{0xb387, 0x7863}, //硣
{0xb388, 0x7864}, //硤
{0xb389, 0x7865}, //硥
{0xb38a, 0x7866}, //硦
{0xb38b, 0x7867}, //硧
{0xb38c, 0x7868}, //硨
{0xb38d, 0x7869}, //硩
{0xb38e, 0x786f}, //硯
{0xb38f, 0x7870}, //硰
{0xb390, 0x7871}, //硱
{0xb391, 0x7872}, //硲
{0xb392, 0x7873}, //硳
{0xb393, 0x7874}, //硴
{0xb394, 0x7875}, //硵
{0xb395, 0x7876}, //硶
{0xb396, 0x7878}, //硸
{0xb397, 0x7879}, //硹
{0xb398, 0x787a}, //硺
{0xb399, 0x787b}, //硻
{0xb39a, 0x787d}, //硽
{0xb39b, 0x787e}, //硾
{0xb39c, 0x787f}, //硿
{0xb39d, 0x7880}, //碀
{0xb39e, 0x7881}, //碁
{0xb39f, 0x7882}, //碂
{0xb3a0, 0x7883}, //碃
{0xb3a1, 0x573a}, //场
{0xb3a2, 0x5c1d}, //尝
{0xb3a3, 0x5e38}, //常
{0xb3a4, 0x957f}, //长
{0xb3a5, 0x507f}, //偿
{0xb3a6, 0x80a0}, //肠
{0xb3a7, 0x5382}, //厂
{0xb3a8, 0x655e}, //敞
{0xb3a9, 0x7545}, //畅
{0xb3aa, 0x5531}, //唱
{0xb3ab, 0x5021}, //倡
{0xb3ac, 0x8d85}, //超
{0xb3ad, 0x6284}, //抄
{0xb3ae, 0x949e}, //钞
{0xb3af, 0x671d}, //朝
{0xb3b0, 0x5632}, //嘲
{0xb3b1, 0x6f6e}, //潮
{0xb3b2, 0x5de2}, //巢
{0xb3b3, 0x5435}, //吵
{0xb3b4, 0x7092}, //炒
{0xb3b5, 0x8f66}, //车
{0xb3b6, 0x626f}, //扯
{0xb3b7, 0x64a4}, //撤
{0xb3b8, 0x63a3}, //掣
{0xb3b9, 0x5f7b}, //彻
{0xb3ba, 0x6f88}, //澈
{0xb3bb, 0x90f4}, //郴
{0xb3bc, 0x81e3}, //臣
{0xb3bd, 0x8fb0}, //辰
{0xb3be, 0x5c18}, //尘
{0xb3bf, 0x6668}, //晨
{0xb3c0, 0x5ff1}, //忱
{0xb3c1, 0x6c89}, //沉
{0xb3c2, 0x9648}, //陈
{0xb3c3, 0x8d81}, //趁
{0xb3c4, 0x886c}, //衬
{0xb3c5, 0x6491}, //撑
{0xb3c6, 0x79f0}, //称
{0xb3c7, 0x57ce}, //城
{0xb3c8, 0x6a59}, //橙
{0xb3c9, 0x6210}, //成
{0xb3ca, 0x5448}, //呈
{0xb3cb, 0x4e58}, //乘
{0xb3cc, 0x7a0b}, //程
{0xb3cd, 0x60e9}, //惩
{0xb3ce, 0x6f84}, //澄
{0xb3cf, 0x8bda}, //诚
{0xb3d0, 0x627f}, //承
{0xb3d1, 0x901e}, //逞
{0xb3d2, 0x9a8b}, //骋
{0xb3d3, 0x79e4}, //秤
{0xb3d4, 0x5403}, //吃
{0xb3d5, 0x75f4}, //痴
{0xb3d6, 0x6301}, //持
{0xb3d7, 0x5319}, //匙
{0xb3d8, 0x6c60}, //池
{0xb3d9, 0x8fdf}, //迟
{0xb3da, 0x5f1b}, //弛
{0xb3db, 0x9a70}, //驰
{0xb3dc, 0x803b}, //耻
{0xb3dd, 0x9f7f}, //齿
{0xb3de, 0x4f88}, //侈
{0xb3df, 0x5c3a}, //尺
{0xb3e0, 0x8d64}, //赤
{0xb3e1, 0x7fc5}, //翅
{0xb3e2, 0x65a5}, //斥
{0xb3e3, 0x70bd}, //炽
{0xb3e4, 0x5145}, //充
{0xb3e5, 0x51b2}, //冲
{0xb3e6, 0x866b}, //虫
{0xb3e7, 0x5d07}, //崇
{0xb3e8, 0x5ba0}, //宠
{0xb3e9, 0x62bd}, //抽
{0xb3ea, 0x916c}, //酬
{0xb3eb, 0x7574}, //畴
{0xb3ec, 0x8e0c}, //踌
{0xb3ed, 0x7a20}, //稠
{0xb3ee, 0x6101}, //愁
{0xb3ef, 0x7b79}, //筹
{0xb3f0, 0x4ec7}, //仇
{0xb3f1, 0x7ef8}, //绸
{0xb3f2, 0x7785}, //瞅
{0xb3f3, 0x4e11}, //丑
{0xb3f4, 0x81ed}, //臭
{0xb3f5, 0x521d}, //初
{0xb3f6, 0x51fa}, //出
{0xb3f7, 0x6a71}, //橱
{0xb3f8, 0x53a8}, //厨
{0xb3f9, 0x8e87}, //躇
{0xb3fa, 0x9504}, //锄
{0xb3fb, 0x96cf}, //雏
{0xb3fc, 0x6ec1}, //滁
{0xb3fd, 0x9664}, //除
{0xb3fe, 0x695a}, //楚
{0xb440, 0x7884}, //碄
{0xb441, 0x7885}, //碅
{0xb442, 0x7886}, //碆
{0xb443, 0x7888}, //碈
{0xb444, 0x788a}, //碊
{0xb445, 0x788b}, //碋
{0xb446, 0x788f}, //碏
{0xb447, 0x7890}, //碐
{0xb448, 0x7892}, //碒
{0xb449, 0x7894}, //碔
{0xb44a, 0x7895}, //碕
{0xb44b, 0x7896}, //碖
{0xb44c, 0x7899}, //碙
{0xb44d, 0x789d}, //碝
{0xb44e, 0x789e}, //碞
{0xb44f, 0x78a0}, //碠
{0xb450, 0x78a2}, //碢
{0xb451, 0x78a4}, //碤
{0xb452, 0x78a6}, //碦
{0xb453, 0x78a8}, //碨
{0xb454, 0x78a9}, //碩
{0xb455, 0x78aa}, //碪
{0xb456, 0x78ab}, //碫
{0xb457, 0x78ac}, //碬
{0xb458, 0x78ad}, //碭
{0xb459, 0x78ae}, //碮
{0xb45a, 0x78af}, //碯
{0xb45b, 0x78b5}, //碵
{0xb45c, 0x78b6}, //碶
{0xb45d, 0x78b7}, //碷
{0xb45e, 0x78b8}, //碸
{0xb45f, 0x78ba}, //確
{0xb460, 0x78bb}, //碻
{0xb461, 0x78bc}, //碼
{0xb462, 0x78bd}, //碽
{0xb463, 0x78bf}, //碿
{0xb464, 0x78c0}, //磀
{0xb465, 0x78c2}, //磂
{0xb466, 0x78c3}, //磃
{0xb467, 0x78c4}, //磄
{0xb468, 0x78c6}, //磆
{0xb469, 0x78c7}, //磇
{0xb46a, 0x78c8}, //磈
{0xb46b, 0x78cc}, //磌
{0xb46c, 0x78cd}, //磍
{0xb46d, 0x78ce}, //磎
{0xb46e, 0x78cf}, //磏
{0xb46f, 0x78d1}, //磑
{0xb470, 0x78d2}, //磒
{0xb471, 0x78d3}, //磓
{0xb472, 0x78d6}, //磖
{0xb473, 0x78d7}, //磗
{0xb474, 0x78d8}, //磘
{0xb475, 0x78da}, //磚
{0xb476, 0x78db}, //磛
{0xb477, 0x78dc}, //磜
{0xb478, 0x78dd}, //磝
{0xb479, 0x78de}, //磞
{0xb47a, 0x78df}, //磟
{0xb47b, 0x78e0}, //磠
{0xb47c, 0x78e1}, //磡
{0xb47d, 0x78e2}, //磢
{0xb47e, 0x78e3}, //磣
{0xb480, 0x78e4}, //磤
{0xb481, 0x78e5}, //磥
{0xb482, 0x78e6}, //磦
{0xb483, 0x78e7}, //磧
{0xb484, 0x78e9}, //磩
{0xb485, 0x78ea}, //磪
{0xb486, 0x78eb}, //磫
{0xb487, 0x78ed}, //磭
{0xb488, 0x78ee}, //磮
{0xb489, 0x78ef}, //磯
{0xb48a, 0x78f0}, //磰
{0xb48b, 0x78f1}, //磱
{0xb48c, 0x78f3}, //磳
{0xb48d, 0x78f5}, //磵
{0xb48e, 0x78f6}, //磶
{0xb48f, 0x78f8}, //磸
{0xb490, 0x78f9}, //磹
{0xb491, 0x78fb}, //磻
{0xb492, 0x78fc}, //磼
{0xb493, 0x78fd}, //磽
{0xb494, 0x78fe}, //磾
{0xb495, 0x78ff}, //磿
{0xb496, 0x7900}, //礀
{0xb497, 0x7902}, //礂
{0xb498, 0x7903}, //礃
{0xb499, 0x7904}, //礄
{0xb49a, 0x7906}, //礆
{0xb49b, 0x7907}, //礇
{0xb49c, 0x7908}, //礈
{0xb49d, 0x7909}, //礉
{0xb49e, 0x790a}, //礊
{0xb49f, 0x790b}, //礋
{0xb4a0, 0x790c}, //礌
{0xb4a1, 0x7840}, //础
{0xb4a2, 0x50a8}, //储
{0xb4a3, 0x77d7}, //矗
{0xb4a4, 0x6410}, //搐
{0xb4a5, 0x89e6}, //触
{0xb4a6, 0x5904}, //处
{0xb4a7, 0x63e3}, //揣
{0xb4a8, 0x5ddd}, //川
{0xb4a9, 0x7a7f}, //穿
{0xb4aa, 0x693d}, //椽
{0xb4ab, 0x4f20}, //传
{0xb4ac, 0x8239}, //船
{0xb4ad, 0x5598}, //喘
{0xb4ae, 0x4e32}, //串
{0xb4af, 0x75ae}, //疮
{0xb4b0, 0x7a97}, //窗
{0xb4b1, 0x5e62}, //幢
{0xb4b2, 0x5e8a}, //床
{0xb4b3, 0x95ef}, //闯
{0xb4b4, 0x521b}, //创
{0xb4b5, 0x5439}, //吹
{0xb4b6, 0x708a}, //炊
{0xb4b7, 0x6376}, //捶
{0xb4b8, 0x9524}, //锤
{0xb4b9, 0x5782}, //垂
{0xb4ba, 0x6625}, //春
{0xb4bb, 0x693f}, //椿
{0xb4bc, 0x9187}, //醇
{0xb4bd, 0x5507}, //唇
{0xb4be, 0x6df3}, //淳
{0xb4bf, 0x7eaf}, //纯
{0xb4c0, 0x8822}, //蠢
{0xb4c1, 0x6233}, //戳
{0xb4c2, 0x7ef0}, //绰
{0xb4c3, 0x75b5}, //疵
{0xb4c4, 0x8328}, //茨
{0xb4c5, 0x78c1}, //磁
{0xb4c6, 0x96cc}, //雌
{0xb4c7, 0x8f9e}, //辞
{0xb4c8, 0x6148}, //慈
{0xb4c9, 0x74f7}, //瓷
{0xb4ca, 0x8bcd}, //词
{0xb4cb, 0x6b64}, //此
{0xb4cc, 0x523a}, //刺
{0xb4cd, 0x8d50}, //赐
{0xb4ce, 0x6b21}, //次
{0xb4cf, 0x806a}, //聪
{0xb4d0, 0x8471}, //葱
{0xb4d1, 0x56f1}, //囱
{0xb4d2, 0x5306}, //匆
{0xb4d3, 0x4ece}, //从
{0xb4d4, 0x4e1b}, //丛
{0xb4d5, 0x51d1}, //凑
{0xb4d6, 0x7c97}, //粗
{0xb4d7, 0x918b}, //醋
{0xb4d8, 0x7c07}, //簇
{0xb4d9, 0x4fc3}, //促
{0xb4da, 0x8e7f}, //蹿
{0xb4db, 0x7be1}, //篡
{0xb4dc, 0x7a9c}, //窜
{0xb4dd, 0x6467}, //摧
{0xb4de, 0x5d14}, //崔
{0xb4df, 0x50ac}, //催
{0xb4e0, 0x8106}, //脆
{0xb4e1, 0x7601}, //瘁
{0xb4e2, 0x7cb9}, //粹
{0xb4e3, 0x6dec}, //淬
{0xb4e4, 0x7fe0}, //翠
{0xb4e5, 0x6751}, //村
{0xb4e6, 0x5b58}, //存
{0xb4e7, 0x5bf8}, //寸
{0xb4e8, 0x78cb}, //磋
{0xb4e9, 0x64ae}, //撮
{0xb4ea, 0x6413}, //搓
{0xb4eb, 0x63aa}, //措
{0xb4ec, 0x632b}, //挫
{0xb4ed, 0x9519}, //错
{0xb4ee, 0x642d}, //搭
{0xb4ef, 0x8fbe}, //达
{0xb4f0, 0x7b54}, //答
{0xb4f1, 0x7629}, //瘩
{0xb4f2, 0x6253}, //打
{0xb4f3, 0x5927}, //大
{0xb4f4, 0x5446}, //呆
{0xb4f5, 0x6b79}, //歹
{0xb4f6, 0x50a3}, //傣
{0xb4f7, 0x6234}, //戴
{0xb4f8, 0x5e26}, //带
{0xb4f9, 0x6b86}, //殆
{0xb4fa, 0x4ee3}, //代
{0xb4fb, 0x8d37}, //贷
{0xb4fc, 0x888b}, //袋
{0xb4fd, 0x5f85}, //待
{0xb4fe, 0x902e}, //逮
{0xb540, 0x790d}, //礍
{0xb541, 0x790e}, //礎
{0xb542, 0x790f}, //礏
{0xb543, 0x7910}, //礐
{0xb544, 0x7911}, //礑
{0xb545, 0x7912}, //礒
{0xb546, 0x7914}, //礔
{0xb547, 0x7915}, //礕
{0xb548, 0x7916}, //礖
{0xb549, 0x7917}, //礗
{0xb54a, 0x7918}, //礘
{0xb54b, 0x7919}, //礙
{0xb54c, 0x791a}, //礚
{0xb54d, 0x791b}, //礛
{0xb54e, 0x791c}, //礜
{0xb54f, 0x791d}, //礝
{0xb550, 0x791f}, //礟
{0xb551, 0x7920}, //礠
{0xb552, 0x7921}, //礡
{0xb553, 0x7922}, //礢
{0xb554, 0x7923}, //礣
{0xb555, 0x7925}, //礥
{0xb556, 0x7926}, //礦
{0xb557, 0x7927}, //礧
{0xb558, 0x7928}, //礨
{0xb559, 0x7929}, //礩
{0xb55a, 0x792a}, //礪
{0xb55b, 0x792b}, //礫
{0xb55c, 0x792c}, //礬
{0xb55d, 0x792d}, //礭
{0xb55e, 0x792e}, //礮
{0xb55f, 0x792f}, //礯
{0xb560, 0x7930}, //礰
{0xb561, 0x7931}, //礱
{0xb562, 0x7932}, //礲
{0xb563, 0x7933}, //礳
{0xb564, 0x7935}, //礵
{0xb565, 0x7936}, //礶
{0xb566, 0x7937}, //礷
{0xb567, 0x7938}, //礸
{0xb568, 0x7939}, //礹
{0xb569, 0x793d}, //礽
{0xb56a, 0x793f}, //礿
{0xb56b, 0x7942}, //祂
{0xb56c, 0x7943}, //祃
{0xb56d, 0x7944}, //祄
{0xb56e, 0x7945}, //祅
{0xb56f, 0x7947}, //祇
{0xb570, 0x794a}, //祊
{0xb571, 0x794b}, //祋
{0xb572, 0x794c}, //祌
{0xb573, 0x794d}, //祍
{0xb574, 0x794e}, //祎
{0xb575, 0x794f}, //祏
{0xb576, 0x7950}, //祐
{0xb577, 0x7951}, //祑
{0xb578, 0x7952}, //祒
{0xb579, 0x7954}, //祔
{0xb57a, 0x7955}, //祕
{0xb57b, 0x7958}, //祘
{0xb57c, 0x7959}, //祙
{0xb57d, 0x7961}, //祡
{0xb57e, 0x7963}, //祣
{0xb580, 0x7964}, //祤
{0xb581, 0x7966}, //祦
{0xb582, 0x7969}, //祩
{0xb583, 0x796a}, //祪
{0xb584, 0x796b}, //祫
{0xb585, 0x796c}, //祬
{0xb586, 0x796e}, //祮
{0xb587, 0x7970}, //祰
{0xb588, 0x7971}, //祱
{0xb589, 0x7972}, //祲
{0xb58a, 0x7973}, //祳
{0xb58b, 0x7974}, //祴
{0xb58c, 0x7975}, //祵
{0xb58d, 0x7976}, //祶
{0xb58e, 0x7979}, //祹
{0xb58f, 0x797b}, //祻
{0xb590, 0x797c}, //祼
{0xb591, 0x797d}, //祽
{0xb592, 0x797e}, //祾
{0xb593, 0x797f}, //祿
{0xb594, 0x7982}, //禂
{0xb595, 0x7983}, //禃
{0xb596, 0x7986}, //禆
{0xb597, 0x7987}, //禇
{0xb598, 0x7988}, //禈
{0xb599, 0x7989}, //禉
{0xb59a, 0x798b}, //禋
{0xb59b, 0x798c}, //禌
{0xb59c, 0x798d}, //禍
{0xb59d, 0x798e}, //禎
{0xb59e, 0x7990}, //禐
{0xb59f, 0x7991}, //禑
{0xb5a0, 0x7992}, //禒
{0xb5a1, 0x6020}, //怠
{0xb5a2, 0x803d}, //耽
{0xb5a3, 0x62c5}, //担
{0xb5a4, 0x4e39}, //丹
{0xb5a5, 0x5355}, //单
{0xb5a6, 0x90f8}, //郸
{0xb5a7, 0x63b8}, //掸
{0xb5a8, 0x80c6}, //胆
{0xb5a9, 0x65e6}, //旦
{0xb5aa, 0x6c2e}, //氮
{0xb5ab, 0x4f46}, //但
{0xb5ac, 0x60ee}, //惮
{0xb5ad, 0x6de1}, //淡
{0xb5ae, 0x8bde}, //诞
{0xb5af, 0x5f39}, //弹
{0xb5b0, 0x86cb}, //蛋
{0xb5b1, 0x5f53}, //当
{0xb5b2, 0x6321}, //挡
{0xb5b3, 0x515a}, //党
{0xb5b4, 0x8361}, //荡
{0xb5b5, 0x6863}, //档
{0xb5b6, 0x5200}, //刀
{0xb5b7, 0x6363}, //捣
{0xb5b8, 0x8e48}, //蹈
{0xb5b9, 0x5012}, //倒
{0xb5ba, 0x5c9b}, //岛
{0xb5bb, 0x7977}, //祷
{0xb5bc, 0x5bfc}, //导
{0xb5bd, 0x5230}, //到
{0xb5be, 0x7a3b}, //稻
{0xb5bf, 0x60bc}, //悼
{0xb5c0, 0x9053}, //道
{0xb5c1, 0x76d7}, //盗
{0xb5c2, 0x5fb7}, //德
{0xb5c3, 0x5f97}, //得
{0xb5c4, 0x7684}, //的
{0xb5c5, 0x8e6c}, //蹬
{0xb5c6, 0x706f}, //灯
{0xb5c7, 0x767b}, //登
{0xb5c8, 0x7b49}, //等
{0xb5c9, 0x77aa}, //瞪
{0xb5ca, 0x51f3}, //凳
{0xb5cb, 0x9093}, //邓
{0xb5cc, 0x5824}, //堤
{0xb5cd, 0x4f4e}, //低
{0xb5ce, 0x6ef4}, //滴
{0xb5cf, 0x8fea}, //迪
{0xb5d0, 0x654c}, //敌
{0xb5d1, 0x7b1b}, //笛
{0xb5d2, 0x72c4}, //狄
{0xb5d3, 0x6da4}, //涤
{0xb5d4, 0x7fdf}, //翟
{0xb5d5, 0x5ae1}, //嫡
{0xb5d6, 0x62b5}, //抵
{0xb5d7, 0x5e95}, //底
{0xb5d8, 0x5730}, //地
{0xb5d9, 0x8482}, //蒂
{0xb5da, 0x7b2c}, //第
{0xb5db, 0x5e1d}, //帝
{0xb5dc, 0x5f1f}, //弟
{0xb5dd, 0x9012}, //递
{0xb5de, 0x7f14}, //缔
{0xb5df, 0x98a0}, //颠
{0xb5e0, 0x6382}, //掂
{0xb5e1, 0x6ec7}, //滇
{0xb5e2, 0x7898}, //碘
{0xb5e3, 0x70b9}, //点
{0xb5e4, 0x5178}, //典
{0xb5e5, 0x975b}, //靛
{0xb5e6, 0x57ab}, //垫
{0xb5e7, 0x7535}, //电
{0xb5e8, 0x4f43}, //佃
{0xb5e9, 0x7538}, //甸
{0xb5ea, 0x5e97}, //店
{0xb5eb, 0x60e6}, //惦
{0xb5ec, 0x5960}, //奠
{0xb5ed, 0x6dc0}, //淀
{0xb5ee, 0x6bbf}, //殿
{0xb5ef, 0x7889}, //碉
{0xb5f0, 0x53fc}, //叼
{0xb5f1, 0x96d5}, //雕
{0xb5f2, 0x51cb}, //凋
{0xb5f3, 0x5201}, //刁
{0xb5f4, 0x6389}, //掉
{0xb5f5, 0x540a}, //吊
{0xb5f6, 0x9493}, //钓
{0xb5f7, 0x8c03}, //调
{0xb5f8, 0x8dcc}, //跌
{0xb5f9, 0x7239}, //爹
{0xb5fa, 0x789f}, //碟
{0xb5fb, 0x8776}, //蝶
{0xb5fc, 0x8fed}, //迭
{0xb5fd, 0x8c0d}, //谍
{0xb5fe, 0x53e0}, //叠
{0xb640, 0x7993}, //禓
{0xb641, 0x7994}, //禔
{0xb642, 0x7995}, //禕
{0xb643, 0x7996}, //禖
{0xb644, 0x7997}, //禗
{0xb645, 0x7998}, //禘
{0xb646, 0x7999}, //禙
{0xb647, 0x799b}, //禛
{0xb648, 0x799c}, //禜
{0xb649, 0x799d}, //禝
{0xb64a, 0x799e}, //禞
{0xb64b, 0x799f}, //禟
{0xb64c, 0x79a0}, //禠
{0xb64d, 0x79a1}, //禡
{0xb64e, 0x79a2}, //禢
{0xb64f, 0x79a3}, //禣
{0xb650, 0x79a4}, //禤
{0xb651, 0x79a5}, //禥
{0xb652, 0x79a6}, //禦
{0xb653, 0x79a8}, //禨
{0xb654, 0x79a9}, //禩
{0xb655, 0x79aa}, //禪
{0xb656, 0x79ab}, //禫
{0xb657, 0x79ac}, //禬
{0xb658, 0x79ad}, //禭
{0xb659, 0x79ae}, //禮
{0xb65a, 0x79af}, //禯
{0xb65b, 0x79b0}, //禰
{0xb65c, 0x79b1}, //禱
{0xb65d, 0x79b2}, //禲
{0xb65e, 0x79b4}, //禴
{0xb65f, 0x79b5}, //禵
{0xb660, 0x79b6}, //禶
{0xb661, 0x79b7}, //禷
{0xb662, 0x79b8}, //禸
{0xb663, 0x79bc}, //禼
{0xb664, 0x79bf}, //禿
{0xb665, 0x79c2}, //秂
{0xb666, 0x79c4}, //秄
{0xb667, 0x79c5}, //秅
{0xb668, 0x79c7}, //秇
{0xb669, 0x79c8}, //秈
{0xb66a, 0x79ca}, //秊
{0xb66b, 0x79cc}, //秌
{0xb66c, 0x79ce}, //秎
{0xb66d, 0x79cf}, //秏
{0xb66e, 0x79d0}, //秐
{0xb66f, 0x79d3}, //秓
{0xb670, 0x79d4}, //秔
{0xb671, 0x79d6}, //秖
{0xb672, 0x79d7}, //秗
{0xb673, 0x79d9}, //秙
{0xb674, 0x79da}, //秚
{0xb675, 0x79db}, //秛
{0xb676, 0x79dc}, //秜
{0xb677, 0x79dd}, //秝
{0xb678, 0x79de}, //秞
{0xb679, 0x79e0}, //秠
{0xb67a, 0x79e1}, //秡
{0xb67b, 0x79e2}, //秢
{0xb67c, 0x79e5}, //秥
{0xb67d, 0x79e8}, //秨
{0xb67e, 0x79ea}, //秪
{0xb680, 0x79ec}, //秬
{0xb681, 0x79ee}, //秮
{0xb682, 0x79f1}, //秱
{0xb683, 0x79f2}, //秲
{0xb684, 0x79f3}, //秳
{0xb685, 0x79f4}, //秴
{0xb686, 0x79f5}, //秵
{0xb687, 0x79f6}, //秶
{0xb688, 0x79f7}, //秷
{0xb689, 0x79f9}, //秹
{0xb68a, 0x79fa}, //秺
{0xb68b, 0x79fc}, //秼
{0xb68c, 0x79fe}, //秾
{0xb68d, 0x79ff}, //秿
{0xb68e, 0x7a01}, //稁
{0xb68f, 0x7a04}, //稄
{0xb690, 0x7a05}, //稅
{0xb691, 0x7a07}, //稇
{0xb692, 0x7a08}, //稈
{0xb693, 0x7a09}, //稉
{0xb694, 0x7a0a}, //稊
{0xb695, 0x7a0c}, //稌
{0xb696, 0x7a0f}, //稏
{0xb697, 0x7a10}, //稐
{0xb698, 0x7a11}, //稑
{0xb699, 0x7a12}, //稒
{0xb69a, 0x7a13}, //稓
{0xb69b, 0x7a15}, //稕
{0xb69c, 0x7a16}, //稖
{0xb69d, 0x7a18}, //稘
{0xb69e, 0x7a19}, //稙
{0xb69f, 0x7a1b}, //稛
{0xb6a0, 0x7a1c}, //稜
{0xb6a1, 0x4e01}, //丁
{0xb6a2, 0x76ef}, //盯
{0xb6a3, 0x53ee}, //叮
{0xb6a4, 0x9489}, //钉
{0xb6a5, 0x9876}, //顶
{0xb6a6, 0x9f0e}, //鼎
{0xb6a7, 0x952d}, //锭
{0xb6a8, 0x5b9a}, //定
{0xb6a9, 0x8ba2}, //订
{0xb6aa, 0x4e22}, //丢
{0xb6ab, 0x4e1c}, //东
{0xb6ac, 0x51ac}, //冬
{0xb6ad, 0x8463}, //董
{0xb6ae, 0x61c2}, //懂
{0xb6af, 0x52a8}, //动
{0xb6b0, 0x680b}, //栋
{0xb6b1, 0x4f97}, //侗
{0xb6b2, 0x606b}, //恫
{0xb6b3, 0x51bb}, //冻
{0xb6b4, 0x6d1e}, //洞
{0xb6b5, 0x515c}, //兜
{0xb6b6, 0x6296}, //抖
{0xb6b7, 0x6597}, //斗
{0xb6b8, 0x9661}, //陡
{0xb6b9, 0x8c46}, //豆
{0xb6ba, 0x9017}, //逗
{0xb6bb, 0x75d8}, //痘
{0xb6bc, 0x90fd}, //都
{0xb6bd, 0x7763}, //督
{0xb6be, 0x6bd2}, //毒
{0xb6bf, 0x728a}, //犊
{0xb6c0, 0x72ec}, //独
{0xb6c1, 0x8bfb}, //读
{0xb6c2, 0x5835}, //堵
{0xb6c3, 0x7779}, //睹
{0xb6c4, 0x8d4c}, //赌
{0xb6c5, 0x675c}, //杜
{0xb6c6, 0x9540}, //镀
{0xb6c7, 0x809a}, //肚
{0xb6c8, 0x5ea6}, //度
{0xb6c9, 0x6e21}, //渡
{0xb6ca, 0x5992}, //妒
{0xb6cb, 0x7aef}, //端
{0xb6cc, 0x77ed}, //短
{0xb6cd, 0x953b}, //锻
{0xb6ce, 0x6bb5}, //段
{0xb6cf, 0x65ad}, //断
{0xb6d0, 0x7f0e}, //缎
{0xb6d1, 0x5806}, //堆
{0xb6d2, 0x5151}, //兑
{0xb6d3, 0x961f}, //队
{0xb6d4, 0x5bf9}, //对
{0xb6d5, 0x58a9}, //墩
{0xb6d6, 0x5428}, //吨
{0xb6d7, 0x8e72}, //蹲
{0xb6d8, 0x6566}, //敦
{0xb6d9, 0x987f}, //顿
{0xb6da, 0x56e4}, //囤
{0xb6db, 0x949d}, //钝
{0xb6dc, 0x76fe}, //盾
{0xb6dd, 0x9041}, //遁
{0xb6de, 0x6387}, //掇
{0xb6df, 0x54c6}, //哆
{0xb6e0, 0x591a}, //多
{0xb6e1, 0x593a}, //夺
{0xb6e2, 0x579b}, //垛
{0xb6e3, 0x8eb2}, //躲
{0xb6e4, 0x6735}, //朵
{0xb6e5, 0x8dfa}, //跺
{0xb6e6, 0x8235}, //舵
{0xb6e7, 0x5241}, //剁
{0xb6e8, 0x60f0}, //惰
{0xb6e9, 0x5815}, //堕
{0xb6ea, 0x86fe}, //蛾
{0xb6eb, 0x5ce8}, //峨
{0xb6ec, 0x9e45}, //鹅
{0xb6ed, 0x4fc4}, //俄
{0xb6ee, 0x989d}, //额
{0xb6ef, 0x8bb9}, //讹
{0xb6f0, 0x5a25}, //娥
{0xb6f1, 0x6076}, //恶
{0xb6f2, 0x5384}, //厄
{0xb6f3, 0x627c}, //扼
{0xb6f4, 0x904f}, //遏
{0xb6f5, 0x9102}, //鄂
{0xb6f6, 0x997f}, //饿
{0xb6f7, 0x6069}, //恩
{0xb6f8, 0x800c}, //而
{0xb6f9, 0x513f}, //儿
{0xb6fa, 0x8033}, //耳
{0xb6fb, 0x5c14}, //尔
{0xb6fc, 0x9975}, //饵
{0xb6fd, 0x6d31}, //洱
{0xb6fe, 0x4e8c}, //二
{0xb740, 0x7a1d}, //稝
{0xb741, 0x7a1f}, //稟
{0xb742, 0x7a21}, //稡
{0xb743, 0x7a22}, //稢
{0xb744, 0x7a24}, //稤
{0xb745, 0x7a25}, //稥
{0xb746, 0x7a26}, //稦
{0xb747, 0x7a27}, //稧
{0xb748, 0x7a28}, //稨
{0xb749, 0x7a29}, //稩
{0xb74a, 0x7a2a}, //稪
{0xb74b, 0x7a2b}, //稫
{0xb74c, 0x7a2c}, //稬
{0xb74d, 0x7a2d}, //稭
{0xb74e, 0x7a2e}, //種
{0xb74f, 0x7a2f}, //稯
{0xb750, 0x7a30}, //稰
{0xb751, 0x7a31}, //稱
{0xb752, 0x7a32}, //稲
{0xb753, 0x7a34}, //稴
{0xb754, 0x7a35}, //稵
{0xb755, 0x7a36}, //稶
{0xb756, 0x7a38}, //稸
{0xb757, 0x7a3a}, //稺
{0xb758, 0x7a3e}, //稾
{0xb759, 0x7a40}, //穀
{0xb75a, 0x7a41}, //穁
{0xb75b, 0x7a42}, //穂
{0xb75c, 0x7a43}, //穃
{0xb75d, 0x7a44}, //穄
{0xb75e, 0x7a45}, //穅
{0xb75f, 0x7a47}, //穇
{0xb760, 0x7a48}, //穈
{0xb761, 0x7a49}, //穉
{0xb762, 0x7a4a}, //穊
{0xb763, 0x7a4b}, //穋
{0xb764, 0x7a4c}, //穌
{0xb765, 0x7a4d}, //積
{0xb766, 0x7a4e}, //穎
{0xb767, 0x7a4f}, //穏
{0xb768, 0x7a50}, //穐
{0xb769, 0x7a52}, //穒
{0xb76a, 0x7a53}, //穓
{0xb76b, 0x7a54}, //穔
{0xb76c, 0x7a55}, //穕
{0xb76d, 0x7a56}, //穖
{0xb76e, 0x7a58}, //穘
{0xb76f, 0x7a59}, //穙
{0xb770, 0x7a5a}, //穚
{0xb771, 0x7a5b}, //穛
{0xb772, 0x7a5c}, //穜
{0xb773, 0x7a5d}, //穝
{0xb774, 0x7a5e}, //穞
{0xb775, 0x7a5f}, //穟
{0xb776, 0x7a60}, //穠
{0xb777, 0x7a61}, //穡
{0xb778, 0x7a62}, //穢
{0xb779, 0x7a63}, //穣
{0xb77a, 0x7a64}, //穤
{0xb77b, 0x7a65}, //穥
{0xb77c, 0x7a66}, //穦
{0xb77d, 0x7a67}, //穧
{0xb77e, 0x7a68}, //穨
{0xb780, 0x7a69}, //穩
{0xb781, 0x7a6a}, //穪
{0xb782, 0x7a6b}, //穫
{0xb783, 0x7a6c}, //穬
{0xb784, 0x7a6d}, //穭
{0xb785, 0x7a6e}, //穮
{0xb786, 0x7a6f}, //穯
{0xb787, 0x7a71}, //穱
{0xb788, 0x7a72}, //穲
{0xb789, 0x7a73}, //穳
{0xb78a, 0x7a75}, //穵
{0xb78b, 0x7a7b}, //穻
{0xb78c, 0x7a7c}, //穼
{0xb78d, 0x7a7d}, //穽
{0xb78e, 0x7a7e}, //穾
{0xb78f, 0x7a82}, //窂
{0xb790, 0x7a85}, //窅
{0xb791, 0x7a87}, //窇
{0xb792, 0x7a89}, //窉
{0xb793, 0x7a8a}, //窊
{0xb794, 0x7a8b}, //窋
{0xb795, 0x7a8c}, //窌
{0xb796, 0x7a8e}, //窎
{0xb797, 0x7a8f}, //窏
{0xb798, 0x7a90}, //窐
{0xb799, 0x7a93}, //窓
{0xb79a, 0x7a94}, //窔
{0xb79b, 0x7a99}, //窙
{0xb79c, 0x7a9a}, //窚
{0xb79d, 0x7a9b}, //窛
{0xb79e, 0x7a9e}, //窞
{0xb79f, 0x7aa1}, //窡
{0xb7a0, 0x7aa2}, //窢
{0xb7a1, 0x8d30}, //贰
{0xb7a2, 0x53d1}, //发
{0xb7a3, 0x7f5a}, //罚
{0xb7a4, 0x7b4f}, //筏
{0xb7a5, 0x4f10}, //伐
{0xb7a6, 0x4e4f}, //乏
{0xb7a7, 0x9600}, //阀
{0xb7a8, 0x6cd5}, //法
{0xb7a9, 0x73d0}, //珐
{0xb7aa, 0x85e9}, //藩
{0xb7ab, 0x5e06}, //帆
{0xb7ac, 0x756a}, //番
{0xb7ad, 0x7ffb}, //翻
{0xb7ae, 0x6a0a}, //樊
{0xb7af, 0x77fe}, //矾
{0xb7b0, 0x9492}, //钒
{0xb7b1, 0x7e41}, //繁
{0xb7b2, 0x51e1}, //凡
{0xb7b3, 0x70e6}, //烦
{0xb7b4, 0x53cd}, //反
{0xb7b5, 0x8fd4}, //返
{0xb7b6, 0x8303}, //范
{0xb7b7, 0x8d29}, //贩
{0xb7b8, 0x72af}, //犯
{0xb7b9, 0x996d}, //饭
{0xb7ba, 0x6cdb}, //泛
{0xb7bb, 0x574a}, //坊
{0xb7bc, 0x82b3}, //芳
{0xb7bd, 0x65b9}, //方
{0xb7be, 0x80aa}, //肪
{0xb7bf, 0x623f}, //房
{0xb7c0, 0x9632}, //防
{0xb7c1, 0x59a8}, //妨
{0xb7c2, 0x4eff}, //仿
{0xb7c3, 0x8bbf}, //访
{0xb7c4, 0x7eba}, //纺
{0xb7c5, 0x653e}, //放
{0xb7c6, 0x83f2}, //菲
{0xb7c7, 0x975e}, //非
{0xb7c8, 0x5561}, //啡
{0xb7c9, 0x98de}, //飞
{0xb7ca, 0x80a5}, //肥
{0xb7cb, 0x532a}, //匪
{0xb7cc, 0x8bfd}, //诽
{0xb7cd, 0x5420}, //吠
{0xb7ce, 0x80ba}, //肺
{0xb7cf, 0x5e9f}, //废
{0xb7d0, 0x6cb8}, //沸
{0xb7d1, 0x8d39}, //费
{0xb7d2, 0x82ac}, //芬
{0xb7d3, 0x915a}, //酚
{0xb7d4, 0x5429}, //吩
{0xb7d5, 0x6c1b}, //氛
{0xb7d6, 0x5206}, //分
{0xb7d7, 0x7eb7}, //纷
{0xb7d8, 0x575f}, //坟
{0xb7d9, 0x711a}, //焚
{0xb7da, 0x6c7e}, //汾
{0xb7db, 0x7c89}, //粉
{0xb7dc, 0x594b}, //奋
{0xb7dd, 0x4efd}, //份
{0xb7de, 0x5fff}, //忿
{0xb7df, 0x6124}, //愤
{0xb7e0, 0x7caa}, //粪
{0xb7e1, 0x4e30}, //丰
{0xb7e2, 0x5c01}, //封
{0xb7e3, 0x67ab}, //枫
{0xb7e4, 0x8702}, //蜂
{0xb7e5, 0x5cf0}, //峰
{0xb7e6, 0x950b}, //锋
{0xb7e7, 0x98ce}, //风
{0xb7e8, 0x75af}, //疯
{0xb7e9, 0x70fd}, //烽
{0xb7ea, 0x9022}, //逢
{0xb7eb, 0x51af}, //冯
{0xb7ec, 0x7f1d}, //缝
{0xb7ed, 0x8bbd}, //讽
{0xb7ee, 0x5949}, //奉
{0xb7ef, 0x51e4}, //凤
{0xb7f0, 0x4f5b}, //佛
{0xb7f1, 0x5426}, //否
{0xb7f2, 0x592b}, //夫
{0xb7f3, 0x6577}, //敷
{0xb7f4, 0x80a4}, //肤
{0xb7f5, 0x5b75}, //孵
{0xb7f6, 0x6276}, //扶
{0xb7f7, 0x62c2}, //拂
{0xb7f8, 0x8f90}, //辐
{0xb7f9, 0x5e45}, //幅
{0xb7fa, 0x6c1f}, //氟
{0xb7fb, 0x7b26}, //符
{0xb7fc, 0x4f0f}, //伏
{0xb7fd, 0x4fd8}, //俘
{0xb7fe, 0x670d}, //服
{0xb840, 0x7aa3}, //窣
{0xb841, 0x7aa4}, //窤
{0xb842, 0x7aa7}, //窧
{0xb843, 0x7aa9}, //窩
{0xb844, 0x7aaa}, //窪
{0xb845, 0x7aab}, //窫
{0xb846, 0x7aae}, //窮
{0xb847, 0x7aaf}, //窯
{0xb848, 0x7ab0}, //窰
{0xb849, 0x7ab1}, //窱
{0xb84a, 0x7ab2}, //窲
{0xb84b, 0x7ab4}, //窴
{0xb84c, 0x7ab5}, //窵
{0xb84d, 0x7ab6}, //窶
{0xb84e, 0x7ab7}, //窷
{0xb84f, 0x7ab8}, //窸
{0xb850, 0x7ab9}, //窹
{0xb851, 0x7aba}, //窺
{0xb852, 0x7abb}, //窻
{0xb853, 0x7abc}, //窼
{0xb854, 0x7abd}, //窽
{0xb855, 0x7abe}, //窾
{0xb856, 0x7ac0}, //竀
{0xb857, 0x7ac1}, //竁
{0xb858, 0x7ac2}, //竂
{0xb859, 0x7ac3}, //竃
{0xb85a, 0x7ac4}, //竄
{0xb85b, 0x7ac5}, //竅
{0xb85c, 0x7ac6}, //竆
{0xb85d, 0x7ac7}, //竇
{0xb85e, 0x7ac8}, //竈
{0xb85f, 0x7ac9}, //竉
{0xb860, 0x7aca}, //竊
{0xb861, 0x7acc}, //竌
{0xb862, 0x7acd}, //竍
{0xb863, 0x7ace}, //竎
{0xb864, 0x7acf}, //竏
{0xb865, 0x7ad0}, //竐
{0xb866, 0x7ad1}, //竑
{0xb867, 0x7ad2}, //竒
{0xb868, 0x7ad3}, //竓
{0xb869, 0x7ad4}, //竔
{0xb86a, 0x7ad5}, //竕
{0xb86b, 0x7ad7}, //竗
{0xb86c, 0x7ad8}, //竘
{0xb86d, 0x7ada}, //竚
{0xb86e, 0x7adb}, //竛
{0xb86f, 0x7adc}, //竜
{0xb870, 0x7add}, //竝
{0xb871, 0x7ae1}, //竡
{0xb872, 0x7ae2}, //竢
{0xb873, 0x7ae4}, //竤
{0xb874, 0x7ae7}, //竧
{0xb875, 0x7ae8}, //竨
{0xb876, 0x7ae9}, //竩
{0xb877, 0x7aea}, //竪
{0xb878, 0x7aeb}, //竫
{0xb879, 0x7aec}, //竬
{0xb87a, 0x7aee}, //竮
{0xb87b, 0x7af0}, //竰
{0xb87c, 0x7af1}, //竱
{0xb87d, 0x7af2}, //竲
{0xb87e, 0x7af3}, //竳
{0xb880, 0x7af4}, //竴
{0xb881, 0x7af5}, //竵
{0xb882, 0x7af6}, //競
{0xb883, 0x7af7}, //竷
{0xb884, 0x7af8}, //竸
{0xb885, 0x7afb}, //竻
{0xb886, 0x7afc}, //竼
{0xb887, 0x7afe}, //竾
{0xb888, 0x7b00}, //笀
{0xb889, 0x7b01}, //笁
{0xb88a, 0x7b02}, //笂
{0xb88b, 0x7b05}, //笅
{0xb88c, 0x7b07}, //笇
{0xb88d, 0x7b09}, //笉
{0xb88e, 0x7b0c}, //笌
{0xb88f, 0x7b0d}, //笍
{0xb890, 0x7b0e}, //笎
{0xb891, 0x7b10}, //笐
{0xb892, 0x7b12}, //笒
{0xb893, 0x7b13}, //笓
{0xb894, 0x7b16}, //笖
{0xb895, 0x7b17}, //笗
{0xb896, 0x7b18}, //笘
{0xb897, 0x7b1a}, //笚
{0xb898, 0x7b1c}, //笜
{0xb899, 0x7b1d}, //笝
{0xb89a, 0x7b1f}, //笟
{0xb89b, 0x7b21}, //笡
{0xb89c, 0x7b22}, //笢
{0xb89d, 0x7b23}, //笣
{0xb89e, 0x7b27}, //笧
{0xb89f, 0x7b29}, //笩
{0xb8a0, 0x7b2d}, //笭
{0xb8a1, 0x6d6e}, //浮
{0xb8a2, 0x6daa}, //涪
{0xb8a3, 0x798f}, //福
{0xb8a4, 0x88b1}, //袱
{0xb8a5, 0x5f17}, //弗
{0xb8a6, 0x752b}, //甫
{0xb8a7, 0x629a}, //抚
{0xb8a8, 0x8f85}, //辅
{0xb8a9, 0x4fef}, //俯
{0xb8aa, 0x91dc}, //釜
{0xb8ab, 0x65a7}, //斧
{0xb8ac, 0x812f}, //脯
{0xb8ad, 0x8151}, //腑
{0xb8ae, 0x5e9c}, //府
{0xb8af, 0x8150}, //腐
{0xb8b0, 0x8d74}, //赴
{0xb8b1, 0x526f}, //副
{0xb8b2, 0x8986}, //覆
{0xb8b3, 0x8d4b}, //赋
{0xb8b4, 0x590d}, //复
{0xb8b5, 0x5085}, //傅
{0xb8b6, 0x4ed8}, //付
{0xb8b7, 0x961c}, //阜
{0xb8b8, 0x7236}, //父
{0xb8b9, 0x8179}, //腹
{0xb8ba, 0x8d1f}, //负
{0xb8bb, 0x5bcc}, //富
{0xb8bc, 0x8ba3}, //讣
{0xb8bd, 0x9644}, //附
{0xb8be, 0x5987}, //妇
{0xb8bf, 0x7f1a}, //缚
{0xb8c0, 0x5490}, //咐
{0xb8c1, 0x5676}, //噶
{0xb8c2, 0x560e}, //嘎
{0xb8c3, 0x8be5}, //该
{0xb8c4, 0x6539}, //改
{0xb8c5, 0x6982}, //概
{0xb8c6, 0x9499}, //钙
{0xb8c7, 0x76d6}, //盖
{0xb8c8, 0x6e89}, //溉
{0xb8c9, 0x5e72}, //干
{0xb8ca, 0x7518}, //甘
{0xb8cb, 0x6746}, //杆
{0xb8cc, 0x67d1}, //柑
{0xb8cd, 0x7aff}, //竿
{0xb8ce, 0x809d}, //肝
{0xb8cf, 0x8d76}, //赶
{0xb8d0, 0x611f}, //感
{0xb8d1, 0x79c6}, //秆
{0xb8d2, 0x6562}, //敢
{0xb8d3, 0x8d63}, //赣
{0xb8d4, 0x5188}, //冈
{0xb8d5, 0x521a}, //刚
{0xb8d6, 0x94a2}, //钢
{0xb8d7, 0x7f38}, //缸
{0xb8d8, 0x809b}, //肛
{0xb8d9, 0x7eb2}, //纲
{0xb8da, 0x5c97}, //岗
{0xb8db, 0x6e2f}, //港
{0xb8dc, 0x6760}, //杠
{0xb8dd, 0x7bd9}, //篙
{0xb8de, 0x768b}, //皋
{0xb8df, 0x9ad8}, //高
{0xb8e0, 0x818f}, //膏
{0xb8e1, 0x7f94}, //羔
{0xb8e2, 0x7cd5}, //糕
{0xb8e3, 0x641e}, //搞
{0xb8e4, 0x9550}, //镐
{0xb8e5, 0x7a3f}, //稿
{0xb8e6, 0x544a}, //告
{0xb8e7, 0x54e5}, //哥
{0xb8e8, 0x6b4c}, //歌
{0xb8e9, 0x6401}, //搁
{0xb8ea, 0x6208}, //戈
{0xb8eb, 0x9e3d}, //鸽
{0xb8ec, 0x80f3}, //胳
{0xb8ed, 0x7599}, //疙
{0xb8ee, 0x5272}, //割
{0xb8ef, 0x9769}, //革
{0xb8f0, 0x845b}, //葛
{0xb8f1, 0x683c}, //格
{0xb8f2, 0x86e4}, //蛤
{0xb8f3, 0x9601}, //阁
{0xb8f4, 0x9694}, //隔
{0xb8f5, 0x94ec}, //铬
{0xb8f6, 0x4e2a}, //个
{0xb8f7, 0x5404}, //各
{0xb8f8, 0x7ed9}, //给
{0xb8f9, 0x6839}, //根
{0xb8fa, 0x8ddf}, //跟
{0xb8fb, 0x8015}, //耕
{0xb8fc, 0x66f4}, //更
{0xb8fd, 0x5e9a}, //庚
{0xb8fe, 0x7fb9}, //羹
{0xb940, 0x7b2f}, //笯
{0xb941, 0x7b30}, //笰
{0xb942, 0x7b32}, //笲
{0xb943, 0x7b34}, //笴
{0xb944, 0x7b35}, //笵
{0xb945, 0x7b36}, //笶
{0xb946, 0x7b37}, //笷
{0xb947, 0x7b39}, //笹
{0xb948, 0x7b3b}, //笻
{0xb949, 0x7b3d}, //笽
{0xb94a, 0x7b3f}, //笿
{0xb94b, 0x7b40}, //筀
{0xb94c, 0x7b41}, //筁
{0xb94d, 0x7b42}, //筂
{0xb94e, 0x7b43}, //筃
{0xb94f, 0x7b44}, //筄
{0xb950, 0x7b46}, //筆
{0xb951, 0x7b48}, //筈
{0xb952, 0x7b4a}, //筊
{0xb953, 0x7b4d}, //筍
{0xb954, 0x7b4e}, //筎
{0xb955, 0x7b53}, //筓
{0xb956, 0x7b55}, //筕
{0xb957, 0x7b57}, //筗
{0xb958, 0x7b59}, //筙
{0xb959, 0x7b5c}, //筜
{0xb95a, 0x7b5e}, //筞
{0xb95b, 0x7b5f}, //筟
{0xb95c, 0x7b61}, //筡
{0xb95d, 0x7b63}, //筣
{0xb95e, 0x7b64}, //筤
{0xb95f, 0x7b65}, //筥
{0xb960, 0x7b66}, //筦
{0xb961, 0x7b67}, //筧
{0xb962, 0x7b68}, //筨
{0xb963, 0x7b69}, //筩
{0xb964, 0x7b6a}, //筪
{0xb965, 0x7b6b}, //筫
{0xb966, 0x7b6c}, //筬
{0xb967, 0x7b6d}, //筭
{0xb968, 0x7b6f}, //筯
{0xb969, 0x7b70}, //筰
{0xb96a, 0x7b73}, //筳
{0xb96b, 0x7b74}, //筴
{0xb96c, 0x7b76}, //筶
{0xb96d, 0x7b78}, //筸
{0xb96e, 0x7b7a}, //筺
{0xb96f, 0x7b7c}, //筼
{0xb970, 0x7b7d}, //筽
{0xb971, 0x7b7f}, //筿
{0xb972, 0x7b81}, //箁
{0xb973, 0x7b82}, //箂
{0xb974, 0x7b83}, //箃
{0xb975, 0x7b84}, //箄
{0xb976, 0x7b86}, //箆
{0xb977, 0x7b87}, //箇
{0xb978, 0x7b88}, //箈
{0xb979, 0x7b89}, //箉
{0xb97a, 0x7b8a}, //箊
{0xb97b, 0x7b8b}, //箋
{0xb97c, 0x7b8c}, //箌
{0xb97d, 0x7b8e}, //箎
{0xb97e, 0x7b8f}, //箏
{0xb980, 0x7b91}, //箑
{0xb981, 0x7b92}, //箒
{0xb982, 0x7b93}, //箓
{0xb983, 0x7b96}, //箖
{0xb984, 0x7b98}, //箘
{0xb985, 0x7b99}, //箙
{0xb986, 0x7b9a}, //箚
{0xb987, 0x7b9b}, //箛
{0xb988, 0x7b9e}, //箞
{0xb989, 0x7b9f}, //箟
{0xb98a, 0x7ba0}, //箠
{0xb98b, 0x7ba3}, //箣
{0xb98c, 0x7ba4}, //箤
{0xb98d, 0x7ba5}, //箥
{0xb98e, 0x7bae}, //箮
{0xb98f, 0x7baf}, //箯
{0xb990, 0x7bb0}, //箰
{0xb991, 0x7bb2}, //箲
{0xb992, 0x7bb3}, //箳
{0xb993, 0x7bb5}, //箵
{0xb994, 0x7bb6}, //箶
{0xb995, 0x7bb7}, //箷
{0xb996, 0x7bb9}, //箹
{0xb997, 0x7bba}, //箺
{0xb998, 0x7bbb}, //箻
{0xb999, 0x7bbc}, //箼
{0xb99a, 0x7bbd}, //箽
{0xb99b, 0x7bbe}, //箾
{0xb99c, 0x7bbf}, //箿
{0xb99d, 0x7bc0}, //節
{0xb99e, 0x7bc2}, //篂
{0xb99f, 0x7bc3}, //篃
{0xb9a0, 0x7bc4}, //範
{0xb9a1, 0x57c2}, //埂
{0xb9a2, 0x803f}, //耿
{0xb9a3, 0x6897}, //梗
{0xb9a4, 0x5de5}, //工
{0xb9a5, 0x653b}, //攻
{0xb9a6, 0x529f}, //功
{0xb9a7, 0x606d}, //恭
{0xb9a8, 0x9f9a}, //龚
{0xb9a9, 0x4f9b}, //供
{0xb9aa, 0x8eac}, //躬
{0xb9ab, 0x516c}, //公
{0xb9ac, 0x5bab}, //宫
{0xb9ad, 0x5f13}, //弓
{0xb9ae, 0x5de9}, //巩
{0xb9af, 0x6c5e}, //汞
{0xb9b0, 0x62f1}, //拱
{0xb9b1, 0x8d21}, //贡
{0xb9b2, 0x5171}, //共
{0xb9b3, 0x94a9}, //钩
{0xb9b4, 0x52fe}, //勾
{0xb9b5, 0x6c9f}, //沟
{0xb9b6, 0x82df}, //苟
{0xb9b7, 0x72d7}, //狗
{0xb9b8, 0x57a2}, //垢
{0xb9b9, 0x6784}, //构
{0xb9ba, 0x8d2d}, //购
{0xb9bb, 0x591f}, //够
{0xb9bc, 0x8f9c}, //辜
{0xb9bd, 0x83c7}, //菇
{0xb9be, 0x5495}, //咕
{0xb9bf, 0x7b8d}, //箍
{0xb9c0, 0x4f30}, //估
{0xb9c1, 0x6cbd}, //沽
{0xb9c2, 0x5b64}, //孤
{0xb9c3, 0x59d1}, //姑
{0xb9c4, 0x9f13}, //鼓
{0xb9c5, 0x53e4}, //古
{0xb9c6, 0x86ca}, //蛊
{0xb9c7, 0x9aa8}, //骨
{0xb9c8, 0x8c37}, //谷
{0xb9c9, 0x80a1}, //股
{0xb9ca, 0x6545}, //故
{0xb9cb, 0x987e}, //顾
{0xb9cc, 0x56fa}, //固
{0xb9cd, 0x96c7}, //雇
{0xb9ce, 0x522e}, //刮
{0xb9cf, 0x74dc}, //瓜
{0xb9d0, 0x5250}, //剐
{0xb9d1, 0x5be1}, //寡
{0xb9d2, 0x6302}, //挂
{0xb9d3, 0x8902}, //褂
{0xb9d4, 0x4e56}, //乖
{0xb9d5, 0x62d0}, //拐
{0xb9d6, 0x602a}, //怪
{0xb9d7, 0x68fa}, //棺
{0xb9d8, 0x5173}, //关
{0xb9d9, 0x5b98}, //官
{0xb9da, 0x51a0}, //冠
{0xb9db, 0x89c2}, //观
{0xb9dc, 0x7ba1}, //管
{0xb9dd, 0x9986}, //馆
{0xb9de, 0x7f50}, //罐
{0xb9df, 0x60ef}, //惯
{0xb9e0, 0x704c}, //灌
{0xb9e1, 0x8d2f}, //贯
{0xb9e2, 0x5149}, //光
{0xb9e3, 0x5e7f}, //广
{0xb9e4, 0x901b}, //逛
{0xb9e5, 0x7470}, //瑰
{0xb9e6, 0x89c4}, //规
{0xb9e7, 0x572d}, //圭
{0xb9e8, 0x7845}, //硅
{0xb9e9, 0x5f52}, //归
{0xb9ea, 0x9f9f}, //龟
{0xb9eb, 0x95fa}, //闺
{0xb9ec, 0x8f68}, //轨
{0xb9ed, 0x9b3c}, //鬼
{0xb9ee, 0x8be1}, //诡
{0xb9ef, 0x7678}, //癸
{0xb9f0, 0x6842}, //桂
{0xb9f1, 0x67dc}, //柜
{0xb9f2, 0x8dea}, //跪
{0xb9f3, 0x8d35}, //贵
{0xb9f4, 0x523d}, //刽
{0xb9f5, 0x8f8a}, //辊
{0xb9f6, 0x6eda}, //滚
{0xb9f7, 0x68cd}, //棍
{0xb9f8, 0x9505}, //锅
{0xb9f9, 0x90ed}, //郭
{0xb9fa, 0x56fd}, //国
{0xb9fb, 0x679c}, //果
{0xb9fc, 0x88f9}, //裹
{0xb9fd, 0x8fc7}, //过
{0xb9fe, 0x54c8}, //哈
{0xba40, 0x7bc5}, //篅
{0xba41, 0x7bc8}, //篈
{0xba42, 0x7bc9}, //築
{0xba43, 0x7bca}, //篊
{0xba44, 0x7bcb}, //篋
{0xba45, 0x7bcd}, //篍
{0xba46, 0x7bce}, //篎
{0xba47, 0x7bcf}, //篏
{0xba48, 0x7bd0}, //篐
{0xba49, 0x7bd2}, //篒
{0xba4a, 0x7bd4}, //篔
{0xba4b, 0x7bd5}, //篕
{0xba4c, 0x7bd6}, //篖
{0xba4d, 0x7bd7}, //篗
{0xba4e, 0x7bd8}, //篘
{0xba4f, 0x7bdb}, //篛
{0xba50, 0x7bdc}, //篜
{0xba51, 0x7bde}, //篞
{0xba52, 0x7bdf}, //篟
{0xba53, 0x7be0}, //篠
{0xba54, 0x7be2}, //篢
{0xba55, 0x7be3}, //篣
{0xba56, 0x7be4}, //篤
{0xba57, 0x7be7}, //篧
{0xba58, 0x7be8}, //篨
{0xba59, 0x7be9}, //篩
{0xba5a, 0x7beb}, //篫
{0xba5b, 0x7bec}, //篬
{0xba5c, 0x7bed}, //篭
{0xba5d, 0x7bef}, //篯
{0xba5e, 0x7bf0}, //篰
{0xba5f, 0x7bf2}, //篲
{0xba60, 0x7bf3}, //篳
{0xba61, 0x7bf4}, //篴
{0xba62, 0x7bf5}, //篵
{0xba63, 0x7bf6}, //篶
{0xba64, 0x7bf8}, //篸
{0xba65, 0x7bf9}, //篹
{0xba66, 0x7bfa}, //篺
{0xba67, 0x7bfb}, //篻
{0xba68, 0x7bfd}, //篽
{0xba69, 0x7bff}, //篿
{0xba6a, 0x7c00}, //簀
{0xba6b, 0x7c01}, //簁
{0xba6c, 0x7c02}, //簂
{0xba6d, 0x7c03}, //簃
{0xba6e, 0x7c04}, //簄
{0xba6f, 0x7c05}, //簅
{0xba70, 0x7c06}, //簆
{0xba71, 0x7c08}, //簈
{0xba72, 0x7c09}, //簉
{0xba73, 0x7c0a}, //簊
{0xba74, 0x7c0d}, //簍
{0xba75, 0x7c0e}, //簎
{0xba76, 0x7c10}, //簐
{0xba77, 0x7c11}, //簑
{0xba78, 0x7c12}, //簒
{0xba79, 0x7c13}, //簓
{0xba7a, 0x7c14}, //簔
{0xba7b, 0x7c15}, //簕
{0xba7c, 0x7c17}, //簗
{0xba7d, 0x7c18}, //簘
{0xba7e, 0x7c19}, //簙
{0xba80, 0x7c1a}, //簚
{0xba81, 0x7c1b}, //簛
{0xba82, 0x7c1c}, //簜
{0xba83, 0x7c1d}, //簝
{0xba84, 0x7c1e}, //簞
{0xba85, 0x7c20}, //簠
{0xba86, 0x7c21}, //簡
{0xba87, 0x7c22}, //簢
{0xba88, 0x7c23}, //簣
{0xba89, 0x7c24}, //簤
{0xba8a, 0x7c25}, //簥
{0xba8b, 0x7c28}, //簨
{0xba8c, 0x7c29}, //簩
{0xba8d, 0x7c2b}, //簫
{0xba8e, 0x7c2c}, //簬
{0xba8f, 0x7c2d}, //簭
{0xba90, 0x7c2e}, //簮
{0xba91, 0x7c2f}, //簯
{0xba92, 0x7c30}, //簰
{0xba93, 0x7c31}, //簱
{0xba94, 0x7c32}, //簲
{0xba95, 0x7c33}, //簳
{0xba96, 0x7c34}, //簴
{0xba97, 0x7c35}, //簵
{0xba98, 0x7c36}, //簶
{0xba99, 0x7c37}, //簷
{0xba9a, 0x7c39}, //簹
{0xba9b, 0x7c3a}, //簺
{0xba9c, 0x7c3b}, //簻
{0xba9d, 0x7c3c}, //簼
{0xba9e, 0x7c3d}, //簽
{0xba9f, 0x7c3e}, //簾
{0xbaa0, 0x7c42}, //籂
{0xbaa1, 0x9ab8}, //骸
{0xbaa2, 0x5b69}, //孩
{0xbaa3, 0x6d77}, //海
{0xbaa4, 0x6c26}, //氦
{0xbaa5, 0x4ea5}, //亥
{0xbaa6, 0x5bb3}, //害
{0xbaa7, 0x9a87}, //骇
{0xbaa8, 0x9163}, //酣
{0xbaa9, 0x61a8}, //憨
{0xbaaa, 0x90af}, //邯
{0xbaab, 0x97e9}, //韩
{0xbaac, 0x542b}, //含
{0xbaad, 0x6db5}, //涵
{0xbaae, 0x5bd2}, //寒
{0xbaaf, 0x51fd}, //函
{0xbab0, 0x558a}, //喊
{0xbab1, 0x7f55}, //罕
{0xbab2, 0x7ff0}, //翰
{0xbab3, 0x64bc}, //撼
{0xbab4, 0x634d}, //捍
{0xbab5, 0x65f1}, //旱
{0xbab6, 0x61be}, //憾
{0xbab7, 0x608d}, //悍
{0xbab8, 0x710a}, //焊
{0xbab9, 0x6c57}, //汗
{0xbaba, 0x6c49}, //汉
{0xbabb, 0x592f}, //夯
{0xbabc, 0x676d}, //杭
{0xbabd, 0x822a}, //航
{0xbabe, 0x58d5}, //壕
{0xbabf, 0x568e}, //嚎
{0xbac0, 0x8c6a}, //豪
{0xbac1, 0x6beb}, //毫
{0xbac2, 0x90dd}, //郝
{0xbac3, 0x597d}, //好
{0xbac4, 0x8017}, //耗
{0xbac5, 0x53f7}, //号
{0xbac6, 0x6d69}, //浩
{0xbac7, 0x5475}, //呵
{0xbac8, 0x559d}, //喝
{0xbac9, 0x8377}, //荷
{0xbaca, 0x83cf}, //菏
{0xbacb, 0x6838}, //核
{0xbacc, 0x79be}, //禾
{0xbacd, 0x548c}, //和
{0xbace, 0x4f55}, //何
{0xbacf, 0x5408}, //合
{0xbad0, 0x76d2}, //盒
{0xbad1, 0x8c89}, //貉
{0xbad2, 0x9602}, //阂
{0xbad3, 0x6cb3}, //河
{0xbad4, 0x6db8}, //涸
{0xbad5, 0x8d6b}, //赫
{0xbad6, 0x8910}, //褐
{0xbad7, 0x9e64}, //鹤
{0xbad8, 0x8d3a}, //贺
{0xbad9, 0x563f}, //嘿
{0xbada, 0x9ed1}, //黑
{0xbadb, 0x75d5}, //痕
{0xbadc, 0x5f88}, //很
{0xbadd, 0x72e0}, //狠
{0xbade, 0x6068}, //恨
{0xbadf, 0x54fc}, //哼
{0xbae0, 0x4ea8}, //亨
{0xbae1, 0x6a2a}, //横
{0xbae2, 0x8861}, //衡
{0xbae3, 0x6052}, //恒
{0xbae4, 0x8f70}, //轰
{0xbae5, 0x54c4}, //哄
{0xbae6, 0x70d8}, //烘
{0xbae7, 0x8679}, //虹
{0xbae8, 0x9e3f}, //鸿
{0xbae9, 0x6d2a}, //洪
{0xbaea, 0x5b8f}, //宏
{0xbaeb, 0x5f18}, //弘
{0xbaec, 0x7ea2}, //红
{0xbaed, 0x5589}, //喉
{0xbaee, 0x4faf}, //侯
{0xbaef, 0x7334}, //猴
{0xbaf0, 0x543c}, //吼
{0xbaf1, 0x539a}, //厚
{0xbaf2, 0x5019}, //候
{0xbaf3, 0x540e}, //后
{0xbaf4, 0x547c}, //呼
{0xbaf5, 0x4e4e}, //乎
{0xbaf6, 0x5ffd}, //忽
{0xbaf7, 0x745a}, //瑚
{0xbaf8, 0x58f6}, //壶
{0xbaf9, 0x846b}, //葫
{0xbafa, 0x80e1}, //胡
{0xbafb, 0x8774}, //蝴
{0xbafc, 0x72d0}, //狐
{0xbafd, 0x7cca}, //糊
{0xbafe, 0x6e56}, //湖
{0xbb40, 0x7c43}, //籃
{0xbb41, 0x7c44}, //籄
{0xbb42, 0x7c45}, //籅
{0xbb43, 0x7c46}, //籆
{0xbb44, 0x7c47}, //籇
{0xbb45, 0x7c48}, //籈
{0xbb46, 0x7c49}, //籉
{0xbb47, 0x7c4a}, //籊
{0xbb48, 0x7c4b}, //籋
{0xbb49, 0x7c4c}, //籌
{0xbb4a, 0x7c4e}, //籎
{0xbb4b, 0x7c4f}, //籏
{0xbb4c, 0x7c50}, //籐
{0xbb4d, 0x7c51}, //籑
{0xbb4e, 0x7c52}, //籒
{0xbb4f, 0x7c53}, //籓
{0xbb50, 0x7c54}, //籔
{0xbb51, 0x7c55}, //籕
{0xbb52, 0x7c56}, //籖
{0xbb53, 0x7c57}, //籗
{0xbb54, 0x7c58}, //籘
{0xbb55, 0x7c59}, //籙
{0xbb56, 0x7c5a}, //籚
{0xbb57, 0x7c5b}, //籛
{0xbb58, 0x7c5c}, //籜
{0xbb59, 0x7c5d}, //籝
{0xbb5a, 0x7c5e}, //籞
{0xbb5b, 0x7c5f}, //籟
{0xbb5c, 0x7c60}, //籠
{0xbb5d, 0x7c61}, //籡
{0xbb5e, 0x7c62}, //籢
{0xbb5f, 0x7c63}, //籣
{0xbb60, 0x7c64}, //籤
{0xbb61, 0x7c65}, //籥
{0xbb62, 0x7c66}, //籦
{0xbb63, 0x7c67}, //籧
{0xbb64, 0x7c68}, //籨
{0xbb65, 0x7c69}, //籩
{0xbb66, 0x7c6a}, //籪
{0xbb67, 0x7c6b}, //籫
{0xbb68, 0x7c6c}, //籬
{0xbb69, 0x7c6d}, //籭
{0xbb6a, 0x7c6e}, //籮
{0xbb6b, 0x7c6f}, //籯
{0xbb6c, 0x7c70}, //籰
{0xbb6d, 0x7c71}, //籱
{0xbb6e, 0x7c72}, //籲
{0xbb6f, 0x7c75}, //籵
{0xbb70, 0x7c76}, //籶
{0xbb71, 0x7c77}, //籷
{0xbb72, 0x7c78}, //籸
{0xbb73, 0x7c79}, //籹
{0xbb74, 0x7c7a}, //籺
{0xbb75, 0x7c7e}, //籾
{0xbb76, 0x7c7f}, //籿
{0xbb77, 0x7c80}, //粀
{0xbb78, 0x7c81}, //粁
{0xbb79, 0x7c82}, //粂
{0xbb7a, 0x7c83}, //粃
{0xbb7b, 0x7c84}, //粄
{0xbb7c, 0x7c85}, //粅
{0xbb7d, 0x7c86}, //粆
{0xbb7e, 0x7c87}, //粇
{0xbb80, 0x7c88}, //粈
{0xbb81, 0x7c8a}, //粊
{0xbb82, 0x7c8b}, //粋
{0xbb83, 0x7c8c}, //粌
{0xbb84, 0x7c8d}, //粍
{0xbb85, 0x7c8e}, //粎
{0xbb86, 0x7c8f}, //粏
{0xbb87, 0x7c90}, //粐
{0xbb88, 0x7c93}, //粓
{0xbb89, 0x7c94}, //粔
{0xbb8a, 0x7c96}, //粖
{0xbb8b, 0x7c99}, //粙
{0xbb8c, 0x7c9a}, //粚
{0xbb8d, 0x7c9b}, //粛
{0xbb8e, 0x7ca0}, //粠
{0xbb8f, 0x7ca1}, //粡
{0xbb90, 0x7ca3}, //粣
{0xbb91, 0x7ca6}, //粦
{0xbb92, 0x7ca7}, //粧
{0xbb93, 0x7ca8}, //粨
{0xbb94, 0x7ca9}, //粩
{0xbb95, 0x7cab}, //粫
{0xbb96, 0x7cac}, //粬
{0xbb97, 0x7cad}, //粭
{0xbb98, 0x7caf}, //粯
{0xbb99, 0x7cb0}, //粰
{0xbb9a, 0x7cb4}, //粴
{0xbb9b, 0x7cb5}, //粵
{0xbb9c, 0x7cb6}, //粶
{0xbb9d, 0x7cb7}, //粷
{0xbb9e, 0x7cb8}, //粸
{0xbb9f, 0x7cba}, //粺
{0xbba0, 0x7cbb}, //粻
{0xbba1, 0x5f27}, //弧
{0xbba2, 0x864e}, //虎
{0xbba3, 0x552c}, //唬
{0xbba4, 0x62a4}, //护
{0xbba5, 0x4e92}, //互
{0xbba6, 0x6caa}, //沪
{0xbba7, 0x6237}, //户
{0xbba8, 0x82b1}, //花
{0xbba9, 0x54d7}, //哗
{0xbbaa, 0x534e}, //华
{0xbbab, 0x733e}, //猾
{0xbbac, 0x6ed1}, //滑
{0xbbad, 0x753b}, //画
{0xbbae, 0x5212}, //划
{0xbbaf, 0x5316}, //化
{0xbbb0, 0x8bdd}, //话
{0xbbb1, 0x69d0}, //槐
{0xbbb2, 0x5f8a}, //徊
{0xbbb3, 0x6000}, //怀
{0xbbb4, 0x6dee}, //淮
{0xbbb5, 0x574f}, //坏
{0xbbb6, 0x6b22}, //欢
{0xbbb7, 0x73af}, //环
{0xbbb8, 0x6853}, //桓
{0xbbb9, 0x8fd8}, //还
{0xbbba, 0x7f13}, //缓
{0xbbbb, 0x6362}, //换
{0xbbbc, 0x60a3}, //患
{0xbbbd, 0x5524}, //唤
{0xbbbe, 0x75ea}, //痪
{0xbbbf, 0x8c62}, //豢
{0xbbc0, 0x7115}, //焕
{0xbbc1, 0x6da3}, //涣
{0xbbc2, 0x5ba6}, //宦
{0xbbc3, 0x5e7b}, //幻
{0xbbc4, 0x8352}, //荒
{0xbbc5, 0x614c}, //慌
{0xbbc6, 0x9ec4}, //黄
{0xbbc7, 0x78fa}, //磺
{0xbbc8, 0x8757}, //蝗
{0xbbc9, 0x7c27}, //簧
{0xbbca, 0x7687}, //皇
{0xbbcb, 0x51f0}, //凰
{0xbbcc, 0x60f6}, //惶
{0xbbcd, 0x714c}, //煌
{0xbbce, 0x6643}, //晃
{0xbbcf, 0x5e4c}, //幌
{0xbbd0, 0x604d}, //恍
{0xbbd1, 0x8c0e}, //谎
{0xbbd2, 0x7070}, //灰
{0xbbd3, 0x6325}, //挥
{0xbbd4, 0x8f89}, //辉
{0xbbd5, 0x5fbd}, //徽
{0xbbd6, 0x6062}, //恢
{0xbbd7, 0x86d4}, //蛔
{0xbbd8, 0x56de}, //回
{0xbbd9, 0x6bc1}, //毁
{0xbbda, 0x6094}, //悔
{0xbbdb, 0x6167}, //慧
{0xbbdc, 0x5349}, //卉
{0xbbdd, 0x60e0}, //惠
{0xbbde, 0x6666}, //晦
{0xbbdf, 0x8d3f}, //贿
{0xbbe0, 0x79fd}, //秽
{0xbbe1, 0x4f1a}, //会
{0xbbe2, 0x70e9}, //烩
{0xbbe3, 0x6c47}, //汇
{0xbbe4, 0x8bb3}, //讳
{0xbbe5, 0x8bf2}, //诲
{0xbbe6, 0x7ed8}, //绘
{0xbbe7, 0x8364}, //荤
{0xbbe8, 0x660f}, //昏
{0xbbe9, 0x5a5a}, //婚
{0xbbea, 0x9b42}, //魂
{0xbbeb, 0x6d51}, //浑
{0xbbec, 0x6df7}, //混
{0xbbed, 0x8c41}, //豁
{0xbbee, 0x6d3b}, //活
{0xbbef, 0x4f19}, //伙
{0xbbf0, 0x706b}, //火
{0xbbf1, 0x83b7}, //获
{0xbbf2, 0x6216}, //或
{0xbbf3, 0x60d1}, //惑
{0xbbf4, 0x970d}, //霍
{0xbbf5, 0x8d27}, //货
{0xbbf6, 0x7978}, //祸
{0xbbf7, 0x51fb}, //击
{0xbbf8, 0x573e}, //圾
{0xbbf9, 0x57fa}, //基
{0xbbfa, 0x673a}, //机
{0xbbfb, 0x7578}, //畸
{0xbbfc, 0x7a3d}, //稽
{0xbbfd, 0x79ef}, //积
{0xbbfe, 0x7b95}, //箕
{0xbc40, 0x7cbf}, //粿
{0xbc41, 0x7cc0}, //糀
{0xbc42, 0x7cc2}, //糂
{0xbc43, 0x7cc3}, //糃
{0xbc44, 0x7cc4}, //糄
{0xbc45, 0x7cc6}, //糆
{0xbc46, 0x7cc9}, //糉
{0xbc47, 0x7ccb}, //糋
{0xbc48, 0x7cce}, //糎
{0xbc49, 0x7ccf}, //糏
{0xbc4a, 0x7cd0}, //糐
{0xbc4b, 0x7cd1}, //糑
{0xbc4c, 0x7cd2}, //糒
{0xbc4d, 0x7cd3}, //糓
{0xbc4e, 0x7cd4}, //糔
{0xbc4f, 0x7cd8}, //糘
{0xbc50, 0x7cda}, //糚
{0xbc51, 0x7cdb}, //糛
{0xbc52, 0x7cdd}, //糝
{0xbc53, 0x7cde}, //糞
{0xbc54, 0x7ce1}, //糡
{0xbc55, 0x7ce2}, //糢
{0xbc56, 0x7ce3}, //糣
{0xbc57, 0x7ce4}, //糤
{0xbc58, 0x7ce5}, //糥
{0xbc59, 0x7ce6}, //糦
{0xbc5a, 0x7ce7}, //糧
{0xbc5b, 0x7ce9}, //糩
{0xbc5c, 0x7cea}, //糪
{0xbc5d, 0x7ceb}, //糫
{0xbc5e, 0x7cec}, //糬
{0xbc5f, 0x7ced}, //糭
{0xbc60, 0x7cee}, //糮
{0xbc61, 0x7cf0}, //糰
{0xbc62, 0x7cf1}, //糱
{0xbc63, 0x7cf2}, //糲
{0xbc64, 0x7cf3}, //糳
{0xbc65, 0x7cf4}, //糴
{0xbc66, 0x7cf5}, //糵
{0xbc67, 0x7cf6}, //糶
{0xbc68, 0x7cf7}, //糷
{0xbc69, 0x7cf9}, //糹
{0xbc6a, 0x7cfa}, //糺
{0xbc6b, 0x7cfc}, //糼
{0xbc6c, 0x7cfd}, //糽
{0xbc6d, 0x7cfe}, //糾
{0xbc6e, 0x7cff}, //糿
{0xbc6f, 0x7d00}, //紀
{0xbc70, 0x7d01}, //紁
{0xbc71, 0x7d02}, //紂
{0xbc72, 0x7d03}, //紃
{0xbc73, 0x7d04}, //約
{0xbc74, 0x7d05}, //紅
{0xbc75, 0x7d06}, //紆
{0xbc76, 0x7d07}, //紇
{0xbc77, 0x7d08}, //紈
{0xbc78, 0x7d09}, //紉
{0xbc79, 0x7d0b}, //紋
{0xbc7a, 0x7d0c}, //紌
{0xbc7b, 0x7d0d}, //納
{0xbc7c, 0x7d0e}, //紎
{0xbc7d, 0x7d0f}, //紏
{0xbc7e, 0x7d10}, //紐
{0xbc80, 0x7d11}, //紑
{0xbc81, 0x7d12}, //紒
{0xbc82, 0x7d13}, //紓
{0xbc83, 0x7d14}, //純
{0xbc84, 0x7d15}, //紕
{0xbc85, 0x7d16}, //紖
{0xbc86, 0x7d17}, //紗
{0xbc87, 0x7d18}, //紘
{0xbc88, 0x7d19}, //紙
{0xbc89, 0x7d1a}, //級
{0xbc8a, 0x7d1b}, //紛
{0xbc8b, 0x7d1c}, //紜
{0xbc8c, 0x7d1d}, //紝
{0xbc8d, 0x7d1e}, //紞
{0xbc8e, 0x7d1f}, //紟
{0xbc8f, 0x7d21}, //紡
{0xbc90, 0x7d23}, //紣
{0xbc91, 0x7d24}, //紤
{0xbc92, 0x7d25}, //紥
{0xbc93, 0x7d26}, //紦
{0xbc94, 0x7d28}, //紨
{0xbc95, 0x7d29}, //紩
{0xbc96, 0x7d2a}, //紪
{0xbc97, 0x7d2c}, //紬
{0xbc98, 0x7d2d}, //紭
{0xbc99, 0x7d2e}, //紮
{0xbc9a, 0x7d30}, //細
{0xbc9b, 0x7d31}, //紱
{0xbc9c, 0x7d32}, //紲
{0xbc9d, 0x7d33}, //紳
{0xbc9e, 0x7d34}, //紴
{0xbc9f, 0x7d35}, //紵
{0xbca0, 0x7d36}, //紶
{0xbca1, 0x808c}, //肌
{0xbca2, 0x9965}, //饥
{0xbca3, 0x8ff9}, //迹
{0xbca4, 0x6fc0}, //激
{0xbca5, 0x8ba5}, //讥
{0xbca6, 0x9e21}, //鸡
{0xbca7, 0x59ec}, //姬
{0xbca8, 0x7ee9}, //绩
{0xbca9, 0x7f09}, //缉
{0xbcaa, 0x5409}, //吉
{0xbcab, 0x6781}, //极
{0xbcac, 0x68d8}, //棘
{0xbcad, 0x8f91}, //辑
{0xbcae, 0x7c4d}, //籍
{0xbcaf, 0x96c6}, //集
{0xbcb0, 0x53ca}, //及
{0xbcb1, 0x6025}, //急
{0xbcb2, 0x75be}, //疾
{0xbcb3, 0x6c72}, //汲
{0xbcb4, 0x5373}, //即
{0xbcb5, 0x5ac9}, //嫉
{0xbcb6, 0x7ea7}, //级
{0xbcb7, 0x6324}, //挤
{0xbcb8, 0x51e0}, //几
{0xbcb9, 0x810a}, //脊
{0xbcba, 0x5df1}, //己
{0xbcbb, 0x84df}, //蓟
{0xbcbc, 0x6280}, //技
{0xbcbd, 0x5180}, //冀
{0xbcbe, 0x5b63}, //季
{0xbcbf, 0x4f0e}, //伎
{0xbcc0, 0x796d}, //祭
{0xbcc1, 0x5242}, //剂
{0xbcc2, 0x60b8}, //悸
{0xbcc3, 0x6d4e}, //济
{0xbcc4, 0x5bc4}, //寄
{0xbcc5, 0x5bc2}, //寂
{0xbcc6, 0x8ba1}, //计
{0xbcc7, 0x8bb0}, //记
{0xbcc8, 0x65e2}, //既
{0xbcc9, 0x5fcc}, //忌
{0xbcca, 0x9645}, //际
{0xbccb, 0x5993}, //妓
{0xbccc, 0x7ee7}, //继
{0xbccd, 0x7eaa}, //纪
{0xbcce, 0x5609}, //嘉
{0xbccf, 0x67b7}, //枷
{0xbcd0, 0x5939}, //夹
{0xbcd1, 0x4f73}, //佳
{0xbcd2, 0x5bb6}, //家
{0xbcd3, 0x52a0}, //加
{0xbcd4, 0x835a}, //荚
{0xbcd5, 0x988a}, //颊
{0xbcd6, 0x8d3e}, //贾
{0xbcd7, 0x7532}, //甲
{0xbcd8, 0x94be}, //钾
{0xbcd9, 0x5047}, //假
{0xbcda, 0x7a3c}, //稼
{0xbcdb, 0x4ef7}, //价
{0xbcdc, 0x67b6}, //架
{0xbcdd, 0x9a7e}, //驾
{0xbcde, 0x5ac1}, //嫁
{0xbcdf, 0x6b7c}, //歼
{0xbce0, 0x76d1}, //监
{0xbce1, 0x575a}, //坚
{0xbce2, 0x5c16}, //尖
{0xbce3, 0x7b3a}, //笺
{0xbce4, 0x95f4}, //间
{0xbce5, 0x714e}, //煎
{0xbce6, 0x517c}, //兼
{0xbce7, 0x80a9}, //肩
{0xbce8, 0x8270}, //艰
{0xbce9, 0x5978}, //奸
{0xbcea, 0x7f04}, //缄
{0xbceb, 0x8327}, //茧
{0xbcec, 0x68c0}, //检
{0xbced, 0x67ec}, //柬
{0xbcee, 0x78b1}, //碱
{0xbcef, 0x7877}, //硷
{0xbcf0, 0x62e3}, //拣
{0xbcf1, 0x6361}, //捡
{0xbcf2, 0x7b80}, //简
{0xbcf3, 0x4fed}, //俭
{0xbcf4, 0x526a}, //剪
{0xbcf5, 0x51cf}, //减
{0xbcf6, 0x8350}, //荐
{0xbcf7, 0x69db}, //槛
{0xbcf8, 0x9274}, //鉴
{0xbcf9, 0x8df5}, //践
{0xbcfa, 0x8d31}, //贱
{0xbcfb, 0x89c1}, //见
{0xbcfc, 0x952e}, //键
{0xbcfd, 0x7bad}, //箭
{0xbcfe, 0x4ef6}, //件
{0xbd40, 0x7d37}, //紷
{0xbd41, 0x7d38}, //紸
{0xbd42, 0x7d39}, //紹
{0xbd43, 0x7d3a}, //紺
{0xbd44, 0x7d3b}, //紻
{0xbd45, 0x7d3c}, //紼
{0xbd46, 0x7d3d}, //紽
{0xbd47, 0x7d3e}, //紾
{0xbd48, 0x7d3f}, //紿
{0xbd49, 0x7d40}, //絀
{0xbd4a, 0x7d41}, //絁
{0xbd4b, 0x7d42}, //終
{0xbd4c, 0x7d43}, //絃
{0xbd4d, 0x7d44}, //組
{0xbd4e, 0x7d45}, //絅
{0xbd4f, 0x7d46}, //絆
{0xbd50, 0x7d47}, //絇
{0xbd51, 0x7d48}, //絈
{0xbd52, 0x7d49}, //絉
{0xbd53, 0x7d4a}, //絊
{0xbd54, 0x7d4b}, //絋
{0xbd55, 0x7d4c}, //経
{0xbd56, 0x7d4d}, //絍
{0xbd57, 0x7d4e}, //絎
{0xbd58, 0x7d4f}, //絏
{0xbd59, 0x7d50}, //結
{0xbd5a, 0x7d51}, //絑
{0xbd5b, 0x7d52}, //絒
{0xbd5c, 0x7d53}, //絓
{0xbd5d, 0x7d54}, //絔
{0xbd5e, 0x7d55}, //絕
{0xbd5f, 0x7d56}, //絖
{0xbd60, 0x7d57}, //絗
{0xbd61, 0x7d58}, //絘
{0xbd62, 0x7d59}, //絙
{0xbd63, 0x7d5a}, //絚
{0xbd64, 0x7d5b}, //絛
{0xbd65, 0x7d5c}, //絜
{0xbd66, 0x7d5d}, //絝
{0xbd67, 0x7d5e}, //絞
{0xbd68, 0x7d5f}, //絟
{0xbd69, 0x7d60}, //絠
{0xbd6a, 0x7d61}, //絡
{0xbd6b, 0x7d62}, //絢
{0xbd6c, 0x7d63}, //絣
{0xbd6d, 0x7d64}, //絤
{0xbd6e, 0x7d65}, //絥
{0xbd6f, 0x7d66}, //給
{0xbd70, 0x7d67}, //絧
{0xbd71, 0x7d68}, //絨
{0xbd72, 0x7d69}, //絩
{0xbd73, 0x7d6a}, //絪
{0xbd74, 0x7d6b}, //絫
{0xbd75, 0x7d6c}, //絬
{0xbd76, 0x7d6d}, //絭
{0xbd77, 0x7d6f}, //絯
{0xbd78, 0x7d70}, //絰
{0xbd79, 0x7d71}, //統
{0xbd7a, 0x7d72}, //絲
{0xbd7b, 0x7d73}, //絳
{0xbd7c, 0x7d74}, //絴
{0xbd7d, 0x7d75}, //絵
{0xbd7e, 0x7d76}, //絶
{0xbd80, 0x7d78}, //絸
{0xbd81, 0x7d79}, //絹
{0xbd82, 0x7d7a}, //絺
{0xbd83, 0x7d7b}, //絻
{0xbd84, 0x7d7c}, //絼
{0xbd85, 0x7d7d}, //絽
{0xbd86, 0x7d7e}, //絾
{0xbd87, 0x7d7f}, //絿
{0xbd88, 0x7d80}, //綀
{0xbd89, 0x7d81}, //綁
{0xbd8a, 0x7d82}, //綂
{0xbd8b, 0x7d83}, //綃
{0xbd8c, 0x7d84}, //綄
{0xbd8d, 0x7d85}, //綅
{0xbd8e, 0x7d86}, //綆
{0xbd8f, 0x7d87}, //綇
{0xbd90, 0x7d88}, //綈
{0xbd91, 0x7d89}, //綉
{0xbd92, 0x7d8a}, //綊
{0xbd93, 0x7d8b}, //綋
{0xbd94, 0x7d8c}, //綌
{0xbd95, 0x7d8d}, //綍
{0xbd96, 0x7d8e}, //綎
{0xbd97, 0x7d8f}, //綏
{0xbd98, 0x7d90}, //綐
{0xbd99, 0x7d91}, //綑
{0xbd9a, 0x7d92}, //綒
{0xbd9b, 0x7d93}, //經
{0xbd9c, 0x7d94}, //綔
{0xbd9d, 0x7d95}, //綕
{0xbd9e, 0x7d96}, //綖
{0xbd9f, 0x7d97}, //綗
{0xbda0, 0x7d98}, //綘
{0xbda1, 0x5065}, //健
{0xbda2, 0x8230}, //舰
{0xbda3, 0x5251}, //剑
{0xbda4, 0x996f}, //饯
{0xbda5, 0x6e10}, //渐
{0xbda6, 0x6e85}, //溅
{0xbda7, 0x6da7}, //涧
{0xbda8, 0x5efa}, //建
{0xbda9, 0x50f5}, //僵
{0xbdaa, 0x59dc}, //姜
{0xbdab, 0x5c06}, //将
{0xbdac, 0x6d46}, //浆
{0xbdad, 0x6c5f}, //江
{0xbdae, 0x7586}, //疆
{0xbdaf, 0x848b}, //蒋
{0xbdb0, 0x6868}, //桨
{0xbdb1, 0x5956}, //奖
{0xbdb2, 0x8bb2}, //讲
{0xbdb3, 0x5320}, //匠
{0xbdb4, 0x9171}, //酱
{0xbdb5, 0x964d}, //降
{0xbdb6, 0x8549}, //蕉
{0xbdb7, 0x6912}, //椒
{0xbdb8, 0x7901}, //礁
{0xbdb9, 0x7126}, //焦
{0xbdba, 0x80f6}, //胶
{0xbdbb, 0x4ea4}, //交
{0xbdbc, 0x90ca}, //郊
{0xbdbd, 0x6d47}, //浇
{0xbdbe, 0x9a84}, //骄
{0xbdbf, 0x5a07}, //娇
{0xbdc0, 0x56bc}, //嚼
{0xbdc1, 0x6405}, //搅
{0xbdc2, 0x94f0}, //铰
{0xbdc3, 0x77eb}, //矫
{0xbdc4, 0x4fa5}, //侥
{0xbdc5, 0x811a}, //脚
{0xbdc6, 0x72e1}, //狡
{0xbdc7, 0x89d2}, //角
{0xbdc8, 0x997a}, //饺
{0xbdc9, 0x7f34}, //缴
{0xbdca, 0x7ede}, //绞
{0xbdcb, 0x527f}, //剿
{0xbdcc, 0x6559}, //教
{0xbdcd, 0x9175}, //酵
{0xbdce, 0x8f7f}, //轿
{0xbdcf, 0x8f83}, //较
{0xbdd0, 0x53eb}, //叫
{0xbdd1, 0x7a96}, //窖
{0xbdd2, 0x63ed}, //揭
{0xbdd3, 0x63a5}, //接
{0xbdd4, 0x7686}, //皆
{0xbdd5, 0x79f8}, //秸
{0xbdd6, 0x8857}, //街
{0xbdd7, 0x9636}, //阶
{0xbdd8, 0x622a}, //截
{0xbdd9, 0x52ab}, //劫
{0xbdda, 0x8282}, //节
{0xbddb, 0x6854}, //桔
{0xbddc, 0x6770}, //杰
{0xbddd, 0x6377}, //捷
{0xbdde, 0x776b}, //睫
{0xbddf, 0x7aed}, //竭
{0xbde0, 0x6d01}, //洁
{0xbde1, 0x7ed3}, //结
{0xbde2, 0x89e3}, //解
{0xbde3, 0x59d0}, //姐
{0xbde4, 0x6212}, //戒
{0xbde5, 0x85c9}, //藉
{0xbde6, 0x82a5}, //芥
{0xbde7, 0x754c}, //界
{0xbde8, 0x501f}, //借
{0xbde9, 0x4ecb}, //介
{0xbdea, 0x75a5}, //疥
{0xbdeb, 0x8beb}, //诫
{0xbdec, 0x5c4a}, //届
{0xbded, 0x5dfe}, //巾
{0xbdee, 0x7b4b}, //筋
{0xbdef, 0x65a4}, //斤
{0xbdf0, 0x91d1}, //金
{0xbdf1, 0x4eca}, //今
{0xbdf2, 0x6d25}, //津
{0xbdf3, 0x895f}, //襟
{0xbdf4, 0x7d27}, //紧
{0xbdf5, 0x9526}, //锦
{0xbdf6, 0x4ec5}, //仅
{0xbdf7, 0x8c28}, //谨
{0xbdf8, 0x8fdb}, //进
{0xbdf9, 0x9773}, //靳
{0xbdfa, 0x664b}, //晋
{0xbdfb, 0x7981}, //禁
{0xbdfc, 0x8fd1}, //近
{0xbdfd, 0x70ec}, //烬
{0xbdfe, 0x6d78}, //浸
{0xbe40, 0x7d99}, //継
{0xbe41, 0x7d9a}, //続
{0xbe42, 0x7d9b}, //綛
{0xbe43, 0x7d9c}, //綜
{0xbe44, 0x7d9d}, //綝
{0xbe45, 0x7d9e}, //綞
{0xbe46, 0x7d9f}, //綟
{0xbe47, 0x7da0}, //綠
{0xbe48, 0x7da1}, //綡
{0xbe49, 0x7da2}, //綢
{0xbe4a, 0x7da3}, //綣
{0xbe4b, 0x7da4}, //綤
{0xbe4c, 0x7da5}, //綥
{0xbe4d, 0x7da7}, //綧
{0xbe4e, 0x7da8}, //綨
{0xbe4f, 0x7da9}, //綩
{0xbe50, 0x7daa}, //綪
{0xbe51, 0x7dab}, //綫
{0xbe52, 0x7dac}, //綬
{0xbe53, 0x7dad}, //維
{0xbe54, 0x7daf}, //綯
{0xbe55, 0x7db0}, //綰
{0xbe56, 0x7db1}, //綱
{0xbe57, 0x7db2}, //網
{0xbe58, 0x7db3}, //綳
{0xbe59, 0x7db4}, //綴
{0xbe5a, 0x7db5}, //綵
{0xbe5b, 0x7db6}, //綶
{0xbe5c, 0x7db7}, //綷
{0xbe5d, 0x7db8}, //綸
{0xbe5e, 0x7db9}, //綹
{0xbe5f, 0x7dba}, //綺
{0xbe60, 0x7dbb}, //綻
{0xbe61, 0x7dbc}, //綼
{0xbe62, 0x7dbd}, //綽
{0xbe63, 0x7dbe}, //綾
{0xbe64, 0x7dbf}, //綿
{0xbe65, 0x7dc0}, //緀
{0xbe66, 0x7dc1}, //緁
{0xbe67, 0x7dc2}, //緂
{0xbe68, 0x7dc3}, //緃
{0xbe69, 0x7dc4}, //緄
{0xbe6a, 0x7dc5}, //緅
{0xbe6b, 0x7dc6}, //緆
{0xbe6c, 0x7dc7}, //緇
{0xbe6d, 0x7dc8}, //緈
{0xbe6e, 0x7dc9}, //緉
{0xbe6f, 0x7dca}, //緊
{0xbe70, 0x7dcb}, //緋
{0xbe71, 0x7dcc}, //緌
{0xbe72, 0x7dcd}, //緍
{0xbe73, 0x7dce}, //緎
{0xbe74, 0x7dcf}, //総
{0xbe75, 0x7dd0}, //緐
{0xbe76, 0x7dd1}, //緑
{0xbe77, 0x7dd2}, //緒
{0xbe78, 0x7dd3}, //緓
{0xbe79, 0x7dd4}, //緔
{0xbe7a, 0x7dd5}, //緕
{0xbe7b, 0x7dd6}, //緖
{0xbe7c, 0x7dd7}, //緗
{0xbe7d, 0x7dd8}, //緘
{0xbe7e, 0x7dd9}, //緙
{0xbe80, 0x7dda}, //線
{0xbe81, 0x7ddb}, //緛
{0xbe82, 0x7ddc}, //緜
{0xbe83, 0x7ddd}, //緝
{0xbe84, 0x7dde}, //緞
{0xbe85, 0x7ddf}, //緟
{0xbe86, 0x7de0}, //締
{0xbe87, 0x7de1}, //緡
{0xbe88, 0x7de2}, //緢
{0xbe89, 0x7de3}, //緣
{0xbe8a, 0x7de4}, //緤
{0xbe8b, 0x7de5}, //緥
{0xbe8c, 0x7de6}, //緦
{0xbe8d, 0x7de7}, //緧
{0xbe8e, 0x7de8}, //編
{0xbe8f, 0x7de9}, //緩
{0xbe90, 0x7dea}, //緪
{0xbe91, 0x7deb}, //緫
{0xbe92, 0x7dec}, //緬
{0xbe93, 0x7ded}, //緭
{0xbe94, 0x7dee}, //緮
{0xbe95, 0x7def}, //緯
{0xbe96, 0x7df0}, //緰
{0xbe97, 0x7df1}, //緱
{0xbe98, 0x7df2}, //緲
{0xbe99, 0x7df3}, //緳
{0xbe9a, 0x7df4}, //練
{0xbe9b, 0x7df5}, //緵
{0xbe9c, 0x7df6}, //緶
{0xbe9d, 0x7df7}, //緷
{0xbe9e, 0x7df8}, //緸
{0xbe9f, 0x7df9}, //緹
{0xbea0, 0x7dfa}, //緺
{0xbea1, 0x5c3d}, //尽
{0xbea2, 0x52b2}, //劲
{0xbea3, 0x8346}, //荆
{0xbea4, 0x5162}, //兢
{0xbea5, 0x830e}, //茎
{0xbea6, 0x775b}, //睛
{0xbea7, 0x6676}, //晶
{0xbea8, 0x9cb8}, //鲸
{0xbea9, 0x4eac}, //京
{0xbeaa, 0x60ca}, //惊
{0xbeab, 0x7cbe}, //精
{0xbeac, 0x7cb3}, //粳
{0xbead, 0x7ecf}, //经
{0xbeae, 0x4e95}, //井
{0xbeaf, 0x8b66}, //警
{0xbeb0, 0x666f}, //景
{0xbeb1, 0x9888}, //颈
{0xbeb2, 0x9759}, //静
{0xbeb3, 0x5883}, //境
{0xbeb4, 0x656c}, //敬
{0xbeb5, 0x955c}, //镜
{0xbeb6, 0x5f84}, //径
{0xbeb7, 0x75c9}, //痉
{0xbeb8, 0x9756}, //靖
{0xbeb9, 0x7adf}, //竟
{0xbeba, 0x7ade}, //竞
{0xbebb, 0x51c0}, //净
{0xbebc, 0x70af}, //炯
{0xbebd, 0x7a98}, //窘
{0xbebe, 0x63ea}, //揪
{0xbebf, 0x7a76}, //究
{0xbec0, 0x7ea0}, //纠
{0xbec1, 0x7396}, //玖
{0xbec2, 0x97ed}, //韭
{0xbec3, 0x4e45}, //久
{0xbec4, 0x7078}, //灸
{0xbec5, 0x4e5d}, //九
{0xbec6, 0x9152}, //酒
{0xbec7, 0x53a9}, //厩
{0xbec8, 0x6551}, //救
{0xbec9, 0x65e7}, //旧
{0xbeca, 0x81fc}, //臼
{0xbecb, 0x8205}, //舅
{0xbecc, 0x548e}, //咎
{0xbecd, 0x5c31}, //就
{0xbece, 0x759a}, //疚
{0xbecf, 0x97a0}, //鞠
{0xbed0, 0x62d8}, //拘
{0xbed1, 0x72d9}, //狙
{0xbed2, 0x75bd}, //疽
{0xbed3, 0x5c45}, //居
{0xbed4, 0x9a79}, //驹
{0xbed5, 0x83ca}, //菊
{0xbed6, 0x5c40}, //局
{0xbed7, 0x5480}, //咀
{0xbed8, 0x77e9}, //矩
{0xbed9, 0x4e3e}, //举
{0xbeda, 0x6cae}, //沮
{0xbedb, 0x805a}, //聚
{0xbedc, 0x62d2}, //拒
{0xbedd, 0x636e}, //据
{0xbede, 0x5de8}, //巨
{0xbedf, 0x5177}, //具
{0xbee0, 0x8ddd}, //距
{0xbee1, 0x8e1e}, //踞
{0xbee2, 0x952f}, //锯
{0xbee3, 0x4ff1}, //俱
{0xbee4, 0x53e5}, //句
{0xbee5, 0x60e7}, //惧
{0xbee6, 0x70ac}, //炬
{0xbee7, 0x5267}, //剧
{0xbee8, 0x6350}, //捐
{0xbee9, 0x9e43}, //鹃
{0xbeea, 0x5a1f}, //娟
{0xbeeb, 0x5026}, //倦
{0xbeec, 0x7737}, //眷
{0xbeed, 0x5377}, //卷
{0xbeee, 0x7ee2}, //绢
{0xbeef, 0x6485}, //撅
{0xbef0, 0x652b}, //攫
{0xbef1, 0x6289}, //抉
{0xbef2, 0x6398}, //掘
{0xbef3, 0x5014}, //倔
{0xbef4, 0x7235}, //爵
{0xbef5, 0x89c9}, //觉
{0xbef6, 0x51b3}, //决
{0xbef7, 0x8bc0}, //诀
{0xbef8, 0x7edd}, //绝
{0xbef9, 0x5747}, //均
{0xbefa, 0x83cc}, //菌
{0xbefb, 0x94a7}, //钧
{0xbefc, 0x519b}, //军
{0xbefd, 0x541b}, //君
{0xbefe, 0x5cfb}, //峻
{0xbf40, 0x7dfb}, //緻
{0xbf41, 0x7dfc}, //緼
{0xbf42, 0x7dfd}, //緽
{0xbf43, 0x7dfe}, //緾
{0xbf44, 0x7dff}, //緿
{0xbf45, 0x7e00}, //縀
{0xbf46, 0x7e01}, //縁
{0xbf47, 0x7e02}, //縂
{0xbf48, 0x7e03}, //縃
{0xbf49, 0x7e04}, //縄
{0xbf4a, 0x7e05}, //縅
{0xbf4b, 0x7e06}, //縆
{0xbf4c, 0x7e07}, //縇
{0xbf4d, 0x7e08}, //縈
{0xbf4e, 0x7e09}, //縉
{0xbf4f, 0x7e0a}, //縊
{0xbf50, 0x7e0b}, //縋
{0xbf51, 0x7e0c}, //縌
{0xbf52, 0x7e0d}, //縍
{0xbf53, 0x7e0e}, //縎
{0xbf54, 0x7e0f}, //縏
{0xbf55, 0x7e10}, //縐
{0xbf56, 0x7e11}, //縑
{0xbf57, 0x7e12}, //縒
{0xbf58, 0x7e13}, //縓
{0xbf59, 0x7e14}, //縔
{0xbf5a, 0x7e15}, //縕
{0xbf5b, 0x7e16}, //縖
{0xbf5c, 0x7e17}, //縗
{0xbf5d, 0x7e18}, //縘
{0xbf5e, 0x7e19}, //縙
{0xbf5f, 0x7e1a}, //縚
{0xbf60, 0x7e1b}, //縛
{0xbf61, 0x7e1c}, //縜
{0xbf62, 0x7e1d}, //縝
{0xbf63, 0x7e1e}, //縞
{0xbf64, 0x7e1f}, //縟
{0xbf65, 0x7e20}, //縠
{0xbf66, 0x7e21}, //縡
{0xbf67, 0x7e22}, //縢
{0xbf68, 0x7e23}, //縣
{0xbf69, 0x7e24}, //縤
{0xbf6a, 0x7e25}, //縥
{0xbf6b, 0x7e26}, //縦
{0xbf6c, 0x7e27}, //縧
{0xbf6d, 0x7e28}, //縨
{0xbf6e, 0x7e29}, //縩
{0xbf6f, 0x7e2a}, //縪
{0xbf70, 0x7e2b}, //縫
{0xbf71, 0x7e2c}, //縬
{0xbf72, 0x7e2d}, //縭
{0xbf73, 0x7e2e}, //縮
{0xbf74, 0x7e2f}, //縯
{0xbf75, 0x7e30}, //縰
{0xbf76, 0x7e31}, //縱
{0xbf77, 0x7e32}, //縲
{0xbf78, 0x7e33}, //縳
{0xbf79, 0x7e34}, //縴
{0xbf7a, 0x7e35}, //縵
{0xbf7b, 0x7e36}, //縶
{0xbf7c, 0x7e37}, //縷
{0xbf7d, 0x7e38}, //縸
{0xbf7e, 0x7e39}, //縹
{0xbf80, 0x7e3a}, //縺
{0xbf81, 0x7e3c}, //縼
{0xbf82, 0x7e3d}, //總
{0xbf83, 0x7e3e}, //績
{0xbf84, 0x7e3f}, //縿
{0xbf85, 0x7e40}, //繀
{0xbf86, 0x7e42}, //繂
{0xbf87, 0x7e43}, //繃
{0xbf88, 0x7e44}, //繄
{0xbf89, 0x7e45}, //繅
{0xbf8a, 0x7e46}, //繆
{0xbf8b, 0x7e48}, //繈
{0xbf8c, 0x7e49}, //繉
{0xbf8d, 0x7e4a}, //繊
{0xbf8e, 0x7e4b}, //繋
{0xbf8f, 0x7e4c}, //繌
{0xbf90, 0x7e4d}, //繍
{0xbf91, 0x7e4e}, //繎
{0xbf92, 0x7e4f}, //繏
{0xbf93, 0x7e50}, //繐
{0xbf94, 0x7e51}, //繑
{0xbf95, 0x7e52}, //繒
{0xbf96, 0x7e53}, //繓
{0xbf97, 0x7e54}, //織
{0xbf98, 0x7e55}, //繕
{0xbf99, 0x7e56}, //繖
{0xbf9a, 0x7e57}, //繗
{0xbf9b, 0x7e58}, //繘
{0xbf9c, 0x7e59}, //繙
{0xbf9d, 0x7e5a}, //繚
{0xbf9e, 0x7e5b}, //繛
{0xbf9f, 0x7e5c}, //繜
{0xbfa0, 0x7e5d}, //繝
{0xbfa1, 0x4fca}, //俊
{0xbfa2, 0x7ae3}, //竣
{0xbfa3, 0x6d5a}, //浚
{0xbfa4, 0x90e1}, //郡
{0xbfa5, 0x9a8f}, //骏
{0xbfa6, 0x5580}, //喀
{0xbfa7, 0x5496}, //咖
{0xbfa8, 0x5361}, //卡
{0xbfa9, 0x54af}, //咯
{0xbfaa, 0x5f00}, //开
{0xbfab, 0x63e9}, //揩
{0xbfac, 0x6977}, //楷
{0xbfad, 0x51ef}, //凯
{0xbfae, 0x6168}, //慨
{0xbfaf, 0x520a}, //刊
{0xbfb0, 0x582a}, //堪
{0xbfb1, 0x52d8}, //勘
{0xbfb2, 0x574e}, //坎
{0xbfb3, 0x780d}, //砍
{0xbfb4, 0x770b}, //看
{0xbfb5, 0x5eb7}, //康
{0xbfb6, 0x6177}, //慷
{0xbfb7, 0x7ce0}, //糠
{0xbfb8, 0x625b}, //扛
{0xbfb9, 0x6297}, //抗
{0xbfba, 0x4ea2}, //亢
{0xbfbb, 0x7095}, //炕
{0xbfbc, 0x8003}, //考
{0xbfbd, 0x62f7}, //拷
{0xbfbe, 0x70e4}, //烤
{0xbfbf, 0x9760}, //靠
{0xbfc0, 0x5777}, //坷
{0xbfc1, 0x82db}, //苛
{0xbfc2, 0x67ef}, //柯
{0xbfc3, 0x68f5}, //棵
{0xbfc4, 0x78d5}, //磕
{0xbfc5, 0x9897}, //颗
{0xbfc6, 0x79d1}, //科
{0xbfc7, 0x58f3}, //壳
{0xbfc8, 0x54b3}, //咳
{0xbfc9, 0x53ef}, //可
{0xbfca, 0x6e34}, //渴
{0xbfcb, 0x514b}, //克
{0xbfcc, 0x523b}, //刻
{0xbfcd, 0x5ba2}, //客
{0xbfce, 0x8bfe}, //课
{0xbfcf, 0x80af}, //肯
{0xbfd0, 0x5543}, //啃
{0xbfd1, 0x57a6}, //垦
{0xbfd2, 0x6073}, //恳
{0xbfd3, 0x5751}, //坑
{0xbfd4, 0x542d}, //吭
{0xbfd5, 0x7a7a}, //空
{0xbfd6, 0x6050}, //恐
{0xbfd7, 0x5b54}, //孔
{0xbfd8, 0x63a7}, //控
{0xbfd9, 0x62a0}, //抠
{0xbfda, 0x53e3}, //口
{0xbfdb, 0x6263}, //扣
{0xbfdc, 0x5bc7}, //寇
{0xbfdd, 0x67af}, //枯
{0xbfde, 0x54ed}, //哭
{0xbfdf, 0x7a9f}, //窟
{0xbfe0, 0x82e6}, //苦
{0xbfe1, 0x9177}, //酷
{0xbfe2, 0x5e93}, //库
{0xbfe3, 0x88e4}, //裤
{0xbfe4, 0x5938}, //夸
{0xbfe5, 0x57ae}, //垮
{0xbfe6, 0x630e}, //挎
{0xbfe7, 0x8de8}, //跨
{0xbfe8, 0x80ef}, //胯
{0xbfe9, 0x5757}, //块
{0xbfea, 0x7b77}, //筷
{0xbfeb, 0x4fa9}, //侩
{0xbfec, 0x5feb}, //快
{0xbfed, 0x5bbd}, //宽
{0xbfee, 0x6b3e}, //款
{0xbfef, 0x5321}, //匡
{0xbff0, 0x7b50}, //筐
{0xbff1, 0x72c2}, //狂
{0xbff2, 0x6846}, //框
{0xbff3, 0x77ff}, //矿
{0xbff4, 0x7736}, //眶
{0xbff5, 0x65f7}, //旷
{0xbff6, 0x51b5}, //况
{0xbff7, 0x4e8f}, //亏
{0xbff8, 0x76d4}, //盔
{0xbff9, 0x5cbf}, //岿
{0xbffa, 0x7aa5}, //窥
{0xbffb, 0x8475}, //葵
{0xbffc, 0x594e}, //奎
{0xbffd, 0x9b41}, //魁
{0xbffe, 0x5080}, //傀
{0xc040, 0x7e5e}, //繞
{0xc041, 0x7e5f}, //繟
{0xc042, 0x7e60}, //繠
{0xc043, 0x7e61}, //繡
{0xc044, 0x7e62}, //繢
{0xc045, 0x7e63}, //繣
{0xc046, 0x7e64}, //繤
{0xc047, 0x7e65}, //繥
{0xc048, 0x7e66}, //繦
{0xc049, 0x7e67}, //繧
{0xc04a, 0x7e68}, //繨
{0xc04b, 0x7e69}, //繩
{0xc04c, 0x7e6a}, //繪
{0xc04d, 0x7e6b}, //繫
{0xc04e, 0x7e6c}, //繬
{0xc04f, 0x7e6d}, //繭
{0xc050, 0x7e6e}, //繮
{0xc051, 0x7e6f}, //繯
{0xc052, 0x7e70}, //繰
{0xc053, 0x7e71}, //繱
{0xc054, 0x7e72}, //繲
{0xc055, 0x7e73}, //繳
{0xc056, 0x7e74}, //繴
{0xc057, 0x7e75}, //繵
{0xc058, 0x7e76}, //繶
{0xc059, 0x7e77}, //繷
{0xc05a, 0x7e78}, //繸
{0xc05b, 0x7e79}, //繹
{0xc05c, 0x7e7a}, //繺
{0xc05d, 0x7e7b}, //繻
{0xc05e, 0x7e7c}, //繼
{0xc05f, 0x7e7d}, //繽
{0xc060, 0x7e7e}, //繾
{0xc061, 0x7e7f}, //繿
{0xc062, 0x7e80}, //纀
{0xc063, 0x7e81}, //纁
{0xc064, 0x7e83}, //纃
{0xc065, 0x7e84}, //纄
{0xc066, 0x7e85}, //纅
{0xc067, 0x7e86}, //纆
{0xc068, 0x7e87}, //纇
{0xc069, 0x7e88}, //纈
{0xc06a, 0x7e89}, //纉
{0xc06b, 0x7e8a}, //纊
{0xc06c, 0x7e8b}, //纋
{0xc06d, 0x7e8c}, //續
{0xc06e, 0x7e8d}, //纍
{0xc06f, 0x7e8e}, //纎
{0xc070, 0x7e8f}, //纏
{0xc071, 0x7e90}, //纐
{0xc072, 0x7e91}, //纑
{0xc073, 0x7e92}, //纒
{0xc074, 0x7e93}, //纓
{0xc075, 0x7e94}, //纔
{0xc076, 0x7e95}, //纕
{0xc077, 0x7e96}, //纖
{0xc078, 0x7e97}, //纗
{0xc079, 0x7e98}, //纘
{0xc07a, 0x7e99}, //纙
{0xc07b, 0x7e9a}, //纚
{0xc07c, 0x7e9c}, //纜
{0xc07d, 0x7e9d}, //纝
{0xc07e, 0x7e9e}, //纞
{0xc080, 0x7eae}, //纮
{0xc081, 0x7eb4}, //纴
{0xc082, 0x7ebb}, //纻
{0xc083, 0x7ebc}, //纼
{0xc084, 0x7ed6}, //绖
{0xc085, 0x7ee4}, //绤
{0xc086, 0x7eec}, //绬
{0xc087, 0x7ef9}, //绹
{0xc088, 0x7f0a}, //缊
{0xc089, 0x7f10}, //缐
{0xc08a, 0x7f1e}, //缞
{0xc08b, 0x7f37}, //缷
{0xc08c, 0x7f39}, //缹
{0xc08d, 0x7f3b}, //缻
{0xc08e, 0x7f3c}, //缼
{0xc08f, 0x7f3d}, //缽
{0xc090, 0x7f3e}, //缾
{0xc091, 0x7f3f}, //缿
{0xc092, 0x7f40}, //罀
{0xc093, 0x7f41}, //罁
{0xc094, 0x7f43}, //罃
{0xc095, 0x7f46}, //罆
{0xc096, 0x7f47}, //罇
{0xc097, 0x7f48}, //罈
{0xc098, 0x7f49}, //罉
{0xc099, 0x7f4a}, //罊
{0xc09a, 0x7f4b}, //罋
{0xc09b, 0x7f4c}, //罌
{0xc09c, 0x7f4d}, //罍
{0xc09d, 0x7f4e}, //罎
{0xc09e, 0x7f4f}, //罏
{0xc09f, 0x7f52}, //罒
{0xc0a0, 0x7f53}, //罓
{0xc0a1, 0x9988}, //馈
{0xc0a2, 0x6127}, //愧
{0xc0a3, 0x6e83}, //溃
{0xc0a4, 0x5764}, //坤
{0xc0a5, 0x6606}, //昆
{0xc0a6, 0x6346}, //捆
{0xc0a7, 0x56f0}, //困
{0xc0a8, 0x62ec}, //括
{0xc0a9, 0x6269}, //扩
{0xc0aa, 0x5ed3}, //廓
{0xc0ab, 0x9614}, //阔
{0xc0ac, 0x5783}, //垃
{0xc0ad, 0x62c9}, //拉
{0xc0ae, 0x5587}, //喇
{0xc0af, 0x8721}, //蜡
{0xc0b0, 0x814a}, //腊
{0xc0b1, 0x8fa3}, //辣
{0xc0b2, 0x5566}, //啦
{0xc0b3, 0x83b1}, //莱
{0xc0b4, 0x6765}, //来
{0xc0b5, 0x8d56}, //赖
{0xc0b6, 0x84dd}, //蓝
{0xc0b7, 0x5a6a}, //婪
{0xc0b8, 0x680f}, //栏
{0xc0b9, 0x62e6}, //拦
{0xc0ba, 0x7bee}, //篮
{0xc0bb, 0x9611}, //阑
{0xc0bc, 0x5170}, //兰
{0xc0bd, 0x6f9c}, //澜
{0xc0be, 0x8c30}, //谰
{0xc0bf, 0x63fd}, //揽
{0xc0c0, 0x89c8}, //览
{0xc0c1, 0x61d2}, //懒
{0xc0c2, 0x7f06}, //缆
{0xc0c3, 0x70c2}, //烂
{0xc0c4, 0x6ee5}, //滥
{0xc0c5, 0x7405}, //琅
{0xc0c6, 0x6994}, //榔
{0xc0c7, 0x72fc}, //狼
{0xc0c8, 0x5eca}, //廊
{0xc0c9, 0x90ce}, //郎
{0xc0ca, 0x6717}, //朗
{0xc0cb, 0x6d6a}, //浪
{0xc0cc, 0x635e}, //捞
{0xc0cd, 0x52b3}, //劳
{0xc0ce, 0x7262}, //牢
{0xc0cf, 0x8001}, //老
{0xc0d0, 0x4f6c}, //佬
{0xc0d1, 0x59e5}, //姥
{0xc0d2, 0x916a}, //酪
{0xc0d3, 0x70d9}, //烙
{0xc0d4, 0x6d9d}, //涝
{0xc0d5, 0x52d2}, //勒
{0xc0d6, 0x4e50}, //乐
{0xc0d7, 0x96f7}, //雷
{0xc0d8, 0x956d}, //镭
{0xc0d9, 0x857e}, //蕾
{0xc0da, 0x78ca}, //磊
{0xc0db, 0x7d2f}, //累
{0xc0dc, 0x5121}, //儡
{0xc0dd, 0x5792}, //垒
{0xc0de, 0x64c2}, //擂
{0xc0df, 0x808b}, //肋
{0xc0e0, 0x7c7b}, //类
{0xc0e1, 0x6cea}, //泪
{0xc0e2, 0x68f1}, //棱
{0xc0e3, 0x695e}, //楞
{0xc0e4, 0x51b7}, //冷
{0xc0e5, 0x5398}, //厘
{0xc0e6, 0x68a8}, //梨
{0xc0e7, 0x7281}, //犁
{0xc0e8, 0x9ece}, //黎
{0xc0e9, 0x7bf1}, //篱
{0xc0ea, 0x72f8}, //狸
{0xc0eb, 0x79bb}, //离
{0xc0ec, 0x6f13}, //漓
{0xc0ed, 0x7406}, //理
{0xc0ee, 0x674e}, //李
{0xc0ef, 0x91cc}, //里
{0xc0f0, 0x9ca4}, //鲤
{0xc0f1, 0x793c}, //礼
{0xc0f2, 0x8389}, //莉
{0xc0f3, 0x8354}, //荔
{0xc0f4, 0x540f}, //吏
{0xc0f5, 0x6817}, //栗
{0xc0f6, 0x4e3d}, //丽
{0xc0f7, 0x5389}, //厉
{0xc0f8, 0x52b1}, //励
{0xc0f9, 0x783e}, //砾
{0xc0fa, 0x5386}, //历
{0xc0fb, 0x5229}, //利
{0xc0fc, 0x5088}, //傈
{0xc0fd, 0x4f8b}, //例
{0xc0fe, 0x4fd0}, //俐
{0xc140, 0x7f56}, //罖
{0xc141, 0x7f59}, //罙
{0xc142, 0x7f5b}, //罛
{0xc143, 0x7f5c}, //罜
{0xc144, 0x7f5d}, //罝
{0xc145, 0x7f5e}, //罞
{0xc146, 0x7f60}, //罠
{0xc147, 0x7f63}, //罣
{0xc148, 0x7f64}, //罤
{0xc149, 0x7f65}, //罥
{0xc14a, 0x7f66}, //罦
{0xc14b, 0x7f67}, //罧
{0xc14c, 0x7f6b}, //罫
{0xc14d, 0x7f6c}, //罬
{0xc14e, 0x7f6d}, //罭
{0xc14f, 0x7f6f}, //罯
{0xc150, 0x7f70}, //罰
{0xc151, 0x7f73}, //罳
{0xc152, 0x7f75}, //罵
{0xc153, 0x7f76}, //罶
{0xc154, 0x7f77}, //罷
{0xc155, 0x7f78}, //罸
{0xc156, 0x7f7a}, //罺
{0xc157, 0x7f7b}, //罻
{0xc158, 0x7f7c}, //罼
{0xc159, 0x7f7d}, //罽
{0xc15a, 0x7f7f}, //罿
{0xc15b, 0x7f80}, //羀
{0xc15c, 0x7f82}, //羂
{0xc15d, 0x7f83}, //羃
{0xc15e, 0x7f84}, //羄
{0xc15f, 0x7f85}, //羅
{0xc160, 0x7f86}, //羆
{0xc161, 0x7f87}, //羇
{0xc162, 0x7f88}, //羈
{0xc163, 0x7f89}, //羉
{0xc164, 0x7f8b}, //羋
{0xc165, 0x7f8d}, //羍
{0xc166, 0x7f8f}, //羏
{0xc167, 0x7f90}, //羐
{0xc168, 0x7f91}, //羑
{0xc169, 0x7f92}, //羒
{0xc16a, 0x7f93}, //羓
{0xc16b, 0x7f95}, //羕
{0xc16c, 0x7f96}, //羖
{0xc16d, 0x7f97}, //羗
{0xc16e, 0x7f98}, //羘
{0xc16f, 0x7f99}, //羙
{0xc170, 0x7f9b}, //羛
{0xc171, 0x7f9c}, //羜
{0xc172, 0x7fa0}, //羠
{0xc173, 0x7fa2}, //羢
{0xc174, 0x7fa3}, //羣
{0xc175, 0x7fa5}, //羥
{0xc176, 0x7fa6}, //羦
{0xc177, 0x7fa8}, //羨
{0xc178, 0x7fa9}, //義
{0xc179, 0x7faa}, //羪
{0xc17a, 0x7fab}, //羫
{0xc17b, 0x7fac}, //羬
{0xc17c, 0x7fad}, //羭
{0xc17d, 0x7fae}, //羮
{0xc17e, 0x7fb1}, //羱
{0xc180, 0x7fb3}, //羳
{0xc181, 0x7fb4}, //羴
{0xc182, 0x7fb5}, //羵
{0xc183, 0x7fb6}, //羶
{0xc184, 0x7fb7}, //羷
{0xc185, 0x7fba}, //羺
{0xc186, 0x7fbb}, //羻
{0xc187, 0x7fbe}, //羾
{0xc188, 0x7fc0}, //翀
{0xc189, 0x7fc2}, //翂
{0xc18a, 0x7fc3}, //翃
{0xc18b, 0x7fc4}, //翄
{0xc18c, 0x7fc6}, //翆
{0xc18d, 0x7fc7}, //翇
{0xc18e, 0x7fc8}, //翈
{0xc18f, 0x7fc9}, //翉
{0xc190, 0x7fcb}, //翋
{0xc191, 0x7fcd}, //翍
{0xc192, 0x7fcf}, //翏
{0xc193, 0x7fd0}, //翐
{0xc194, 0x7fd1}, //翑
{0xc195, 0x7fd2}, //習
{0xc196, 0x7fd3}, //翓
{0xc197, 0x7fd6}, //翖
{0xc198, 0x7fd7}, //翗
{0xc199, 0x7fd9}, //翙
{0xc19a, 0x7fda}, //翚
{0xc19b, 0x7fdb}, //翛
{0xc19c, 0x7fdc}, //翜
{0xc19d, 0x7fdd}, //翝
{0xc19e, 0x7fde}, //翞
{0xc19f, 0x7fe2}, //翢
{0xc1a0, 0x7fe3}, //翣
{0xc1a1, 0x75e2}, //痢
{0xc1a2, 0x7acb}, //立
{0xc1a3, 0x7c92}, //粒
{0xc1a4, 0x6ca5}, //沥
{0xc1a5, 0x96b6}, //隶
{0xc1a6, 0x529b}, //力
{0xc1a7, 0x7483}, //璃
{0xc1a8, 0x54e9}, //哩
{0xc1a9, 0x4fe9}, //俩
{0xc1aa, 0x8054}, //联
{0xc1ab, 0x83b2}, //莲
{0xc1ac, 0x8fde}, //连
{0xc1ad, 0x9570}, //镰
{0xc1ae, 0x5ec9}, //廉
{0xc1af, 0x601c}, //怜
{0xc1b0, 0x6d9f}, //涟
{0xc1b1, 0x5e18}, //帘
{0xc1b2, 0x655b}, //敛
{0xc1b3, 0x8138}, //脸
{0xc1b4, 0x94fe}, //链
{0xc1b5, 0x604b}, //恋
{0xc1b6, 0x70bc}, //炼
{0xc1b7, 0x7ec3}, //练
{0xc1b8, 0x7cae}, //粮
{0xc1b9, 0x51c9}, //凉
{0xc1ba, 0x6881}, //梁
{0xc1bb, 0x7cb1}, //粱
{0xc1bc, 0x826f}, //良
{0xc1bd, 0x4e24}, //两
{0xc1be, 0x8f86}, //辆
{0xc1bf, 0x91cf}, //量
{0xc1c0, 0x667e}, //晾
{0xc1c1, 0x4eae}, //亮
{0xc1c2, 0x8c05}, //谅
{0xc1c3, 0x64a9}, //撩
{0xc1c4, 0x804a}, //聊
{0xc1c5, 0x50da}, //僚
{0xc1c6, 0x7597}, //疗
{0xc1c7, 0x71ce}, //燎
{0xc1c8, 0x5be5}, //寥
{0xc1c9, 0x8fbd}, //辽
{0xc1ca, 0x6f66}, //潦
{0xc1cb, 0x4e86}, //了
{0xc1cc, 0x6482}, //撂
{0xc1cd, 0x9563}, //镣
{0xc1ce, 0x5ed6}, //廖
{0xc1cf, 0x6599}, //料
{0xc1d0, 0x5217}, //列
{0xc1d1, 0x88c2}, //裂
{0xc1d2, 0x70c8}, //烈
{0xc1d3, 0x52a3}, //劣
{0xc1d4, 0x730e}, //猎
{0xc1d5, 0x7433}, //琳
{0xc1d6, 0x6797}, //林
{0xc1d7, 0x78f7}, //磷
{0xc1d8, 0x9716}, //霖
{0xc1d9, 0x4e34}, //临
{0xc1da, 0x90bb}, //邻
{0xc1db, 0x9cde}, //鳞
{0xc1dc, 0x6dcb}, //淋
{0xc1dd, 0x51db}, //凛
{0xc1de, 0x8d41}, //赁
{0xc1df, 0x541d}, //吝
{0xc1e0, 0x62ce}, //拎
{0xc1e1, 0x73b2}, //玲
{0xc1e2, 0x83f1}, //菱
{0xc1e3, 0x96f6}, //零
{0xc1e4, 0x9f84}, //龄
{0xc1e5, 0x94c3}, //铃
{0xc1e6, 0x4f36}, //伶
{0xc1e7, 0x7f9a}, //羚
{0xc1e8, 0x51cc}, //凌
{0xc1e9, 0x7075}, //灵
{0xc1ea, 0x9675}, //陵
{0xc1eb, 0x5cad}, //岭
{0xc1ec, 0x9886}, //领
{0xc1ed, 0x53e6}, //另
{0xc1ee, 0x4ee4}, //令
{0xc1ef, 0x6e9c}, //溜
{0xc1f0, 0x7409}, //琉
{0xc1f1, 0x69b4}, //榴
{0xc1f2, 0x786b}, //硫
{0xc1f3, 0x998f}, //馏
{0xc1f4, 0x7559}, //留
{0xc1f5, 0x5218}, //刘
{0xc1f6, 0x7624}, //瘤
{0xc1f7, 0x6d41}, //流
{0xc1f8, 0x67f3}, //柳
{0xc1f9, 0x516d}, //六
{0xc1fa, 0x9f99}, //龙
{0xc1fb, 0x804b}, //聋
{0xc1fc, 0x5499}, //咙
{0xc1fd, 0x7b3c}, //笼
{0xc1fe, 0x7abf}, //窿
{0xc240, 0x7fe4}, //翤
{0xc241, 0x7fe7}, //翧
{0xc242, 0x7fe8}, //翨
{0xc243, 0x7fea}, //翪
{0xc244, 0x7feb}, //翫
{0xc245, 0x7fec}, //翬
{0xc246, 0x7fed}, //翭
{0xc247, 0x7fef}, //翯
{0xc248, 0x7ff2}, //翲
{0xc249, 0x7ff4}, //翴
{0xc24a, 0x7ff5}, //翵
{0xc24b, 0x7ff6}, //翶
{0xc24c, 0x7ff7}, //翷
{0xc24d, 0x7ff8}, //翸
{0xc24e, 0x7ff9}, //翹
{0xc24f, 0x7ffa}, //翺
{0xc250, 0x7ffd}, //翽
{0xc251, 0x7ffe}, //翾
{0xc252, 0x7fff}, //翿
{0xc253, 0x8002}, //耂
{0xc254, 0x8007}, //耇
{0xc255, 0x8008}, //耈
{0xc256, 0x8009}, //耉
{0xc257, 0x800a}, //耊
{0xc258, 0x800e}, //耎
{0xc259, 0x800f}, //耏
{0xc25a, 0x8011}, //耑
{0xc25b, 0x8013}, //耓
{0xc25c, 0x801a}, //耚
{0xc25d, 0x801b}, //耛
{0xc25e, 0x801d}, //耝
{0xc25f, 0x801e}, //耞
{0xc260, 0x801f}, //耟
{0xc261, 0x8021}, //耡
{0xc262, 0x8023}, //耣
{0xc263, 0x8024}, //耤
{0xc264, 0x802b}, //耫
{0xc265, 0x802c}, //耬
{0xc266, 0x802d}, //耭
{0xc267, 0x802e}, //耮
{0xc268, 0x802f}, //耯
{0xc269, 0x8030}, //耰
{0xc26a, 0x8032}, //耲
{0xc26b, 0x8034}, //耴
{0xc26c, 0x8039}, //耹
{0xc26d, 0x803a}, //耺
{0xc26e, 0x803c}, //耼
{0xc26f, 0x803e}, //耾
{0xc270, 0x8040}, //聀
{0xc271, 0x8041}, //聁
{0xc272, 0x8044}, //聄
{0xc273, 0x8045}, //聅
{0xc274, 0x8047}, //聇
{0xc275, 0x8048}, //聈
{0xc276, 0x8049}, //聉
{0xc277, 0x804e}, //聎
{0xc278, 0x804f}, //聏
{0xc279, 0x8050}, //聐
{0xc27a, 0x8051}, //聑
{0xc27b, 0x8053}, //聓
{0xc27c, 0x8055}, //聕
{0xc27d, 0x8056}, //聖
{0xc27e, 0x8057}, //聗
{0xc280, 0x8059}, //聙
{0xc281, 0x805b}, //聛
{0xc282, 0x805c}, //聜
{0xc283, 0x805d}, //聝
{0xc284, 0x805e}, //聞
{0xc285, 0x805f}, //聟
{0xc286, 0x8060}, //聠
{0xc287, 0x8061}, //聡
{0xc288, 0x8062}, //聢
{0xc289, 0x8063}, //聣
{0xc28a, 0x8064}, //聤
{0xc28b, 0x8065}, //聥
{0xc28c, 0x8066}, //聦
{0xc28d, 0x8067}, //聧
{0xc28e, 0x8068}, //聨
{0xc28f, 0x806b}, //聫
{0xc290, 0x806c}, //聬
{0xc291, 0x806d}, //聭
{0xc292, 0x806e}, //聮
{0xc293, 0x806f}, //聯
{0xc294, 0x8070}, //聰
{0xc295, 0x8072}, //聲
{0xc296, 0x8073}, //聳
{0xc297, 0x8074}, //聴
{0xc298, 0x8075}, //聵
{0xc299, 0x8076}, //聶
{0xc29a, 0x8077}, //職
{0xc29b, 0x8078}, //聸
{0xc29c, 0x8079}, //聹
{0xc29d, 0x807a}, //聺
{0xc29e, 0x807b}, //聻
{0xc29f, 0x807c}, //聼
{0xc2a0, 0x807d}, //聽
{0xc2a1, 0x9686}, //隆
{0xc2a2, 0x5784}, //垄
{0xc2a3, 0x62e2}, //拢
{0xc2a4, 0x9647}, //陇
{0xc2a5, 0x697c}, //楼
{0xc2a6, 0x5a04}, //娄
{0xc2a7, 0x6402}, //搂
{0xc2a8, 0x7bd3}, //篓
{0xc2a9, 0x6f0f}, //漏
{0xc2aa, 0x964b}, //陋
{0xc2ab, 0x82a6}, //芦
{0xc2ac, 0x5362}, //卢
{0xc2ad, 0x9885}, //颅
{0xc2ae, 0x5e90}, //庐
{0xc2af, 0x7089}, //炉
{0xc2b0, 0x63b3}, //掳
{0xc2b1, 0x5364}, //卤
{0xc2b2, 0x864f}, //虏
{0xc2b3, 0x9c81}, //鲁
{0xc2b4, 0x9e93}, //麓
{0xc2b5, 0x788c}, //碌
{0xc2b6, 0x9732}, //露
{0xc2b7, 0x8def}, //路
{0xc2b8, 0x8d42}, //赂
{0xc2b9, 0x9e7f}, //鹿
{0xc2ba, 0x6f5e}, //潞
{0xc2bb, 0x7984}, //禄
{0xc2bc, 0x5f55}, //录
{0xc2bd, 0x9646}, //陆
{0xc2be, 0x622e}, //戮
{0xc2bf, 0x9a74}, //驴
{0xc2c0, 0x5415}, //吕
{0xc2c1, 0x94dd}, //铝
{0xc2c2, 0x4fa3}, //侣
{0xc2c3, 0x65c5}, //旅
{0xc2c4, 0x5c65}, //履
{0xc2c5, 0x5c61}, //屡
{0xc2c6, 0x7f15}, //缕
{0xc2c7, 0x8651}, //虑
{0xc2c8, 0x6c2f}, //氯
{0xc2c9, 0x5f8b}, //律
{0xc2ca, 0x7387}, //率
{0xc2cb, 0x6ee4}, //滤
{0xc2cc, 0x7eff}, //绿
{0xc2cd, 0x5ce6}, //峦
{0xc2ce, 0x631b}, //挛
{0xc2cf, 0x5b6a}, //孪
{0xc2d0, 0x6ee6}, //滦
{0xc2d1, 0x5375}, //卵
{0xc2d2, 0x4e71}, //乱
{0xc2d3, 0x63a0}, //掠
{0xc2d4, 0x7565}, //略
{0xc2d5, 0x62a1}, //抡
{0xc2d6, 0x8f6e}, //轮
{0xc2d7, 0x4f26}, //伦
{0xc2d8, 0x4ed1}, //仑
{0xc2d9, 0x6ca6}, //沦
{0xc2da, 0x7eb6}, //纶
{0xc2db, 0x8bba}, //论
{0xc2dc, 0x841d}, //萝
{0xc2dd, 0x87ba}, //螺
{0xc2de, 0x7f57}, //罗
{0xc2df, 0x903b}, //逻
{0xc2e0, 0x9523}, //锣
{0xc2e1, 0x7ba9}, //箩
{0xc2e2, 0x9aa1}, //骡
{0xc2e3, 0x88f8}, //裸
{0xc2e4, 0x843d}, //落
{0xc2e5, 0x6d1b}, //洛
{0xc2e6, 0x9a86}, //骆
{0xc2e7, 0x7edc}, //络
{0xc2e8, 0x5988}, //妈
{0xc2e9, 0x9ebb}, //麻
{0xc2ea, 0x739b}, //玛
{0xc2eb, 0x7801}, //码
{0xc2ec, 0x8682}, //蚂
{0xc2ed, 0x9a6c}, //马
{0xc2ee, 0x9a82}, //骂
{0xc2ef, 0x561b}, //嘛
{0xc2f0, 0x5417}, //吗
{0xc2f1, 0x57cb}, //埋
{0xc2f2, 0x4e70}, //买
{0xc2f3, 0x9ea6}, //麦
{0xc2f4, 0x5356}, //卖
{0xc2f5, 0x8fc8}, //迈
{0xc2f6, 0x8109}, //脉
{0xc2f7, 0x7792}, //瞒
{0xc2f8, 0x9992}, //馒
{0xc2f9, 0x86ee}, //蛮
{0xc2fa, 0x6ee1}, //满
{0xc2fb, 0x8513}, //蔓
{0xc2fc, 0x66fc}, //曼
{0xc2fd, 0x6162}, //慢
{0xc2fe, 0x6f2b}, //漫
{0xc340, 0x807e}, //聾
{0xc341, 0x8081}, //肁
{0xc342, 0x8082}, //肂
{0xc343, 0x8085}, //肅
{0xc344, 0x8088}, //肈
{0xc345, 0x808a}, //肊
{0xc346, 0x808d}, //肍
{0xc347, 0x808e}, //肎
{0xc348, 0x808f}, //肏
{0xc349, 0x8090}, //肐
{0xc34a, 0x8091}, //肑
{0xc34b, 0x8092}, //肒
{0xc34c, 0x8094}, //肔
{0xc34d, 0x8095}, //肕
{0xc34e, 0x8097}, //肗
{0xc34f, 0x8099}, //肙
{0xc350, 0x809e}, //肞
{0xc351, 0x80a3}, //肣
{0xc352, 0x80a6}, //肦
{0xc353, 0x80a7}, //肧
{0xc354, 0x80a8}, //肨
{0xc355, 0x80ac}, //肬
{0xc356, 0x80b0}, //肰
{0xc357, 0x80b3}, //肳
{0xc358, 0x80b5}, //肵
{0xc359, 0x80b6}, //肶
{0xc35a, 0x80b8}, //肸
{0xc35b, 0x80b9}, //肹
{0xc35c, 0x80bb}, //肻
{0xc35d, 0x80c5}, //胅
{0xc35e, 0x80c7}, //胇
{0xc35f, 0x80c8}, //胈
{0xc360, 0x80c9}, //胉
{0xc361, 0x80ca}, //胊
{0xc362, 0x80cb}, //胋
{0xc363, 0x80cf}, //胏
{0xc364, 0x80d0}, //胐
{0xc365, 0x80d1}, //胑
{0xc366, 0x80d2}, //胒
{0xc367, 0x80d3}, //胓
{0xc368, 0x80d4}, //胔
{0xc369, 0x80d5}, //胕
{0xc36a, 0x80d8}, //胘
{0xc36b, 0x80df}, //胟
{0xc36c, 0x80e0}, //胠
{0xc36d, 0x80e2}, //胢
{0xc36e, 0x80e3}, //胣
{0xc36f, 0x80e6}, //胦
{0xc370, 0x80ee}, //胮
{0xc371, 0x80f5}, //胵
{0xc372, 0x80f7}, //胷
{0xc373, 0x80f9}, //胹
{0xc374, 0x80fb}, //胻
{0xc375, 0x80fe}, //胾
{0xc376, 0x80ff}, //胿
{0xc377, 0x8100}, //脀
{0xc378, 0x8101}, //脁
{0xc379, 0x8103}, //脃
{0xc37a, 0x8104}, //脄
{0xc37b, 0x8105}, //脅
{0xc37c, 0x8107}, //脇
{0xc37d, 0x8108}, //脈
{0xc37e, 0x810b}, //脋
{0xc380, 0x810c}, //脌
{0xc381, 0x8115}, //脕
{0xc382, 0x8117}, //脗
{0xc383, 0x8119}, //脙
{0xc384, 0x811b}, //脛
{0xc385, 0x811c}, //脜
{0xc386, 0x811d}, //脝
{0xc387, 0x811f}, //脟
{0xc388, 0x8120}, //脠
{0xc389, 0x8121}, //脡
{0xc38a, 0x8122}, //脢
{0xc38b, 0x8123}, //脣
{0xc38c, 0x8124}, //脤
{0xc38d, 0x8125}, //脥
{0xc38e, 0x8126}, //脦
{0xc38f, 0x8127}, //脧
{0xc390, 0x8128}, //脨
{0xc391, 0x8129}, //脩
{0xc392, 0x812a}, //脪
{0xc393, 0x812b}, //脫
{0xc394, 0x812d}, //脭
{0xc395, 0x812e}, //脮
{0xc396, 0x8130}, //脰
{0xc397, 0x8133}, //脳
{0xc398, 0x8134}, //脴
{0xc399, 0x8135}, //脵
{0xc39a, 0x8137}, //脷
{0xc39b, 0x8139}, //脹
{0xc39c, 0x813a}, //脺
{0xc39d, 0x813b}, //脻
{0xc39e, 0x813c}, //脼
{0xc39f, 0x813d}, //脽
{0xc3a0, 0x813f}, //脿
{0xc3a1, 0x8c29}, //谩
{0xc3a2, 0x8292}, //芒
{0xc3a3, 0x832b}, //茫
{0xc3a4, 0x76f2}, //盲
{0xc3a5, 0x6c13}, //氓
{0xc3a6, 0x5fd9}, //忙
{0xc3a7, 0x83bd}, //莽
{0xc3a8, 0x732b}, //猫
{0xc3a9, 0x8305}, //茅
{0xc3aa, 0x951a}, //锚
{0xc3ab, 0x6bdb}, //毛
{0xc3ac, 0x77db}, //矛
{0xc3ad, 0x94c6}, //铆
{0xc3ae, 0x536f}, //卯
{0xc3af, 0x8302}, //茂
{0xc3b0, 0x5192}, //冒
{0xc3b1, 0x5e3d}, //帽
{0xc3b2, 0x8c8c}, //貌
{0xc3b3, 0x8d38}, //贸
{0xc3b4, 0x4e48}, //么
{0xc3b5, 0x73ab}, //玫
{0xc3b6, 0x679a}, //枚
{0xc3b7, 0x6885}, //梅
{0xc3b8, 0x9176}, //酶
{0xc3b9, 0x9709}, //霉
{0xc3ba, 0x7164}, //煤
{0xc3bb, 0x6ca1}, //没
{0xc3bc, 0x7709}, //眉
{0xc3bd, 0x5a92}, //媒
{0xc3be, 0x9541}, //镁
{0xc3bf, 0x6bcf}, //每
{0xc3c0, 0x7f8e}, //美
{0xc3c1, 0x6627}, //昧
{0xc3c2, 0x5bd0}, //寐
{0xc3c3, 0x59b9}, //妹
{0xc3c4, 0x5a9a}, //媚
{0xc3c5, 0x95e8}, //门
{0xc3c6, 0x95f7}, //闷
{0xc3c7, 0x4eec}, //们
{0xc3c8, 0x840c}, //萌
{0xc3c9, 0x8499}, //蒙
{0xc3ca, 0x6aac}, //檬
{0xc3cb, 0x76df}, //盟
{0xc3cc, 0x9530}, //锰
{0xc3cd, 0x731b}, //猛
{0xc3ce, 0x68a6}, //梦
{0xc3cf, 0x5b5f}, //孟
{0xc3d0, 0x772f}, //眯
{0xc3d1, 0x919a}, //醚
{0xc3d2, 0x9761}, //靡
{0xc3d3, 0x7cdc}, //糜
{0xc3d4, 0x8ff7}, //迷
{0xc3d5, 0x8c1c}, //谜
{0xc3d6, 0x5f25}, //弥
{0xc3d7, 0x7c73}, //米
{0xc3d8, 0x79d8}, //秘
{0xc3d9, 0x89c5}, //觅
{0xc3da, 0x6ccc}, //泌
{0xc3db, 0x871c}, //蜜
{0xc3dc, 0x5bc6}, //密
{0xc3dd, 0x5e42}, //幂
{0xc3de, 0x68c9}, //棉
{0xc3df, 0x7720}, //眠
{0xc3e0, 0x7ef5}, //绵
{0xc3e1, 0x5195}, //冕
{0xc3e2, 0x514d}, //免
{0xc3e3, 0x52c9}, //勉
{0xc3e4, 0x5a29}, //娩
{0xc3e5, 0x7f05}, //缅
{0xc3e6, 0x9762}, //面
{0xc3e7, 0x82d7}, //苗
{0xc3e8, 0x63cf}, //描
{0xc3e9, 0x7784}, //瞄
{0xc3ea, 0x85d0}, //藐
{0xc3eb, 0x79d2}, //秒
{0xc3ec, 0x6e3a}, //渺
{0xc3ed, 0x5e99}, //庙
{0xc3ee, 0x5999}, //妙
{0xc3ef, 0x8511}, //蔑
{0xc3f0, 0x706d}, //灭
{0xc3f1, 0x6c11}, //民
{0xc3f2, 0x62bf}, //抿
{0xc3f3, 0x76bf}, //皿
{0xc3f4, 0x654f}, //敏
{0xc3f5, 0x60af}, //悯
{0xc3f6, 0x95fd}, //闽
{0xc3f7, 0x660e}, //明
{0xc3f8, 0x879f}, //螟
{0xc3f9, 0x9e23}, //鸣
{0xc3fa, 0x94ed}, //铭
{0xc3fb, 0x540d}, //名
{0xc3fc, 0x547d}, //命
{0xc3fd, 0x8c2c}, //谬
{0xc3fe, 0x6478}, //摸
{0xc440, 0x8140}, //腀
{0xc441, 0x8141}, //腁
{0xc442, 0x8142}, //腂
{0xc443, 0x8143}, //腃
{0xc444, 0x8144}, //腄
{0xc445, 0x8145}, //腅
{0xc446, 0x8147}, //腇
{0xc447, 0x8149}, //腉
{0xc448, 0x814d}, //腍
{0xc449, 0x814e}, //腎
{0xc44a, 0x814f}, //腏
{0xc44b, 0x8152}, //腒
{0xc44c, 0x8156}, //腖
{0xc44d, 0x8157}, //腗
{0xc44e, 0x8158}, //腘
{0xc44f, 0x815b}, //腛
{0xc450, 0x815c}, //腜
{0xc451, 0x815d}, //腝
{0xc452, 0x815e}, //腞
{0xc453, 0x815f}, //腟
{0xc454, 0x8161}, //腡
{0xc455, 0x8162}, //腢
{0xc456, 0x8163}, //腣
{0xc457, 0x8164}, //腤
{0xc458, 0x8166}, //腦
{0xc459, 0x8168}, //腨
{0xc45a, 0x816a}, //腪
{0xc45b, 0x816b}, //腫
{0xc45c, 0x816c}, //腬
{0xc45d, 0x816f}, //腯
{0xc45e, 0x8172}, //腲
{0xc45f, 0x8173}, //腳
{0xc460, 0x8175}, //腵
{0xc461, 0x8176}, //腶
{0xc462, 0x8177}, //腷
{0xc463, 0x8178}, //腸
{0xc464, 0x8181}, //膁
{0xc465, 0x8183}, //膃
{0xc466, 0x8184}, //膄
{0xc467, 0x8185}, //膅
{0xc468, 0x8186}, //膆
{0xc469, 0x8187}, //膇
{0xc46a, 0x8189}, //膉
{0xc46b, 0x818b}, //膋
{0xc46c, 0x818c}, //膌
{0xc46d, 0x818d}, //膍
{0xc46e, 0x818e}, //膎
{0xc46f, 0x8190}, //膐
{0xc470, 0x8192}, //膒
{0xc471, 0x8193}, //膓
{0xc472, 0x8194}, //膔
{0xc473, 0x8195}, //膕
{0xc474, 0x8196}, //膖
{0xc475, 0x8197}, //膗
{0xc476, 0x8199}, //膙
{0xc477, 0x819a}, //膚
{0xc478, 0x819e}, //膞
{0xc479, 0x819f}, //膟
{0xc47a, 0x81a0}, //膠
{0xc47b, 0x81a1}, //膡
{0xc47c, 0x81a2}, //膢
{0xc47d, 0x81a4}, //膤
{0xc47e, 0x81a5}, //膥
{0xc480, 0x81a7}, //膧
{0xc481, 0x81a9}, //膩
{0xc482, 0x81ab}, //膫
{0xc483, 0x81ac}, //膬
{0xc484, 0x81ad}, //膭
{0xc485, 0x81ae}, //膮
{0xc486, 0x81af}, //膯
{0xc487, 0x81b0}, //膰
{0xc488, 0x81b1}, //膱
{0xc489, 0x81b2}, //膲
{0xc48a, 0x81b4}, //膴
{0xc48b, 0x81b5}, //膵
{0xc48c, 0x81b6}, //膶
{0xc48d, 0x81b7}, //膷
{0xc48e, 0x81b8}, //膸
{0xc48f, 0x81b9}, //膹
{0xc490, 0x81bc}, //膼
{0xc491, 0x81bd}, //膽
{0xc492, 0x81be}, //膾
{0xc493, 0x81bf}, //膿
{0xc494, 0x81c4}, //臄
{0xc495, 0x81c5}, //臅
{0xc496, 0x81c7}, //臇
{0xc497, 0x81c8}, //臈
{0xc498, 0x81c9}, //臉
{0xc499, 0x81cb}, //臋
{0xc49a, 0x81cd}, //臍
{0xc49b, 0x81ce}, //臎
{0xc49c, 0x81cf}, //臏
{0xc49d, 0x81d0}, //臐
{0xc49e, 0x81d1}, //臑
{0xc49f, 0x81d2}, //臒
{0xc4a0, 0x81d3}, //臓
{0xc4a1, 0x6479}, //摹
{0xc4a2, 0x8611}, //蘑
{0xc4a3, 0x6a21}, //模
{0xc4a4, 0x819c}, //膜
{0xc4a5, 0x78e8}, //磨
{0xc4a6, 0x6469}, //摩
{0xc4a7, 0x9b54}, //魔
{0xc4a8, 0x62b9}, //抹
{0xc4a9, 0x672b}, //末
{0xc4aa, 0x83ab}, //莫
{0xc4ab, 0x58a8}, //墨
{0xc4ac, 0x9ed8}, //默
{0xc4ad, 0x6cab}, //沫
{0xc4ae, 0x6f20}, //漠
{0xc4af, 0x5bde}, //寞
{0xc4b0, 0x964c}, //陌
{0xc4b1, 0x8c0b}, //谋
{0xc4b2, 0x725f}, //牟
{0xc4b3, 0x67d0}, //某
{0xc4b4, 0x62c7}, //拇
{0xc4b5, 0x7261}, //牡
{0xc4b6, 0x4ea9}, //亩
{0xc4b7, 0x59c6}, //姆
{0xc4b8, 0x6bcd}, //母
{0xc4b9, 0x5893}, //墓
{0xc4ba, 0x66ae}, //暮
{0xc4bb, 0x5e55}, //幕
{0xc4bc, 0x52df}, //募
{0xc4bd, 0x6155}, //慕
{0xc4be, 0x6728}, //木
{0xc4bf, 0x76ee}, //目
{0xc4c0, 0x7766}, //睦
{0xc4c1, 0x7267}, //牧
{0xc4c2, 0x7a46}, //穆
{0xc4c3, 0x62ff}, //拿
{0xc4c4, 0x54ea}, //哪
{0xc4c5, 0x5450}, //呐
{0xc4c6, 0x94a0}, //钠
{0xc4c7, 0x90a3}, //那
{0xc4c8, 0x5a1c}, //娜
{0xc4c9, 0x7eb3}, //纳
{0xc4ca, 0x6c16}, //氖
{0xc4cb, 0x4e43}, //乃
{0xc4cc, 0x5976}, //奶
{0xc4cd, 0x8010}, //耐
{0xc4ce, 0x5948}, //奈
{0xc4cf, 0x5357}, //南
{0xc4d0, 0x7537}, //男
{0xc4d1, 0x96be}, //难
{0xc4d2, 0x56ca}, //囊
{0xc4d3, 0x6320}, //挠
{0xc4d4, 0x8111}, //脑
{0xc4d5, 0x607c}, //恼
{0xc4d6, 0x95f9}, //闹
{0xc4d7, 0x6dd6}, //淖
{0xc4d8, 0x5462}, //呢
{0xc4d9, 0x9981}, //馁
{0xc4da, 0x5185}, //内
{0xc4db, 0x5ae9}, //嫩
{0xc4dc, 0x80fd}, //能
{0xc4dd, 0x59ae}, //妮
{0xc4de, 0x9713}, //霓
{0xc4df, 0x502a}, //倪
{0xc4e0, 0x6ce5}, //泥
{0xc4e1, 0x5c3c}, //尼
{0xc4e2, 0x62df}, //拟
{0xc4e3, 0x4f60}, //你
{0xc4e4, 0x533f}, //匿
{0xc4e5, 0x817b}, //腻
{0xc4e6, 0x9006}, //逆
{0xc4e7, 0x6eba}, //溺
{0xc4e8, 0x852b}, //蔫
{0xc4e9, 0x62c8}, //拈
{0xc4ea, 0x5e74}, //年
{0xc4eb, 0x78be}, //碾
{0xc4ec, 0x64b5}, //撵
{0xc4ed, 0x637b}, //捻
{0xc4ee, 0x5ff5}, //念
{0xc4ef, 0x5a18}, //娘
{0xc4f0, 0x917f}, //酿
{0xc4f1, 0x9e1f}, //鸟
{0xc4f2, 0x5c3f}, //尿
{0xc4f3, 0x634f}, //捏
{0xc4f4, 0x8042}, //聂
{0xc4f5, 0x5b7d}, //孽
{0xc4f6, 0x556e}, //啮
{0xc4f7, 0x954a}, //镊
{0xc4f8, 0x954d}, //镍
{0xc4f9, 0x6d85}, //涅
{0xc4fa, 0x60a8}, //您
{0xc4fb, 0x67e0}, //柠
{0xc4fc, 0x72de}, //狞
{0xc4fd, 0x51dd}, //凝
{0xc4fe, 0x5b81}, //宁
{0xc540, 0x81d4}, //臔
{0xc541, 0x81d5}, //臕
{0xc542, 0x81d6}, //臖
{0xc543, 0x81d7}, //臗
{0xc544, 0x81d8}, //臘
{0xc545, 0x81d9}, //臙
{0xc546, 0x81da}, //臚
{0xc547, 0x81db}, //臛
{0xc548, 0x81dc}, //臜
{0xc549, 0x81dd}, //臝
{0xc54a, 0x81de}, //臞
{0xc54b, 0x81df}, //臟
{0xc54c, 0x81e0}, //臠
{0xc54d, 0x81e1}, //臡
{0xc54e, 0x81e2}, //臢
{0xc54f, 0x81e4}, //臤
{0xc550, 0x81e5}, //臥
{0xc551, 0x81e6}, //臦
{0xc552, 0x81e8}, //臨
{0xc553, 0x81e9}, //臩
{0xc554, 0x81eb}, //臫
{0xc555, 0x81ee}, //臮
{0xc556, 0x81ef}, //臯
{0xc557, 0x81f0}, //臰
{0xc558, 0x81f1}, //臱
{0xc559, 0x81f2}, //臲
{0xc55a, 0x81f5}, //臵
{0xc55b, 0x81f6}, //臶
{0xc55c, 0x81f7}, //臷
{0xc55d, 0x81f8}, //臸
{0xc55e, 0x81f9}, //臹
{0xc55f, 0x81fa}, //臺
{0xc560, 0x81fd}, //臽
{0xc561, 0x81ff}, //臿
{0xc562, 0x8203}, //舃
{0xc563, 0x8207}, //與
{0xc564, 0x8208}, //興
{0xc565, 0x8209}, //舉
{0xc566, 0x820a}, //舊
{0xc567, 0x820b}, //舋
{0xc568, 0x820e}, //舎
{0xc569, 0x820f}, //舏
{0xc56a, 0x8211}, //舑
{0xc56b, 0x8213}, //舓
{0xc56c, 0x8215}, //舕
{0xc56d, 0x8216}, //舖
{0xc56e, 0x8217}, //舗
{0xc56f, 0x8218}, //舘
{0xc570, 0x8219}, //舙
{0xc571, 0x821a}, //舚
{0xc572, 0x821d}, //舝
{0xc573, 0x8220}, //舠
{0xc574, 0x8224}, //舤
{0xc575, 0x8225}, //舥
{0xc576, 0x8226}, //舦
{0xc577, 0x8227}, //舧
{0xc578, 0x8229}, //舩
{0xc579, 0x822e}, //舮
{0xc57a, 0x8232}, //舲
{0xc57b, 0x823a}, //舺
{0xc57c, 0x823c}, //舼
{0xc57d, 0x823d}, //舽
{0xc57e, 0x823f}, //舿
{0xc580, 0x8240}, //艀
{0xc581, 0x8241}, //艁
{0xc582, 0x8242}, //艂
{0xc583, 0x8243}, //艃
{0xc584, 0x8245}, //艅
{0xc585, 0x8246}, //艆
{0xc586, 0x8248}, //艈
{0xc587, 0x824a}, //艊
{0xc588, 0x824c}, //艌
{0xc589, 0x824d}, //艍
{0xc58a, 0x824e}, //艎
{0xc58b, 0x8250}, //艐
{0xc58c, 0x8251}, //艑
{0xc58d, 0x8252}, //艒
{0xc58e, 0x8253}, //艓
{0xc58f, 0x8254}, //艔
{0xc590, 0x8255}, //艕
{0xc591, 0x8256}, //艖
{0xc592, 0x8257}, //艗
{0xc593, 0x8259}, //艙
{0xc594, 0x825b}, //艛
{0xc595, 0x825c}, //艜
{0xc596, 0x825d}, //艝
{0xc597, 0x825e}, //艞
{0xc598, 0x8260}, //艠
{0xc599, 0x8261}, //艡
{0xc59a, 0x8262}, //艢
{0xc59b, 0x8263}, //艣
{0xc59c, 0x8264}, //艤
{0xc59d, 0x8265}, //艥
{0xc59e, 0x8266}, //艦
{0xc59f, 0x8267}, //艧
{0xc5a0, 0x8269}, //艩
{0xc5a1, 0x62e7}, //拧
{0xc5a2, 0x6cde}, //泞
{0xc5a3, 0x725b}, //牛
{0xc5a4, 0x626d}, //扭
{0xc5a5, 0x94ae}, //钮
{0xc5a6, 0x7ebd}, //纽
{0xc5a7, 0x8113}, //脓
{0xc5a8, 0x6d53}, //浓
{0xc5a9, 0x519c}, //农
{0xc5aa, 0x5f04}, //弄
{0xc5ab, 0x5974}, //奴
{0xc5ac, 0x52aa}, //努
{0xc5ad, 0x6012}, //怒
{0xc5ae, 0x5973}, //女
{0xc5af, 0x6696}, //暖
{0xc5b0, 0x8650}, //虐
{0xc5b1, 0x759f}, //疟
{0xc5b2, 0x632a}, //挪
{0xc5b3, 0x61e6}, //懦
{0xc5b4, 0x7cef}, //糯
{0xc5b5, 0x8bfa}, //诺
{0xc5b6, 0x54e6}, //哦
{0xc5b7, 0x6b27}, //欧
{0xc5b8, 0x9e25}, //鸥
{0xc5b9, 0x6bb4}, //殴
{0xc5ba, 0x85d5}, //藕
{0xc5bb, 0x5455}, //呕
{0xc5bc, 0x5076}, //偶
{0xc5bd, 0x6ca4}, //沤
{0xc5be, 0x556a}, //啪
{0xc5bf, 0x8db4}, //趴
{0xc5c0, 0x722c}, //爬
{0xc5c1, 0x5e15}, //帕
{0xc5c2, 0x6015}, //怕
{0xc5c3, 0x7436}, //琶
{0xc5c4, 0x62cd}, //拍
{0xc5c5, 0x6392}, //排
{0xc5c6, 0x724c}, //牌
{0xc5c7, 0x5f98}, //徘
{0xc5c8, 0x6e43}, //湃
{0xc5c9, 0x6d3e}, //派
{0xc5ca, 0x6500}, //攀
{0xc5cb, 0x6f58}, //潘
{0xc5cc, 0x76d8}, //盘
{0xc5cd, 0x78d0}, //磐
{0xc5ce, 0x76fc}, //盼
{0xc5cf, 0x7554}, //畔
{0xc5d0, 0x5224}, //判
{0xc5d1, 0x53db}, //叛
{0xc5d2, 0x4e53}, //乓
{0xc5d3, 0x5e9e}, //庞
{0xc5d4, 0x65c1}, //旁
{0xc5d5, 0x802a}, //耪
{0xc5d6, 0x80d6}, //胖
{0xc5d7, 0x629b}, //抛
{0xc5d8, 0x5486}, //咆
{0xc5d9, 0x5228}, //刨
{0xc5da, 0x70ae}, //炮
{0xc5db, 0x888d}, //袍
{0xc5dc, 0x8dd1}, //跑
{0xc5dd, 0x6ce1}, //泡
{0xc5de, 0x5478}, //呸
{0xc5df, 0x80da}, //胚
{0xc5e0, 0x57f9}, //培
{0xc5e1, 0x88f4}, //裴
{0xc5e2, 0x8d54}, //赔
{0xc5e3, 0x966a}, //陪
{0xc5e4, 0x914d}, //配
{0xc5e5, 0x4f69}, //佩
{0xc5e6, 0x6c9b}, //沛
{0xc5e7, 0x55b7}, //喷
{0xc5e8, 0x76c6}, //盆
{0xc5e9, 0x7830}, //砰
{0xc5ea, 0x62a8}, //抨
{0xc5eb, 0x70f9}, //烹
{0xc5ec, 0x6f8e}, //澎
{0xc5ed, 0x5f6d}, //彭
{0xc5ee, 0x84ec}, //蓬
{0xc5ef, 0x68da}, //棚
{0xc5f0, 0x787c}, //硼
{0xc5f1, 0x7bf7}, //篷
{0xc5f2, 0x81a8}, //膨
{0xc5f3, 0x670b}, //朋
{0xc5f4, 0x9e4f}, //鹏
{0xc5f5, 0x6367}, //捧
{0xc5f6, 0x78b0}, //碰
{0xc5f7, 0x576f}, //坯
{0xc5f8, 0x7812}, //砒
{0xc5f9, 0x9739}, //霹
{0xc5fa, 0x6279}, //批
{0xc5fb, 0x62ab}, //披
{0xc5fc, 0x5288}, //劈
{0xc5fd, 0x7435}, //琵
{0xc5fe, 0x6bd7}, //毗
{0xc640, 0x826a}, //艪
{0xc641, 0x826b}, //艫
{0xc642, 0x826c}, //艬
{0xc643, 0x826d}, //艭
{0xc644, 0x8271}, //艱
{0xc645, 0x8275}, //艵
{0xc646, 0x8276}, //艶
{0xc647, 0x8277}, //艷
{0xc648, 0x8278}, //艸
{0xc649, 0x827b}, //艻
{0xc64a, 0x827c}, //艼
{0xc64b, 0x8280}, //芀
{0xc64c, 0x8281}, //芁
{0xc64d, 0x8283}, //芃
{0xc64e, 0x8285}, //芅
{0xc64f, 0x8286}, //芆
{0xc650, 0x8287}, //芇
{0xc651, 0x8289}, //芉
{0xc652, 0x828c}, //芌
{0xc653, 0x8290}, //芐
{0xc654, 0x8293}, //芓
{0xc655, 0x8294}, //芔
{0xc656, 0x8295}, //芕
{0xc657, 0x8296}, //芖
{0xc658, 0x829a}, //芚
{0xc659, 0x829b}, //芛
{0xc65a, 0x829e}, //芞
{0xc65b, 0x82a0}, //芠
{0xc65c, 0x82a2}, //芢
{0xc65d, 0x82a3}, //芣
{0xc65e, 0x82a7}, //芧
{0xc65f, 0x82b2}, //芲
{0xc660, 0x82b5}, //芵
{0xc661, 0x82b6}, //芶
{0xc662, 0x82ba}, //芺
{0xc663, 0x82bb}, //芻
{0xc664, 0x82bc}, //芼
{0xc665, 0x82bf}, //芿
{0xc666, 0x82c0}, //苀
{0xc667, 0x82c2}, //苂
{0xc668, 0x82c3}, //苃
{0xc669, 0x82c5}, //苅
{0xc66a, 0x82c6}, //苆
{0xc66b, 0x82c9}, //苉
{0xc66c, 0x82d0}, //苐
{0xc66d, 0x82d6}, //苖
{0xc66e, 0x82d9}, //苙
{0xc66f, 0x82da}, //苚
{0xc670, 0x82dd}, //苝
{0xc671, 0x82e2}, //苢
{0xc672, 0x82e7}, //苧
{0xc673, 0x82e8}, //苨
{0xc674, 0x82e9}, //苩
{0xc675, 0x82ea}, //苪
{0xc676, 0x82ec}, //苬
{0xc677, 0x82ed}, //苭
{0xc678, 0x82ee}, //苮
{0xc679, 0x82f0}, //苰
{0xc67a, 0x82f2}, //苲
{0xc67b, 0x82f3}, //苳
{0xc67c, 0x82f5}, //苵
{0xc67d, 0x82f6}, //苶
{0xc67e, 0x82f8}, //苸
{0xc680, 0x82fa}, //苺
{0xc681, 0x82fc}, //苼
{0xc682, 0x82fd}, //苽
{0xc683, 0x82fe}, //苾
{0xc684, 0x82ff}, //苿
{0xc685, 0x8300}, //茀
{0xc686, 0x830a}, //茊
{0xc687, 0x830b}, //茋
{0xc688, 0x830d}, //茍
{0xc689, 0x8310}, //茐
{0xc68a, 0x8312}, //茒
{0xc68b, 0x8313}, //茓
{0xc68c, 0x8316}, //茖
{0xc68d, 0x8318}, //茘
{0xc68e, 0x8319}, //茙
{0xc68f, 0x831d}, //茝
{0xc690, 0x831e}, //茞
{0xc691, 0x831f}, //茟
{0xc692, 0x8320}, //茠
{0xc693, 0x8321}, //茡
{0xc694, 0x8322}, //茢
{0xc695, 0x8323}, //茣
{0xc696, 0x8324}, //茤
{0xc697, 0x8325}, //茥
{0xc698, 0x8326}, //茦
{0xc699, 0x8329}, //茩
{0xc69a, 0x832a}, //茪
{0xc69b, 0x832e}, //茮
{0xc69c, 0x8330}, //茰
{0xc69d, 0x8332}, //茲
{0xc69e, 0x8337}, //茷
{0xc69f, 0x833b}, //茻
{0xc6a0, 0x833d}, //茽
{0xc6a1, 0x5564}, //啤
{0xc6a2, 0x813e}, //脾
{0xc6a3, 0x75b2}, //疲
{0xc6a4, 0x76ae}, //皮
{0xc6a5, 0x5339}, //匹
{0xc6a6, 0x75de}, //痞
{0xc6a7, 0x50fb}, //僻
{0xc6a8, 0x5c41}, //屁
{0xc6a9, 0x8b6c}, //譬
{0xc6aa, 0x7bc7}, //篇
{0xc6ab, 0x504f}, //偏
{0xc6ac, 0x7247}, //片
{0xc6ad, 0x9a97}, //骗
{0xc6ae, 0x98d8}, //飘
{0xc6af, 0x6f02}, //漂
{0xc6b0, 0x74e2}, //瓢
{0xc6b1, 0x7968}, //票
{0xc6b2, 0x6487}, //撇
{0xc6b3, 0x77a5}, //瞥
{0xc6b4, 0x62fc}, //拼
{0xc6b5, 0x9891}, //频
{0xc6b6, 0x8d2b}, //贫
{0xc6b7, 0x54c1}, //品
{0xc6b8, 0x8058}, //聘
{0xc6b9, 0x4e52}, //乒
{0xc6ba, 0x576a}, //坪
{0xc6bb, 0x82f9}, //苹
{0xc6bc, 0x840d}, //萍
{0xc6bd, 0x5e73}, //平
{0xc6be, 0x51ed}, //凭
{0xc6bf, 0x74f6}, //瓶
{0xc6c0, 0x8bc4}, //评
{0xc6c1, 0x5c4f}, //屏
{0xc6c2, 0x5761}, //坡
{0xc6c3, 0x6cfc}, //泼
{0xc6c4, 0x9887}, //颇
{0xc6c5, 0x5a46}, //婆
{0xc6c6, 0x7834}, //破
{0xc6c7, 0x9b44}, //魄
{0xc6c8, 0x8feb}, //迫
{0xc6c9, 0x7c95}, //粕
{0xc6ca, 0x5256}, //剖
{0xc6cb, 0x6251}, //扑
{0xc6cc, 0x94fa}, //铺
{0xc6cd, 0x4ec6}, //仆
{0xc6ce, 0x8386}, //莆
{0xc6cf, 0x8461}, //葡
{0xc6d0, 0x83e9}, //菩
{0xc6d1, 0x84b2}, //蒲
{0xc6d2, 0x57d4}, //埔
{0xc6d3, 0x6734}, //朴
{0xc6d4, 0x5703}, //圃
{0xc6d5, 0x666e}, //普
{0xc6d6, 0x6d66}, //浦
{0xc6d7, 0x8c31}, //谱
{0xc6d8, 0x66dd}, //曝
{0xc6d9, 0x7011}, //瀑
{0xc6da, 0x671f}, //期
{0xc6db, 0x6b3a}, //欺
{0xc6dc, 0x6816}, //栖
{0xc6dd, 0x621a}, //戚
{0xc6de, 0x59bb}, //妻
{0xc6df, 0x4e03}, //七
{0xc6e0, 0x51c4}, //凄
{0xc6e1, 0x6f06}, //漆
{0xc6e2, 0x67d2}, //柒
{0xc6e3, 0x6c8f}, //沏
{0xc6e4, 0x5176}, //其
{0xc6e5, 0x68cb}, //棋
{0xc6e6, 0x5947}, //奇
{0xc6e7, 0x6b67}, //歧
{0xc6e8, 0x7566}, //畦
{0xc6e9, 0x5d0e}, //崎
{0xc6ea, 0x8110}, //脐
{0xc6eb, 0x9f50}, //齐
{0xc6ec, 0x65d7}, //旗
{0xc6ed, 0x7948}, //祈
{0xc6ee, 0x7941}, //祁
{0xc6ef, 0x9a91}, //骑
{0xc6f0, 0x8d77}, //起
{0xc6f1, 0x5c82}, //岂
{0xc6f2, 0x4e5e}, //乞
{0xc6f3, 0x4f01}, //企
{0xc6f4, 0x542f}, //启
{0xc6f5, 0x5951}, //契
{0xc6f6, 0x780c}, //砌
{0xc6f7, 0x5668}, //器
{0xc6f8, 0x6c14}, //气
{0xc6f9, 0x8fc4}, //迄
{0xc6fa, 0x5f03}, //弃
{0xc6fb, 0x6c7d}, //汽
{0xc6fc, 0x6ce3}, //泣
{0xc6fd, 0x8bab}, //讫
{0xc6fe, 0x6390}, //掐
{0xc740, 0x833e}, //茾
{0xc741, 0x833f}, //茿
{0xc742, 0x8341}, //荁
{0xc743, 0x8342}, //荂
{0xc744, 0x8344}, //荄
{0xc745, 0x8345}, //荅
{0xc746, 0x8348}, //荈
{0xc747, 0x834a}, //荊
{0xc748, 0x834b}, //荋
{0xc749, 0x834c}, //荌
{0xc74a, 0x834d}, //荍
{0xc74b, 0x834e}, //荎
{0xc74c, 0x8353}, //荓
{0xc74d, 0x8355}, //荕
{0xc74e, 0x8356}, //荖
{0xc74f, 0x8357}, //荗
{0xc750, 0x8358}, //荘
{0xc751, 0x8359}, //荙
{0xc752, 0x835d}, //荝
{0xc753, 0x8362}, //荢
{0xc754, 0x8370}, //荰
{0xc755, 0x8371}, //荱
{0xc756, 0x8372}, //荲
{0xc757, 0x8373}, //荳
{0xc758, 0x8374}, //荴
{0xc759, 0x8375}, //荵
{0xc75a, 0x8376}, //荶
{0xc75b, 0x8379}, //荹
{0xc75c, 0x837a}, //荺
{0xc75d, 0x837e}, //荾
{0xc75e, 0x837f}, //荿
{0xc75f, 0x8380}, //莀
{0xc760, 0x8381}, //莁
{0xc761, 0x8382}, //莂
{0xc762, 0x8383}, //莃
{0xc763, 0x8384}, //莄
{0xc764, 0x8387}, //莇
{0xc765, 0x8388}, //莈
{0xc766, 0x838a}, //莊
{0xc767, 0x838b}, //莋
{0xc768, 0x838c}, //莌
{0xc769, 0x838d}, //莍
{0xc76a, 0x838f}, //莏
{0xc76b, 0x8390}, //莐
{0xc76c, 0x8391}, //莑
{0xc76d, 0x8394}, //莔
{0xc76e, 0x8395}, //莕
{0xc76f, 0x8396}, //莖
{0xc770, 0x8397}, //莗
{0xc771, 0x8399}, //莙
{0xc772, 0x839a}, //莚
{0xc773, 0x839d}, //莝
{0xc774, 0x839f}, //莟
{0xc775, 0x83a1}, //莡
{0xc776, 0x83a2}, //莢
{0xc777, 0x83a3}, //莣
{0xc778, 0x83a4}, //莤
{0xc779, 0x83a5}, //莥
{0xc77a, 0x83a6}, //莦
{0xc77b, 0x83a7}, //莧
{0xc77c, 0x83ac}, //莬
{0xc77d, 0x83ad}, //莭
{0xc77e, 0x83ae}, //莮
{0xc780, 0x83af}, //莯
{0xc781, 0x83b5}, //莵
{0xc782, 0x83bb}, //莻
{0xc783, 0x83be}, //莾
{0xc784, 0x83bf}, //莿
{0xc785, 0x83c2}, //菂
{0xc786, 0x83c3}, //菃
{0xc787, 0x83c4}, //菄
{0xc788, 0x83c6}, //菆
{0xc789, 0x83c8}, //菈
{0xc78a, 0x83c9}, //菉
{0xc78b, 0x83cb}, //菋
{0xc78c, 0x83cd}, //菍
{0xc78d, 0x83ce}, //菎
{0xc78e, 0x83d0}, //菐
{0xc78f, 0x83d1}, //菑
{0xc790, 0x83d2}, //菒
{0xc791, 0x83d3}, //菓
{0xc792, 0x83d5}, //菕
{0xc793, 0x83d7}, //菗
{0xc794, 0x83d9}, //菙
{0xc795, 0x83da}, //菚
{0xc796, 0x83db}, //菛
{0xc797, 0x83de}, //菞
{0xc798, 0x83e2}, //菢
{0xc799, 0x83e3}, //菣
{0xc79a, 0x83e4}, //菤
{0xc79b, 0x83e6}, //菦
{0xc79c, 0x83e7}, //菧
{0xc79d, 0x83e8}, //菨
{0xc79e, 0x83eb}, //菫
{0xc79f, 0x83ec}, //菬
{0xc7a0, 0x83ed}, //菭
{0xc7a1, 0x6070}, //恰
{0xc7a2, 0x6d3d}, //洽
{0xc7a3, 0x7275}, //牵
{0xc7a4, 0x6266}, //扦
{0xc7a5, 0x948e}, //钎
{0xc7a6, 0x94c5}, //铅
{0xc7a7, 0x5343}, //千
{0xc7a8, 0x8fc1}, //迁
{0xc7a9, 0x7b7e}, //签
{0xc7aa, 0x4edf}, //仟
{0xc7ab, 0x8c26}, //谦
{0xc7ac, 0x4e7e}, //乾
{0xc7ad, 0x9ed4}, //黔
{0xc7ae, 0x94b1}, //钱
{0xc7af, 0x94b3}, //钳
{0xc7b0, 0x524d}, //前
{0xc7b1, 0x6f5c}, //潜
{0xc7b2, 0x9063}, //遣
{0xc7b3, 0x6d45}, //浅
{0xc7b4, 0x8c34}, //谴
{0xc7b5, 0x5811}, //堑
{0xc7b6, 0x5d4c}, //嵌
{0xc7b7, 0x6b20}, //欠
{0xc7b8, 0x6b49}, //歉
{0xc7b9, 0x67aa}, //枪
{0xc7ba, 0x545b}, //呛
{0xc7bb, 0x8154}, //腔
{0xc7bc, 0x7f8c}, //羌
{0xc7bd, 0x5899}, //墙
{0xc7be, 0x8537}, //蔷
{0xc7bf, 0x5f3a}, //强
{0xc7c0, 0x62a2}, //抢
{0xc7c1, 0x6a47}, //橇
{0xc7c2, 0x9539}, //锹
{0xc7c3, 0x6572}, //敲
{0xc7c4, 0x6084}, //悄
{0xc7c5, 0x6865}, //桥
{0xc7c6, 0x77a7}, //瞧
{0xc7c7, 0x4e54}, //乔
{0xc7c8, 0x4fa8}, //侨
{0xc7c9, 0x5de7}, //巧
{0xc7ca, 0x9798}, //鞘
{0xc7cb, 0x64ac}, //撬
{0xc7cc, 0x7fd8}, //翘
{0xc7cd, 0x5ced}, //峭
{0xc7ce, 0x4fcf}, //俏
{0xc7cf, 0x7a8d}, //窍
{0xc7d0, 0x5207}, //切
{0xc7d1, 0x8304}, //茄
{0xc7d2, 0x4e14}, //且
{0xc7d3, 0x602f}, //怯
{0xc7d4, 0x7a83}, //窃
{0xc7d5, 0x94a6}, //钦
{0xc7d6, 0x4fb5}, //侵
{0xc7d7, 0x4eb2}, //亲
{0xc7d8, 0x79e6}, //秦
{0xc7d9, 0x7434}, //琴
{0xc7da, 0x52e4}, //勤
{0xc7db, 0x82b9}, //芹
{0xc7dc, 0x64d2}, //擒
{0xc7dd, 0x79bd}, //禽
{0xc7de, 0x5bdd}, //寝
{0xc7df, 0x6c81}, //沁
{0xc7e0, 0x9752}, //青
{0xc7e1, 0x8f7b}, //轻
{0xc7e2, 0x6c22}, //氢
{0xc7e3, 0x503e}, //倾
{0xc7e4, 0x537f}, //卿
{0xc7e5, 0x6e05}, //清
{0xc7e6, 0x64ce}, //擎
{0xc7e7, 0x6674}, //晴
{0xc7e8, 0x6c30}, //氰
{0xc7e9, 0x60c5}, //情
{0xc7ea, 0x9877}, //顷
{0xc7eb, 0x8bf7}, //请
{0xc7ec, 0x5e86}, //庆
{0xc7ed, 0x743c}, //琼
{0xc7ee, 0x7a77}, //穷
{0xc7ef, 0x79cb}, //秋
{0xc7f0, 0x4e18}, //丘
{0xc7f1, 0x90b1}, //邱
{0xc7f2, 0x7403}, //球
{0xc7f3, 0x6c42}, //求
{0xc7f4, 0x56da}, //囚
{0xc7f5, 0x914b}, //酋
{0xc7f6, 0x6cc5}, //泅
{0xc7f7, 0x8d8b}, //趋
{0xc7f8, 0x533a}, //区
{0xc7f9, 0x86c6}, //蛆
{0xc7fa, 0x66f2}, //曲
{0xc7fb, 0x8eaf}, //躯
{0xc7fc, 0x5c48}, //屈
{0xc7fd, 0x9a71}, //驱
{0xc7fe, 0x6e20}, //渠
{0xc840, 0x83ee}, //菮
{0xc841, 0x83ef}, //華
{0xc842, 0x83f3}, //菳
{0xc843, 0x83f4}, //菴
{0xc844, 0x83f5}, //菵
{0xc845, 0x83f6}, //菶
{0xc846, 0x83f7}, //菷
{0xc847, 0x83fa}, //菺
{0xc848, 0x83fb}, //菻
{0xc849, 0x83fc}, //菼
{0xc84a, 0x83fe}, //菾
{0xc84b, 0x83ff}, //菿
{0xc84c, 0x8400}, //萀
{0xc84d, 0x8402}, //萂
{0xc84e, 0x8405}, //萅
{0xc84f, 0x8407}, //萇
{0xc850, 0x8408}, //萈
{0xc851, 0x8409}, //萉
{0xc852, 0x840a}, //萊
{0xc853, 0x8410}, //萐
{0xc854, 0x8412}, //萒
{0xc855, 0x8413}, //萓
{0xc856, 0x8414}, //萔
{0xc857, 0x8415}, //萕
{0xc858, 0x8416}, //萖
{0xc859, 0x8417}, //萗
{0xc85a, 0x8419}, //萙
{0xc85b, 0x841a}, //萚
{0xc85c, 0x841b}, //萛
{0xc85d, 0x841e}, //萞
{0xc85e, 0x841f}, //萟
{0xc85f, 0x8420}, //萠
{0xc860, 0x8421}, //萡
{0xc861, 0x8422}, //萢
{0xc862, 0x8423}, //萣
{0xc863, 0x8429}, //萩
{0xc864, 0x842a}, //萪
{0xc865, 0x842b}, //萫
{0xc866, 0x842c}, //萬
{0xc867, 0x842d}, //萭
{0xc868, 0x842e}, //萮
{0xc869, 0x842f}, //萯
{0xc86a, 0x8430}, //萰
{0xc86b, 0x8432}, //萲
{0xc86c, 0x8433}, //萳
{0xc86d, 0x8434}, //萴
{0xc86e, 0x8435}, //萵
{0xc86f, 0x8436}, //萶
{0xc870, 0x8437}, //萷
{0xc871, 0x8439}, //萹
{0xc872, 0x843a}, //萺
{0xc873, 0x843b}, //萻
{0xc874, 0x843e}, //萾
{0xc875, 0x843f}, //萿
{0xc876, 0x8440}, //葀
{0xc877, 0x8441}, //葁
{0xc878, 0x8442}, //葂
{0xc879, 0x8443}, //葃
{0xc87a, 0x8444}, //葄
{0xc87b, 0x8445}, //葅
{0xc87c, 0x8447}, //葇
{0xc87d, 0x8448}, //葈
{0xc87e, 0x8449}, //葉
{0xc880, 0x844a}, //葊
{0xc881, 0x844b}, //葋
{0xc882, 0x844c}, //葌
{0xc883, 0x844d}, //葍
{0xc884, 0x844e}, //葎
{0xc885, 0x844f}, //葏
{0xc886, 0x8450}, //葐
{0xc887, 0x8452}, //葒
{0xc888, 0x8453}, //葓
{0xc889, 0x8454}, //葔
{0xc88a, 0x8455}, //葕
{0xc88b, 0x8456}, //葖
{0xc88c, 0x8458}, //葘
{0xc88d, 0x845d}, //葝
{0xc88e, 0x845e}, //葞
{0xc88f, 0x845f}, //葟
{0xc890, 0x8460}, //葠
{0xc891, 0x8462}, //葢
{0xc892, 0x8464}, //葤
{0xc893, 0x8465}, //葥
{0xc894, 0x8466}, //葦
{0xc895, 0x8467}, //葧
{0xc896, 0x8468}, //葨
{0xc897, 0x846a}, //葪
{0xc898, 0x846e}, //葮
{0xc899, 0x846f}, //葯
{0xc89a, 0x8470}, //葰
{0xc89b, 0x8472}, //葲
{0xc89c, 0x8474}, //葴
{0xc89d, 0x8477}, //葷
{0xc89e, 0x8479}, //葹
{0xc89f, 0x847b}, //葻
{0xc8a0, 0x847c}, //葼
{0xc8a1, 0x53d6}, //取
{0xc8a2, 0x5a36}, //娶
{0xc8a3, 0x9f8b}, //龋
{0xc8a4, 0x8da3}, //趣
{0xc8a5, 0x53bb}, //去
{0xc8a6, 0x5708}, //圈
{0xc8a7, 0x98a7}, //颧
{0xc8a8, 0x6743}, //权
{0xc8a9, 0x919b}, //醛
{0xc8aa, 0x6cc9}, //泉
{0xc8ab, 0x5168}, //全
{0xc8ac, 0x75ca}, //痊
{0xc8ad, 0x62f3}, //拳
{0xc8ae, 0x72ac}, //犬
{0xc8af, 0x5238}, //券
{0xc8b0, 0x529d}, //劝
{0xc8b1, 0x7f3a}, //缺
{0xc8b2, 0x7094}, //炔
{0xc8b3, 0x7638}, //瘸
{0xc8b4, 0x5374}, //却
{0xc8b5, 0x9e4a}, //鹊
{0xc8b6, 0x69b7}, //榷
{0xc8b7, 0x786e}, //确
{0xc8b8, 0x96c0}, //雀
{0xc8b9, 0x88d9}, //裙
{0xc8ba, 0x7fa4}, //群
{0xc8bb, 0x7136}, //然
{0xc8bc, 0x71c3}, //燃
{0xc8bd, 0x5189}, //冉
{0xc8be, 0x67d3}, //染
{0xc8bf, 0x74e4}, //瓤
{0xc8c0, 0x58e4}, //壤
{0xc8c1, 0x6518}, //攘
{0xc8c2, 0x56b7}, //嚷
{0xc8c3, 0x8ba9}, //让
{0xc8c4, 0x9976}, //饶
{0xc8c5, 0x6270}, //扰
{0xc8c6, 0x7ed5}, //绕
{0xc8c7, 0x60f9}, //惹
{0xc8c8, 0x70ed}, //热
{0xc8c9, 0x58ec}, //壬
{0xc8ca, 0x4ec1}, //仁
{0xc8cb, 0x4eba}, //人
{0xc8cc, 0x5fcd}, //忍
{0xc8cd, 0x97e7}, //韧
{0xc8ce, 0x4efb}, //任
{0xc8cf, 0x8ba4}, //认
{0xc8d0, 0x5203}, //刃
{0xc8d1, 0x598a}, //妊
{0xc8d2, 0x7eab}, //纫
{0xc8d3, 0x6254}, //扔
{0xc8d4, 0x4ecd}, //仍
{0xc8d5, 0x65e5}, //日
{0xc8d6, 0x620e}, //戎
{0xc8d7, 0x8338}, //茸
{0xc8d8, 0x84c9}, //蓉
{0xc8d9, 0x8363}, //荣
{0xc8da, 0x878d}, //融
{0xc8db, 0x7194}, //熔
{0xc8dc, 0x6eb6}, //溶
{0xc8dd, 0x5bb9}, //容
{0xc8de, 0x7ed2}, //绒
{0xc8df, 0x5197}, //冗
{0xc8e0, 0x63c9}, //揉
{0xc8e1, 0x67d4}, //柔
{0xc8e2, 0x8089}, //肉
{0xc8e3, 0x8339}, //茹
{0xc8e4, 0x8815}, //蠕
{0xc8e5, 0x5112}, //儒
{0xc8e6, 0x5b7a}, //孺
{0xc8e7, 0x5982}, //如
{0xc8e8, 0x8fb1}, //辱
{0xc8e9, 0x4e73}, //乳
{0xc8ea, 0x6c5d}, //汝
{0xc8eb, 0x5165}, //入
{0xc8ec, 0x8925}, //褥
{0xc8ed, 0x8f6f}, //软
{0xc8ee, 0x962e}, //阮
{0xc8ef, 0x854a}, //蕊
{0xc8f0, 0x745e}, //瑞
{0xc8f1, 0x9510}, //锐
{0xc8f2, 0x95f0}, //闰
{0xc8f3, 0x6da6}, //润
{0xc8f4, 0x82e5}, //若
{0xc8f5, 0x5f31}, //弱
{0xc8f6, 0x6492}, //撒
{0xc8f7, 0x6d12}, //洒
{0xc8f8, 0x8428}, //萨
{0xc8f9, 0x816e}, //腮
{0xc8fa, 0x9cc3}, //鳃
{0xc8fb, 0x585e}, //塞
{0xc8fc, 0x8d5b}, //赛
{0xc8fd, 0x4e09}, //三
{0xc8fe, 0x53c1}, //叁
{0xc940, 0x847d}, //葽
{0xc941, 0x847e}, //葾
{0xc942, 0x847f}, //葿
{0xc943, 0x8480}, //蒀
{0xc944, 0x8481}, //蒁
{0xc945, 0x8483}, //蒃
{0xc946, 0x8484}, //蒄
{0xc947, 0x8485}, //蒅
{0xc948, 0x8486}, //蒆
{0xc949, 0x848a}, //蒊
{0xc94a, 0x848d}, //蒍
{0xc94b, 0x848f}, //蒏
{0xc94c, 0x8490}, //蒐
{0xc94d, 0x8491}, //蒑
{0xc94e, 0x8492}, //蒒
{0xc94f, 0x8493}, //蒓
{0xc950, 0x8494}, //蒔
{0xc951, 0x8495}, //蒕
{0xc952, 0x8496}, //蒖
{0xc953, 0x8498}, //蒘
{0xc954, 0x849a}, //蒚
{0xc955, 0x849b}, //蒛
{0xc956, 0x849d}, //蒝
{0xc957, 0x849e}, //蒞
{0xc958, 0x849f}, //蒟
{0xc959, 0x84a0}, //蒠
{0xc95a, 0x84a2}, //蒢
{0xc95b, 0x84a3}, //蒣
{0xc95c, 0x84a4}, //蒤
{0xc95d, 0x84a5}, //蒥
{0xc95e, 0x84a6}, //蒦
{0xc95f, 0x84a7}, //蒧
{0xc960, 0x84a8}, //蒨
{0xc961, 0x84a9}, //蒩
{0xc962, 0x84aa}, //蒪
{0xc963, 0x84ab}, //蒫
{0xc964, 0x84ac}, //蒬
{0xc965, 0x84ad}, //蒭
{0xc966, 0x84ae}, //蒮
{0xc967, 0x84b0}, //蒰
{0xc968, 0x84b1}, //蒱
{0xc969, 0x84b3}, //蒳
{0xc96a, 0x84b5}, //蒵
{0xc96b, 0x84b6}, //蒶
{0xc96c, 0x84b7}, //蒷
{0xc96d, 0x84bb}, //蒻
{0xc96e, 0x84bc}, //蒼
{0xc96f, 0x84be}, //蒾
{0xc970, 0x84c0}, //蓀
{0xc971, 0x84c2}, //蓂
{0xc972, 0x84c3}, //蓃
{0xc973, 0x84c5}, //蓅
{0xc974, 0x84c6}, //蓆
{0xc975, 0x84c7}, //蓇
{0xc976, 0x84c8}, //蓈
{0xc977, 0x84cb}, //蓋
{0xc978, 0x84cc}, //蓌
{0xc979, 0x84ce}, //蓎
{0xc97a, 0x84cf}, //蓏
{0xc97b, 0x84d2}, //蓒
{0xc97c, 0x84d4}, //蓔
{0xc97d, 0x84d5}, //蓕
{0xc97e, 0x84d7}, //蓗
{0xc980, 0x84d8}, //蓘
{0xc981, 0x84d9}, //蓙
{0xc982, 0x84da}, //蓚
{0xc983, 0x84db}, //蓛
{0xc984, 0x84dc}, //蓜
{0xc985, 0x84de}, //蓞
{0xc986, 0x84e1}, //蓡
{0xc987, 0x84e2}, //蓢
{0xc988, 0x84e4}, //蓤
{0xc989, 0x84e7}, //蓧
{0xc98a, 0x84e8}, //蓨
{0xc98b, 0x84e9}, //蓩
{0xc98c, 0x84ea}, //蓪
{0xc98d, 0x84eb}, //蓫
{0xc98e, 0x84ed}, //蓭
{0xc98f, 0x84ee}, //蓮
{0xc990, 0x84ef}, //蓯
{0xc991, 0x84f1}, //蓱
{0xc992, 0x84f2}, //蓲
{0xc993, 0x84f3}, //蓳
{0xc994, 0x84f4}, //蓴
{0xc995, 0x84f5}, //蓵
{0xc996, 0x84f6}, //蓶
{0xc997, 0x84f7}, //蓷
{0xc998, 0x84f8}, //蓸
{0xc999, 0x84f9}, //蓹
{0xc99a, 0x84fa}, //蓺
{0xc99b, 0x84fb}, //蓻
{0xc99c, 0x84fd}, //蓽
{0xc99d, 0x84fe}, //蓾
{0xc99e, 0x8500}, //蔀
{0xc99f, 0x8501}, //蔁
{0xc9a0, 0x8502}, //蔂
{0xc9a1, 0x4f1e}, //伞
{0xc9a2, 0x6563}, //散
{0xc9a3, 0x6851}, //桑
{0xc9a4, 0x55d3}, //嗓
{0xc9a5, 0x4e27}, //丧
{0xc9a6, 0x6414}, //搔
{0xc9a7, 0x9a9a}, //骚
{0xc9a8, 0x626b}, //扫
{0xc9a9, 0x5ac2}, //嫂
{0xc9aa, 0x745f}, //瑟
{0xc9ab, 0x8272}, //色
{0xc9ac, 0x6da9}, //涩
{0xc9ad, 0x68ee}, //森
{0xc9ae, 0x50e7}, //僧
{0xc9af, 0x838e}, //莎
{0xc9b0, 0x7802}, //砂
{0xc9b1, 0x6740}, //杀
{0xc9b2, 0x5239}, //刹
{0xc9b3, 0x6c99}, //沙
{0xc9b4, 0x7eb1}, //纱
{0xc9b5, 0x50bb}, //傻
{0xc9b6, 0x5565}, //啥
{0xc9b7, 0x715e}, //煞
{0xc9b8, 0x7b5b}, //筛
{0xc9b9, 0x6652}, //晒
{0xc9ba, 0x73ca}, //珊
{0xc9bb, 0x82eb}, //苫
{0xc9bc, 0x6749}, //杉
{0xc9bd, 0x5c71}, //山
{0xc9be, 0x5220}, //删
{0xc9bf, 0x717d}, //煽
{0xc9c0, 0x886b}, //衫
{0xc9c1, 0x95ea}, //闪
{0xc9c2, 0x9655}, //陕
{0xc9c3, 0x64c5}, //擅
{0xc9c4, 0x8d61}, //赡
{0xc9c5, 0x81b3}, //膳
{0xc9c6, 0x5584}, //善
{0xc9c7, 0x6c55}, //汕
{0xc9c8, 0x6247}, //扇
{0xc9c9, 0x7f2e}, //缮
{0xc9ca, 0x5892}, //墒
{0xc9cb, 0x4f24}, //伤
{0xc9cc, 0x5546}, //商
{0xc9cd, 0x8d4f}, //赏
{0xc9ce, 0x664c}, //晌
{0xc9cf, 0x4e0a}, //上
{0xc9d0, 0x5c1a}, //尚
{0xc9d1, 0x88f3}, //裳
{0xc9d2, 0x68a2}, //梢
{0xc9d3, 0x634e}, //捎
{0xc9d4, 0x7a0d}, //稍
{0xc9d5, 0x70e7}, //烧
{0xc9d6, 0x828d}, //芍
{0xc9d7, 0x52fa}, //勺
{0xc9d8, 0x97f6}, //韶
{0xc9d9, 0x5c11}, //少
{0xc9da, 0x54e8}, //哨
{0xc9db, 0x90b5}, //邵
{0xc9dc, 0x7ecd}, //绍
{0xc9dd, 0x5962}, //奢
{0xc9de, 0x8d4a}, //赊
{0xc9df, 0x86c7}, //蛇
{0xc9e0, 0x820c}, //舌
{0xc9e1, 0x820d}, //舍
{0xc9e2, 0x8d66}, //赦
{0xc9e3, 0x6444}, //摄
{0xc9e4, 0x5c04}, //射
{0xc9e5, 0x6151}, //慑
{0xc9e6, 0x6d89}, //涉
{0xc9e7, 0x793e}, //社
{0xc9e8, 0x8bbe}, //设
{0xc9e9, 0x7837}, //砷
{0xc9ea, 0x7533}, //申
{0xc9eb, 0x547b}, //呻
{0xc9ec, 0x4f38}, //伸
{0xc9ed, 0x8eab}, //身
{0xc9ee, 0x6df1}, //深
{0xc9ef, 0x5a20}, //娠
{0xc9f0, 0x7ec5}, //绅
{0xc9f1, 0x795e}, //神
{0xc9f2, 0x6c88}, //沈
{0xc9f3, 0x5ba1}, //审
{0xc9f4, 0x5a76}, //婶
{0xc9f5, 0x751a}, //甚
{0xc9f6, 0x80be}, //肾
{0xc9f7, 0x614e}, //慎
{0xc9f8, 0x6e17}, //渗
{0xc9f9, 0x58f0}, //声
{0xc9fa, 0x751f}, //生
{0xc9fb, 0x7525}, //甥
{0xc9fc, 0x7272}, //牲
{0xc9fd, 0x5347}, //升
{0xc9fe, 0x7ef3}, //绳
{0xca40, 0x8503}, //蔃
{0xca41, 0x8504}, //蔄
{0xca42, 0x8505}, //蔅
{0xca43, 0x8506}, //蔆
{0xca44, 0x8507}, //蔇
{0xca45, 0x8508}, //蔈
{0xca46, 0x8509}, //蔉
{0xca47, 0x850a}, //蔊
{0xca48, 0x850b}, //蔋
{0xca49, 0x850d}, //蔍
{0xca4a, 0x850e}, //蔎
{0xca4b, 0x850f}, //蔏
{0xca4c, 0x8510}, //蔐
{0xca4d, 0x8512}, //蔒
{0xca4e, 0x8514}, //蔔
{0xca4f, 0x8515}, //蔕
{0xca50, 0x8516}, //蔖
{0xca51, 0x8518}, //蔘
{0xca52, 0x8519}, //蔙
{0xca53, 0x851b}, //蔛
{0xca54, 0x851c}, //蔜
{0xca55, 0x851d}, //蔝
{0xca56, 0x851e}, //蔞
{0xca57, 0x8520}, //蔠
{0xca58, 0x8522}, //蔢
{0xca59, 0x8523}, //蔣
{0xca5a, 0x8524}, //蔤
{0xca5b, 0x8525}, //蔥
{0xca5c, 0x8526}, //蔦
{0xca5d, 0x8527}, //蔧
{0xca5e, 0x8528}, //蔨
{0xca5f, 0x8529}, //蔩
{0xca60, 0x852a}, //蔪
{0xca61, 0x852d}, //蔭
{0xca62, 0x852e}, //蔮
{0xca63, 0x852f}, //蔯
{0xca64, 0x8530}, //蔰
{0xca65, 0x8531}, //蔱
{0xca66, 0x8532}, //蔲
{0xca67, 0x8533}, //蔳
{0xca68, 0x8534}, //蔴
{0xca69, 0x8535}, //蔵
{0xca6a, 0x8536}, //蔶
{0xca6b, 0x853e}, //蔾
{0xca6c, 0x853f}, //蔿
{0xca6d, 0x8540}, //蕀
{0xca6e, 0x8541}, //蕁
{0xca6f, 0x8542}, //蕂
{0xca70, 0x8544}, //蕄
{0xca71, 0x8545}, //蕅
{0xca72, 0x8546}, //蕆
{0xca73, 0x8547}, //蕇
{0xca74, 0x854b}, //蕋
{0xca75, 0x854c}, //蕌
{0xca76, 0x854d}, //蕍
{0xca77, 0x854e}, //蕎
{0xca78, 0x854f}, //蕏
{0xca79, 0x8550}, //蕐
{0xca7a, 0x8551}, //蕑
{0xca7b, 0x8552}, //蕒
{0xca7c, 0x8553}, //蕓
{0xca7d, 0x8554}, //蕔
{0xca7e, 0x8555}, //蕕
{0xca80, 0x8557}, //蕗
{0xca81, 0x8558}, //蕘
{0xca82, 0x855a}, //蕚
{0xca83, 0x855b}, //蕛
{0xca84, 0x855c}, //蕜
{0xca85, 0x855d}, //蕝
{0xca86, 0x855f}, //蕟
{0xca87, 0x8560}, //蕠
{0xca88, 0x8561}, //蕡
{0xca89, 0x8562}, //蕢
{0xca8a, 0x8563}, //蕣
{0xca8b, 0x8565}, //蕥
{0xca8c, 0x8566}, //蕦
{0xca8d, 0x8567}, //蕧
{0xca8e, 0x8569}, //蕩
{0xca8f, 0x856a}, //蕪
{0xca90, 0x856b}, //蕫
{0xca91, 0x856c}, //蕬
{0xca92, 0x856d}, //蕭
{0xca93, 0x856e}, //蕮
{0xca94, 0x856f}, //蕯
{0xca95, 0x8570}, //蕰
{0xca96, 0x8571}, //蕱
{0xca97, 0x8573}, //蕳
{0xca98, 0x8575}, //蕵
{0xca99, 0x8576}, //蕶
{0xca9a, 0x8577}, //蕷
{0xca9b, 0x8578}, //蕸
{0xca9c, 0x857c}, //蕼
{0xca9d, 0x857d}, //蕽
{0xca9e, 0x857f}, //蕿
{0xca9f, 0x8580}, //薀
{0xcaa0, 0x8581}, //薁
{0xcaa1, 0x7701}, //省
{0xcaa2, 0x76db}, //盛
{0xcaa3, 0x5269}, //剩
{0xcaa4, 0x80dc}, //胜
{0xcaa5, 0x5723}, //圣
{0xcaa6, 0x5e08}, //师
{0xcaa7, 0x5931}, //失
{0xcaa8, 0x72ee}, //狮
{0xcaa9, 0x65bd}, //施
{0xcaaa, 0x6e7f}, //湿
{0xcaab, 0x8bd7}, //诗
{0xcaac, 0x5c38}, //尸
{0xcaad, 0x8671}, //虱
{0xcaae, 0x5341}, //十
{0xcaaf, 0x77f3}, //石
{0xcab0, 0x62fe}, //拾
{0xcab1, 0x65f6}, //时
{0xcab2, 0x4ec0}, //什
{0xcab3, 0x98df}, //食
{0xcab4, 0x8680}, //蚀
{0xcab5, 0x5b9e}, //实
{0xcab6, 0x8bc6}, //识
{0xcab7, 0x53f2}, //史
{0xcab8, 0x77e2}, //矢
{0xcab9, 0x4f7f}, //使
{0xcaba, 0x5c4e}, //屎
{0xcabb, 0x9a76}, //驶
{0xcabc, 0x59cb}, //始
{0xcabd, 0x5f0f}, //式
{0xcabe, 0x793a}, //示
{0xcabf, 0x58eb}, //士
{0xcac0, 0x4e16}, //世
{0xcac1, 0x67ff}, //柿
{0xcac2, 0x4e8b}, //事
{0xcac3, 0x62ed}, //拭
{0xcac4, 0x8a93}, //誓
{0xcac5, 0x901d}, //逝
{0xcac6, 0x52bf}, //势
{0xcac7, 0x662f}, //是
{0xcac8, 0x55dc}, //嗜
{0xcac9, 0x566c}, //噬
{0xcaca, 0x9002}, //适
{0xcacb, 0x4ed5}, //仕
{0xcacc, 0x4f8d}, //侍
{0xcacd, 0x91ca}, //释
{0xcace, 0x9970}, //饰
{0xcacf, 0x6c0f}, //氏
{0xcad0, 0x5e02}, //市
{0xcad1, 0x6043}, //恃
{0xcad2, 0x5ba4}, //室
{0xcad3, 0x89c6}, //视
{0xcad4, 0x8bd5}, //试
{0xcad5, 0x6536}, //收
{0xcad6, 0x624b}, //手
{0xcad7, 0x9996}, //首
{0xcad8, 0x5b88}, //守
{0xcad9, 0x5bff}, //寿
{0xcada, 0x6388}, //授
{0xcadb, 0x552e}, //售
{0xcadc, 0x53d7}, //受
{0xcadd, 0x7626}, //瘦
{0xcade, 0x517d}, //兽
{0xcadf, 0x852c}, //蔬
{0xcae0, 0x67a2}, //枢
{0xcae1, 0x68b3}, //梳
{0xcae2, 0x6b8a}, //殊
{0xcae3, 0x6292}, //抒
{0xcae4, 0x8f93}, //输
{0xcae5, 0x53d4}, //叔
{0xcae6, 0x8212}, //舒
{0xcae7, 0x6dd1}, //淑
{0xcae8, 0x758f}, //疏
{0xcae9, 0x4e66}, //书
{0xcaea, 0x8d4e}, //赎
{0xcaeb, 0x5b70}, //孰
{0xcaec, 0x719f}, //熟
{0xcaed, 0x85af}, //薯
{0xcaee, 0x6691}, //暑
{0xcaef, 0x66d9}, //曙
{0xcaf0, 0x7f72}, //署
{0xcaf1, 0x8700}, //蜀
{0xcaf2, 0x9ecd}, //黍
{0xcaf3, 0x9f20}, //鼠
{0xcaf4, 0x5c5e}, //属
{0xcaf5, 0x672f}, //术
{0xcaf6, 0x8ff0}, //述
{0xcaf7, 0x6811}, //树
{0xcaf8, 0x675f}, //束
{0xcaf9, 0x620d}, //戍
{0xcafa, 0x7ad6}, //竖
{0xcafb, 0x5885}, //墅
{0xcafc, 0x5eb6}, //庶
{0xcafd, 0x6570}, //数
{0xcafe, 0x6f31}, //漱
{0xcb40, 0x8582}, //薂
{0xcb41, 0x8583}, //薃
{0xcb42, 0x8586}, //薆
{0xcb43, 0x8588}, //薈
{0xcb44, 0x8589}, //薉
{0xcb45, 0x858a}, //薊
{0xcb46, 0x858b}, //薋
{0xcb47, 0x858c}, //薌
{0xcb48, 0x858d}, //薍
{0xcb49, 0x858e}, //薎
{0xcb4a, 0x8590}, //薐
{0xcb4b, 0x8591}, //薑
{0xcb4c, 0x8592}, //薒
{0xcb4d, 0x8593}, //薓
{0xcb4e, 0x8594}, //薔
{0xcb4f, 0x8595}, //薕
{0xcb50, 0x8596}, //薖
{0xcb51, 0x8597}, //薗
{0xcb52, 0x8598}, //薘
{0xcb53, 0x8599}, //薙
{0xcb54, 0x859a}, //薚
{0xcb55, 0x859d}, //薝
{0xcb56, 0x859e}, //薞
{0xcb57, 0x859f}, //薟
{0xcb58, 0x85a0}, //薠
{0xcb59, 0x85a1}, //薡
{0xcb5a, 0x85a2}, //薢
{0xcb5b, 0x85a3}, //薣
{0xcb5c, 0x85a5}, //薥
{0xcb5d, 0x85a6}, //薦
{0xcb5e, 0x85a7}, //薧
{0xcb5f, 0x85a9}, //薩
{0xcb60, 0x85ab}, //薫
{0xcb61, 0x85ac}, //薬
{0xcb62, 0x85ad}, //薭
{0xcb63, 0x85b1}, //薱
{0xcb64, 0x85b2}, //薲
{0xcb65, 0x85b3}, //薳
{0xcb66, 0x85b4}, //薴
{0xcb67, 0x85b5}, //薵
{0xcb68, 0x85b6}, //薶
{0xcb69, 0x85b8}, //薸
{0xcb6a, 0x85ba}, //薺
{0xcb6b, 0x85bb}, //薻
{0xcb6c, 0x85bc}, //薼
{0xcb6d, 0x85bd}, //薽
{0xcb6e, 0x85be}, //薾
{0xcb6f, 0x85bf}, //薿
{0xcb70, 0x85c0}, //藀
{0xcb71, 0x85c2}, //藂
{0xcb72, 0x85c3}, //藃
{0xcb73, 0x85c4}, //藄
{0xcb74, 0x85c5}, //藅
{0xcb75, 0x85c6}, //藆
{0xcb76, 0x85c7}, //藇
{0xcb77, 0x85c8}, //藈
{0xcb78, 0x85ca}, //藊
{0xcb79, 0x85cb}, //藋
{0xcb7a, 0x85cc}, //藌
{0xcb7b, 0x85cd}, //藍
{0xcb7c, 0x85ce}, //藎
{0xcb7d, 0x85d1}, //藑
{0xcb7e, 0x85d2}, //藒
{0xcb80, 0x85d4}, //藔
{0xcb81, 0x85d6}, //藖
{0xcb82, 0x85d7}, //藗
{0xcb83, 0x85d8}, //藘
{0xcb84, 0x85d9}, //藙
{0xcb85, 0x85da}, //藚
{0xcb86, 0x85db}, //藛
{0xcb87, 0x85dd}, //藝
{0xcb88, 0x85de}, //藞
{0xcb89, 0x85df}, //藟
{0xcb8a, 0x85e0}, //藠
{0xcb8b, 0x85e1}, //藡
{0xcb8c, 0x85e2}, //藢
{0xcb8d, 0x85e3}, //藣
{0xcb8e, 0x85e5}, //藥
{0xcb8f, 0x85e6}, //藦
{0xcb90, 0x85e7}, //藧
{0xcb91, 0x85e8}, //藨
{0xcb92, 0x85ea}, //藪
{0xcb93, 0x85eb}, //藫
{0xcb94, 0x85ec}, //藬
{0xcb95, 0x85ed}, //藭
{0xcb96, 0x85ee}, //藮
{0xcb97, 0x85ef}, //藯
{0xcb98, 0x85f0}, //藰
{0xcb99, 0x85f1}, //藱
{0xcb9a, 0x85f2}, //藲
{0xcb9b, 0x85f3}, //藳
{0xcb9c, 0x85f4}, //藴
{0xcb9d, 0x85f5}, //藵
{0xcb9e, 0x85f6}, //藶
{0xcb9f, 0x85f7}, //藷
{0xcba0, 0x85f8}, //藸
{0xcba1, 0x6055}, //恕
{0xcba2, 0x5237}, //刷
{0xcba3, 0x800d}, //耍
{0xcba4, 0x6454}, //摔
{0xcba5, 0x8870}, //衰
{0xcba6, 0x7529}, //甩
{0xcba7, 0x5e05}, //帅
{0xcba8, 0x6813}, //栓
{0xcba9, 0x62f4}, //拴
{0xcbaa, 0x971c}, //霜
{0xcbab, 0x53cc}, //双
{0xcbac, 0x723d}, //爽
{0xcbad, 0x8c01}, //谁
{0xcbae, 0x6c34}, //水
{0xcbaf, 0x7761}, //睡
{0xcbb0, 0x7a0e}, //税
{0xcbb1, 0x542e}, //吮
{0xcbb2, 0x77ac}, //瞬
{0xcbb3, 0x987a}, //顺
{0xcbb4, 0x821c}, //舜
{0xcbb5, 0x8bf4}, //说
{0xcbb6, 0x7855}, //硕
{0xcbb7, 0x6714}, //朔
{0xcbb8, 0x70c1}, //烁
{0xcbb9, 0x65af}, //斯
{0xcbba, 0x6495}, //撕
{0xcbbb, 0x5636}, //嘶
{0xcbbc, 0x601d}, //思
{0xcbbd, 0x79c1}, //私
{0xcbbe, 0x53f8}, //司
{0xcbbf, 0x4e1d}, //丝
{0xcbc0, 0x6b7b}, //死
{0xcbc1, 0x8086}, //肆
{0xcbc2, 0x5bfa}, //寺
{0xcbc3, 0x55e3}, //嗣
{0xcbc4, 0x56db}, //四
{0xcbc5, 0x4f3a}, //伺
{0xcbc6, 0x4f3c}, //似
{0xcbc7, 0x9972}, //饲
{0xcbc8, 0x5df3}, //巳
{0xcbc9, 0x677e}, //松
{0xcbca, 0x8038}, //耸
{0xcbcb, 0x6002}, //怂
{0xcbcc, 0x9882}, //颂
{0xcbcd, 0x9001}, //送
{0xcbce, 0x5b8b}, //宋
{0xcbcf, 0x8bbc}, //讼
{0xcbd0, 0x8bf5}, //诵
{0xcbd1, 0x641c}, //搜
{0xcbd2, 0x8258}, //艘
{0xcbd3, 0x64de}, //擞
{0xcbd4, 0x55fd}, //嗽
{0xcbd5, 0x82cf}, //苏
{0xcbd6, 0x9165}, //酥
{0xcbd7, 0x4fd7}, //俗
{0xcbd8, 0x7d20}, //素
{0xcbd9, 0x901f}, //速
{0xcbda, 0x7c9f}, //粟
{0xcbdb, 0x50f3}, //僳
{0xcbdc, 0x5851}, //塑
{0xcbdd, 0x6eaf}, //溯
{0xcbde, 0x5bbf}, //宿
{0xcbdf, 0x8bc9}, //诉
{0xcbe0, 0x8083}, //肃
{0xcbe1, 0x9178}, //酸
{0xcbe2, 0x849c}, //蒜
{0xcbe3, 0x7b97}, //算
{0xcbe4, 0x867d}, //虽
{0xcbe5, 0x968b}, //隋
{0xcbe6, 0x968f}, //随
{0xcbe7, 0x7ee5}, //绥
{0xcbe8, 0x9ad3}, //髓
{0xcbe9, 0x788e}, //碎
{0xcbea, 0x5c81}, //岁
{0xcbeb, 0x7a57}, //穗
{0xcbec, 0x9042}, //遂
{0xcbed, 0x96a7}, //隧
{0xcbee, 0x795f}, //祟
{0xcbef, 0x5b59}, //孙
{0xcbf0, 0x635f}, //损
{0xcbf1, 0x7b0b}, //笋
{0xcbf2, 0x84d1}, //蓑
{0xcbf3, 0x68ad}, //梭
{0xcbf4, 0x5506}, //唆
{0xcbf5, 0x7f29}, //缩
{0xcbf6, 0x7410}, //琐
{0xcbf7, 0x7d22}, //索
{0xcbf8, 0x9501}, //锁
{0xcbf9, 0x6240}, //所
{0xcbfa, 0x584c}, //塌
{0xcbfb, 0x4ed6}, //他
{0xcbfc, 0x5b83}, //它
{0xcbfd, 0x5979}, //她
{0xcbfe, 0x5854}, //塔
{0xcc40, 0x85f9}, //藹
{0xcc41, 0x85fa}, //藺
{0xcc42, 0x85fc}, //藼
{0xcc43, 0x85fd}, //藽
{0xcc44, 0x85fe}, //藾
{0xcc45, 0x8600}, //蘀
{0xcc46, 0x8601}, //蘁
{0xcc47, 0x8602}, //蘂
{0xcc48, 0x8603}, //蘃
{0xcc49, 0x8604}, //蘄
{0xcc4a, 0x8606}, //蘆
{0xcc4b, 0x8607}, //蘇
{0xcc4c, 0x8608}, //蘈
{0xcc4d, 0x8609}, //蘉
{0xcc4e, 0x860a}, //蘊
{0xcc4f, 0x860b}, //蘋
{0xcc50, 0x860c}, //蘌
{0xcc51, 0x860d}, //蘍
{0xcc52, 0x860e}, //蘎
{0xcc53, 0x860f}, //蘏
{0xcc54, 0x8610}, //蘐
{0xcc55, 0x8612}, //蘒
{0xcc56, 0x8613}, //蘓
{0xcc57, 0x8614}, //蘔
{0xcc58, 0x8615}, //蘕
{0xcc59, 0x8617}, //蘗
{0xcc5a, 0x8618}, //蘘
{0xcc5b, 0x8619}, //蘙
{0xcc5c, 0x861a}, //蘚
{0xcc5d, 0x861b}, //蘛
{0xcc5e, 0x861c}, //蘜
{0xcc5f, 0x861d}, //蘝
{0xcc60, 0x861e}, //蘞
{0xcc61, 0x861f}, //蘟
{0xcc62, 0x8620}, //蘠
{0xcc63, 0x8621}, //蘡
{0xcc64, 0x8622}, //蘢
{0xcc65, 0x8623}, //蘣
{0xcc66, 0x8624}, //蘤
{0xcc67, 0x8625}, //蘥
{0xcc68, 0x8626}, //蘦
{0xcc69, 0x8628}, //蘨
{0xcc6a, 0x862a}, //蘪
{0xcc6b, 0x862b}, //蘫
{0xcc6c, 0x862c}, //蘬
{0xcc6d, 0x862d}, //蘭
{0xcc6e, 0x862e}, //蘮
{0xcc6f, 0x862f}, //蘯
{0xcc70, 0x8630}, //蘰
{0xcc71, 0x8631}, //蘱
{0xcc72, 0x8632}, //蘲
{0xcc73, 0x8633}, //蘳
{0xcc74, 0x8634}, //蘴
{0xcc75, 0x8635}, //蘵
{0xcc76, 0x8636}, //蘶
{0xcc77, 0x8637}, //蘷
{0xcc78, 0x8639}, //蘹
{0xcc79, 0x863a}, //蘺
{0xcc7a, 0x863b}, //蘻
{0xcc7b, 0x863d}, //蘽
{0xcc7c, 0x863e}, //蘾
{0xcc7d, 0x863f}, //蘿
{0xcc7e, 0x8640}, //虀
{0xcc80, 0x8641}, //虁
{0xcc81, 0x8642}, //虂
{0xcc82, 0x8643}, //虃
{0xcc83, 0x8644}, //虄
{0xcc84, 0x8645}, //虅
{0xcc85, 0x8646}, //虆
{0xcc86, 0x8647}, //虇
{0xcc87, 0x8648}, //虈
{0xcc88, 0x8649}, //虉
{0xcc89, 0x864a}, //虊
{0xcc8a, 0x864b}, //虋
{0xcc8b, 0x864c}, //虌
{0xcc8c, 0x8652}, //虒
{0xcc8d, 0x8653}, //虓
{0xcc8e, 0x8655}, //處
{0xcc8f, 0x8656}, //虖
{0xcc90, 0x8657}, //虗
{0xcc91, 0x8658}, //虘
{0xcc92, 0x8659}, //虙
{0xcc93, 0x865b}, //虛
{0xcc94, 0x865c}, //虜
{0xcc95, 0x865d}, //虝
{0xcc96, 0x865f}, //號
{0xcc97, 0x8660}, //虠
{0xcc98, 0x8661}, //虡
{0xcc99, 0x8663}, //虣
{0xcc9a, 0x8664}, //虤
{0xcc9b, 0x8665}, //虥
{0xcc9c, 0x8666}, //虦
{0xcc9d, 0x8667}, //虧
{0xcc9e, 0x8668}, //虨
{0xcc9f, 0x8669}, //虩
{0xcca0, 0x866a}, //虪
{0xcca1, 0x736d}, //獭
{0xcca2, 0x631e}, //挞
{0xcca3, 0x8e4b}, //蹋
{0xcca4, 0x8e0f}, //踏
{0xcca5, 0x80ce}, //胎
{0xcca6, 0x82d4}, //苔
{0xcca7, 0x62ac}, //抬
{0xcca8, 0x53f0}, //台
{0xcca9, 0x6cf0}, //泰
{0xccaa, 0x915e}, //酞
{0xccab, 0x592a}, //太
{0xccac, 0x6001}, //态
{0xccad, 0x6c70}, //汰
{0xccae, 0x574d}, //坍
{0xccaf, 0x644a}, //摊
{0xccb0, 0x8d2a}, //贪
{0xccb1, 0x762b}, //瘫
{0xccb2, 0x6ee9}, //滩
{0xccb3, 0x575b}, //坛
{0xccb4, 0x6a80}, //檀
{0xccb5, 0x75f0}, //痰
{0xccb6, 0x6f6d}, //潭
{0xccb7, 0x8c2d}, //谭
{0xccb8, 0x8c08}, //谈
{0xccb9, 0x5766}, //坦
{0xccba, 0x6bef}, //毯
{0xccbb, 0x8892}, //袒
{0xccbc, 0x78b3}, //碳
{0xccbd, 0x63a2}, //探
{0xccbe, 0x53f9}, //叹
{0xccbf, 0x70ad}, //炭
{0xccc0, 0x6c64}, //汤
{0xccc1, 0x5858}, //塘
{0xccc2, 0x642a}, //搪
{0xccc3, 0x5802}, //堂
{0xccc4, 0x68e0}, //棠
{0xccc5, 0x819b}, //膛
{0xccc6, 0x5510}, //唐
{0xccc7, 0x7cd6}, //糖
{0xccc8, 0x5018}, //倘
{0xccc9, 0x8eba}, //躺
{0xccca, 0x6dcc}, //淌
{0xcccb, 0x8d9f}, //趟
{0xcccc, 0x70eb}, //烫
{0xcccd, 0x638f}, //掏
{0xccce, 0x6d9b}, //涛
{0xcccf, 0x6ed4}, //滔
{0xccd0, 0x7ee6}, //绦
{0xccd1, 0x8404}, //萄
{0xccd2, 0x6843}, //桃
{0xccd3, 0x9003}, //逃
{0xccd4, 0x6dd8}, //淘
{0xccd5, 0x9676}, //陶
{0xccd6, 0x8ba8}, //讨
{0xccd7, 0x5957}, //套
{0xccd8, 0x7279}, //特
{0xccd9, 0x85e4}, //藤
{0xccda, 0x817e}, //腾
{0xccdb, 0x75bc}, //疼
{0xccdc, 0x8a8a}, //誊
{0xccdd, 0x68af}, //梯
{0xccde, 0x5254}, //剔
{0xccdf, 0x8e22}, //踢
{0xcce0, 0x9511}, //锑
{0xcce1, 0x63d0}, //提
{0xcce2, 0x9898}, //题
{0xcce3, 0x8e44}, //蹄
{0xcce4, 0x557c}, //啼
{0xcce5, 0x4f53}, //体
{0xcce6, 0x66ff}, //替
{0xcce7, 0x568f}, //嚏
{0xcce8, 0x60d5}, //惕
{0xcce9, 0x6d95}, //涕
{0xccea, 0x5243}, //剃
{0xcceb, 0x5c49}, //屉
{0xccec, 0x5929}, //天
{0xcced, 0x6dfb}, //添
{0xccee, 0x586b}, //填
{0xccef, 0x7530}, //田
{0xccf0, 0x751c}, //甜
{0xccf1, 0x606c}, //恬
{0xccf2, 0x8214}, //舔
{0xccf3, 0x8146}, //腆
{0xccf4, 0x6311}, //挑
{0xccf5, 0x6761}, //条
{0xccf6, 0x8fe2}, //迢
{0xccf7, 0x773a}, //眺
{0xccf8, 0x8df3}, //跳
{0xccf9, 0x8d34}, //贴
{0xccfa, 0x94c1}, //铁
{0xccfb, 0x5e16}, //帖
{0xccfc, 0x5385}, //厅
{0xccfd, 0x542c}, //听
{0xccfe, 0x70c3}, //烃
{0xcd40, 0x866d}, //虭
{0xcd41, 0x866f}, //虯
{0xcd42, 0x8670}, //虰
{0xcd43, 0x8672}, //虲
{0xcd44, 0x8673}, //虳
{0xcd45, 0x8674}, //虴
{0xcd46, 0x8675}, //虵
{0xcd47, 0x8676}, //虶
{0xcd48, 0x8677}, //虷
{0xcd49, 0x8678}, //虸
{0xcd4a, 0x8683}, //蚃
{0xcd4b, 0x8684}, //蚄
{0xcd4c, 0x8685}, //蚅
{0xcd4d, 0x8686}, //蚆
{0xcd4e, 0x8687}, //蚇
{0xcd4f, 0x8688}, //蚈
{0xcd50, 0x8689}, //蚉
{0xcd51, 0x868e}, //蚎
{0xcd52, 0x868f}, //蚏
{0xcd53, 0x8690}, //蚐
{0xcd54, 0x8691}, //蚑
{0xcd55, 0x8692}, //蚒
{0xcd56, 0x8694}, //蚔
{0xcd57, 0x8696}, //蚖
{0xcd58, 0x8697}, //蚗
{0xcd59, 0x8698}, //蚘
{0xcd5a, 0x8699}, //蚙
{0xcd5b, 0x869a}, //蚚
{0xcd5c, 0x869b}, //蚛
{0xcd5d, 0x869e}, //蚞
{0xcd5e, 0x869f}, //蚟
{0xcd5f, 0x86a0}, //蚠
{0xcd60, 0x86a1}, //蚡
{0xcd61, 0x86a2}, //蚢
{0xcd62, 0x86a5}, //蚥
{0xcd63, 0x86a6}, //蚦
{0xcd64, 0x86ab}, //蚫
{0xcd65, 0x86ad}, //蚭
{0xcd66, 0x86ae}, //蚮
{0xcd67, 0x86b2}, //蚲
{0xcd68, 0x86b3}, //蚳
{0xcd69, 0x86b7}, //蚷
{0xcd6a, 0x86b8}, //蚸
{0xcd6b, 0x86b9}, //蚹
{0xcd6c, 0x86bb}, //蚻
{0xcd6d, 0x86bc}, //蚼
{0xcd6e, 0x86bd}, //蚽
{0xcd6f, 0x86be}, //蚾
{0xcd70, 0x86bf}, //蚿
{0xcd71, 0x86c1}, //蛁
{0xcd72, 0x86c2}, //蛂
{0xcd73, 0x86c3}, //蛃
{0xcd74, 0x86c5}, //蛅
{0xcd75, 0x86c8}, //蛈
{0xcd76, 0x86cc}, //蛌
{0xcd77, 0x86cd}, //蛍
{0xcd78, 0x86d2}, //蛒
{0xcd79, 0x86d3}, //蛓
{0xcd7a, 0x86d5}, //蛕
{0xcd7b, 0x86d6}, //蛖
{0xcd7c, 0x86d7}, //蛗
{0xcd7d, 0x86da}, //蛚
{0xcd7e, 0x86dc}, //蛜
{0xcd80, 0x86dd}, //蛝
{0xcd81, 0x86e0}, //蛠
{0xcd82, 0x86e1}, //蛡
{0xcd83, 0x86e2}, //蛢
{0xcd84, 0x86e3}, //蛣
{0xcd85, 0x86e5}, //蛥
{0xcd86, 0x86e6}, //蛦
{0xcd87, 0x86e7}, //蛧
{0xcd88, 0x86e8}, //蛨
{0xcd89, 0x86ea}, //蛪
{0xcd8a, 0x86eb}, //蛫
{0xcd8b, 0x86ec}, //蛬
{0xcd8c, 0x86ef}, //蛯
{0xcd8d, 0x86f5}, //蛵
{0xcd8e, 0x86f6}, //蛶
{0xcd8f, 0x86f7}, //蛷
{0xcd90, 0x86fa}, //蛺
{0xcd91, 0x86fb}, //蛻
{0xcd92, 0x86fc}, //蛼
{0xcd93, 0x86fd}, //蛽
{0xcd94, 0x86ff}, //蛿
{0xcd95, 0x8701}, //蜁
{0xcd96, 0x8704}, //蜄
{0xcd97, 0x8705}, //蜅
{0xcd98, 0x8706}, //蜆
{0xcd99, 0x870b}, //蜋
{0xcd9a, 0x870c}, //蜌
{0xcd9b, 0x870e}, //蜎
{0xcd9c, 0x870f}, //蜏
{0xcd9d, 0x8710}, //蜐
{0xcd9e, 0x8711}, //蜑
{0xcd9f, 0x8714}, //蜔
{0xcda0, 0x8716}, //蜖
{0xcda1, 0x6c40}, //汀
{0xcda2, 0x5ef7}, //廷
{0xcda3, 0x505c}, //停
{0xcda4, 0x4ead}, //亭
{0xcda5, 0x5ead}, //庭
{0xcda6, 0x633a}, //挺
{0xcda7, 0x8247}, //艇
{0xcda8, 0x901a}, //通
{0xcda9, 0x6850}, //桐
{0xcdaa, 0x916e}, //酮
{0xcdab, 0x77b3}, //瞳
{0xcdac, 0x540c}, //同
{0xcdad, 0x94dc}, //铜
{0xcdae, 0x5f64}, //彤
{0xcdaf, 0x7ae5}, //童
{0xcdb0, 0x6876}, //桶
{0xcdb1, 0x6345}, //捅
{0xcdb2, 0x7b52}, //筒
{0xcdb3, 0x7edf}, //统
{0xcdb4, 0x75db}, //痛
{0xcdb5, 0x5077}, //偷
{0xcdb6, 0x6295}, //投
{0xcdb7, 0x5934}, //头
{0xcdb8, 0x900f}, //透
{0xcdb9, 0x51f8}, //凸
{0xcdba, 0x79c3}, //秃
{0xcdbb, 0x7a81}, //突
{0xcdbc, 0x56fe}, //图
{0xcdbd, 0x5f92}, //徒
{0xcdbe, 0x9014}, //途
{0xcdbf, 0x6d82}, //涂
{0xcdc0, 0x5c60}, //屠
{0xcdc1, 0x571f}, //土
{0xcdc2, 0x5410}, //吐
{0xcdc3, 0x5154}, //兔
{0xcdc4, 0x6e4d}, //湍
{0xcdc5, 0x56e2}, //团
{0xcdc6, 0x63a8}, //推
{0xcdc7, 0x9893}, //颓
{0xcdc8, 0x817f}, //腿
{0xcdc9, 0x8715}, //蜕
{0xcdca, 0x892a}, //褪
{0xcdcb, 0x9000}, //退
{0xcdcc, 0x541e}, //吞
{0xcdcd, 0x5c6f}, //屯
{0xcdce, 0x81c0}, //臀
{0xcdcf, 0x62d6}, //拖
{0xcdd0, 0x6258}, //托
{0xcdd1, 0x8131}, //脱
{0xcdd2, 0x9e35}, //鸵
{0xcdd3, 0x9640}, //陀
{0xcdd4, 0x9a6e}, //驮
{0xcdd5, 0x9a7c}, //驼
{0xcdd6, 0x692d}, //椭
{0xcdd7, 0x59a5}, //妥
{0xcdd8, 0x62d3}, //拓
{0xcdd9, 0x553e}, //唾
{0xcdda, 0x6316}, //挖
{0xcddb, 0x54c7}, //哇
{0xcddc, 0x86d9}, //蛙
{0xcddd, 0x6d3c}, //洼
{0xcdde, 0x5a03}, //娃
{0xcddf, 0x74e6}, //瓦
{0xcde0, 0x889c}, //袜
{0xcde1, 0x6b6a}, //歪
{0xcde2, 0x5916}, //外
{0xcde3, 0x8c4c}, //豌
{0xcde4, 0x5f2f}, //弯
{0xcde5, 0x6e7e}, //湾
{0xcde6, 0x73a9}, //玩
{0xcde7, 0x987d}, //顽
{0xcde8, 0x4e38}, //丸
{0xcde9, 0x70f7}, //烷
{0xcdea, 0x5b8c}, //完
{0xcdeb, 0x7897}, //碗
{0xcdec, 0x633d}, //挽
{0xcded, 0x665a}, //晚
{0xcdee, 0x7696}, //皖
{0xcdef, 0x60cb}, //惋
{0xcdf0, 0x5b9b}, //宛
{0xcdf1, 0x5a49}, //婉
{0xcdf2, 0x4e07}, //万
{0xcdf3, 0x8155}, //腕
{0xcdf4, 0x6c6a}, //汪
{0xcdf5, 0x738b}, //王
{0xcdf6, 0x4ea1}, //亡
{0xcdf7, 0x6789}, //枉
{0xcdf8, 0x7f51}, //网
{0xcdf9, 0x5f80}, //往
{0xcdfa, 0x65fa}, //旺
{0xcdfb, 0x671b}, //望
{0xcdfc, 0x5fd8}, //忘
{0xcdfd, 0x5984}, //妄
{0xcdfe, 0x5a01}, //威
{0xce40, 0x8719}, //蜙
{0xce41, 0x871b}, //蜛
{0xce42, 0x871d}, //蜝
{0xce43, 0x871f}, //蜟
{0xce44, 0x8720}, //蜠
{0xce45, 0x8724}, //蜤
{0xce46, 0x8726}, //蜦
{0xce47, 0x8727}, //蜧
{0xce48, 0x8728}, //蜨
{0xce49, 0x872a}, //蜪
{0xce4a, 0x872b}, //蜫
{0xce4b, 0x872c}, //蜬
{0xce4c, 0x872d}, //蜭
{0xce4d, 0x872f}, //蜯
{0xce4e, 0x8730}, //蜰
{0xce4f, 0x8732}, //蜲
{0xce50, 0x8733}, //蜳
{0xce51, 0x8735}, //蜵
{0xce52, 0x8736}, //蜶
{0xce53, 0x8738}, //蜸
{0xce54, 0x8739}, //蜹
{0xce55, 0x873a}, //蜺
{0xce56, 0x873c}, //蜼
{0xce57, 0x873d}, //蜽
{0xce58, 0x8740}, //蝀
{0xce59, 0x8741}, //蝁
{0xce5a, 0x8742}, //蝂
{0xce5b, 0x8743}, //蝃
{0xce5c, 0x8744}, //蝄
{0xce5d, 0x8745}, //蝅
{0xce5e, 0x8746}, //蝆
{0xce5f, 0x874a}, //蝊
{0xce60, 0x874b}, //蝋
{0xce61, 0x874d}, //蝍
{0xce62, 0x874f}, //蝏
{0xce63, 0x8750}, //蝐
{0xce64, 0x8751}, //蝑
{0xce65, 0x8752}, //蝒
{0xce66, 0x8754}, //蝔
{0xce67, 0x8755}, //蝕
{0xce68, 0x8756}, //蝖
{0xce69, 0x8758}, //蝘
{0xce6a, 0x875a}, //蝚
{0xce6b, 0x875b}, //蝛
{0xce6c, 0x875c}, //蝜
{0xce6d, 0x875d}, //蝝
{0xce6e, 0x875e}, //蝞
{0xce6f, 0x875f}, //蝟
{0xce70, 0x8761}, //蝡
{0xce71, 0x8762}, //蝢
{0xce72, 0x8766}, //蝦
{0xce73, 0x8767}, //蝧
{0xce74, 0x8768}, //蝨
{0xce75, 0x8769}, //蝩
{0xce76, 0x876a}, //蝪
{0xce77, 0x876b}, //蝫
{0xce78, 0x876c}, //蝬
{0xce79, 0x876d}, //蝭
{0xce7a, 0x876f}, //蝯
{0xce7b, 0x8771}, //蝱
{0xce7c, 0x8772}, //蝲
{0xce7d, 0x8773}, //蝳
{0xce7e, 0x8775}, //蝵
{0xce80, 0x8777}, //蝷
{0xce81, 0x8778}, //蝸
{0xce82, 0x8779}, //蝹
{0xce83, 0x877a}, //蝺
{0xce84, 0x877f}, //蝿
{0xce85, 0x8780}, //螀
{0xce86, 0x8781}, //螁
{0xce87, 0x8784}, //螄
{0xce88, 0x8786}, //螆
{0xce89, 0x8787}, //螇
{0xce8a, 0x8789}, //螉
{0xce8b, 0x878a}, //螊
{0xce8c, 0x878c}, //螌
{0xce8d, 0x878e}, //螎
{0xce8e, 0x878f}, //螏
{0xce8f, 0x8790}, //螐
{0xce90, 0x8791}, //螑
{0xce91, 0x8792}, //螒
{0xce92, 0x8794}, //螔
{0xce93, 0x8795}, //螕
{0xce94, 0x8796}, //螖
{0xce95, 0x8798}, //螘
{0xce96, 0x8799}, //螙
{0xce97, 0x879a}, //螚
{0xce98, 0x879b}, //螛
{0xce99, 0x879c}, //螜
{0xce9a, 0x879d}, //螝
{0xce9b, 0x879e}, //螞
{0xce9c, 0x87a0}, //螠
{0xce9d, 0x87a1}, //螡
{0xce9e, 0x87a2}, //螢
{0xce9f, 0x87a3}, //螣
{0xcea0, 0x87a4}, //螤
{0xcea1, 0x5dcd}, //巍
{0xcea2, 0x5fae}, //微
{0xcea3, 0x5371}, //危
{0xcea4, 0x97e6}, //韦
{0xcea5, 0x8fdd}, //违
{0xcea6, 0x6845}, //桅
{0xcea7, 0x56f4}, //围
{0xcea8, 0x552f}, //唯
{0xcea9, 0x60df}, //惟
{0xceaa, 0x4e3a}, //为
{0xceab, 0x6f4d}, //潍
{0xceac, 0x7ef4}, //维
{0xcead, 0x82c7}, //苇
{0xceae, 0x840e}, //萎
{0xceaf, 0x59d4}, //委
{0xceb0, 0x4f1f}, //伟
{0xceb1, 0x4f2a}, //伪
{0xceb2, 0x5c3e}, //尾
{0xceb3, 0x7eac}, //纬
{0xceb4, 0x672a}, //未
{0xceb5, 0x851a}, //蔚
{0xceb6, 0x5473}, //味
{0xceb7, 0x754f}, //畏
{0xceb8, 0x80c3}, //胃
{0xceb9, 0x5582}, //喂
{0xceba, 0x9b4f}, //魏
{0xcebb, 0x4f4d}, //位
{0xcebc, 0x6e2d}, //渭
{0xcebd, 0x8c13}, //谓
{0xcebe, 0x5c09}, //尉
{0xcebf, 0x6170}, //慰
{0xcec0, 0x536b}, //卫
{0xcec1, 0x761f}, //瘟
{0xcec2, 0x6e29}, //温
{0xcec3, 0x868a}, //蚊
{0xcec4, 0x6587}, //文
{0xcec5, 0x95fb}, //闻
{0xcec6, 0x7eb9}, //纹
{0xcec7, 0x543b}, //吻
{0xcec8, 0x7a33}, //稳
{0xcec9, 0x7d0a}, //紊
{0xceca, 0x95ee}, //问
{0xcecb, 0x55e1}, //嗡
{0xcecc, 0x7fc1}, //翁
{0xcecd, 0x74ee}, //瓮
{0xcece, 0x631d}, //挝
{0xcecf, 0x8717}, //蜗
{0xced0, 0x6da1}, //涡
{0xced1, 0x7a9d}, //窝
{0xced2, 0x6211}, //我
{0xced3, 0x65a1}, //斡
{0xced4, 0x5367}, //卧
{0xced5, 0x63e1}, //握
{0xced6, 0x6c83}, //沃
{0xced7, 0x5deb}, //巫
{0xced8, 0x545c}, //呜
{0xced9, 0x94a8}, //钨
{0xceda, 0x4e4c}, //乌
{0xcedb, 0x6c61}, //污
{0xcedc, 0x8bec}, //诬
{0xcedd, 0x5c4b}, //屋
{0xcede, 0x65e0}, //无
{0xcedf, 0x829c}, //芜
{0xcee0, 0x68a7}, //梧
{0xcee1, 0x543e}, //吾
{0xcee2, 0x5434}, //吴
{0xcee3, 0x6bcb}, //毋
{0xcee4, 0x6b66}, //武
{0xcee5, 0x4e94}, //五
{0xcee6, 0x6342}, //捂
{0xcee7, 0x5348}, //午
{0xcee8, 0x821e}, //舞
{0xcee9, 0x4f0d}, //伍
{0xceea, 0x4fae}, //侮
{0xceeb, 0x575e}, //坞
{0xceec, 0x620a}, //戊
{0xceed, 0x96fe}, //雾
{0xceee, 0x6664}, //晤
{0xceef, 0x7269}, //物
{0xcef0, 0x52ff}, //勿
{0xcef1, 0x52a1}, //务
{0xcef2, 0x609f}, //悟
{0xcef3, 0x8bef}, //误
{0xcef4, 0x6614}, //昔
{0xcef5, 0x7199}, //熙
{0xcef6, 0x6790}, //析
{0xcef7, 0x897f}, //西
{0xcef8, 0x7852}, //硒
{0xcef9, 0x77fd}, //矽
{0xcefa, 0x6670}, //晰
{0xcefb, 0x563b}, //嘻
{0xcefc, 0x5438}, //吸
{0xcefd, 0x9521}, //锡
{0xcefe, 0x727a}, //牺
{0xcf40, 0x87a5}, //螥
{0xcf41, 0x87a6}, //螦
{0xcf42, 0x87a7}, //螧
{0xcf43, 0x87a9}, //螩
{0xcf44, 0x87aa}, //螪
{0xcf45, 0x87ae}, //螮
{0xcf46, 0x87b0}, //螰
{0xcf47, 0x87b1}, //螱
{0xcf48, 0x87b2}, //螲
{0xcf49, 0x87b4}, //螴
{0xcf4a, 0x87b6}, //螶
{0xcf4b, 0x87b7}, //螷
{0xcf4c, 0x87b8}, //螸
{0xcf4d, 0x87b9}, //螹
{0xcf4e, 0x87bb}, //螻
{0xcf4f, 0x87bc}, //螼
{0xcf50, 0x87be}, //螾
{0xcf51, 0x87bf}, //螿
{0xcf52, 0x87c1}, //蟁
{0xcf53, 0x87c2}, //蟂
{0xcf54, 0x87c3}, //蟃
{0xcf55, 0x87c4}, //蟄
{0xcf56, 0x87c5}, //蟅
{0xcf57, 0x87c7}, //蟇
{0xcf58, 0x87c8}, //蟈
{0xcf59, 0x87c9}, //蟉
{0xcf5a, 0x87cc}, //蟌
{0xcf5b, 0x87cd}, //蟍
{0xcf5c, 0x87ce}, //蟎
{0xcf5d, 0x87cf}, //蟏
{0xcf5e, 0x87d0}, //蟐
{0xcf5f, 0x87d4}, //蟔
{0xcf60, 0x87d5}, //蟕
{0xcf61, 0x87d6}, //蟖
{0xcf62, 0x87d7}, //蟗
{0xcf63, 0x87d8}, //蟘
{0xcf64, 0x87d9}, //蟙
{0xcf65, 0x87da}, //蟚
{0xcf66, 0x87dc}, //蟜
{0xcf67, 0x87dd}, //蟝
{0xcf68, 0x87de}, //蟞
{0xcf69, 0x87df}, //蟟
{0xcf6a, 0x87e1}, //蟡
{0xcf6b, 0x87e2}, //蟢
{0xcf6c, 0x87e3}, //蟣
{0xcf6d, 0x87e4}, //蟤
{0xcf6e, 0x87e6}, //蟦
{0xcf6f, 0x87e7}, //蟧
{0xcf70, 0x87e8}, //蟨
{0xcf71, 0x87e9}, //蟩
{0xcf72, 0x87eb}, //蟫
{0xcf73, 0x87ec}, //蟬
{0xcf74, 0x87ed}, //蟭
{0xcf75, 0x87ef}, //蟯
{0xcf76, 0x87f0}, //蟰
{0xcf77, 0x87f1}, //蟱
{0xcf78, 0x87f2}, //蟲
{0xcf79, 0x87f3}, //蟳
{0xcf7a, 0x87f4}, //蟴
{0xcf7b, 0x87f5}, //蟵
{0xcf7c, 0x87f6}, //蟶
{0xcf7d, 0x87f7}, //蟷
{0xcf7e, 0x87f8}, //蟸
{0xcf80, 0x87fa}, //蟺
{0xcf81, 0x87fb}, //蟻
{0xcf82, 0x87fc}, //蟼
{0xcf83, 0x87fd}, //蟽
{0xcf84, 0x87ff}, //蟿
{0xcf85, 0x8800}, //蠀
{0xcf86, 0x8801}, //蠁
{0xcf87, 0x8802}, //蠂
{0xcf88, 0x8804}, //蠄
{0xcf89, 0x8805}, //蠅
{0xcf8a, 0x8806}, //蠆
{0xcf8b, 0x8807}, //蠇
{0xcf8c, 0x8808}, //蠈
{0xcf8d, 0x8809}, //蠉
{0xcf8e, 0x880b}, //蠋
{0xcf8f, 0x880c}, //蠌
{0xcf90, 0x880d}, //蠍
{0xcf91, 0x880e}, //蠎
{0xcf92, 0x880f}, //蠏
{0xcf93, 0x8810}, //蠐
{0xcf94, 0x8811}, //蠑
{0xcf95, 0x8812}, //蠒
{0xcf96, 0x8814}, //蠔
{0xcf97, 0x8817}, //蠗
{0xcf98, 0x8818}, //蠘
{0xcf99, 0x8819}, //蠙
{0xcf9a, 0x881a}, //蠚
{0xcf9b, 0x881c}, //蠜
{0xcf9c, 0x881d}, //蠝
{0xcf9d, 0x881e}, //蠞
{0xcf9e, 0x881f}, //蠟
{0xcf9f, 0x8820}, //蠠
{0xcfa0, 0x8823}, //蠣
{0xcfa1, 0x7a00}, //稀
{0xcfa2, 0x606f}, //息
{0xcfa3, 0x5e0c}, //希
{0xcfa4, 0x6089}, //悉
{0xcfa5, 0x819d}, //膝
{0xcfa6, 0x5915}, //夕
{0xcfa7, 0x60dc}, //惜
{0xcfa8, 0x7184}, //熄
{0xcfa9, 0x70ef}, //烯
{0xcfaa, 0x6eaa}, //溪
{0xcfab, 0x6c50}, //汐
{0xcfac, 0x7280}, //犀
{0xcfad, 0x6a84}, //檄
{0xcfae, 0x88ad}, //袭
{0xcfaf, 0x5e2d}, //席
{0xcfb0, 0x4e60}, //习
{0xcfb1, 0x5ab3}, //媳
{0xcfb2, 0x559c}, //喜
{0xcfb3, 0x94e3}, //铣
{0xcfb4, 0x6d17}, //洗
{0xcfb5, 0x7cfb}, //系
{0xcfb6, 0x9699}, //隙
{0xcfb7, 0x620f}, //戏
{0xcfb8, 0x7ec6}, //细
{0xcfb9, 0x778e}, //瞎
{0xcfba, 0x867e}, //虾
{0xcfbb, 0x5323}, //匣
{0xcfbc, 0x971e}, //霞
{0xcfbd, 0x8f96}, //辖
{0xcfbe, 0x6687}, //暇
{0xcfbf, 0x5ce1}, //峡
{0xcfc0, 0x4fa0}, //侠
{0xcfc1, 0x72ed}, //狭
{0xcfc2, 0x4e0b}, //下
{0xcfc3, 0x53a6}, //厦
{0xcfc4, 0x590f}, //夏
{0xcfc5, 0x5413}, //吓
{0xcfc6, 0x6380}, //掀
{0xcfc7, 0x9528}, //锨
{0xcfc8, 0x5148}, //先
{0xcfc9, 0x4ed9}, //仙
{0xcfca, 0x9c9c}, //鲜
{0xcfcb, 0x7ea4}, //纤
{0xcfcc, 0x54b8}, //咸
{0xcfcd, 0x8d24}, //贤
{0xcfce, 0x8854}, //衔
{0xcfcf, 0x8237}, //舷
{0xcfd0, 0x95f2}, //闲
{0xcfd1, 0x6d8e}, //涎
{0xcfd2, 0x5f26}, //弦
{0xcfd3, 0x5acc}, //嫌
{0xcfd4, 0x663e}, //显
{0xcfd5, 0x9669}, //险
{0xcfd6, 0x73b0}, //现
{0xcfd7, 0x732e}, //献
{0xcfd8, 0x53bf}, //县
{0xcfd9, 0x817a}, //腺
{0xcfda, 0x9985}, //馅
{0xcfdb, 0x7fa1}, //羡
{0xcfdc, 0x5baa}, //宪
{0xcfdd, 0x9677}, //陷
{0xcfde, 0x9650}, //限
{0xcfdf, 0x7ebf}, //线
{0xcfe0, 0x76f8}, //相
{0xcfe1, 0x53a2}, //厢
{0xcfe2, 0x9576}, //镶
{0xcfe3, 0x9999}, //香
{0xcfe4, 0x7bb1}, //箱
{0xcfe5, 0x8944}, //襄
{0xcfe6, 0x6e58}, //湘
{0xcfe7, 0x4e61}, //乡
{0xcfe8, 0x7fd4}, //翔
{0xcfe9, 0x7965}, //祥
{0xcfea, 0x8be6}, //详
{0xcfeb, 0x60f3}, //想
{0xcfec, 0x54cd}, //响
{0xcfed, 0x4eab}, //享
{0xcfee, 0x9879}, //项
{0xcfef, 0x5df7}, //巷
{0xcff0, 0x6a61}, //橡
{0xcff1, 0x50cf}, //像
{0xcff2, 0x5411}, //向
{0xcff3, 0x8c61}, //象
{0xcff4, 0x8427}, //萧
{0xcff5, 0x785d}, //硝
{0xcff6, 0x9704}, //霄
{0xcff7, 0x524a}, //削
{0xcff8, 0x54ee}, //哮
{0xcff9, 0x56a3}, //嚣
{0xcffa, 0x9500}, //销
{0xcffb, 0x6d88}, //消
{0xcffc, 0x5bb5}, //宵
{0xcffd, 0x6dc6}, //淆
{0xcffe, 0x6653}, //晓
{0xd040, 0x8824}, //蠤
{0xd041, 0x8825}, //蠥
{0xd042, 0x8826}, //蠦
{0xd043, 0x8827}, //蠧
{0xd044, 0x8828}, //蠨
{0xd045, 0x8829}, //蠩
{0xd046, 0x882a}, //蠪
{0xd047, 0x882b}, //蠫
{0xd048, 0x882c}, //蠬
{0xd049, 0x882d}, //蠭
{0xd04a, 0x882e}, //蠮
{0xd04b, 0x882f}, //蠯
{0xd04c, 0x8830}, //蠰
{0xd04d, 0x8831}, //蠱
{0xd04e, 0x8833}, //蠳
{0xd04f, 0x8834}, //蠴
{0xd050, 0x8835}, //蠵
{0xd051, 0x8836}, //蠶
{0xd052, 0x8837}, //蠷
{0xd053, 0x8838}, //蠸
{0xd054, 0x883a}, //蠺
{0xd055, 0x883b}, //蠻
{0xd056, 0x883d}, //蠽
{0xd057, 0x883e}, //蠾
{0xd058, 0x883f}, //蠿
{0xd059, 0x8841}, //衁
{0xd05a, 0x8842}, //衂
{0xd05b, 0x8843}, //衃
{0xd05c, 0x8846}, //衆
{0xd05d, 0x8847}, //衇
{0xd05e, 0x8848}, //衈
{0xd05f, 0x8849}, //衉
{0xd060, 0x884a}, //衊
{0xd061, 0x884b}, //衋
{0xd062, 0x884e}, //衎
{0xd063, 0x884f}, //衏
{0xd064, 0x8850}, //衐
{0xd065, 0x8851}, //衑
{0xd066, 0x8852}, //衒
{0xd067, 0x8853}, //術
{0xd068, 0x8855}, //衕
{0xd069, 0x8856}, //衖
{0xd06a, 0x8858}, //衘
{0xd06b, 0x885a}, //衚
{0xd06c, 0x885b}, //衛
{0xd06d, 0x885c}, //衜
{0xd06e, 0x885d}, //衝
{0xd06f, 0x885e}, //衞
{0xd070, 0x885f}, //衟
{0xd071, 0x8860}, //衠
{0xd072, 0x8866}, //衦
{0xd073, 0x8867}, //衧
{0xd074, 0x886a}, //衪
{0xd075, 0x886d}, //衭
{0xd076, 0x886f}, //衯
{0xd077, 0x8871}, //衱
{0xd078, 0x8873}, //衳
{0xd079, 0x8874}, //衴
{0xd07a, 0x8875}, //衵
{0xd07b, 0x8876}, //衶
{0xd07c, 0x8878}, //衸
{0xd07d, 0x8879}, //衹
{0xd07e, 0x887a}, //衺
{0xd080, 0x887b}, //衻
{0xd081, 0x887c}, //衼
{0xd082, 0x8880}, //袀
{0xd083, 0x8883}, //袃
{0xd084, 0x8886}, //袆
{0xd085, 0x8887}, //袇
{0xd086, 0x8889}, //袉
{0xd087, 0x888a}, //袊
{0xd088, 0x888c}, //袌
{0xd089, 0x888e}, //袎
{0xd08a, 0x888f}, //袏
{0xd08b, 0x8890}, //袐
{0xd08c, 0x8891}, //袑
{0xd08d, 0x8893}, //袓
{0xd08e, 0x8894}, //袔
{0xd08f, 0x8895}, //袕
{0xd090, 0x8897}, //袗
{0xd091, 0x8898}, //袘
{0xd092, 0x8899}, //袙
{0xd093, 0x889a}, //袚
{0xd094, 0x889b}, //袛
{0xd095, 0x889d}, //袝
{0xd096, 0x889e}, //袞
{0xd097, 0x889f}, //袟
{0xd098, 0x88a0}, //袠
{0xd099, 0x88a1}, //袡
{0xd09a, 0x88a3}, //袣
{0xd09b, 0x88a5}, //袥
{0xd09c, 0x88a6}, //袦
{0xd09d, 0x88a7}, //袧
{0xd09e, 0x88a8}, //袨
{0xd09f, 0x88a9}, //袩
{0xd0a0, 0x88aa}, //袪
{0xd0a1, 0x5c0f}, //小
{0xd0a2, 0x5b5d}, //孝
{0xd0a3, 0x6821}, //校
{0xd0a4, 0x8096}, //肖
{0xd0a5, 0x5578}, //啸
{0xd0a6, 0x7b11}, //笑
{0xd0a7, 0x6548}, //效
{0xd0a8, 0x6954}, //楔
{0xd0a9, 0x4e9b}, //些
{0xd0aa, 0x6b47}, //歇
{0xd0ab, 0x874e}, //蝎
{0xd0ac, 0x978b}, //鞋
{0xd0ad, 0x534f}, //协
{0xd0ae, 0x631f}, //挟
{0xd0af, 0x643a}, //携
{0xd0b0, 0x90aa}, //邪
{0xd0b1, 0x659c}, //斜
{0xd0b2, 0x80c1}, //胁
{0xd0b3, 0x8c10}, //谐
{0xd0b4, 0x5199}, //写
{0xd0b5, 0x68b0}, //械
{0xd0b6, 0x5378}, //卸
{0xd0b7, 0x87f9}, //蟹
{0xd0b8, 0x61c8}, //懈
{0xd0b9, 0x6cc4}, //泄
{0xd0ba, 0x6cfb}, //泻
{0xd0bb, 0x8c22}, //谢
{0xd0bc, 0x5c51}, //屑
{0xd0bd, 0x85aa}, //薪
{0xd0be, 0x82af}, //芯
{0xd0bf, 0x950c}, //锌
{0xd0c0, 0x6b23}, //欣
{0xd0c1, 0x8f9b}, //辛
{0xd0c2, 0x65b0}, //新
{0xd0c3, 0x5ffb}, //忻
{0xd0c4, 0x5fc3}, //心
{0xd0c5, 0x4fe1}, //信
{0xd0c6, 0x8845}, //衅
{0xd0c7, 0x661f}, //星
{0xd0c8, 0x8165}, //腥
{0xd0c9, 0x7329}, //猩
{0xd0ca, 0x60fa}, //惺
{0xd0cb, 0x5174}, //兴
{0xd0cc, 0x5211}, //刑
{0xd0cd, 0x578b}, //型
{0xd0ce, 0x5f62}, //形
{0xd0cf, 0x90a2}, //邢
{0xd0d0, 0x884c}, //行
{0xd0d1, 0x9192}, //醒
{0xd0d2, 0x5e78}, //幸
{0xd0d3, 0x674f}, //杏
{0xd0d4, 0x6027}, //性
{0xd0d5, 0x59d3}, //姓
{0xd0d6, 0x5144}, //兄
{0xd0d7, 0x51f6}, //凶
{0xd0d8, 0x80f8}, //胸
{0xd0d9, 0x5308}, //匈
{0xd0da, 0x6c79}, //汹
{0xd0db, 0x96c4}, //雄
{0xd0dc, 0x718a}, //熊
{0xd0dd, 0x4f11}, //休
{0xd0de, 0x4fee}, //修
{0xd0df, 0x7f9e}, //羞
{0xd0e0, 0x673d}, //朽
{0xd0e1, 0x55c5}, //嗅
{0xd0e2, 0x9508}, //锈
{0xd0e3, 0x79c0}, //秀
{0xd0e4, 0x8896}, //袖
{0xd0e5, 0x7ee3}, //绣
{0xd0e6, 0x589f}, //墟
{0xd0e7, 0x620c}, //戌
{0xd0e8, 0x9700}, //需
{0xd0e9, 0x865a}, //虚
{0xd0ea, 0x5618}, //嘘
{0xd0eb, 0x987b}, //须
{0xd0ec, 0x5f90}, //徐
{0xd0ed, 0x8bb8}, //许
{0xd0ee, 0x84c4}, //蓄
{0xd0ef, 0x9157}, //酗
{0xd0f0, 0x53d9}, //叙
{0xd0f1, 0x65ed}, //旭
{0xd0f2, 0x5e8f}, //序
{0xd0f3, 0x755c}, //畜
{0xd0f4, 0x6064}, //恤
{0xd0f5, 0x7d6e}, //絮
{0xd0f6, 0x5a7f}, //婿
{0xd0f7, 0x7eea}, //绪
{0xd0f8, 0x7eed}, //续
{0xd0f9, 0x8f69}, //轩
{0xd0fa, 0x55a7}, //喧
{0xd0fb, 0x5ba3}, //宣
{0xd0fc, 0x60ac}, //悬
{0xd0fd, 0x65cb}, //旋
{0xd0fe, 0x7384}, //玄
{0xd140, 0x88ac}, //袬
{0xd141, 0x88ae}, //袮
{0xd142, 0x88af}, //袯
{0xd143, 0x88b0}, //袰
{0xd144, 0x88b2}, //袲
{0xd145, 0x88b3}, //袳
{0xd146, 0x88b4}, //袴
{0xd147, 0x88b5}, //袵
{0xd148, 0x88b6}, //袶
{0xd149, 0x88b8}, //袸
{0xd14a, 0x88b9}, //袹
{0xd14b, 0x88ba}, //袺
{0xd14c, 0x88bb}, //袻
{0xd14d, 0x88bd}, //袽
{0xd14e, 0x88be}, //袾
{0xd14f, 0x88bf}, //袿
{0xd150, 0x88c0}, //裀
{0xd151, 0x88c3}, //裃
{0xd152, 0x88c4}, //裄
{0xd153, 0x88c7}, //裇
{0xd154, 0x88c8}, //裈
{0xd155, 0x88ca}, //裊
{0xd156, 0x88cb}, //裋
{0xd157, 0x88cc}, //裌
{0xd158, 0x88cd}, //裍
{0xd159, 0x88cf}, //裏
{0xd15a, 0x88d0}, //裐
{0xd15b, 0x88d1}, //裑
{0xd15c, 0x88d3}, //裓
{0xd15d, 0x88d6}, //裖
{0xd15e, 0x88d7}, //裗
{0xd15f, 0x88da}, //裚
{0xd160, 0x88db}, //裛
{0xd161, 0x88dc}, //補
{0xd162, 0x88dd}, //裝
{0xd163, 0x88de}, //裞
{0xd164, 0x88e0}, //裠
{0xd165, 0x88e1}, //裡
{0xd166, 0x88e6}, //裦
{0xd167, 0x88e7}, //裧
{0xd168, 0x88e9}, //裩
{0xd169, 0x88ea}, //裪
{0xd16a, 0x88eb}, //裫
{0xd16b, 0x88ec}, //裬
{0xd16c, 0x88ed}, //裭
{0xd16d, 0x88ee}, //裮
{0xd16e, 0x88ef}, //裯
{0xd16f, 0x88f2}, //裲
{0xd170, 0x88f5}, //裵
{0xd171, 0x88f6}, //裶
{0xd172, 0x88f7}, //裷
{0xd173, 0x88fa}, //裺
{0xd174, 0x88fb}, //裻
{0xd175, 0x88fd}, //製
{0xd176, 0x88ff}, //裿
{0xd177, 0x8900}, //褀
{0xd178, 0x8901}, //褁
{0xd179, 0x8903}, //褃
{0xd17a, 0x8904}, //褄
{0xd17b, 0x8905}, //褅
{0xd17c, 0x8906}, //褆
{0xd17d, 0x8907}, //複
{0xd17e, 0x8908}, //褈
{0xd180, 0x8909}, //褉
{0xd181, 0x890b}, //褋
{0xd182, 0x890c}, //褌
{0xd183, 0x890d}, //褍
{0xd184, 0x890e}, //褎
{0xd185, 0x890f}, //褏
{0xd186, 0x8911}, //褑
{0xd187, 0x8914}, //褔
{0xd188, 0x8915}, //褕
{0xd189, 0x8916}, //褖
{0xd18a, 0x8917}, //褗
{0xd18b, 0x8918}, //褘
{0xd18c, 0x891c}, //褜
{0xd18d, 0x891d}, //褝
{0xd18e, 0x891e}, //褞
{0xd18f, 0x891f}, //褟
{0xd190, 0x8920}, //褠
{0xd191, 0x8922}, //褢
{0xd192, 0x8923}, //褣
{0xd193, 0x8924}, //褤
{0xd194, 0x8926}, //褦
{0xd195, 0x8927}, //褧
{0xd196, 0x8928}, //褨
{0xd197, 0x8929}, //褩
{0xd198, 0x892c}, //褬
{0xd199, 0x892d}, //褭
{0xd19a, 0x892e}, //褮
{0xd19b, 0x892f}, //褯
{0xd19c, 0x8931}, //褱
{0xd19d, 0x8932}, //褲
{0xd19e, 0x8933}, //褳
{0xd19f, 0x8935}, //褵
{0xd1a0, 0x8937}, //褷
{0xd1a1, 0x9009}, //选
{0xd1a2, 0x7663}, //癣
{0xd1a3, 0x7729}, //眩
{0xd1a4, 0x7eda}, //绚
{0xd1a5, 0x9774}, //靴
{0xd1a6, 0x859b}, //薛
{0xd1a7, 0x5b66}, //学
{0xd1a8, 0x7a74}, //穴
{0xd1a9, 0x96ea}, //雪
{0xd1aa, 0x8840}, //血
{0xd1ab, 0x52cb}, //勋
{0xd1ac, 0x718f}, //熏
{0xd1ad, 0x5faa}, //循
{0xd1ae, 0x65ec}, //旬
{0xd1af, 0x8be2}, //询
{0xd1b0, 0x5bfb}, //寻
{0xd1b1, 0x9a6f}, //驯
{0xd1b2, 0x5de1}, //巡
{0xd1b3, 0x6b89}, //殉
{0xd1b4, 0x6c5b}, //汛
{0xd1b5, 0x8bad}, //训
{0xd1b6, 0x8baf}, //讯
{0xd1b7, 0x900a}, //逊
{0xd1b8, 0x8fc5}, //迅
{0xd1b9, 0x538b}, //压
{0xd1ba, 0x62bc}, //押
{0xd1bb, 0x9e26}, //鸦
{0xd1bc, 0x9e2d}, //鸭
{0xd1bd, 0x5440}, //呀
{0xd1be, 0x4e2b}, //丫
{0xd1bf, 0x82bd}, //芽
{0xd1c0, 0x7259}, //牙
{0xd1c1, 0x869c}, //蚜
{0xd1c2, 0x5d16}, //崖
{0xd1c3, 0x8859}, //衙
{0xd1c4, 0x6daf}, //涯
{0xd1c5, 0x96c5}, //雅
{0xd1c6, 0x54d1}, //哑
{0xd1c7, 0x4e9a}, //亚
{0xd1c8, 0x8bb6}, //讶
{0xd1c9, 0x7109}, //焉
{0xd1ca, 0x54bd}, //咽
{0xd1cb, 0x9609}, //阉
{0xd1cc, 0x70df}, //烟
{0xd1cd, 0x6df9}, //淹
{0xd1ce, 0x76d0}, //盐
{0xd1cf, 0x4e25}, //严
{0xd1d0, 0x7814}, //研
{0xd1d1, 0x8712}, //蜒
{0xd1d2, 0x5ca9}, //岩
{0xd1d3, 0x5ef6}, //延
{0xd1d4, 0x8a00}, //言
{0xd1d5, 0x989c}, //颜
{0xd1d6, 0x960e}, //阎
{0xd1d7, 0x708e}, //炎
{0xd1d8, 0x6cbf}, //沿
{0xd1d9, 0x5944}, //奄
{0xd1da, 0x63a9}, //掩
{0xd1db, 0x773c}, //眼
{0xd1dc, 0x884d}, //衍
{0xd1dd, 0x6f14}, //演
{0xd1de, 0x8273}, //艳
{0xd1df, 0x5830}, //堰
{0xd1e0, 0x71d5}, //燕
{0xd1e1, 0x538c}, //厌
{0xd1e2, 0x781a}, //砚
{0xd1e3, 0x96c1}, //雁
{0xd1e4, 0x5501}, //唁
{0xd1e5, 0x5f66}, //彦
{0xd1e6, 0x7130}, //焰
{0xd1e7, 0x5bb4}, //宴
{0xd1e8, 0x8c1a}, //谚
{0xd1e9, 0x9a8c}, //验
{0xd1ea, 0x6b83}, //殃
{0xd1eb, 0x592e}, //央
{0xd1ec, 0x9e2f}, //鸯
{0xd1ed, 0x79e7}, //秧
{0xd1ee, 0x6768}, //杨
{0xd1ef, 0x626c}, //扬
{0xd1f0, 0x4f6f}, //佯
{0xd1f1, 0x75a1}, //疡
{0xd1f2, 0x7f8a}, //羊
{0xd1f3, 0x6d0b}, //洋
{0xd1f4, 0x9633}, //阳
{0xd1f5, 0x6c27}, //氧
{0xd1f6, 0x4ef0}, //仰
{0xd1f7, 0x75d2}, //痒
{0xd1f8, 0x517b}, //养
{0xd1f9, 0x6837}, //样
{0xd1fa, 0x6f3e}, //漾
{0xd1fb, 0x9080}, //邀
{0xd1fc, 0x8170}, //腰
{0xd1fd, 0x5996}, //妖
{0xd1fe, 0x7476}, //瑶
{0xd240, 0x8938}, //褸
{0xd241, 0x8939}, //褹
{0xd242, 0x893a}, //褺
{0xd243, 0x893b}, //褻
{0xd244, 0x893c}, //褼
{0xd245, 0x893d}, //褽
{0xd246, 0x893e}, //褾
{0xd247, 0x893f}, //褿
{0xd248, 0x8940}, //襀
{0xd249, 0x8942}, //襂
{0xd24a, 0x8943}, //襃
{0xd24b, 0x8945}, //襅
{0xd24c, 0x8946}, //襆
{0xd24d, 0x8947}, //襇
{0xd24e, 0x8948}, //襈
{0xd24f, 0x8949}, //襉
{0xd250, 0x894a}, //襊
{0xd251, 0x894b}, //襋
{0xd252, 0x894c}, //襌
{0xd253, 0x894d}, //襍
{0xd254, 0x894e}, //襎
{0xd255, 0x894f}, //襏
{0xd256, 0x8950}, //襐
{0xd257, 0x8951}, //襑
{0xd258, 0x8952}, //襒
{0xd259, 0x8953}, //襓
{0xd25a, 0x8954}, //襔
{0xd25b, 0x8955}, //襕
{0xd25c, 0x8956}, //襖
{0xd25d, 0x8957}, //襗
{0xd25e, 0x8958}, //襘
{0xd25f, 0x8959}, //襙
{0xd260, 0x895a}, //襚
{0xd261, 0x895b}, //襛
{0xd262, 0x895c}, //襜
{0xd263, 0x895d}, //襝
{0xd264, 0x8960}, //襠
{0xd265, 0x8961}, //襡
{0xd266, 0x8962}, //襢
{0xd267, 0x8963}, //襣
{0xd268, 0x8964}, //襤
{0xd269, 0x8965}, //襥
{0xd26a, 0x8967}, //襧
{0xd26b, 0x8968}, //襨
{0xd26c, 0x8969}, //襩
{0xd26d, 0x896a}, //襪
{0xd26e, 0x896b}, //襫
{0xd26f, 0x896c}, //襬
{0xd270, 0x896d}, //襭
{0xd271, 0x896e}, //襮
{0xd272, 0x896f}, //襯
{0xd273, 0x8970}, //襰
{0xd274, 0x8971}, //襱
{0xd275, 0x8972}, //襲
{0xd276, 0x8973}, //襳
{0xd277, 0x8974}, //襴
{0xd278, 0x8975}, //襵
{0xd279, 0x8976}, //襶
{0xd27a, 0x8977}, //襷
{0xd27b, 0x8978}, //襸
{0xd27c, 0x8979}, //襹
{0xd27d, 0x897a}, //襺
{0xd27e, 0x897c}, //襼
{0xd280, 0x897d}, //襽
{0xd281, 0x897e}, //襾
{0xd282, 0x8980}, //覀
{0xd283, 0x8982}, //覂
{0xd284, 0x8984}, //覄
{0xd285, 0x8985}, //覅
{0xd286, 0x8987}, //覇
{0xd287, 0x8988}, //覈
{0xd288, 0x8989}, //覉
{0xd289, 0x898a}, //覊
{0xd28a, 0x898b}, //見
{0xd28b, 0x898c}, //覌
{0xd28c, 0x898d}, //覍
{0xd28d, 0x898e}, //覎
{0xd28e, 0x898f}, //規
{0xd28f, 0x8990}, //覐
{0xd290, 0x8991}, //覑
{0xd291, 0x8992}, //覒
{0xd292, 0x8993}, //覓
{0xd293, 0x8994}, //覔
{0xd294, 0x8995}, //覕
{0xd295, 0x8996}, //視
{0xd296, 0x8997}, //覗
{0xd297, 0x8998}, //覘
{0xd298, 0x8999}, //覙
{0xd299, 0x899a}, //覚
{0xd29a, 0x899b}, //覛
{0xd29b, 0x899c}, //覜
{0xd29c, 0x899d}, //覝
{0xd29d, 0x899e}, //覞
{0xd29e, 0x899f}, //覟
{0xd29f, 0x89a0}, //覠
{0xd2a0, 0x89a1}, //覡
{0xd2a1, 0x6447}, //摇
{0xd2a2, 0x5c27}, //尧
{0xd2a3, 0x9065}, //遥
{0xd2a4, 0x7a91}, //窑
{0xd2a5, 0x8c23}, //谣
{0xd2a6, 0x59da}, //姚
{0xd2a7, 0x54ac}, //咬
{0xd2a8, 0x8200}, //舀
{0xd2a9, 0x836f}, //药
{0xd2aa, 0x8981}, //要
{0xd2ab, 0x8000}, //耀
{0xd2ac, 0x6930}, //椰
{0xd2ad, 0x564e}, //噎
{0xd2ae, 0x8036}, //耶
{0xd2af, 0x7237}, //爷
{0xd2b0, 0x91ce}, //野
{0xd2b1, 0x51b6}, //冶
{0xd2b2, 0x4e5f}, //也
{0xd2b3, 0x9875}, //页
{0xd2b4, 0x6396}, //掖
{0xd2b5, 0x4e1a}, //业
{0xd2b6, 0x53f6}, //叶
{0xd2b7, 0x66f3}, //曳
{0xd2b8, 0x814b}, //腋
{0xd2b9, 0x591c}, //夜
{0xd2ba, 0x6db2}, //液
{0xd2bb, 0x4e00}, //一
{0xd2bc, 0x58f9}, //壹
{0xd2bd, 0x533b}, //医
{0xd2be, 0x63d6}, //揖
{0xd2bf, 0x94f1}, //铱
{0xd2c0, 0x4f9d}, //依
{0xd2c1, 0x4f0a}, //伊
{0xd2c2, 0x8863}, //衣
{0xd2c3, 0x9890}, //颐
{0xd2c4, 0x5937}, //夷
{0xd2c5, 0x9057}, //遗
{0xd2c6, 0x79fb}, //移
{0xd2c7, 0x4eea}, //仪
{0xd2c8, 0x80f0}, //胰
{0xd2c9, 0x7591}, //疑
{0xd2ca, 0x6c82}, //沂
{0xd2cb, 0x5b9c}, //宜
{0xd2cc, 0x59e8}, //姨
{0xd2cd, 0x5f5d}, //彝
{0xd2ce, 0x6905}, //椅
{0xd2cf, 0x8681}, //蚁
{0xd2d0, 0x501a}, //倚
{0xd2d1, 0x5df2}, //已
{0xd2d2, 0x4e59}, //乙
{0xd2d3, 0x77e3}, //矣
{0xd2d4, 0x4ee5}, //以
{0xd2d5, 0x827a}, //艺
{0xd2d6, 0x6291}, //抑
{0xd2d7, 0x6613}, //易
{0xd2d8, 0x9091}, //邑
{0xd2d9, 0x5c79}, //屹
{0xd2da, 0x4ebf}, //亿
{0xd2db, 0x5f79}, //役
{0xd2dc, 0x81c6}, //臆
{0xd2dd, 0x9038}, //逸
{0xd2de, 0x8084}, //肄
{0xd2df, 0x75ab}, //疫
{0xd2e0, 0x4ea6}, //亦
{0xd2e1, 0x88d4}, //裔
{0xd2e2, 0x610f}, //意
{0xd2e3, 0x6bc5}, //毅
{0xd2e4, 0x5fc6}, //忆
{0xd2e5, 0x4e49}, //义
{0xd2e6, 0x76ca}, //益
{0xd2e7, 0x6ea2}, //溢
{0xd2e8, 0x8be3}, //诣
{0xd2e9, 0x8bae}, //议
{0xd2ea, 0x8c0a}, //谊
{0xd2eb, 0x8bd1}, //译
{0xd2ec, 0x5f02}, //异
{0xd2ed, 0x7ffc}, //翼
{0xd2ee, 0x7fcc}, //翌
{0xd2ef, 0x7ece}, //绎
{0xd2f0, 0x8335}, //茵
{0xd2f1, 0x836b}, //荫
{0xd2f2, 0x56e0}, //因
{0xd2f3, 0x6bb7}, //殷
{0xd2f4, 0x97f3}, //音
{0xd2f5, 0x9634}, //阴
{0xd2f6, 0x59fb}, //姻
{0xd2f7, 0x541f}, //吟
{0xd2f8, 0x94f6}, //银
{0xd2f9, 0x6deb}, //淫
{0xd2fa, 0x5bc5}, //寅
{0xd2fb, 0x996e}, //饮
{0xd2fc, 0x5c39}, //尹
{0xd2fd, 0x5f15}, //引
{0xd2fe, 0x9690}, //隐
{0xd340, 0x89a2}, //覢
{0xd341, 0x89a3}, //覣
{0xd342, 0x89a4}, //覤
{0xd343, 0x89a5}, //覥
{0xd344, 0x89a6}, //覦
{0xd345, 0x89a7}, //覧
{0xd346, 0x89a8}, //覨
{0xd347, 0x89a9}, //覩
{0xd348, 0x89aa}, //親
{0xd349, 0x89ab}, //覫
{0xd34a, 0x89ac}, //覬
{0xd34b, 0x89ad}, //覭
{0xd34c, 0x89ae}, //覮
{0xd34d, 0x89af}, //覯
{0xd34e, 0x89b0}, //覰
{0xd34f, 0x89b1}, //覱
{0xd350, 0x89b2}, //覲
{0xd351, 0x89b3}, //観
{0xd352, 0x89b4}, //覴
{0xd353, 0x89b5}, //覵
{0xd354, 0x89b6}, //覶
{0xd355, 0x89b7}, //覷
{0xd356, 0x89b8}, //覸
{0xd357, 0x89b9}, //覹
{0xd358, 0x89ba}, //覺
{0xd359, 0x89bb}, //覻
{0xd35a, 0x89bc}, //覼
{0xd35b, 0x89bd}, //覽
{0xd35c, 0x89be}, //覾
{0xd35d, 0x89bf}, //覿
{0xd35e, 0x89c0}, //觀
{0xd35f, 0x89c3}, //觃
{0xd360, 0x89cd}, //觍
{0xd361, 0x89d3}, //觓
{0xd362, 0x89d4}, //觔
{0xd363, 0x89d5}, //觕
{0xd364, 0x89d7}, //觗
{0xd365, 0x89d8}, //觘
{0xd366, 0x89d9}, //觙
{0xd367, 0x89db}, //觛
{0xd368, 0x89dd}, //觝
{0xd369, 0x89df}, //觟
{0xd36a, 0x89e0}, //觠
{0xd36b, 0x89e1}, //觡
{0xd36c, 0x89e2}, //觢
{0xd36d, 0x89e4}, //觤
{0xd36e, 0x89e7}, //觧
{0xd36f, 0x89e8}, //觨
{0xd370, 0x89e9}, //觩
{0xd371, 0x89ea}, //觪
{0xd372, 0x89ec}, //觬
{0xd373, 0x89ed}, //觭
{0xd374, 0x89ee}, //觮
{0xd375, 0x89f0}, //觰
{0xd376, 0x89f1}, //觱
{0xd377, 0x89f2}, //觲
{0xd378, 0x89f4}, //觴
{0xd379, 0x89f5}, //觵
{0xd37a, 0x89f6}, //觶
{0xd37b, 0x89f7}, //觷
{0xd37c, 0x89f8}, //觸
{0xd37d, 0x89f9}, //觹
{0xd37e, 0x89fa}, //觺
{0xd380, 0x89fb}, //觻
{0xd381, 0x89fc}, //觼
{0xd382, 0x89fd}, //觽
{0xd383, 0x89fe}, //觾
{0xd384, 0x89ff}, //觿
{0xd385, 0x8a01}, //訁
{0xd386, 0x8a02}, //訂
{0xd387, 0x8a03}, //訃
{0xd388, 0x8a04}, //訄
{0xd389, 0x8a05}, //訅
{0xd38a, 0x8a06}, //訆
{0xd38b, 0x8a08}, //計
{0xd38c, 0x8a09}, //訉
{0xd38d, 0x8a0a}, //訊
{0xd38e, 0x8a0b}, //訋
{0xd38f, 0x8a0c}, //訌
{0xd390, 0x8a0d}, //訍
{0xd391, 0x8a0e}, //討
{0xd392, 0x8a0f}, //訏
{0xd393, 0x8a10}, //訐
{0xd394, 0x8a11}, //訑
{0xd395, 0x8a12}, //訒
{0xd396, 0x8a13}, //訓
{0xd397, 0x8a14}, //訔
{0xd398, 0x8a15}, //訕
{0xd399, 0x8a16}, //訖
{0xd39a, 0x8a17}, //託
{0xd39b, 0x8a18}, //記
{0xd39c, 0x8a19}, //訙
{0xd39d, 0x8a1a}, //訚
{0xd39e, 0x8a1b}, //訛
{0xd39f, 0x8a1c}, //訜
{0xd3a0, 0x8a1d}, //訝
{0xd3a1, 0x5370}, //印
{0xd3a2, 0x82f1}, //英
{0xd3a3, 0x6a31}, //樱
{0xd3a4, 0x5a74}, //婴
{0xd3a5, 0x9e70}, //鹰
{0xd3a6, 0x5e94}, //应
{0xd3a7, 0x7f28}, //缨
{0xd3a8, 0x83b9}, //莹
{0xd3a9, 0x8424}, //萤
{0xd3aa, 0x8425}, //营
{0xd3ab, 0x8367}, //荧
{0xd3ac, 0x8747}, //蝇
{0xd3ad, 0x8fce}, //迎
{0xd3ae, 0x8d62}, //赢
{0xd3af, 0x76c8}, //盈
{0xd3b0, 0x5f71}, //影
{0xd3b1, 0x9896}, //颖
{0xd3b2, 0x786c}, //硬
{0xd3b3, 0x6620}, //映
{0xd3b4, 0x54df}, //哟
{0xd3b5, 0x62e5}, //拥
{0xd3b6, 0x4f63}, //佣
{0xd3b7, 0x81c3}, //臃
{0xd3b8, 0x75c8}, //痈
{0xd3b9, 0x5eb8}, //庸
{0xd3ba, 0x96cd}, //雍
{0xd3bb, 0x8e0a}, //踊
{0xd3bc, 0x86f9}, //蛹
{0xd3bd, 0x548f}, //咏
{0xd3be, 0x6cf3}, //泳
{0xd3bf, 0x6d8c}, //涌
{0xd3c0, 0x6c38}, //永
{0xd3c1, 0x607f}, //恿
{0xd3c2, 0x52c7}, //勇
{0xd3c3, 0x7528}, //用
{0xd3c4, 0x5e7d}, //幽
{0xd3c5, 0x4f18}, //优
{0xd3c6, 0x60a0}, //悠
{0xd3c7, 0x5fe7}, //忧
{0xd3c8, 0x5c24}, //尤
{0xd3c9, 0x7531}, //由
{0xd3ca, 0x90ae}, //邮
{0xd3cb, 0x94c0}, //铀
{0xd3cc, 0x72b9}, //犹
{0xd3cd, 0x6cb9}, //油
{0xd3ce, 0x6e38}, //游
{0xd3cf, 0x9149}, //酉
{0xd3d0, 0x6709}, //有
{0xd3d1, 0x53cb}, //友
{0xd3d2, 0x53f3}, //右
{0xd3d3, 0x4f51}, //佑
{0xd3d4, 0x91c9}, //釉
{0xd3d5, 0x8bf1}, //诱
{0xd3d6, 0x53c8}, //又
{0xd3d7, 0x5e7c}, //幼
{0xd3d8, 0x8fc2}, //迂
{0xd3d9, 0x6de4}, //淤
{0xd3da, 0x4e8e}, //于
{0xd3db, 0x76c2}, //盂
{0xd3dc, 0x6986}, //榆
{0xd3dd, 0x865e}, //虞
{0xd3de, 0x611a}, //愚
{0xd3df, 0x8206}, //舆
{0xd3e0, 0x4f59}, //余
{0xd3e1, 0x4fde}, //俞
{0xd3e2, 0x903e}, //逾
{0xd3e3, 0x9c7c}, //鱼
{0xd3e4, 0x6109}, //愉
{0xd3e5, 0x6e1d}, //渝
{0xd3e6, 0x6e14}, //渔
{0xd3e7, 0x9685}, //隅
{0xd3e8, 0x4e88}, //予
{0xd3e9, 0x5a31}, //娱
{0xd3ea, 0x96e8}, //雨
{0xd3eb, 0x4e0e}, //与
{0xd3ec, 0x5c7f}, //屿
{0xd3ed, 0x79b9}, //禹
{0xd3ee, 0x5b87}, //宇
{0xd3ef, 0x8bed}, //语
{0xd3f0, 0x7fbd}, //羽
{0xd3f1, 0x7389}, //玉
{0xd3f2, 0x57df}, //域
{0xd3f3, 0x828b}, //芋
{0xd3f4, 0x90c1}, //郁
{0xd3f5, 0x5401}, //吁
{0xd3f6, 0x9047}, //遇
{0xd3f7, 0x55bb}, //喻
{0xd3f8, 0x5cea}, //峪
{0xd3f9, 0x5fa1}, //御
{0xd3fa, 0x6108}, //愈
{0xd3fb, 0x6b32}, //欲
{0xd3fc, 0x72f1}, //狱
{0xd3fd, 0x80b2}, //育
{0xd3fe, 0x8a89}, //誉
{0xd440, 0x8a1e}, //訞
{0xd441, 0x8a1f}, //訟
{0xd442, 0x8a20}, //訠
{0xd443, 0x8a21}, //訡
{0xd444, 0x8a22}, //訢
{0xd445, 0x8a23}, //訣
{0xd446, 0x8a24}, //訤
{0xd447, 0x8a25}, //訥
{0xd448, 0x8a26}, //訦
{0xd449, 0x8a27}, //訧
{0xd44a, 0x8a28}, //訨
{0xd44b, 0x8a29}, //訩
{0xd44c, 0x8a2a}, //訪
{0xd44d, 0x8a2b}, //訫
{0xd44e, 0x8a2c}, //訬
{0xd44f, 0x8a2d}, //設
{0xd450, 0x8a2e}, //訮
{0xd451, 0x8a2f}, //訯
{0xd452, 0x8a30}, //訰
{0xd453, 0x8a31}, //許
{0xd454, 0x8a32}, //訲
{0xd455, 0x8a33}, //訳
{0xd456, 0x8a34}, //訴
{0xd457, 0x8a35}, //訵
{0xd458, 0x8a36}, //訶
{0xd459, 0x8a37}, //訷
{0xd45a, 0x8a38}, //訸
{0xd45b, 0x8a39}, //訹
{0xd45c, 0x8a3a}, //診
{0xd45d, 0x8a3b}, //註
{0xd45e, 0x8a3c}, //証
{0xd45f, 0x8a3d}, //訽
{0xd460, 0x8a3f}, //訿
{0xd461, 0x8a40}, //詀
{0xd462, 0x8a41}, //詁
{0xd463, 0x8a42}, //詂
{0xd464, 0x8a43}, //詃
{0xd465, 0x8a44}, //詄
{0xd466, 0x8a45}, //詅
{0xd467, 0x8a46}, //詆
{0xd468, 0x8a47}, //詇
{0xd469, 0x8a49}, //詉
{0xd46a, 0x8a4a}, //詊
{0xd46b, 0x8a4b}, //詋
{0xd46c, 0x8a4c}, //詌
{0xd46d, 0x8a4d}, //詍
{0xd46e, 0x8a4e}, //詎
{0xd46f, 0x8a4f}, //詏
{0xd470, 0x8a50}, //詐
{0xd471, 0x8a51}, //詑
{0xd472, 0x8a52}, //詒
{0xd473, 0x8a53}, //詓
{0xd474, 0x8a54}, //詔
{0xd475, 0x8a55}, //評
{0xd476, 0x8a56}, //詖
{0xd477, 0x8a57}, //詗
{0xd478, 0x8a58}, //詘
{0xd479, 0x8a59}, //詙
{0xd47a, 0x8a5a}, //詚
{0xd47b, 0x8a5b}, //詛
{0xd47c, 0x8a5c}, //詜
{0xd47d, 0x8a5d}, //詝
{0xd47e, 0x8a5e}, //詞
{0xd480, 0x8a5f}, //詟
{0xd481, 0x8a60}, //詠
{0xd482, 0x8a61}, //詡
{0xd483, 0x8a62}, //詢
{0xd484, 0x8a63}, //詣
{0xd485, 0x8a64}, //詤
{0xd486, 0x8a65}, //詥
{0xd487, 0x8a66}, //試
{0xd488, 0x8a67}, //詧
{0xd489, 0x8a68}, //詨
{0xd48a, 0x8a69}, //詩
{0xd48b, 0x8a6a}, //詪
{0xd48c, 0x8a6b}, //詫
{0xd48d, 0x8a6c}, //詬
{0xd48e, 0x8a6d}, //詭
{0xd48f, 0x8a6e}, //詮
{0xd490, 0x8a6f}, //詯
{0xd491, 0x8a70}, //詰
{0xd492, 0x8a71}, //話
{0xd493, 0x8a72}, //該
{0xd494, 0x8a73}, //詳
{0xd495, 0x8a74}, //詴
{0xd496, 0x8a75}, //詵
{0xd497, 0x8a76}, //詶
{0xd498, 0x8a77}, //詷
{0xd499, 0x8a78}, //詸
{0xd49a, 0x8a7a}, //詺
{0xd49b, 0x8a7b}, //詻
{0xd49c, 0x8a7c}, //詼
{0xd49d, 0x8a7d}, //詽
{0xd49e, 0x8a7e}, //詾
{0xd49f, 0x8a7f}, //詿
{0xd4a0, 0x8a80}, //誀
{0xd4a1, 0x6d74}, //浴
{0xd4a2, 0x5bd3}, //寓
{0xd4a3, 0x88d5}, //裕
{0xd4a4, 0x9884}, //预
{0xd4a5, 0x8c6b}, //豫
{0xd4a6, 0x9a6d}, //驭
{0xd4a7, 0x9e33}, //鸳
{0xd4a8, 0x6e0a}, //渊
{0xd4a9, 0x51a4}, //冤
{0xd4aa, 0x5143}, //元
{0xd4ab, 0x57a3}, //垣
{0xd4ac, 0x8881}, //袁
{0xd4ad, 0x539f}, //原
{0xd4ae, 0x63f4}, //援
{0xd4af, 0x8f95}, //辕
{0xd4b0, 0x56ed}, //园
{0xd4b1, 0x5458}, //员
{0xd4b2, 0x5706}, //圆
{0xd4b3, 0x733f}, //猿
{0xd4b4, 0x6e90}, //源
{0xd4b5, 0x7f18}, //缘
{0xd4b6, 0x8fdc}, //远
{0xd4b7, 0x82d1}, //苑
{0xd4b8, 0x613f}, //愿
{0xd4b9, 0x6028}, //怨
{0xd4ba, 0x9662}, //院
{0xd4bb, 0x66f0}, //曰
{0xd4bc, 0x7ea6}, //约
{0xd4bd, 0x8d8a}, //越
{0xd4be, 0x8dc3}, //跃
{0xd4bf, 0x94a5}, //钥
{0xd4c0, 0x5cb3}, //岳
{0xd4c1, 0x7ca4}, //粤
{0xd4c2, 0x6708}, //月
{0xd4c3, 0x60a6}, //悦
{0xd4c4, 0x9605}, //阅
{0xd4c5, 0x8018}, //耘
{0xd4c6, 0x4e91}, //云
{0xd4c7, 0x90e7}, //郧
{0xd4c8, 0x5300}, //匀
{0xd4c9, 0x9668}, //陨
{0xd4ca, 0x5141}, //允
{0xd4cb, 0x8fd0}, //运
{0xd4cc, 0x8574}, //蕴
{0xd4cd, 0x915d}, //酝
{0xd4ce, 0x6655}, //晕
{0xd4cf, 0x97f5}, //韵
{0xd4d0, 0x5b55}, //孕
{0xd4d1, 0x531d}, //匝
{0xd4d2, 0x7838}, //砸
{0xd4d3, 0x6742}, //杂
{0xd4d4, 0x683d}, //栽
{0xd4d5, 0x54c9}, //哉
{0xd4d6, 0x707e}, //灾
{0xd4d7, 0x5bb0}, //宰
{0xd4d8, 0x8f7d}, //载
{0xd4d9, 0x518d}, //再
{0xd4da, 0x5728}, //在
{0xd4db, 0x54b1}, //咱
{0xd4dc, 0x6512}, //攒
{0xd4dd, 0x6682}, //暂
{0xd4de, 0x8d5e}, //赞
{0xd4df, 0x8d43}, //赃
{0xd4e0, 0x810f}, //脏
{0xd4e1, 0x846c}, //葬
{0xd4e2, 0x906d}, //遭
{0xd4e3, 0x7cdf}, //糟
{0xd4e4, 0x51ff}, //凿
{0xd4e5, 0x85fb}, //藻
{0xd4e6, 0x67a3}, //枣
{0xd4e7, 0x65e9}, //早
{0xd4e8, 0x6fa1}, //澡
{0xd4e9, 0x86a4}, //蚤
{0xd4ea, 0x8e81}, //躁
{0xd4eb, 0x566a}, //噪
{0xd4ec, 0x9020}, //造
{0xd4ed, 0x7682}, //皂
{0xd4ee, 0x7076}, //灶
{0xd4ef, 0x71e5}, //燥
{0xd4f0, 0x8d23}, //责
{0xd4f1, 0x62e9}, //择
{0xd4f2, 0x5219}, //则
{0xd4f3, 0x6cfd}, //泽
{0xd4f4, 0x8d3c}, //贼
{0xd4f5, 0x600e}, //怎
{0xd4f6, 0x589e}, //增
{0xd4f7, 0x618e}, //憎
{0xd4f8, 0x66fe}, //曾
{0xd4f9, 0x8d60}, //赠
{0xd4fa, 0x624e}, //扎
{0xd4fb, 0x55b3}, //喳
{0xd4fc, 0x6e23}, //渣
{0xd4fd, 0x672d}, //札
{0xd4fe, 0x8f67}, //轧
{0xd540, 0x8a81}, //誁
{0xd541, 0x8a82}, //誂
{0xd542, 0x8a83}, //誃
{0xd543, 0x8a84}, //誄
{0xd544, 0x8a85}, //誅
{0xd545, 0x8a86}, //誆
{0xd546, 0x8a87}, //誇
{0xd547, 0x8a88}, //誈
{0xd548, 0x8a8b}, //誋
{0xd549, 0x8a8c}, //誌
{0xd54a, 0x8a8d}, //認
{0xd54b, 0x8a8e}, //誎
{0xd54c, 0x8a8f}, //誏
{0xd54d, 0x8a90}, //誐
{0xd54e, 0x8a91}, //誑
{0xd54f, 0x8a92}, //誒
{0xd550, 0x8a94}, //誔
{0xd551, 0x8a95}, //誕
{0xd552, 0x8a96}, //誖
{0xd553, 0x8a97}, //誗
{0xd554, 0x8a98}, //誘
{0xd555, 0x8a99}, //誙
{0xd556, 0x8a9a}, //誚
{0xd557, 0x8a9b}, //誛
{0xd558, 0x8a9c}, //誜
{0xd559, 0x8a9d}, //誝
{0xd55a, 0x8a9e}, //語
{0xd55b, 0x8a9f}, //誟
{0xd55c, 0x8aa0}, //誠
{0xd55d, 0x8aa1}, //誡
{0xd55e, 0x8aa2}, //誢
{0xd55f, 0x8aa3}, //誣
{0xd560, 0x8aa4}, //誤
{0xd561, 0x8aa5}, //誥
{0xd562, 0x8aa6}, //誦
{0xd563, 0x8aa7}, //誧
{0xd564, 0x8aa8}, //誨
{0xd565, 0x8aa9}, //誩
{0xd566, 0x8aaa}, //說
{0xd567, 0x8aab}, //誫
{0xd568, 0x8aac}, //説
{0xd569, 0x8aad}, //読
{0xd56a, 0x8aae}, //誮
{0xd56b, 0x8aaf}, //誯
{0xd56c, 0x8ab0}, //誰
{0xd56d, 0x8ab1}, //誱
{0xd56e, 0x8ab2}, //課
{0xd56f, 0x8ab3}, //誳
{0xd570, 0x8ab4}, //誴
{0xd571, 0x8ab5}, //誵
{0xd572, 0x8ab6}, //誶
{0xd573, 0x8ab7}, //誷
{0xd574, 0x8ab8}, //誸
{0xd575, 0x8ab9}, //誹
{0xd576, 0x8aba}, //誺
{0xd577, 0x8abb}, //誻
{0xd578, 0x8abc}, //誼
{0xd579, 0x8abd}, //誽
{0xd57a, 0x8abe}, //誾
{0xd57b, 0x8abf}, //調
{0xd57c, 0x8ac0}, //諀
{0xd57d, 0x8ac1}, //諁
{0xd57e, 0x8ac2}, //諂
{0xd580, 0x8ac3}, //諃
{0xd581, 0x8ac4}, //諄
{0xd582, 0x8ac5}, //諅
{0xd583, 0x8ac6}, //諆
{0xd584, 0x8ac7}, //談
{0xd585, 0x8ac8}, //諈
{0xd586, 0x8ac9}, //諉
{0xd587, 0x8aca}, //諊
{0xd588, 0x8acb}, //請
{0xd589, 0x8acc}, //諌
{0xd58a, 0x8acd}, //諍
{0xd58b, 0x8ace}, //諎
{0xd58c, 0x8acf}, //諏
{0xd58d, 0x8ad0}, //諐
{0xd58e, 0x8ad1}, //諑
{0xd58f, 0x8ad2}, //諒
{0xd590, 0x8ad3}, //諓
{0xd591, 0x8ad4}, //諔
{0xd592, 0x8ad5}, //諕
{0xd593, 0x8ad6}, //論
{0xd594, 0x8ad7}, //諗
{0xd595, 0x8ad8}, //諘
{0xd596, 0x8ad9}, //諙
{0xd597, 0x8ada}, //諚
{0xd598, 0x8adb}, //諛
{0xd599, 0x8adc}, //諜
{0xd59a, 0x8add}, //諝
{0xd59b, 0x8ade}, //諞
{0xd59c, 0x8adf}, //諟
{0xd59d, 0x8ae0}, //諠
{0xd59e, 0x8ae1}, //諡
{0xd59f, 0x8ae2}, //諢
{0xd5a0, 0x8ae3}, //諣
{0xd5a1, 0x94e1}, //铡
{0xd5a2, 0x95f8}, //闸
{0xd5a3, 0x7728}, //眨
{0xd5a4, 0x6805}, //栅
{0xd5a5, 0x69a8}, //榨
{0xd5a6, 0x548b}, //咋
{0xd5a7, 0x4e4d}, //乍
{0xd5a8, 0x70b8}, //炸
{0xd5a9, 0x8bc8}, //诈
{0xd5aa, 0x6458}, //摘
{0xd5ab, 0x658b}, //斋
{0xd5ac, 0x5b85}, //宅
{0xd5ad, 0x7a84}, //窄
{0xd5ae, 0x503a}, //债
{0xd5af, 0x5be8}, //寨
{0xd5b0, 0x77bb}, //瞻
{0xd5b1, 0x6be1}, //毡
{0xd5b2, 0x8a79}, //詹
{0xd5b3, 0x7c98}, //粘
{0xd5b4, 0x6cbe}, //沾
{0xd5b5, 0x76cf}, //盏
{0xd5b6, 0x65a9}, //斩
{0xd5b7, 0x8f97}, //辗
{0xd5b8, 0x5d2d}, //崭
{0xd5b9, 0x5c55}, //展
{0xd5ba, 0x8638}, //蘸
{0xd5bb, 0x6808}, //栈
{0xd5bc, 0x5360}, //占
{0xd5bd, 0x6218}, //战
{0xd5be, 0x7ad9}, //站
{0xd5bf, 0x6e5b}, //湛
{0xd5c0, 0x7efd}, //绽
{0xd5c1, 0x6a1f}, //樟
{0xd5c2, 0x7ae0}, //章
{0xd5c3, 0x5f70}, //彰
{0xd5c4, 0x6f33}, //漳
{0xd5c5, 0x5f20}, //张
{0xd5c6, 0x638c}, //掌
{0xd5c7, 0x6da8}, //涨
{0xd5c8, 0x6756}, //杖
{0xd5c9, 0x4e08}, //丈
{0xd5ca, 0x5e10}, //帐
{0xd5cb, 0x8d26}, //账
{0xd5cc, 0x4ed7}, //仗
{0xd5cd, 0x80c0}, //胀
{0xd5ce, 0x7634}, //瘴
{0xd5cf, 0x969c}, //障
{0xd5d0, 0x62db}, //招
{0xd5d1, 0x662d}, //昭
{0xd5d2, 0x627e}, //找
{0xd5d3, 0x6cbc}, //沼
{0xd5d4, 0x8d75}, //赵
{0xd5d5, 0x7167}, //照
{0xd5d6, 0x7f69}, //罩
{0xd5d7, 0x5146}, //兆
{0xd5d8, 0x8087}, //肇
{0xd5d9, 0x53ec}, //召
{0xd5da, 0x906e}, //遮
{0xd5db, 0x6298}, //折
{0xd5dc, 0x54f2}, //哲
{0xd5dd, 0x86f0}, //蛰
{0xd5de, 0x8f99}, //辙
{0xd5df, 0x8005}, //者
{0xd5e0, 0x9517}, //锗
{0xd5e1, 0x8517}, //蔗
{0xd5e2, 0x8fd9}, //这
{0xd5e3, 0x6d59}, //浙
{0xd5e4, 0x73cd}, //珍
{0xd5e5, 0x659f}, //斟
{0xd5e6, 0x771f}, //真
{0xd5e7, 0x7504}, //甄
{0xd5e8, 0x7827}, //砧
{0xd5e9, 0x81fb}, //臻
{0xd5ea, 0x8d1e}, //贞
{0xd5eb, 0x9488}, //针
{0xd5ec, 0x4fa6}, //侦
{0xd5ed, 0x6795}, //枕
{0xd5ee, 0x75b9}, //疹
{0xd5ef, 0x8bca}, //诊
{0xd5f0, 0x9707}, //震
{0xd5f1, 0x632f}, //振
{0xd5f2, 0x9547}, //镇
{0xd5f3, 0x9635}, //阵
{0xd5f4, 0x84b8}, //蒸
{0xd5f5, 0x6323}, //挣
{0xd5f6, 0x7741}, //睁
{0xd5f7, 0x5f81}, //征
{0xd5f8, 0x72f0}, //狰
{0xd5f9, 0x4e89}, //争
{0xd5fa, 0x6014}, //怔
{0xd5fb, 0x6574}, //整
{0xd5fc, 0x62ef}, //拯
{0xd5fd, 0x6b63}, //正
{0xd5fe, 0x653f}, //政
{0xd640, 0x8ae4}, //諤
{0xd641, 0x8ae5}, //諥
{0xd642, 0x8ae6}, //諦
{0xd643, 0x8ae7}, //諧
{0xd644, 0x8ae8}, //諨
{0xd645, 0x8ae9}, //諩
{0xd646, 0x8aea}, //諪
{0xd647, 0x8aeb}, //諫
{0xd648, 0x8aec}, //諬
{0xd649, 0x8aed}, //諭
{0xd64a, 0x8aee}, //諮
{0xd64b, 0x8aef}, //諯
{0xd64c, 0x8af0}, //諰
{0xd64d, 0x8af1}, //諱
{0xd64e, 0x8af2}, //諲
{0xd64f, 0x8af3}, //諳
{0xd650, 0x8af4}, //諴
{0xd651, 0x8af5}, //諵
{0xd652, 0x8af6}, //諶
{0xd653, 0x8af7}, //諷
{0xd654, 0x8af8}, //諸
{0xd655, 0x8af9}, //諹
{0xd656, 0x8afa}, //諺
{0xd657, 0x8afb}, //諻
{0xd658, 0x8afc}, //諼
{0xd659, 0x8afd}, //諽
{0xd65a, 0x8afe}, //諾
{0xd65b, 0x8aff}, //諿
{0xd65c, 0x8b00}, //謀
{0xd65d, 0x8b01}, //謁
{0xd65e, 0x8b02}, //謂
{0xd65f, 0x8b03}, //謃
{0xd660, 0x8b04}, //謄
{0xd661, 0x8b05}, //謅
{0xd662, 0x8b06}, //謆
{0xd663, 0x8b08}, //謈
{0xd664, 0x8b09}, //謉
{0xd665, 0x8b0a}, //謊
{0xd666, 0x8b0b}, //謋
{0xd667, 0x8b0c}, //謌
{0xd668, 0x8b0d}, //謍
{0xd669, 0x8b0e}, //謎
{0xd66a, 0x8b0f}, //謏
{0xd66b, 0x8b10}, //謐
{0xd66c, 0x8b11}, //謑
{0xd66d, 0x8b12}, //謒
{0xd66e, 0x8b13}, //謓
{0xd66f, 0x8b14}, //謔
{0xd670, 0x8b15}, //謕
{0xd671, 0x8b16}, //謖
{0xd672, 0x8b17}, //謗
{0xd673, 0x8b18}, //謘
{0xd674, 0x8b19}, //謙
{0xd675, 0x8b1a}, //謚
{0xd676, 0x8b1b}, //講
{0xd677, 0x8b1c}, //謜
{0xd678, 0x8b1d}, //謝
{0xd679, 0x8b1e}, //謞
{0xd67a, 0x8b1f}, //謟
{0xd67b, 0x8b20}, //謠
{0xd67c, 0x8b21}, //謡
{0xd67d, 0x8b22}, //謢
{0xd67e, 0x8b23}, //謣
{0xd680, 0x8b24}, //謤
{0xd681, 0x8b25}, //謥
{0xd682, 0x8b27}, //謧
{0xd683, 0x8b28}, //謨
{0xd684, 0x8b29}, //謩
{0xd685, 0x8b2a}, //謪
{0xd686, 0x8b2b}, //謫
{0xd687, 0x8b2c}, //謬
{0xd688, 0x8b2d}, //謭
{0xd689, 0x8b2e}, //謮
{0xd68a, 0x8b2f}, //謯
{0xd68b, 0x8b30}, //謰
{0xd68c, 0x8b31}, //謱
{0xd68d, 0x8b32}, //謲
{0xd68e, 0x8b33}, //謳
{0xd68f, 0x8b34}, //謴
{0xd690, 0x8b35}, //謵
{0xd691, 0x8b36}, //謶
{0xd692, 0x8b37}, //謷
{0xd693, 0x8b38}, //謸
{0xd694, 0x8b39}, //謹
{0xd695, 0x8b3a}, //謺
{0xd696, 0x8b3b}, //謻
{0xd697, 0x8b3c}, //謼
{0xd698, 0x8b3d}, //謽
{0xd699, 0x8b3e}, //謾
{0xd69a, 0x8b3f}, //謿
{0xd69b, 0x8b40}, //譀
{0xd69c, 0x8b41}, //譁
{0xd69d, 0x8b42}, //譂
{0xd69e, 0x8b43}, //譃
{0xd69f, 0x8b44}, //譄
{0xd6a0, 0x8b45}, //譅
{0xd6a1, 0x5e27}, //帧
{0xd6a2, 0x75c7}, //症
{0xd6a3, 0x90d1}, //郑
{0xd6a4, 0x8bc1}, //证
{0xd6a5, 0x829d}, //芝
{0xd6a6, 0x679d}, //枝
{0xd6a7, 0x652f}, //支
{0xd6a8, 0x5431}, //吱
{0xd6a9, 0x8718}, //蜘
{0xd6aa, 0x77e5}, //知
{0xd6ab, 0x80a2}, //肢
{0xd6ac, 0x8102}, //脂
{0xd6ad, 0x6c41}, //汁
{0xd6ae, 0x4e4b}, //之
{0xd6af, 0x7ec7}, //织
{0xd6b0, 0x804c}, //职
{0xd6b1, 0x76f4}, //直
{0xd6b2, 0x690d}, //植
{0xd6b3, 0x6b96}, //殖
{0xd6b4, 0x6267}, //执
{0xd6b5, 0x503c}, //值
{0xd6b6, 0x4f84}, //侄
{0xd6b7, 0x5740}, //址
{0xd6b8, 0x6307}, //指
{0xd6b9, 0x6b62}, //止
{0xd6ba, 0x8dbe}, //趾
{0xd6bb, 0x53ea}, //只
{0xd6bc, 0x65e8}, //旨
{0xd6bd, 0x7eb8}, //纸
{0xd6be, 0x5fd7}, //志
{0xd6bf, 0x631a}, //挚
{0xd6c0, 0x63b7}, //掷
{0xd6c1, 0x81f3}, //至
{0xd6c2, 0x81f4}, //致
{0xd6c3, 0x7f6e}, //置
{0xd6c4, 0x5e1c}, //帜
{0xd6c5, 0x5cd9}, //峙
{0xd6c6, 0x5236}, //制
{0xd6c7, 0x667a}, //智
{0xd6c8, 0x79e9}, //秩
{0xd6c9, 0x7a1a}, //稚
{0xd6ca, 0x8d28}, //质
{0xd6cb, 0x7099}, //炙
{0xd6cc, 0x75d4}, //痔
{0xd6cd, 0x6ede}, //滞
{0xd6ce, 0x6cbb}, //治
{0xd6cf, 0x7a92}, //窒
{0xd6d0, 0x4e2d}, //中
{0xd6d1, 0x76c5}, //盅
{0xd6d2, 0x5fe0}, //忠
{0xd6d3, 0x949f}, //钟
{0xd6d4, 0x8877}, //衷
{0xd6d5, 0x7ec8}, //终
{0xd6d6, 0x79cd}, //种
{0xd6d7, 0x80bf}, //肿
{0xd6d8, 0x91cd}, //重
{0xd6d9, 0x4ef2}, //仲
{0xd6da, 0x4f17}, //众
{0xd6db, 0x821f}, //舟
{0xd6dc, 0x5468}, //周
{0xd6dd, 0x5dde}, //州
{0xd6de, 0x6d32}, //洲
{0xd6df, 0x8bcc}, //诌
{0xd6e0, 0x7ca5}, //粥
{0xd6e1, 0x8f74}, //轴
{0xd6e2, 0x8098}, //肘
{0xd6e3, 0x5e1a}, //帚
{0xd6e4, 0x5492}, //咒
{0xd6e5, 0x76b1}, //皱
{0xd6e6, 0x5b99}, //宙
{0xd6e7, 0x663c}, //昼
{0xd6e8, 0x9aa4}, //骤
{0xd6e9, 0x73e0}, //珠
{0xd6ea, 0x682a}, //株
{0xd6eb, 0x86db}, //蛛
{0xd6ec, 0x6731}, //朱
{0xd6ed, 0x732a}, //猪
{0xd6ee, 0x8bf8}, //诸
{0xd6ef, 0x8bdb}, //诛
{0xd6f0, 0x9010}, //逐
{0xd6f1, 0x7af9}, //竹
{0xd6f2, 0x70db}, //烛
{0xd6f3, 0x716e}, //煮
{0xd6f4, 0x62c4}, //拄
{0xd6f5, 0x77a9}, //瞩
{0xd6f6, 0x5631}, //嘱
{0xd6f7, 0x4e3b}, //主
{0xd6f8, 0x8457}, //著
{0xd6f9, 0x67f1}, //柱
{0xd6fa, 0x52a9}, //助
{0xd6fb, 0x86c0}, //蛀
{0xd6fc, 0x8d2e}, //贮
{0xd6fd, 0x94f8}, //铸
{0xd6fe, 0x7b51}, //筑
{0xd740, 0x8b46}, //譆
{0xd741, 0x8b47}, //譇
{0xd742, 0x8b48}, //譈
{0xd743, 0x8b49}, //證
{0xd744, 0x8b4a}, //譊
{0xd745, 0x8b4b}, //譋
{0xd746, 0x8b4c}, //譌
{0xd747, 0x8b4d}, //譍
{0xd748, 0x8b4e}, //譎
{0xd749, 0x8b4f}, //譏
{0xd74a, 0x8b50}, //譐
{0xd74b, 0x8b51}, //譑
{0xd74c, 0x8b52}, //譒
{0xd74d, 0x8b53}, //譓
{0xd74e, 0x8b54}, //譔
{0xd74f, 0x8b55}, //譕
{0xd750, 0x8b56}, //譖
{0xd751, 0x8b57}, //譗
{0xd752, 0x8b58}, //識
{0xd753, 0x8b59}, //譙
{0xd754, 0x8b5a}, //譚
{0xd755, 0x8b5b}, //譛
{0xd756, 0x8b5c}, //譜
{0xd757, 0x8b5d}, //譝
{0xd758, 0x8b5e}, //譞
{0xd759, 0x8b5f}, //譟
{0xd75a, 0x8b60}, //譠
{0xd75b, 0x8b61}, //譡
{0xd75c, 0x8b62}, //譢
{0xd75d, 0x8b63}, //譣
{0xd75e, 0x8b64}, //譤
{0xd75f, 0x8b65}, //譥
{0xd760, 0x8b67}, //譧
{0xd761, 0x8b68}, //譨
{0xd762, 0x8b69}, //譩
{0xd763, 0x8b6a}, //譪
{0xd764, 0x8b6b}, //譫
{0xd765, 0x8b6d}, //譭
{0xd766, 0x8b6e}, //譮
{0xd767, 0x8b6f}, //譯
{0xd768, 0x8b70}, //議
{0xd769, 0x8b71}, //譱
{0xd76a, 0x8b72}, //譲
{0xd76b, 0x8b73}, //譳
{0xd76c, 0x8b74}, //譴
{0xd76d, 0x8b75}, //譵
{0xd76e, 0x8b76}, //譶
{0xd76f, 0x8b77}, //護
{0xd770, 0x8b78}, //譸
{0xd771, 0x8b79}, //譹
{0xd772, 0x8b7a}, //譺
{0xd773, 0x8b7b}, //譻
{0xd774, 0x8b7c}, //譼
{0xd775, 0x8b7d}, //譽
{0xd776, 0x8b7e}, //譾
{0xd777, 0x8b7f}, //譿
{0xd778, 0x8b80}, //讀
{0xd779, 0x8b81}, //讁
{0xd77a, 0x8b82}, //讂
{0xd77b, 0x8b83}, //讃
{0xd77c, 0x8b84}, //讄
{0xd77d, 0x8b85}, //讅
{0xd77e, 0x8b86}, //讆
{0xd780, 0x8b87}, //讇
{0xd781, 0x8b88}, //讈
{0xd782, 0x8b89}, //讉
{0xd783, 0x8b8a}, //變
{0xd784, 0x8b8b}, //讋
{0xd785, 0x8b8c}, //讌
{0xd786, 0x8b8d}, //讍
{0xd787, 0x8b8e}, //讎
{0xd788, 0x8b8f}, //讏
{0xd789, 0x8b90}, //讐
{0xd78a, 0x8b91}, //讑
{0xd78b, 0x8b92}, //讒
{0xd78c, 0x8b93}, //讓
{0xd78d, 0x8b94}, //讔
{0xd78e, 0x8b95}, //讕
{0xd78f, 0x8b96}, //讖
{0xd790, 0x8b97}, //讗
{0xd791, 0x8b98}, //讘
{0xd792, 0x8b99}, //讙
{0xd793, 0x8b9a}, //讚
{0xd794, 0x8b9b}, //讛
{0xd795, 0x8b9c}, //讜
{0xd796, 0x8b9d}, //讝
{0xd797, 0x8b9e}, //讞
{0xd798, 0x8b9f}, //讟
{0xd799, 0x8bac}, //讬
{0xd79a, 0x8bb1}, //讱
{0xd79b, 0x8bbb}, //讻
{0xd79c, 0x8bc7}, //诇
{0xd79d, 0x8bd0}, //诐
{0xd79e, 0x8bea}, //诪
{0xd79f, 0x8c09}, //谉
{0xd7a0, 0x8c1e}, //谞
{0xd7a1, 0x4f4f}, //住
{0xd7a2, 0x6ce8}, //注
{0xd7a3, 0x795d}, //祝
{0xd7a4, 0x9a7b}, //驻
{0xd7a5, 0x6293}, //抓
{0xd7a6, 0x722a}, //爪
{0xd7a7, 0x62fd}, //拽
{0xd7a8, 0x4e13}, //专
{0xd7a9, 0x7816}, //砖
{0xd7aa, 0x8f6c}, //转
{0xd7ab, 0x64b0}, //撰
{0xd7ac, 0x8d5a}, //赚
{0xd7ad, 0x7bc6}, //篆
{0xd7ae, 0x6869}, //桩
{0xd7af, 0x5e84}, //庄
{0xd7b0, 0x88c5}, //装
{0xd7b1, 0x5986}, //妆
{0xd7b2, 0x649e}, //撞
{0xd7b3, 0x58ee}, //壮
{0xd7b4, 0x72b6}, //状
{0xd7b5, 0x690e}, //椎
{0xd7b6, 0x9525}, //锥
{0xd7b7, 0x8ffd}, //追
{0xd7b8, 0x8d58}, //赘
{0xd7b9, 0x5760}, //坠
{0xd7ba, 0x7f00}, //缀
{0xd7bb, 0x8c06}, //谆
{0xd7bc, 0x51c6}, //准
{0xd7bd, 0x6349}, //捉
{0xd7be, 0x62d9}, //拙
{0xd7bf, 0x5353}, //卓
{0xd7c0, 0x684c}, //桌
{0xd7c1, 0x7422}, //琢
{0xd7c2, 0x8301}, //茁
{0xd7c3, 0x914c}, //酌
{0xd7c4, 0x5544}, //啄
{0xd7c5, 0x7740}, //着
{0xd7c6, 0x707c}, //灼
{0xd7c7, 0x6d4a}, //浊
{0xd7c8, 0x5179}, //兹
{0xd7c9, 0x54a8}, //咨
{0xd7ca, 0x8d44}, //资
{0xd7cb, 0x59ff}, //姿
{0xd7cc, 0x6ecb}, //滋
{0xd7cd, 0x6dc4}, //淄
{0xd7ce, 0x5b5c}, //孜
{0xd7cf, 0x7d2b}, //紫
{0xd7d0, 0x4ed4}, //仔
{0xd7d1, 0x7c7d}, //籽
{0xd7d2, 0x6ed3}, //滓
{0xd7d3, 0x5b50}, //子
{0xd7d4, 0x81ea}, //自
{0xd7d5, 0x6e0d}, //渍
{0xd7d6, 0x5b57}, //字
{0xd7d7, 0x9b03}, //鬃
{0xd7d8, 0x68d5}, //棕
{0xd7d9, 0x8e2a}, //踪
{0xd7da, 0x5b97}, //宗
{0xd7db, 0x7efc}, //综
{0xd7dc, 0x603b}, //总
{0xd7dd, 0x7eb5}, //纵
{0xd7de, 0x90b9}, //邹
{0xd7df, 0x8d70}, //走
{0xd7e0, 0x594f}, //奏
{0xd7e1, 0x63cd}, //揍
{0xd7e2, 0x79df}, //租
{0xd7e3, 0x8db3}, //足
{0xd7e4, 0x5352}, //卒
{0xd7e5, 0x65cf}, //族
{0xd7e6, 0x7956}, //祖
{0xd7e7, 0x8bc5}, //诅
{0xd7e8, 0x963b}, //阻
{0xd7e9, 0x7ec4}, //组
{0xd7ea, 0x94bb}, //钻
{0xd7eb, 0x7e82}, //纂
{0xd7ec, 0x5634}, //嘴
{0xd7ed, 0x9189}, //醉
{0xd7ee, 0x6700}, //最
{0xd7ef, 0x7f6a}, //罪
{0xd7f0, 0x5c0a}, //尊
{0xd7f1, 0x9075}, //遵
{0xd7f2, 0x6628}, //昨
{0xd7f3, 0x5de6}, //左
{0xd7f4, 0x4f50}, //佐
{0xd7f5, 0x67de}, //柞
{0xd7f6, 0x505a}, //做
{0xd7f7, 0x4f5c}, //作
{0xd7f8, 0x5750}, //坐
{0xd7f9, 0x5ea7}, //座
{0xd840, 0x8c38}, //谸
{0xd841, 0x8c39}, //谹
{0xd842, 0x8c3a}, //谺
{0xd843, 0x8c3b}, //谻
{0xd844, 0x8c3c}, //谼
{0xd845, 0x8c3d}, //谽
{0xd846, 0x8c3e}, //谾
{0xd847, 0x8c3f}, //谿
{0xd848, 0x8c40}, //豀
{0xd849, 0x8c42}, //豂
{0xd84a, 0x8c43}, //豃
{0xd84b, 0x8c44}, //豄
{0xd84c, 0x8c45}, //豅
{0xd84d, 0x8c48}, //豈
{0xd84e, 0x8c4a}, //豊
{0xd84f, 0x8c4b}, //豋
{0xd850, 0x8c4d}, //豍
{0xd851, 0x8c4e}, //豎
{0xd852, 0x8c4f}, //豏
{0xd853, 0x8c50}, //豐
{0xd854, 0x8c51}, //豑
{0xd855, 0x8c52}, //豒
{0xd856, 0x8c53}, //豓
{0xd857, 0x8c54}, //豔
{0xd858, 0x8c56}, //豖
{0xd859, 0x8c57}, //豗
{0xd85a, 0x8c58}, //豘
{0xd85b, 0x8c59}, //豙
{0xd85c, 0x8c5b}, //豛
{0xd85d, 0x8c5c}, //豜
{0xd85e, 0x8c5d}, //豝
{0xd85f, 0x8c5e}, //豞
{0xd860, 0x8c5f}, //豟
{0xd861, 0x8c60}, //豠
{0xd862, 0x8c63}, //豣
{0xd863, 0x8c64}, //豤
{0xd864, 0x8c65}, //豥
{0xd865, 0x8c66}, //豦
{0xd866, 0x8c67}, //豧
{0xd867, 0x8c68}, //豨
{0xd868, 0x8c69}, //豩
{0xd869, 0x8c6c}, //豬
{0xd86a, 0x8c6d}, //豭
{0xd86b, 0x8c6e}, //豮
{0xd86c, 0x8c6f}, //豯
{0xd86d, 0x8c70}, //豰
{0xd86e, 0x8c71}, //豱
{0xd86f, 0x8c72}, //豲
{0xd870, 0x8c74}, //豴
{0xd871, 0x8c75}, //豵
{0xd872, 0x8c76}, //豶
{0xd873, 0x8c77}, //豷
{0xd874, 0x8c7b}, //豻
{0xd875, 0x8c7c}, //豼
{0xd876, 0x8c7d}, //豽
{0xd877, 0x8c7e}, //豾
{0xd878, 0x8c7f}, //豿
{0xd879, 0x8c80}, //貀
{0xd87a, 0x8c81}, //貁
{0xd87b, 0x8c83}, //貃
{0xd87c, 0x8c84}, //貄
{0xd87d, 0x8c86}, //貆
{0xd87e, 0x8c87}, //貇
{0xd880, 0x8c88}, //貈
{0xd881, 0x8c8b}, //貋
{0xd882, 0x8c8d}, //貍
{0xd883, 0x8c8e}, //貎
{0xd884, 0x8c8f}, //貏
{0xd885, 0x8c90}, //貐
{0xd886, 0x8c91}, //貑
{0xd887, 0x8c92}, //貒
{0xd888, 0x8c93}, //貓
{0xd889, 0x8c95}, //貕
{0xd88a, 0x8c96}, //貖
{0xd88b, 0x8c97}, //貗
{0xd88c, 0x8c99}, //貙
{0xd88d, 0x8c9a}, //貚
{0xd88e, 0x8c9b}, //貛
{0xd88f, 0x8c9c}, //貜
{0xd890, 0x8c9d}, //貝
{0xd891, 0x8c9e}, //貞
{0xd892, 0x8c9f}, //貟
{0xd893, 0x8ca0}, //負
{0xd894, 0x8ca1}, //財
{0xd895, 0x8ca2}, //貢
{0xd896, 0x8ca3}, //貣
{0xd897, 0x8ca4}, //貤
{0xd898, 0x8ca5}, //貥
{0xd899, 0x8ca6}, //貦
{0xd89a, 0x8ca7}, //貧
{0xd89b, 0x8ca8}, //貨
{0xd89c, 0x8ca9}, //販
{0xd89d, 0x8caa}, //貪
{0xd89e, 0x8cab}, //貫
{0xd89f, 0x8cac}, //責
{0xd8a0, 0x8cad}, //貭
{0xd8a1, 0x4e8d}, //亍
{0xd8a2, 0x4e0c}, //丌
{0xd8a3, 0x5140}, //兀
{0xd8a4, 0x4e10}, //丐
{0xd8a5, 0x5eff}, //廿
{0xd8a6, 0x5345}, //卅
{0xd8a7, 0x4e15}, //丕
{0xd8a8, 0x4e98}, //亘
{0xd8a9, 0x4e1e}, //丞
{0xd8aa, 0x9b32}, //鬲
{0xd8ab, 0x5b6c}, //孬
{0xd8ac, 0x5669}, //噩
{0xd8ad, 0x4e28}, //丨
{0xd8ae, 0x79ba}, //禺
{0xd8af, 0x4e3f}, //丿
{0xd8b0, 0x5315}, //匕
{0xd8b1, 0x4e47}, //乇
{0xd8b2, 0x592d}, //夭
{0xd8b3, 0x723b}, //爻
{0xd8b4, 0x536e}, //卮
{0xd8b5, 0x6c10}, //氐
{0xd8b6, 0x56df}, //囟
{0xd8b7, 0x80e4}, //胤
{0xd8b8, 0x9997}, //馗
{0xd8b9, 0x6bd3}, //毓
{0xd8ba, 0x777e}, //睾
{0xd8bb, 0x9f17}, //鼗
{0xd8bc, 0x4e36}, //丶
{0xd8bd, 0x4e9f}, //亟
{0xd8be, 0x9f10}, //鼐
{0xd8bf, 0x4e5c}, //乜
{0xd8c0, 0x4e69}, //乩
{0xd8c1, 0x4e93}, //亓
{0xd8c2, 0x8288}, //芈
{0xd8c3, 0x5b5b}, //孛
{0xd8c4, 0x556c}, //啬
{0xd8c5, 0x560f}, //嘏
{0xd8c6, 0x4ec4}, //仄
{0xd8c7, 0x538d}, //厍
{0xd8c8, 0x539d}, //厝
{0xd8c9, 0x53a3}, //厣
{0xd8ca, 0x53a5}, //厥
{0xd8cb, 0x53ae}, //厮
{0xd8cc, 0x9765}, //靥
{0xd8cd, 0x8d5d}, //赝
{0xd8ce, 0x531a}, //匚
{0xd8cf, 0x53f5}, //叵
{0xd8d0, 0x5326}, //匦
{0xd8d1, 0x532e}, //匮
{0xd8d2, 0x533e}, //匾
{0xd8d3, 0x8d5c}, //赜
{0xd8d4, 0x5366}, //卦
{0xd8d5, 0x5363}, //卣
{0xd8d6, 0x5202}, //刂
{0xd8d7, 0x5208}, //刈
{0xd8d8, 0x520e}, //刎
{0xd8d9, 0x522d}, //刭
{0xd8da, 0x5233}, //刳
{0xd8db, 0x523f}, //刿
{0xd8dc, 0x5240}, //剀
{0xd8dd, 0x524c}, //剌
{0xd8de, 0x525e}, //剞
{0xd8df, 0x5261}, //剡
{0xd8e0, 0x525c}, //剜
{0xd8e1, 0x84af}, //蒯
{0xd8e2, 0x527d}, //剽
{0xd8e3, 0x5282}, //劂
{0xd8e4, 0x5281}, //劁
{0xd8e5, 0x5290}, //劐
{0xd8e6, 0x5293}, //劓
{0xd8e7, 0x5182}, //冂
{0xd8e8, 0x7f54}, //罔
{0xd8e9, 0x4ebb}, //亻
{0xd8ea, 0x4ec3}, //仃
{0xd8eb, 0x4ec9}, //仉
{0xd8ec, 0x4ec2}, //仂
{0xd8ed, 0x4ee8}, //仨
{0xd8ee, 0x4ee1}, //仡
{0xd8ef, 0x4eeb}, //仫
{0xd8f0, 0x4ede}, //仞
{0xd8f1, 0x4f1b}, //伛
{0xd8f2, 0x4ef3}, //仳
{0xd8f3, 0x4f22}, //伢
{0xd8f4, 0x4f64}, //佤
{0xd8f5, 0x4ef5}, //仵
{0xd8f6, 0x4f25}, //伥
{0xd8f7, 0x4f27}, //伧
{0xd8f8, 0x4f09}, //伉
{0xd8f9, 0x4f2b}, //伫
{0xd8fa, 0x4f5e}, //佞
{0xd8fb, 0x4f67}, //佧
{0xd8fc, 0x6538}, //攸
{0xd8fd, 0x4f5a}, //佚
{0xd8fe, 0x4f5d}, //佝
{0xd940, 0x8cae}, //貮
{0xd941, 0x8caf}, //貯
{0xd942, 0x8cb0}, //貰
{0xd943, 0x8cb1}, //貱
{0xd944, 0x8cb2}, //貲
{0xd945, 0x8cb3}, //貳
{0xd946, 0x8cb4}, //貴
{0xd947, 0x8cb5}, //貵
{0xd948, 0x8cb6}, //貶
{0xd949, 0x8cb7}, //買
{0xd94a, 0x8cb8}, //貸
{0xd94b, 0x8cb9}, //貹
{0xd94c, 0x8cba}, //貺
{0xd94d, 0x8cbb}, //費
{0xd94e, 0x8cbc}, //貼
{0xd94f, 0x8cbd}, //貽
{0xd950, 0x8cbe}, //貾
{0xd951, 0x8cbf}, //貿
{0xd952, 0x8cc0}, //賀
{0xd953, 0x8cc1}, //賁
{0xd954, 0x8cc2}, //賂
{0xd955, 0x8cc3}, //賃
{0xd956, 0x8cc4}, //賄
{0xd957, 0x8cc5}, //賅
{0xd958, 0x8cc6}, //賆
{0xd959, 0x8cc7}, //資
{0xd95a, 0x8cc8}, //賈
{0xd95b, 0x8cc9}, //賉
{0xd95c, 0x8cca}, //賊
{0xd95d, 0x8ccb}, //賋
{0xd95e, 0x8ccc}, //賌
{0xd95f, 0x8ccd}, //賍
{0xd960, 0x8cce}, //賎
{0xd961, 0x8ccf}, //賏
{0xd962, 0x8cd0}, //賐
{0xd963, 0x8cd1}, //賑
{0xd964, 0x8cd2}, //賒
{0xd965, 0x8cd3}, //賓
{0xd966, 0x8cd4}, //賔
{0xd967, 0x8cd5}, //賕
{0xd968, 0x8cd6}, //賖
{0xd969, 0x8cd7}, //賗
{0xd96a, 0x8cd8}, //賘
{0xd96b, 0x8cd9}, //賙
{0xd96c, 0x8cda}, //賚
{0xd96d, 0x8cdb}, //賛
{0xd96e, 0x8cdc}, //賜
{0xd96f, 0x8cdd}, //賝
{0xd970, 0x8cde}, //賞
{0xd971, 0x8cdf}, //賟
{0xd972, 0x8ce0}, //賠
{0xd973, 0x8ce1}, //賡
{0xd974, 0x8ce2}, //賢
{0xd975, 0x8ce3}, //賣
{0xd976, 0x8ce4}, //賤
{0xd977, 0x8ce5}, //賥
{0xd978, 0x8ce6}, //賦
{0xd979, 0x8ce7}, //賧
{0xd97a, 0x8ce8}, //賨
{0xd97b, 0x8ce9}, //賩
{0xd97c, 0x8cea}, //質
{0xd97d, 0x8ceb}, //賫
{0xd97e, 0x8cec}, //賬
{0xd980, 0x8ced}, //賭
{0xd981, 0x8cee}, //賮
{0xd982, 0x8cef}, //賯
{0xd983, 0x8cf0}, //賰
{0xd984, 0x8cf1}, //賱
{0xd985, 0x8cf2}, //賲
{0xd986, 0x8cf3}, //賳
{0xd987, 0x8cf4}, //賴
{0xd988, 0x8cf5}, //賵
{0xd989, 0x8cf6}, //賶
{0xd98a, 0x8cf7}, //賷
{0xd98b, 0x8cf8}, //賸
{0xd98c, 0x8cf9}, //賹
{0xd98d, 0x8cfa}, //賺
{0xd98e, 0x8cfb}, //賻
{0xd98f, 0x8cfc}, //購
{0xd990, 0x8cfd}, //賽
{0xd991, 0x8cfe}, //賾
{0xd992, 0x8cff}, //賿
{0xd993, 0x8d00}, //贀
{0xd994, 0x8d01}, //贁
{0xd995, 0x8d02}, //贂
{0xd996, 0x8d03}, //贃
{0xd997, 0x8d04}, //贄
{0xd998, 0x8d05}, //贅
{0xd999, 0x8d06}, //贆
{0xd99a, 0x8d07}, //贇
{0xd99b, 0x8d08}, //贈
{0xd99c, 0x8d09}, //贉
{0xd99d, 0x8d0a}, //贊
{0xd99e, 0x8d0b}, //贋
{0xd99f, 0x8d0c}, //贌
{0xd9a0, 0x8d0d}, //贍
{0xd9a1, 0x4f5f}, //佟
{0xd9a2, 0x4f57}, //佗
{0xd9a3, 0x4f32}, //伲
{0xd9a4, 0x4f3d}, //伽
{0xd9a5, 0x4f76}, //佶
{0xd9a6, 0x4f74}, //佴
{0xd9a7, 0x4f91}, //侑
{0xd9a8, 0x4f89}, //侉
{0xd9a9, 0x4f83}, //侃
{0xd9aa, 0x4f8f}, //侏
{0xd9ab, 0x4f7e}, //佾
{0xd9ac, 0x4f7b}, //佻
{0xd9ad, 0x4faa}, //侪
{0xd9ae, 0x4f7c}, //佼
{0xd9af, 0x4fac}, //侬
{0xd9b0, 0x4f94}, //侔
{0xd9b1, 0x4fe6}, //俦
{0xd9b2, 0x4fe8}, //俨
{0xd9b3, 0x4fea}, //俪
{0xd9b4, 0x4fc5}, //俅
{0xd9b5, 0x4fda}, //俚
{0xd9b6, 0x4fe3}, //俣
{0xd9b7, 0x4fdc}, //俜
{0xd9b8, 0x4fd1}, //俑
{0xd9b9, 0x4fdf}, //俟
{0xd9ba, 0x4ff8}, //俸
{0xd9bb, 0x5029}, //倩
{0xd9bc, 0x504c}, //偌
{0xd9bd, 0x4ff3}, //俳
{0xd9be, 0x502c}, //倬
{0xd9bf, 0x500f}, //倏
{0xd9c0, 0x502e}, //倮
{0xd9c1, 0x502d}, //倭
{0xd9c2, 0x4ffe}, //俾
{0xd9c3, 0x501c}, //倜
{0xd9c4, 0x500c}, //倌
{0xd9c5, 0x5025}, //倥
{0xd9c6, 0x5028}, //倨
{0xd9c7, 0x507e}, //偾
{0xd9c8, 0x5043}, //偃
{0xd9c9, 0x5055}, //偕
{0xd9ca, 0x5048}, //偈
{0xd9cb, 0x504e}, //偎
{0xd9cc, 0x506c}, //偬
{0xd9cd, 0x507b}, //偻
{0xd9ce, 0x50a5}, //傥
{0xd9cf, 0x50a7}, //傧
{0xd9d0, 0x50a9}, //傩
{0xd9d1, 0x50ba}, //傺
{0xd9d2, 0x50d6}, //僖
{0xd9d3, 0x5106}, //儆
{0xd9d4, 0x50ed}, //僭
{0xd9d5, 0x50ec}, //僬
{0xd9d6, 0x50e6}, //僦
{0xd9d7, 0x50ee}, //僮
{0xd9d8, 0x5107}, //儇
{0xd9d9, 0x510b}, //儋
{0xd9da, 0x4edd}, //仝
{0xd9db, 0x6c3d}, //氽
{0xd9dc, 0x4f58}, //佘
{0xd9dd, 0x4f65}, //佥
{0xd9de, 0x4fce}, //俎
{0xd9df, 0x9fa0}, //龠
{0xd9e0, 0x6c46}, //汆
{0xd9e1, 0x7c74}, //籴
{0xd9e2, 0x516e}, //兮
{0xd9e3, 0x5dfd}, //巽
{0xd9e4, 0x9ec9}, //黉
{0xd9e5, 0x9998}, //馘
{0xd9e6, 0x5181}, //冁
{0xd9e7, 0x5914}, //夔
{0xd9e8, 0x52f9}, //勹
{0xd9e9, 0x530d}, //匍
{0xd9ea, 0x8a07}, //訇
{0xd9eb, 0x5310}, //匐
{0xd9ec, 0x51eb}, //凫
{0xd9ed, 0x5919}, //夙
{0xd9ee, 0x5155}, //兕
{0xd9ef, 0x4ea0}, //亠
{0xd9f0, 0x5156}, //兖
{0xd9f1, 0x4eb3}, //亳
{0xd9f2, 0x886e}, //衮
{0xd9f3, 0x88a4}, //袤
{0xd9f4, 0x4eb5}, //亵
{0xd9f5, 0x8114}, //脔
{0xd9f6, 0x88d2}, //裒
{0xd9f7, 0x7980}, //禀
{0xd9f8, 0x5b34}, //嬴
{0xd9f9, 0x8803}, //蠃
{0xd9fa, 0x7fb8}, //羸
{0xd9fb, 0x51ab}, //冫
{0xd9fc, 0x51b1}, //冱
{0xd9fd, 0x51bd}, //冽
{0xd9fe, 0x51bc}, //冼
{0xda40, 0x8d0e}, //贎
{0xda41, 0x8d0f}, //贏
{0xda42, 0x8d10}, //贐
{0xda43, 0x8d11}, //贑
{0xda44, 0x8d12}, //贒
{0xda45, 0x8d13}, //贓
{0xda46, 0x8d14}, //贔
{0xda47, 0x8d15}, //贕
{0xda48, 0x8d16}, //贖
{0xda49, 0x8d17}, //贗
{0xda4a, 0x8d18}, //贘
{0xda4b, 0x8d19}, //贙
{0xda4c, 0x8d1a}, //贚
{0xda4d, 0x8d1b}, //贛
{0xda4e, 0x8d1c}, //贜
{0xda4f, 0x8d20}, //贠
{0xda50, 0x8d51}, //赑
{0xda51, 0x8d52}, //赒
{0xda52, 0x8d57}, //赗
{0xda53, 0x8d5f}, //赟
{0xda54, 0x8d65}, //赥
{0xda55, 0x8d68}, //赨
{0xda56, 0x8d69}, //赩
{0xda57, 0x8d6a}, //赪
{0xda58, 0x8d6c}, //赬
{0xda59, 0x8d6e}, //赮
{0xda5a, 0x8d6f}, //赯
{0xda5b, 0x8d71}, //赱
{0xda5c, 0x8d72}, //赲
{0xda5d, 0x8d78}, //赸
{0xda5e, 0x8d79}, //赹
{0xda5f, 0x8d7a}, //赺
{0xda60, 0x8d7b}, //赻
{0xda61, 0x8d7c}, //赼
{0xda62, 0x8d7d}, //赽
{0xda63, 0x8d7e}, //赾
{0xda64, 0x8d7f}, //赿
{0xda65, 0x8d80}, //趀
{0xda66, 0x8d82}, //趂
{0xda67, 0x8d83}, //趃
{0xda68, 0x8d86}, //趆
{0xda69, 0x8d87}, //趇
{0xda6a, 0x8d88}, //趈
{0xda6b, 0x8d89}, //趉
{0xda6c, 0x8d8c}, //趌
{0xda6d, 0x8d8d}, //趍
{0xda6e, 0x8d8e}, //趎
{0xda6f, 0x8d8f}, //趏
{0xda70, 0x8d90}, //趐
{0xda71, 0x8d92}, //趒
{0xda72, 0x8d93}, //趓
{0xda73, 0x8d95}, //趕
{0xda74, 0x8d96}, //趖
{0xda75, 0x8d97}, //趗
{0xda76, 0x8d98}, //趘
{0xda77, 0x8d99}, //趙
{0xda78, 0x8d9a}, //趚
{0xda79, 0x8d9b}, //趛
{0xda7a, 0x8d9c}, //趜
{0xda7b, 0x8d9d}, //趝
{0xda7c, 0x8d9e}, //趞
{0xda7d, 0x8da0}, //趠
{0xda7e, 0x8da1}, //趡
{0xda80, 0x8da2}, //趢
{0xda81, 0x8da4}, //趤
{0xda82, 0x8da5}, //趥
{0xda83, 0x8da6}, //趦
{0xda84, 0x8da7}, //趧
{0xda85, 0x8da8}, //趨
{0xda86, 0x8da9}, //趩
{0xda87, 0x8daa}, //趪
{0xda88, 0x8dab}, //趫
{0xda89, 0x8dac}, //趬
{0xda8a, 0x8dad}, //趭
{0xda8b, 0x8dae}, //趮
{0xda8c, 0x8daf}, //趯
{0xda8d, 0x8db0}, //趰
{0xda8e, 0x8db2}, //趲
{0xda8f, 0x8db6}, //趶
{0xda90, 0x8db7}, //趷
{0xda91, 0x8db9}, //趹
{0xda92, 0x8dbb}, //趻
{0xda93, 0x8dbd}, //趽
{0xda94, 0x8dc0}, //跀
{0xda95, 0x8dc1}, //跁
{0xda96, 0x8dc2}, //跂
{0xda97, 0x8dc5}, //跅
{0xda98, 0x8dc7}, //跇
{0xda99, 0x8dc8}, //跈
{0xda9a, 0x8dc9}, //跉
{0xda9b, 0x8dca}, //跊
{0xda9c, 0x8dcd}, //跍
{0xda9d, 0x8dd0}, //跐
{0xda9e, 0x8dd2}, //跒
{0xda9f, 0x8dd3}, //跓
{0xdaa0, 0x8dd4}, //跔
{0xdaa1, 0x51c7}, //凇
{0xdaa2, 0x5196}, //冖
{0xdaa3, 0x51a2}, //冢
{0xdaa4, 0x51a5}, //冥
{0xdaa5, 0x8ba0}, //讠
{0xdaa6, 0x8ba6}, //讦
{0xdaa7, 0x8ba7}, //讧
{0xdaa8, 0x8baa}, //讪
{0xdaa9, 0x8bb4}, //讴
{0xdaaa, 0x8bb5}, //讵
{0xdaab, 0x8bb7}, //讷
{0xdaac, 0x8bc2}, //诂
{0xdaad, 0x8bc3}, //诃
{0xdaae, 0x8bcb}, //诋
{0xdaaf, 0x8bcf}, //诏
{0xdab0, 0x8bce}, //诎
{0xdab1, 0x8bd2}, //诒
{0xdab2, 0x8bd3}, //诓
{0xdab3, 0x8bd4}, //诔
{0xdab4, 0x8bd6}, //诖
{0xdab5, 0x8bd8}, //诘
{0xdab6, 0x8bd9}, //诙
{0xdab7, 0x8bdc}, //诜
{0xdab8, 0x8bdf}, //诟
{0xdab9, 0x8be0}, //诠
{0xdaba, 0x8be4}, //诤
{0xdabb, 0x8be8}, //诨
{0xdabc, 0x8be9}, //诩
{0xdabd, 0x8bee}, //诮
{0xdabe, 0x8bf0}, //诰
{0xdabf, 0x8bf3}, //诳
{0xdac0, 0x8bf6}, //诶
{0xdac1, 0x8bf9}, //诹
{0xdac2, 0x8bfc}, //诼
{0xdac3, 0x8bff}, //诿
{0xdac4, 0x8c00}, //谀
{0xdac5, 0x8c02}, //谂
{0xdac6, 0x8c04}, //谄
{0xdac7, 0x8c07}, //谇
{0xdac8, 0x8c0c}, //谌
{0xdac9, 0x8c0f}, //谏
{0xdaca, 0x8c11}, //谑
{0xdacb, 0x8c12}, //谒
{0xdacc, 0x8c14}, //谔
{0xdacd, 0x8c15}, //谕
{0xdace, 0x8c16}, //谖
{0xdacf, 0x8c19}, //谙
{0xdad0, 0x8c1b}, //谛
{0xdad1, 0x8c18}, //谘
{0xdad2, 0x8c1d}, //谝
{0xdad3, 0x8c1f}, //谟
{0xdad4, 0x8c20}, //谠
{0xdad5, 0x8c21}, //谡
{0xdad6, 0x8c25}, //谥
{0xdad7, 0x8c27}, //谧
{0xdad8, 0x8c2a}, //谪
{0xdad9, 0x8c2b}, //谫
{0xdada, 0x8c2e}, //谮
{0xdadb, 0x8c2f}, //谯
{0xdadc, 0x8c32}, //谲
{0xdadd, 0x8c33}, //谳
{0xdade, 0x8c35}, //谵
{0xdadf, 0x8c36}, //谶
{0xdae0, 0x5369}, //卩
{0xdae1, 0x537a}, //卺
{0xdae2, 0x961d}, //阝
{0xdae3, 0x9622}, //阢
{0xdae4, 0x9621}, //阡
{0xdae5, 0x9631}, //阱
{0xdae6, 0x962a}, //阪
{0xdae7, 0x963d}, //阽
{0xdae8, 0x963c}, //阼
{0xdae9, 0x9642}, //陂
{0xdaea, 0x9649}, //陉
{0xdaeb, 0x9654}, //陔
{0xdaec, 0x965f}, //陟
{0xdaed, 0x9667}, //陧
{0xdaee, 0x966c}, //陬
{0xdaef, 0x9672}, //陲
{0xdaf0, 0x9674}, //陴
{0xdaf1, 0x9688}, //隈
{0xdaf2, 0x968d}, //隍
{0xdaf3, 0x9697}, //隗
{0xdaf4, 0x96b0}, //隰
{0xdaf5, 0x9097}, //邗
{0xdaf6, 0x909b}, //邛
{0xdaf7, 0x909d}, //邝
{0xdaf8, 0x9099}, //邙
{0xdaf9, 0x90ac}, //邬
{0xdafa, 0x90a1}, //邡
{0xdafb, 0x90b4}, //邴
{0xdafc, 0x90b3}, //邳
{0xdafd, 0x90b6}, //邶
{0xdafe, 0x90ba}, //邺
{0xdb40, 0x8dd5}, //跕
{0xdb41, 0x8dd8}, //跘
{0xdb42, 0x8dd9}, //跙
{0xdb43, 0x8ddc}, //跜
{0xdb44, 0x8de0}, //跠
{0xdb45, 0x8de1}, //跡
{0xdb46, 0x8de2}, //跢
{0xdb47, 0x8de5}, //跥
{0xdb48, 0x8de6}, //跦
{0xdb49, 0x8de7}, //跧
{0xdb4a, 0x8de9}, //跩
{0xdb4b, 0x8ded}, //跭
{0xdb4c, 0x8dee}, //跮
{0xdb4d, 0x8df0}, //跰
{0xdb4e, 0x8df1}, //跱
{0xdb4f, 0x8df2}, //跲
{0xdb50, 0x8df4}, //跴
{0xdb51, 0x8df6}, //跶
{0xdb52, 0x8dfc}, //跼
{0xdb53, 0x8dfe}, //跾
{0xdb54, 0x8dff}, //跿
{0xdb55, 0x8e00}, //踀
{0xdb56, 0x8e01}, //踁
{0xdb57, 0x8e02}, //踂
{0xdb58, 0x8e03}, //踃
{0xdb59, 0x8e04}, //踄
{0xdb5a, 0x8e06}, //踆
{0xdb5b, 0x8e07}, //踇
{0xdb5c, 0x8e08}, //踈
{0xdb5d, 0x8e0b}, //踋
{0xdb5e, 0x8e0d}, //踍
{0xdb5f, 0x8e0e}, //踎
{0xdb60, 0x8e10}, //踐
{0xdb61, 0x8e11}, //踑
{0xdb62, 0x8e12}, //踒
{0xdb63, 0x8e13}, //踓
{0xdb64, 0x8e15}, //踕
{0xdb65, 0x8e16}, //踖
{0xdb66, 0x8e17}, //踗
{0xdb67, 0x8e18}, //踘
{0xdb68, 0x8e19}, //踙
{0xdb69, 0x8e1a}, //踚
{0xdb6a, 0x8e1b}, //踛
{0xdb6b, 0x8e1c}, //踜
{0xdb6c, 0x8e20}, //踠
{0xdb6d, 0x8e21}, //踡
{0xdb6e, 0x8e24}, //踤
{0xdb6f, 0x8e25}, //踥
{0xdb70, 0x8e26}, //踦
{0xdb71, 0x8e27}, //踧
{0xdb72, 0x8e28}, //踨
{0xdb73, 0x8e2b}, //踫
{0xdb74, 0x8e2d}, //踭
{0xdb75, 0x8e30}, //踰
{0xdb76, 0x8e32}, //踲
{0xdb77, 0x8e33}, //踳
{0xdb78, 0x8e34}, //踴
{0xdb79, 0x8e36}, //踶
{0xdb7a, 0x8e37}, //踷
{0xdb7b, 0x8e38}, //踸
{0xdb7c, 0x8e3b}, //踻
{0xdb7d, 0x8e3c}, //踼
{0xdb7e, 0x8e3e}, //踾
{0xdb80, 0x8e3f}, //踿
{0xdb81, 0x8e43}, //蹃
{0xdb82, 0x8e45}, //蹅
{0xdb83, 0x8e46}, //蹆
{0xdb84, 0x8e4c}, //蹌
{0xdb85, 0x8e4d}, //蹍
{0xdb86, 0x8e4e}, //蹎
{0xdb87, 0x8e4f}, //蹏
{0xdb88, 0x8e50}, //蹐
{0xdb89, 0x8e53}, //蹓
{0xdb8a, 0x8e54}, //蹔
{0xdb8b, 0x8e55}, //蹕
{0xdb8c, 0x8e56}, //蹖
{0xdb8d, 0x8e57}, //蹗
{0xdb8e, 0x8e58}, //蹘
{0xdb8f, 0x8e5a}, //蹚
{0xdb90, 0x8e5b}, //蹛
{0xdb91, 0x8e5c}, //蹜
{0xdb92, 0x8e5d}, //蹝
{0xdb93, 0x8e5e}, //蹞
{0xdb94, 0x8e5f}, //蹟
{0xdb95, 0x8e60}, //蹠
{0xdb96, 0x8e61}, //蹡
{0xdb97, 0x8e62}, //蹢
{0xdb98, 0x8e63}, //蹣
{0xdb99, 0x8e64}, //蹤
{0xdb9a, 0x8e65}, //蹥
{0xdb9b, 0x8e67}, //蹧
{0xdb9c, 0x8e68}, //蹨
{0xdb9d, 0x8e6a}, //蹪
{0xdb9e, 0x8e6b}, //蹫
{0xdb9f, 0x8e6e}, //蹮
{0xdba0, 0x8e71}, //蹱
{0xdba1, 0x90b8}, //邸
{0xdba2, 0x90b0}, //邰
{0xdba3, 0x90cf}, //郏
{0xdba4, 0x90c5}, //郅
{0xdba5, 0x90be}, //邾
{0xdba6, 0x90d0}, //郐
{0xdba7, 0x90c4}, //郄
{0xdba8, 0x90c7}, //郇
{0xdba9, 0x90d3}, //郓
{0xdbaa, 0x90e6}, //郦
{0xdbab, 0x90e2}, //郢
{0xdbac, 0x90dc}, //郜
{0xdbad, 0x90d7}, //郗
{0xdbae, 0x90db}, //郛
{0xdbaf, 0x90eb}, //郫
{0xdbb0, 0x90ef}, //郯
{0xdbb1, 0x90fe}, //郾
{0xdbb2, 0x9104}, //鄄
{0xdbb3, 0x9122}, //鄢
{0xdbb4, 0x911e}, //鄞
{0xdbb5, 0x9123}, //鄣
{0xdbb6, 0x9131}, //鄱
{0xdbb7, 0x912f}, //鄯
{0xdbb8, 0x9139}, //鄹
{0xdbb9, 0x9143}, //酃
{0xdbba, 0x9146}, //酆
{0xdbbb, 0x520d}, //刍
{0xdbbc, 0x5942}, //奂
{0xdbbd, 0x52a2}, //劢
{0xdbbe, 0x52ac}, //劬
{0xdbbf, 0x52ad}, //劭
{0xdbc0, 0x52be}, //劾
{0xdbc1, 0x54ff}, //哿
{0xdbc2, 0x52d0}, //勐
{0xdbc3, 0x52d6}, //勖
{0xdbc4, 0x52f0}, //勰
{0xdbc5, 0x53df}, //叟
{0xdbc6, 0x71ee}, //燮
{0xdbc7, 0x77cd}, //矍
{0xdbc8, 0x5ef4}, //廴
{0xdbc9, 0x51f5}, //凵
{0xdbca, 0x51fc}, //凼
{0xdbcb, 0x9b2f}, //鬯
{0xdbcc, 0x53b6}, //厶
{0xdbcd, 0x5f01}, //弁
{0xdbce, 0x755a}, //畚
{0xdbcf, 0x5def}, //巯
{0xdbd0, 0x574c}, //坌
{0xdbd1, 0x57a9}, //垩
{0xdbd2, 0x57a1}, //垡
{0xdbd3, 0x587e}, //塾
{0xdbd4, 0x58bc}, //墼
{0xdbd5, 0x58c5}, //壅
{0xdbd6, 0x58d1}, //壑
{0xdbd7, 0x5729}, //圩
{0xdbd8, 0x572c}, //圬
{0xdbd9, 0x572a}, //圪
{0xdbda, 0x5733}, //圳
{0xdbdb, 0x5739}, //圹
{0xdbdc, 0x572e}, //圮
{0xdbdd, 0x572f}, //圯
{0xdbde, 0x575c}, //坜
{0xdbdf, 0x573b}, //圻
{0xdbe0, 0x5742}, //坂
{0xdbe1, 0x5769}, //坩
{0xdbe2, 0x5785}, //垅
{0xdbe3, 0x576b}, //坫
{0xdbe4, 0x5786}, //垆
{0xdbe5, 0x577c}, //坼
{0xdbe6, 0x577b}, //坻
{0xdbe7, 0x5768}, //坨
{0xdbe8, 0x576d}, //坭
{0xdbe9, 0x5776}, //坶
{0xdbea, 0x5773}, //坳
{0xdbeb, 0x57ad}, //垭
{0xdbec, 0x57a4}, //垤
{0xdbed, 0x578c}, //垌
{0xdbee, 0x57b2}, //垲
{0xdbef, 0x57cf}, //埏
{0xdbf0, 0x57a7}, //垧
{0xdbf1, 0x57b4}, //垴
{0xdbf2, 0x5793}, //垓
{0xdbf3, 0x57a0}, //垠
{0xdbf4, 0x57d5}, //埕
{0xdbf5, 0x57d8}, //埘
{0xdbf6, 0x57da}, //埚
{0xdbf7, 0x57d9}, //埙
{0xdbf8, 0x57d2}, //埒
{0xdbf9, 0x57b8}, //垸
{0xdbfa, 0x57f4}, //埴
{0xdbfb, 0x57ef}, //埯
{0xdbfc, 0x57f8}, //埸
{0xdbfd, 0x57e4}, //埤
{0xdbfe, 0x57dd}, //埝
{0xdc40, 0x8e73}, //蹳
{0xdc41, 0x8e75}, //蹵
{0xdc42, 0x8e77}, //蹷
{0xdc43, 0x8e78}, //蹸
{0xdc44, 0x8e79}, //蹹
{0xdc45, 0x8e7a}, //蹺
{0xdc46, 0x8e7b}, //蹻
{0xdc47, 0x8e7d}, //蹽
{0xdc48, 0x8e7e}, //蹾
{0xdc49, 0x8e80}, //躀
{0xdc4a, 0x8e82}, //躂
{0xdc4b, 0x8e83}, //躃
{0xdc4c, 0x8e84}, //躄
{0xdc4d, 0x8e86}, //躆
{0xdc4e, 0x8e88}, //躈
{0xdc4f, 0x8e89}, //躉
{0xdc50, 0x8e8a}, //躊
{0xdc51, 0x8e8b}, //躋
{0xdc52, 0x8e8c}, //躌
{0xdc53, 0x8e8d}, //躍
{0xdc54, 0x8e8e}, //躎
{0xdc55, 0x8e91}, //躑
{0xdc56, 0x8e92}, //躒
{0xdc57, 0x8e93}, //躓
{0xdc58, 0x8e95}, //躕
{0xdc59, 0x8e96}, //躖
{0xdc5a, 0x8e97}, //躗
{0xdc5b, 0x8e98}, //躘
{0xdc5c, 0x8e99}, //躙
{0xdc5d, 0x8e9a}, //躚
{0xdc5e, 0x8e9b}, //躛
{0xdc5f, 0x8e9d}, //躝
{0xdc60, 0x8e9f}, //躟
{0xdc61, 0x8ea0}, //躠
{0xdc62, 0x8ea1}, //躡
{0xdc63, 0x8ea2}, //躢
{0xdc64, 0x8ea3}, //躣
{0xdc65, 0x8ea4}, //躤
{0xdc66, 0x8ea5}, //躥
{0xdc67, 0x8ea6}, //躦
{0xdc68, 0x8ea7}, //躧
{0xdc69, 0x8ea8}, //躨
{0xdc6a, 0x8ea9}, //躩
{0xdc6b, 0x8eaa}, //躪
{0xdc6c, 0x8ead}, //躭
{0xdc6d, 0x8eae}, //躮
{0xdc6e, 0x8eb0}, //躰
{0xdc6f, 0x8eb1}, //躱
{0xdc70, 0x8eb3}, //躳
{0xdc71, 0x8eb4}, //躴
{0xdc72, 0x8eb5}, //躵
{0xdc73, 0x8eb6}, //躶
{0xdc74, 0x8eb7}, //躷
{0xdc75, 0x8eb8}, //躸
{0xdc76, 0x8eb9}, //躹
{0xdc77, 0x8ebb}, //躻
{0xdc78, 0x8ebc}, //躼
{0xdc79, 0x8ebd}, //躽
{0xdc7a, 0x8ebe}, //躾
{0xdc7b, 0x8ebf}, //躿
{0xdc7c, 0x8ec0}, //軀
{0xdc7d, 0x8ec1}, //軁
{0xdc7e, 0x8ec2}, //軂
{0xdc80, 0x8ec3}, //軃
{0xdc81, 0x8ec4}, //軄
{0xdc82, 0x8ec5}, //軅
{0xdc83, 0x8ec6}, //軆
{0xdc84, 0x8ec7}, //軇
{0xdc85, 0x8ec8}, //軈
{0xdc86, 0x8ec9}, //軉
{0xdc87, 0x8eca}, //車
{0xdc88, 0x8ecb}, //軋
{0xdc89, 0x8ecc}, //軌
{0xdc8a, 0x8ecd}, //軍
{0xdc8b, 0x8ecf}, //軏
{0xdc8c, 0x8ed0}, //軐
{0xdc8d, 0x8ed1}, //軑
{0xdc8e, 0x8ed2}, //軒
{0xdc8f, 0x8ed3}, //軓
{0xdc90, 0x8ed4}, //軔
{0xdc91, 0x8ed5}, //軕
{0xdc92, 0x8ed6}, //軖
{0xdc93, 0x8ed7}, //軗
{0xdc94, 0x8ed8}, //軘
{0xdc95, 0x8ed9}, //軙
{0xdc96, 0x8eda}, //軚
{0xdc97, 0x8edb}, //軛
{0xdc98, 0x8edc}, //軜
{0xdc99, 0x8edd}, //軝
{0xdc9a, 0x8ede}, //軞
{0xdc9b, 0x8edf}, //軟
{0xdc9c, 0x8ee0}, //軠
{0xdc9d, 0x8ee1}, //軡
{0xdc9e, 0x8ee2}, //転
{0xdc9f, 0x8ee3}, //軣
{0xdca0, 0x8ee4}, //軤
{0xdca1, 0x580b}, //堋
{0xdca2, 0x580d}, //堍
{0xdca3, 0x57fd}, //埽
{0xdca4, 0x57ed}, //埭
{0xdca5, 0x5800}, //堀
{0xdca6, 0x581e}, //堞
{0xdca7, 0x5819}, //堙
{0xdca8, 0x5844}, //塄
{0xdca9, 0x5820}, //堠
{0xdcaa, 0x5865}, //塥
{0xdcab, 0x586c}, //塬
{0xdcac, 0x5881}, //墁
{0xdcad, 0x5889}, //墉
{0xdcae, 0x589a}, //墚
{0xdcaf, 0x5880}, //墀
{0xdcb0, 0x99a8}, //馨
{0xdcb1, 0x9f19}, //鼙
{0xdcb2, 0x61ff}, //懿
{0xdcb3, 0x8279}, //艹
{0xdcb4, 0x827d}, //艽
{0xdcb5, 0x827f}, //艿
{0xdcb6, 0x828f}, //芏
{0xdcb7, 0x828a}, //芊
{0xdcb8, 0x82a8}, //芨
{0xdcb9, 0x8284}, //芄
{0xdcba, 0x828e}, //芎
{0xdcbb, 0x8291}, //芑
{0xdcbc, 0x8297}, //芗
{0xdcbd, 0x8299}, //芙
{0xdcbe, 0x82ab}, //芫
{0xdcbf, 0x82b8}, //芸
{0xdcc0, 0x82be}, //芾
{0xdcc1, 0x82b0}, //芰
{0xdcc2, 0x82c8}, //苈
{0xdcc3, 0x82ca}, //苊
{0xdcc4, 0x82e3}, //苣
{0xdcc5, 0x8298}, //芘
{0xdcc6, 0x82b7}, //芷
{0xdcc7, 0x82ae}, //芮
{0xdcc8, 0x82cb}, //苋
{0xdcc9, 0x82cc}, //苌
{0xdcca, 0x82c1}, //苁
{0xdccb, 0x82a9}, //芩
{0xdccc, 0x82b4}, //芴
{0xdccd, 0x82a1}, //芡
{0xdcce, 0x82aa}, //芪
{0xdccf, 0x829f}, //芟
{0xdcd0, 0x82c4}, //苄
{0xdcd1, 0x82ce}, //苎
{0xdcd2, 0x82a4}, //芤
{0xdcd3, 0x82e1}, //苡
{0xdcd4, 0x8309}, //茉
{0xdcd5, 0x82f7}, //苷
{0xdcd6, 0x82e4}, //苤
{0xdcd7, 0x830f}, //茏
{0xdcd8, 0x8307}, //茇
{0xdcd9, 0x82dc}, //苜
{0xdcda, 0x82f4}, //苴
{0xdcdb, 0x82d2}, //苒
{0xdcdc, 0x82d8}, //苘
{0xdcdd, 0x830c}, //茌
{0xdcde, 0x82fb}, //苻
{0xdcdf, 0x82d3}, //苓
{0xdce0, 0x8311}, //茑
{0xdce1, 0x831a}, //茚
{0xdce2, 0x8306}, //茆
{0xdce3, 0x8314}, //茔
{0xdce4, 0x8315}, //茕
{0xdce5, 0x82e0}, //苠
{0xdce6, 0x82d5}, //苕
{0xdce7, 0x831c}, //茜
{0xdce8, 0x8351}, //荑
{0xdce9, 0x835b}, //荛
{0xdcea, 0x835c}, //荜
{0xdceb, 0x8308}, //茈
{0xdcec, 0x8392}, //莒
{0xdced, 0x833c}, //茼
{0xdcee, 0x8334}, //茴
{0xdcef, 0x8331}, //茱
{0xdcf0, 0x839b}, //莛
{0xdcf1, 0x835e}, //荞
{0xdcf2, 0x832f}, //茯
{0xdcf3, 0x834f}, //荏
{0xdcf4, 0x8347}, //荇
{0xdcf5, 0x8343}, //荃
{0xdcf6, 0x835f}, //荟
{0xdcf7, 0x8340}, //荀
{0xdcf8, 0x8317}, //茗
{0xdcf9, 0x8360}, //荠
{0xdcfa, 0x832d}, //茭
{0xdcfb, 0x833a}, //茺
{0xdcfc, 0x8333}, //茳
{0xdcfd, 0x8366}, //荦
{0xdcfe, 0x8365}, //荥
{0xdd40, 0x8ee5}, //軥
{0xdd41, 0x8ee6}, //軦
{0xdd42, 0x8ee7}, //軧
{0xdd43, 0x8ee8}, //軨
{0xdd44, 0x8ee9}, //軩
{0xdd45, 0x8eea}, //軪
{0xdd46, 0x8eeb}, //軫
{0xdd47, 0x8eec}, //軬
{0xdd48, 0x8eed}, //軭
{0xdd49, 0x8eee}, //軮
{0xdd4a, 0x8eef}, //軯
{0xdd4b, 0x8ef0}, //軰
{0xdd4c, 0x8ef1}, //軱
{0xdd4d, 0x8ef2}, //軲
{0xdd4e, 0x8ef3}, //軳
{0xdd4f, 0x8ef4}, //軴
{0xdd50, 0x8ef5}, //軵
{0xdd51, 0x8ef6}, //軶
{0xdd52, 0x8ef7}, //軷
{0xdd53, 0x8ef8}, //軸
{0xdd54, 0x8ef9}, //軹
{0xdd55, 0x8efa}, //軺
{0xdd56, 0x8efb}, //軻
{0xdd57, 0x8efc}, //軼
{0xdd58, 0x8efd}, //軽
{0xdd59, 0x8efe}, //軾
{0xdd5a, 0x8eff}, //軿
{0xdd5b, 0x8f00}, //輀
{0xdd5c, 0x8f01}, //輁
{0xdd5d, 0x8f02}, //輂
{0xdd5e, 0x8f03}, //較
{0xdd5f, 0x8f04}, //輄
{0xdd60, 0x8f05}, //輅
{0xdd61, 0x8f06}, //輆
{0xdd62, 0x8f07}, //輇
{0xdd63, 0x8f08}, //輈
{0xdd64, 0x8f09}, //載
{0xdd65, 0x8f0a}, //輊
{0xdd66, 0x8f0b}, //輋
{0xdd67, 0x8f0c}, //輌
{0xdd68, 0x8f0d}, //輍
{0xdd69, 0x8f0e}, //輎
{0xdd6a, 0x8f0f}, //輏
{0xdd6b, 0x8f10}, //輐
{0xdd6c, 0x8f11}, //輑
{0xdd6d, 0x8f12}, //輒
{0xdd6e, 0x8f13}, //輓
{0xdd6f, 0x8f14}, //輔
{0xdd70, 0x8f15}, //輕
{0xdd71, 0x8f16}, //輖
{0xdd72, 0x8f17}, //輗
{0xdd73, 0x8f18}, //輘
{0xdd74, 0x8f19}, //輙
{0xdd75, 0x8f1a}, //輚
{0xdd76, 0x8f1b}, //輛
{0xdd77, 0x8f1c}, //輜
{0xdd78, 0x8f1d}, //輝
{0xdd79, 0x8f1e}, //輞
{0xdd7a, 0x8f1f}, //輟
{0xdd7b, 0x8f20}, //輠
{0xdd7c, 0x8f21}, //輡
{0xdd7d, 0x8f22}, //輢
{0xdd7e, 0x8f23}, //輣
{0xdd80, 0x8f24}, //輤
{0xdd81, 0x8f25}, //輥
{0xdd82, 0x8f26}, //輦
{0xdd83, 0x8f27}, //輧
{0xdd84, 0x8f28}, //輨
{0xdd85, 0x8f29}, //輩
{0xdd86, 0x8f2a}, //輪
{0xdd87, 0x8f2b}, //輫
{0xdd88, 0x8f2c}, //輬
{0xdd89, 0x8f2d}, //輭
{0xdd8a, 0x8f2e}, //輮
{0xdd8b, 0x8f2f}, //輯
{0xdd8c, 0x8f30}, //輰
{0xdd8d, 0x8f31}, //輱
{0xdd8e, 0x8f32}, //輲
{0xdd8f, 0x8f33}, //輳
{0xdd90, 0x8f34}, //輴
{0xdd91, 0x8f35}, //輵
{0xdd92, 0x8f36}, //輶
{0xdd93, 0x8f37}, //輷
{0xdd94, 0x8f38}, //輸
{0xdd95, 0x8f39}, //輹
{0xdd96, 0x8f3a}, //輺
{0xdd97, 0x8f3b}, //輻
{0xdd98, 0x8f3c}, //輼
{0xdd99, 0x8f3d}, //輽
{0xdd9a, 0x8f3e}, //輾
{0xdd9b, 0x8f3f}, //輿
{0xdd9c, 0x8f40}, //轀
{0xdd9d, 0x8f41}, //轁
{0xdd9e, 0x8f42}, //轂
{0xdd9f, 0x8f43}, //轃
{0xdda0, 0x8f44}, //轄
{0xdda1, 0x8368}, //荨
{0xdda2, 0x831b}, //茛
{0xdda3, 0x8369}, //荩
{0xdda4, 0x836c}, //荬
{0xdda5, 0x836a}, //荪
{0xdda6, 0x836d}, //荭
{0xdda7, 0x836e}, //荮
{0xdda8, 0x83b0}, //莰
{0xdda9, 0x8378}, //荸
{0xddaa, 0x83b3}, //莳
{0xddab, 0x83b4}, //莴
{0xddac, 0x83a0}, //莠
{0xddad, 0x83aa}, //莪
{0xddae, 0x8393}, //莓
{0xddaf, 0x839c}, //莜
{0xddb0, 0x8385}, //莅
{0xddb1, 0x837c}, //荼
{0xddb2, 0x83b6}, //莶
{0xddb3, 0x83a9}, //莩
{0xddb4, 0x837d}, //荽
{0xddb5, 0x83b8}, //莸
{0xddb6, 0x837b}, //荻
{0xddb7, 0x8398}, //莘
{0xddb8, 0x839e}, //莞
{0xddb9, 0x83a8}, //莨
{0xddba, 0x83ba}, //莺
{0xddbb, 0x83bc}, //莼
{0xddbc, 0x83c1}, //菁
{0xddbd, 0x8401}, //萁
{0xddbe, 0x83e5}, //菥
{0xddbf, 0x83d8}, //菘
{0xddc0, 0x5807}, //堇
{0xddc1, 0x8418}, //萘
{0xddc2, 0x840b}, //萋
{0xddc3, 0x83dd}, //菝
{0xddc4, 0x83fd}, //菽
{0xddc5, 0x83d6}, //菖
{0xddc6, 0x841c}, //萜
{0xddc7, 0x8438}, //萸
{0xddc8, 0x8411}, //萑
{0xddc9, 0x8406}, //萆
{0xddca, 0x83d4}, //菔
{0xddcb, 0x83df}, //菟
{0xddcc, 0x840f}, //萏
{0xddcd, 0x8403}, //萃
{0xddce, 0x83f8}, //菸
{0xddcf, 0x83f9}, //菹
{0xddd0, 0x83ea}, //菪
{0xddd1, 0x83c5}, //菅
{0xddd2, 0x83c0}, //菀
{0xddd3, 0x8426}, //萦
{0xddd4, 0x83f0}, //菰
{0xddd5, 0x83e1}, //菡
{0xddd6, 0x845c}, //葜
{0xddd7, 0x8451}, //葑
{0xddd8, 0x845a}, //葚
{0xddd9, 0x8459}, //葙
{0xddda, 0x8473}, //葳
{0xdddb, 0x8487}, //蒇
{0xdddc, 0x8488}, //蒈
{0xdddd, 0x847a}, //葺
{0xddde, 0x8489}, //蒉
{0xdddf, 0x8478}, //葸
{0xdde0, 0x843c}, //萼
{0xdde1, 0x8446}, //葆
{0xdde2, 0x8469}, //葩
{0xdde3, 0x8476}, //葶
{0xdde4, 0x848c}, //蒌
{0xdde5, 0x848e}, //蒎
{0xdde6, 0x8431}, //萱
{0xdde7, 0x846d}, //葭
{0xdde8, 0x84c1}, //蓁
{0xdde9, 0x84cd}, //蓍
{0xddea, 0x84d0}, //蓐
{0xddeb, 0x84e6}, //蓦
{0xddec, 0x84bd}, //蒽
{0xdded, 0x84d3}, //蓓
{0xddee, 0x84ca}, //蓊
{0xddef, 0x84bf}, //蒿
{0xddf0, 0x84ba}, //蒺
{0xddf1, 0x84e0}, //蓠
{0xddf2, 0x84a1}, //蒡
{0xddf3, 0x84b9}, //蒹
{0xddf4, 0x84b4}, //蒴
{0xddf5, 0x8497}, //蒗
{0xddf6, 0x84e5}, //蓥
{0xddf7, 0x84e3}, //蓣
{0xddf8, 0x850c}, //蔌
{0xddf9, 0x750d}, //甍
{0xddfa, 0x8538}, //蔸
{0xddfb, 0x84f0}, //蓰
{0xddfc, 0x8539}, //蔹
{0xddfd, 0x851f}, //蔟
{0xddfe, 0x853a}, //蔺
{0xde40, 0x8f45}, //轅
{0xde41, 0x8f46}, //轆
{0xde42, 0x8f47}, //轇
{0xde43, 0x8f48}, //轈
{0xde44, 0x8f49}, //轉
{0xde45, 0x8f4a}, //轊
{0xde46, 0x8f4b}, //轋
{0xde47, 0x8f4c}, //轌
{0xde48, 0x8f4d}, //轍
{0xde49, 0x8f4e}, //轎
{0xde4a, 0x8f4f}, //轏
{0xde4b, 0x8f50}, //轐
{0xde4c, 0x8f51}, //轑
{0xde4d, 0x8f52}, //轒
{0xde4e, 0x8f53}, //轓
{0xde4f, 0x8f54}, //轔
{0xde50, 0x8f55}, //轕
{0xde51, 0x8f56}, //轖
{0xde52, 0x8f57}, //轗
{0xde53, 0x8f58}, //轘
{0xde54, 0x8f59}, //轙
{0xde55, 0x8f5a}, //轚
{0xde56, 0x8f5b}, //轛
{0xde57, 0x8f5c}, //轜
{0xde58, 0x8f5d}, //轝
{0xde59, 0x8f5e}, //轞
{0xde5a, 0x8f5f}, //轟
{0xde5b, 0x8f60}, //轠
{0xde5c, 0x8f61}, //轡
{0xde5d, 0x8f62}, //轢
{0xde5e, 0x8f63}, //轣
{0xde5f, 0x8f64}, //轤
{0xde60, 0x8f65}, //轥
{0xde61, 0x8f6a}, //轪
{0xde62, 0x8f80}, //辀
{0xde63, 0x8f8c}, //辌
{0xde64, 0x8f92}, //辒
{0xde65, 0x8f9d}, //辝
{0xde66, 0x8fa0}, //辠
{0xde67, 0x8fa1}, //辡
{0xde68, 0x8fa2}, //辢
{0xde69, 0x8fa4}, //辤
{0xde6a, 0x8fa5}, //辥
{0xde6b, 0x8fa6}, //辦
{0xde6c, 0x8fa7}, //辧
{0xde6d, 0x8faa}, //辪
{0xde6e, 0x8fac}, //辬
{0xde6f, 0x8fad}, //辭
{0xde70, 0x8fae}, //辮
{0xde71, 0x8faf}, //辯
{0xde72, 0x8fb2}, //農
{0xde73, 0x8fb3}, //辳
{0xde74, 0x8fb4}, //辴
{0xde75, 0x8fb5}, //辵
{0xde76, 0x8fb7}, //辷
{0xde77, 0x8fb8}, //辸
{0xde78, 0x8fba}, //辺
{0xde79, 0x8fbb}, //辻
{0xde7a, 0x8fbc}, //込
{0xde7b, 0x8fbf}, //辿
{0xde7c, 0x8fc0}, //迀
{0xde7d, 0x8fc3}, //迃
{0xde7e, 0x8fc6}, //迆
{0xde80, 0x8fc9}, //迉
{0xde81, 0x8fca}, //迊
{0xde82, 0x8fcb}, //迋
{0xde83, 0x8fcc}, //迌
{0xde84, 0x8fcd}, //迍
{0xde85, 0x8fcf}, //迏
{0xde86, 0x8fd2}, //迒
{0xde87, 0x8fd6}, //迖
{0xde88, 0x8fd7}, //迗
{0xde89, 0x8fda}, //迚
{0xde8a, 0x8fe0}, //迠
{0xde8b, 0x8fe1}, //迡
{0xde8c, 0x8fe3}, //迣
{0xde8d, 0x8fe7}, //迧
{0xde8e, 0x8fec}, //迬
{0xde8f, 0x8fef}, //迯
{0xde90, 0x8ff1}, //迱
{0xde91, 0x8ff2}, //迲
{0xde92, 0x8ff4}, //迴
{0xde93, 0x8ff5}, //迵
{0xde94, 0x8ff6}, //迶
{0xde95, 0x8ffa}, //迺
{0xde96, 0x8ffb}, //迻
{0xde97, 0x8ffc}, //迼
{0xde98, 0x8ffe}, //迾
{0xde99, 0x8fff}, //迿
{0xde9a, 0x9007}, //逇
{0xde9b, 0x9008}, //逈
{0xde9c, 0x900c}, //逌
{0xde9d, 0x900e}, //逎
{0xde9e, 0x9013}, //逓
{0xde9f, 0x9015}, //逕
{0xdea0, 0x9018}, //逘
{0xdea1, 0x8556}, //蕖
{0xdea2, 0x853b}, //蔻
{0xdea3, 0x84ff}, //蓿
{0xdea4, 0x84fc}, //蓼
{0xdea5, 0x8559}, //蕙
{0xdea6, 0x8548}, //蕈
{0xdea7, 0x8568}, //蕨
{0xdea8, 0x8564}, //蕤
{0xdea9, 0x855e}, //蕞
{0xdeaa, 0x857a}, //蕺
{0xdeab, 0x77a2}, //瞢
{0xdeac, 0x8543}, //蕃
{0xdead, 0x8572}, //蕲
{0xdeae, 0x857b}, //蕻
{0xdeaf, 0x85a4}, //薤
{0xdeb0, 0x85a8}, //薨
{0xdeb1, 0x8587}, //薇
{0xdeb2, 0x858f}, //薏
{0xdeb3, 0x8579}, //蕹
{0xdeb4, 0x85ae}, //薮
{0xdeb5, 0x859c}, //薜
{0xdeb6, 0x8585}, //薅
{0xdeb7, 0x85b9}, //薹
{0xdeb8, 0x85b7}, //薷
{0xdeb9, 0x85b0}, //薰
{0xdeba, 0x85d3}, //藓
{0xdebb, 0x85c1}, //藁
{0xdebc, 0x85dc}, //藜
{0xdebd, 0x85ff}, //藿
{0xdebe, 0x8627}, //蘧
{0xdebf, 0x8605}, //蘅
{0xdec0, 0x8629}, //蘩
{0xdec1, 0x8616}, //蘖
{0xdec2, 0x863c}, //蘼
{0xdec3, 0x5efe}, //廾
{0xdec4, 0x5f08}, //弈
{0xdec5, 0x593c}, //夼
{0xdec6, 0x5941}, //奁
{0xdec7, 0x8037}, //耷
{0xdec8, 0x5955}, //奕
{0xdec9, 0x595a}, //奚
{0xdeca, 0x5958}, //奘
{0xdecb, 0x530f}, //匏
{0xdecc, 0x5c22}, //尢
{0xdecd, 0x5c25}, //尥
{0xdece, 0x5c2c}, //尬
{0xdecf, 0x5c34}, //尴
{0xded0, 0x624c}, //扌
{0xded1, 0x626a}, //扪
{0xded2, 0x629f}, //抟
{0xded3, 0x62bb}, //抻
{0xded4, 0x62ca}, //拊
{0xded5, 0x62da}, //拚
{0xded6, 0x62d7}, //拗
{0xded7, 0x62ee}, //拮
{0xded8, 0x6322}, //挢
{0xded9, 0x62f6}, //拶
{0xdeda, 0x6339}, //挹
{0xdedb, 0x634b}, //捋
{0xdedc, 0x6343}, //捃
{0xdedd, 0x63ad}, //掭
{0xdede, 0x63f6}, //揶
{0xdedf, 0x6371}, //捱
{0xdee0, 0x637a}, //捺
{0xdee1, 0x638e}, //掎
{0xdee2, 0x63b4}, //掴
{0xdee3, 0x636d}, //捭
{0xdee4, 0x63ac}, //掬
{0xdee5, 0x638a}, //掊
{0xdee6, 0x6369}, //捩
{0xdee7, 0x63ae}, //掮
{0xdee8, 0x63bc}, //掼
{0xdee9, 0x63f2}, //揲
{0xdeea, 0x63f8}, //揸
{0xdeeb, 0x63e0}, //揠
{0xdeec, 0x63ff}, //揿
{0xdeed, 0x63c4}, //揄
{0xdeee, 0x63de}, //揞
{0xdeef, 0x63ce}, //揎
{0xdef0, 0x6452}, //摒
{0xdef1, 0x63c6}, //揆
{0xdef2, 0x63be}, //掾
{0xdef3, 0x6445}, //摅
{0xdef4, 0x6441}, //摁
{0xdef5, 0x640b}, //搋
{0xdef6, 0x641b}, //搛
{0xdef7, 0x6420}, //搠
{0xdef8, 0x640c}, //搌
{0xdef9, 0x6426}, //搦
{0xdefa, 0x6421}, //搡
{0xdefb, 0x645e}, //摞
{0xdefc, 0x6484}, //撄
{0xdefd, 0x646d}, //摭
{0xdefe, 0x6496}, //撖
{0xdf40, 0x9019}, //這
{0xdf41, 0x901c}, //逜
{0xdf42, 0x9023}, //連
{0xdf43, 0x9024}, //逤
{0xdf44, 0x9025}, //逥
{0xdf45, 0x9027}, //逧
{0xdf46, 0x9028}, //逨
{0xdf47, 0x9029}, //逩
{0xdf48, 0x902a}, //逪
{0xdf49, 0x902b}, //逫
{0xdf4a, 0x902c}, //逬
{0xdf4b, 0x9030}, //逰
{0xdf4c, 0x9031}, //週
{0xdf4d, 0x9032}, //進
{0xdf4e, 0x9033}, //逳
{0xdf4f, 0x9034}, //逴
{0xdf50, 0x9037}, //逷
{0xdf51, 0x9039}, //逹
{0xdf52, 0x903a}, //逺
{0xdf53, 0x903d}, //逽
{0xdf54, 0x903f}, //逿
{0xdf55, 0x9040}, //遀
{0xdf56, 0x9043}, //遃
{0xdf57, 0x9045}, //遅
{0xdf58, 0x9046}, //遆
{0xdf59, 0x9048}, //遈
{0xdf5a, 0x9049}, //遉
{0xdf5b, 0x904a}, //遊
{0xdf5c, 0x904b}, //運
{0xdf5d, 0x904c}, //遌
{0xdf5e, 0x904e}, //過
{0xdf5f, 0x9054}, //達
{0xdf60, 0x9055}, //違
{0xdf61, 0x9056}, //遖
{0xdf62, 0x9059}, //遙
{0xdf63, 0x905a}, //遚
{0xdf64, 0x905c}, //遜
{0xdf65, 0x905d}, //遝
{0xdf66, 0x905e}, //遞
{0xdf67, 0x905f}, //遟
{0xdf68, 0x9060}, //遠
{0xdf69, 0x9061}, //遡
{0xdf6a, 0x9064}, //遤
{0xdf6b, 0x9066}, //遦
{0xdf6c, 0x9067}, //遧
{0xdf6d, 0x9069}, //適
{0xdf6e, 0x906a}, //遪
{0xdf6f, 0x906b}, //遫
{0xdf70, 0x906c}, //遬
{0xdf71, 0x906f}, //遯
{0xdf72, 0x9070}, //遰
{0xdf73, 0x9071}, //遱
{0xdf74, 0x9072}, //遲
{0xdf75, 0x9073}, //遳
{0xdf76, 0x9076}, //遶
{0xdf77, 0x9077}, //遷
{0xdf78, 0x9078}, //選
{0xdf79, 0x9079}, //遹
{0xdf7a, 0x907a}, //遺
{0xdf7b, 0x907b}, //遻
{0xdf7c, 0x907c}, //遼
{0xdf7d, 0x907e}, //遾
{0xdf7e, 0x9081}, //邁
{0xdf80, 0x9084}, //還
{0xdf81, 0x9085}, //邅
{0xdf82, 0x9086}, //邆
{0xdf83, 0x9087}, //邇
{0xdf84, 0x9089}, //邉
{0xdf85, 0x908a}, //邊
{0xdf86, 0x908c}, //邌
{0xdf87, 0x908d}, //邍
{0xdf88, 0x908e}, //邎
{0xdf89, 0x908f}, //邏
{0xdf8a, 0x9090}, //邐
{0xdf8b, 0x9092}, //邒
{0xdf8c, 0x9094}, //邔
{0xdf8d, 0x9096}, //邖
{0xdf8e, 0x9098}, //邘
{0xdf8f, 0x909a}, //邚
{0xdf90, 0x909c}, //邜
{0xdf91, 0x909e}, //邞
{0xdf92, 0x909f}, //邟
{0xdf93, 0x90a0}, //邠
{0xdf94, 0x90a4}, //邤
{0xdf95, 0x90a5}, //邥
{0xdf96, 0x90a7}, //邧
{0xdf97, 0x90a8}, //邨
{0xdf98, 0x90a9}, //邩
{0xdf99, 0x90ab}, //邫
{0xdf9a, 0x90ad}, //邭
{0xdf9b, 0x90b2}, //邲
{0xdf9c, 0x90b7}, //邷
{0xdf9d, 0x90bc}, //邼
{0xdf9e, 0x90bd}, //邽
{0xdf9f, 0x90bf}, //邿
{0xdfa0, 0x90c0}, //郀
{0xdfa1, 0x647a}, //摺
{0xdfa2, 0x64b7}, //撷
{0xdfa3, 0x64b8}, //撸
{0xdfa4, 0x6499}, //撙
{0xdfa5, 0x64ba}, //撺
{0xdfa6, 0x64c0}, //擀
{0xdfa7, 0x64d0}, //擐
{0xdfa8, 0x64d7}, //擗
{0xdfa9, 0x64e4}, //擤
{0xdfaa, 0x64e2}, //擢
{0xdfab, 0x6509}, //攉
{0xdfac, 0x6525}, //攥
{0xdfad, 0x652e}, //攮
{0xdfae, 0x5f0b}, //弋
{0xdfaf, 0x5fd2}, //忒
{0xdfb0, 0x7519}, //甙
{0xdfb1, 0x5f11}, //弑
{0xdfb2, 0x535f}, //卟
{0xdfb3, 0x53f1}, //叱
{0xdfb4, 0x53fd}, //叽
{0xdfb5, 0x53e9}, //叩
{0xdfb6, 0x53e8}, //叨
{0xdfb7, 0x53fb}, //叻
{0xdfb8, 0x5412}, //吒
{0xdfb9, 0x5416}, //吖
{0xdfba, 0x5406}, //吆
{0xdfbb, 0x544b}, //呋
{0xdfbc, 0x5452}, //呒
{0xdfbd, 0x5453}, //呓
{0xdfbe, 0x5454}, //呔
{0xdfbf, 0x5456}, //呖
{0xdfc0, 0x5443}, //呃
{0xdfc1, 0x5421}, //吡
{0xdfc2, 0x5457}, //呗
{0xdfc3, 0x5459}, //呙
{0xdfc4, 0x5423}, //吣
{0xdfc5, 0x5432}, //吲
{0xdfc6, 0x5482}, //咂
{0xdfc7, 0x5494}, //咔
{0xdfc8, 0x5477}, //呷
{0xdfc9, 0x5471}, //呱
{0xdfca, 0x5464}, //呤
{0xdfcb, 0x549a}, //咚
{0xdfcc, 0x549b}, //咛
{0xdfcd, 0x5484}, //咄
{0xdfce, 0x5476}, //呶
{0xdfcf, 0x5466}, //呦
{0xdfd0, 0x549d}, //咝
{0xdfd1, 0x54d0}, //哐
{0xdfd2, 0x54ad}, //咭
{0xdfd3, 0x54c2}, //哂
{0xdfd4, 0x54b4}, //咴
{0xdfd5, 0x54d2}, //哒
{0xdfd6, 0x54a7}, //咧
{0xdfd7, 0x54a6}, //咦
{0xdfd8, 0x54d3}, //哓
{0xdfd9, 0x54d4}, //哔
{0xdfda, 0x5472}, //呲
{0xdfdb, 0x54a3}, //咣
{0xdfdc, 0x54d5}, //哕
{0xdfdd, 0x54bb}, //咻
{0xdfde, 0x54bf}, //咿
{0xdfdf, 0x54cc}, //哌
{0xdfe0, 0x54d9}, //哙
{0xdfe1, 0x54da}, //哚
{0xdfe2, 0x54dc}, //哜
{0xdfe3, 0x54a9}, //咩
{0xdfe4, 0x54aa}, //咪
{0xdfe5, 0x54a4}, //咤
{0xdfe6, 0x54dd}, //哝
{0xdfe7, 0x54cf}, //哏
{0xdfe8, 0x54de}, //哞
{0xdfe9, 0x551b}, //唛
{0xdfea, 0x54e7}, //哧
{0xdfeb, 0x5520}, //唠
{0xdfec, 0x54fd}, //哽
{0xdfed, 0x5514}, //唔
{0xdfee, 0x54f3}, //哳
{0xdfef, 0x5522}, //唢
{0xdff0, 0x5523}, //唣
{0xdff1, 0x550f}, //唏
{0xdff2, 0x5511}, //唑
{0xdff3, 0x5527}, //唧
{0xdff4, 0x552a}, //唪
{0xdff5, 0x5567}, //啧
{0xdff6, 0x558f}, //喏
{0xdff7, 0x55b5}, //喵
{0xdff8, 0x5549}, //啉
{0xdff9, 0x556d}, //啭
{0xdffa, 0x5541}, //啁
{0xdffb, 0x5555}, //啕
{0xdffc, 0x553f}, //唿
{0xdffd, 0x5550}, //啐
{0xdffe, 0x553c}, //唼
{0xe040, 0x90c2}, //郂
{0xe041, 0x90c3}, //郃
{0xe042, 0x90c6}, //郆
{0xe043, 0x90c8}, //郈
{0xe044, 0x90c9}, //郉
{0xe045, 0x90cb}, //郋
{0xe046, 0x90cc}, //郌
{0xe047, 0x90cd}, //郍
{0xe048, 0x90d2}, //郒
{0xe049, 0x90d4}, //郔
{0xe04a, 0x90d5}, //郕
{0xe04b, 0x90d6}, //郖
{0xe04c, 0x90d8}, //郘
{0xe04d, 0x90d9}, //郙
{0xe04e, 0x90da}, //郚
{0xe04f, 0x90de}, //郞
{0xe050, 0x90df}, //郟
{0xe051, 0x90e0}, //郠
{0xe052, 0x90e3}, //郣
{0xe053, 0x90e4}, //郤
{0xe054, 0x90e5}, //郥
{0xe055, 0x90e9}, //郩
{0xe056, 0x90ea}, //郪
{0xe057, 0x90ec}, //郬
{0xe058, 0x90ee}, //郮
{0xe059, 0x90f0}, //郰
{0xe05a, 0x90f1}, //郱
{0xe05b, 0x90f2}, //郲
{0xe05c, 0x90f3}, //郳
{0xe05d, 0x90f5}, //郵
{0xe05e, 0x90f6}, //郶
{0xe05f, 0x90f7}, //郷
{0xe060, 0x90f9}, //郹
{0xe061, 0x90fa}, //郺
{0xe062, 0x90fb}, //郻
{0xe063, 0x90fc}, //郼
{0xe064, 0x90ff}, //郿
{0xe065, 0x9100}, //鄀
{0xe066, 0x9101}, //鄁
{0xe067, 0x9103}, //鄃
{0xe068, 0x9105}, //鄅
{0xe069, 0x9106}, //鄆
{0xe06a, 0x9107}, //鄇
{0xe06b, 0x9108}, //鄈
{0xe06c, 0x9109}, //鄉
{0xe06d, 0x910a}, //鄊
{0xe06e, 0x910b}, //鄋
{0xe06f, 0x910c}, //鄌
{0xe070, 0x910d}, //鄍
{0xe071, 0x910e}, //鄎
{0xe072, 0x910f}, //鄏
{0xe073, 0x9110}, //鄐
{0xe074, 0x9111}, //鄑
{0xe075, 0x9112}, //鄒
{0xe076, 0x9113}, //鄓
{0xe077, 0x9114}, //鄔
{0xe078, 0x9115}, //鄕
{0xe079, 0x9116}, //鄖
{0xe07a, 0x9117}, //鄗
{0xe07b, 0x9118}, //鄘
{0xe07c, 0x911a}, //鄚
{0xe07d, 0x911b}, //鄛
{0xe07e, 0x911c}, //鄜
{0xe080, 0x911d}, //鄝
{0xe081, 0x911f}, //鄟
{0xe082, 0x9120}, //鄠
{0xe083, 0x9121}, //鄡
{0xe084, 0x9124}, //鄤
{0xe085, 0x9125}, //鄥
{0xe086, 0x9126}, //鄦
{0xe087, 0x9127}, //鄧
{0xe088, 0x9128}, //鄨
{0xe089, 0x9129}, //鄩
{0xe08a, 0x912a}, //鄪
{0xe08b, 0x912b}, //鄫
{0xe08c, 0x912c}, //鄬
{0xe08d, 0x912d}, //鄭
{0xe08e, 0x912e}, //鄮
{0xe08f, 0x9130}, //鄰
{0xe090, 0x9132}, //鄲
{0xe091, 0x9133}, //鄳
{0xe092, 0x9134}, //鄴
{0xe093, 0x9135}, //鄵
{0xe094, 0x9136}, //鄶
{0xe095, 0x9137}, //鄷
{0xe096, 0x9138}, //鄸
{0xe097, 0x913a}, //鄺
{0xe098, 0x913b}, //鄻
{0xe099, 0x913c}, //鄼
{0xe09a, 0x913d}, //鄽
{0xe09b, 0x913e}, //鄾
{0xe09c, 0x913f}, //鄿
{0xe09d, 0x9140}, //酀
{0xe09e, 0x9141}, //酁
{0xe09f, 0x9142}, //酂
{0xe0a0, 0x9144}, //酄
{0xe0a1, 0x5537}, //唷
{0xe0a2, 0x5556}, //啖
{0xe0a3, 0x5575}, //啵
{0xe0a4, 0x5576}, //啶
{0xe0a5, 0x5577}, //啷
{0xe0a6, 0x5533}, //唳
{0xe0a7, 0x5530}, //唰
{0xe0a8, 0x555c}, //啜
{0xe0a9, 0x558b}, //喋
{0xe0aa, 0x55d2}, //嗒
{0xe0ab, 0x5583}, //喃
{0xe0ac, 0x55b1}, //喱
{0xe0ad, 0x55b9}, //喹
{0xe0ae, 0x5588}, //喈
{0xe0af, 0x5581}, //喁
{0xe0b0, 0x559f}, //喟
{0xe0b1, 0x557e}, //啾
{0xe0b2, 0x55d6}, //嗖
{0xe0b3, 0x5591}, //喑
{0xe0b4, 0x557b}, //啻
{0xe0b5, 0x55df}, //嗟
{0xe0b6, 0x55bd}, //喽
{0xe0b7, 0x55be}, //喾
{0xe0b8, 0x5594}, //喔
{0xe0b9, 0x5599}, //喙
{0xe0ba, 0x55ea}, //嗪
{0xe0bb, 0x55f7}, //嗷
{0xe0bc, 0x55c9}, //嗉
{0xe0bd, 0x561f}, //嘟
{0xe0be, 0x55d1}, //嗑
{0xe0bf, 0x55eb}, //嗫
{0xe0c0, 0x55ec}, //嗬
{0xe0c1, 0x55d4}, //嗔
{0xe0c2, 0x55e6}, //嗦
{0xe0c3, 0x55dd}, //嗝
{0xe0c4, 0x55c4}, //嗄
{0xe0c5, 0x55ef}, //嗯
{0xe0c6, 0x55e5}, //嗥
{0xe0c7, 0x55f2}, //嗲
{0xe0c8, 0x55f3}, //嗳
{0xe0c9, 0x55cc}, //嗌
{0xe0ca, 0x55cd}, //嗍
{0xe0cb, 0x55e8}, //嗨
{0xe0cc, 0x55f5}, //嗵
{0xe0cd, 0x55e4}, //嗤
{0xe0ce, 0x8f94}, //辔
{0xe0cf, 0x561e}, //嘞
{0xe0d0, 0x5608}, //嘈
{0xe0d1, 0x560c}, //嘌
{0xe0d2, 0x5601}, //嘁
{0xe0d3, 0x5624}, //嘤
{0xe0d4, 0x5623}, //嘣
{0xe0d5, 0x55fe}, //嗾
{0xe0d6, 0x5600}, //嘀
{0xe0d7, 0x5627}, //嘧
{0xe0d8, 0x562d}, //嘭
{0xe0d9, 0x5658}, //噘
{0xe0da, 0x5639}, //嘹
{0xe0db, 0x5657}, //噗
{0xe0dc, 0x562c}, //嘬
{0xe0dd, 0x564d}, //噍
{0xe0de, 0x5662}, //噢
{0xe0df, 0x5659}, //噙
{0xe0e0, 0x565c}, //噜
{0xe0e1, 0x564c}, //噌
{0xe0e2, 0x5654}, //噔
{0xe0e3, 0x5686}, //嚆
{0xe0e4, 0x5664}, //噤
{0xe0e5, 0x5671}, //噱
{0xe0e6, 0x566b}, //噫
{0xe0e7, 0x567b}, //噻
{0xe0e8, 0x567c}, //噼
{0xe0e9, 0x5685}, //嚅
{0xe0ea, 0x5693}, //嚓
{0xe0eb, 0x56af}, //嚯
{0xe0ec, 0x56d4}, //囔
{0xe0ed, 0x56d7}, //囗
{0xe0ee, 0x56dd}, //囝
{0xe0ef, 0x56e1}, //囡
{0xe0f0, 0x56f5}, //囵
{0xe0f1, 0x56eb}, //囫
{0xe0f2, 0x56f9}, //囹
{0xe0f3, 0x56ff}, //囿
{0xe0f4, 0x5704}, //圄
{0xe0f5, 0x570a}, //圊
{0xe0f6, 0x5709}, //圉
{0xe0f7, 0x571c}, //圜
{0xe0f8, 0x5e0f}, //帏
{0xe0f9, 0x5e19}, //帙
{0xe0fa, 0x5e14}, //帔
{0xe0fb, 0x5e11}, //帑
{0xe0fc, 0x5e31}, //帱
{0xe0fd, 0x5e3b}, //帻
{0xe0fe, 0x5e3c}, //帼
{0xe140, 0x9145}, //酅
{0xe141, 0x9147}, //酇
{0xe142, 0x9148}, //酈
{0xe143, 0x9151}, //酑
{0xe144, 0x9153}, //酓
{0xe145, 0x9154}, //酔
{0xe146, 0x9155}, //酕
{0xe147, 0x9156}, //酖
{0xe148, 0x9158}, //酘
{0xe149, 0x9159}, //酙
{0xe14a, 0x915b}, //酛
{0xe14b, 0x915c}, //酜
{0xe14c, 0x915f}, //酟
{0xe14d, 0x9160}, //酠
{0xe14e, 0x9166}, //酦
{0xe14f, 0x9167}, //酧
{0xe150, 0x9168}, //酨
{0xe151, 0x916b}, //酫
{0xe152, 0x916d}, //酭
{0xe153, 0x9173}, //酳
{0xe154, 0x917a}, //酺
{0xe155, 0x917b}, //酻
{0xe156, 0x917c}, //酼
{0xe157, 0x9180}, //醀
{0xe158, 0x9181}, //醁
{0xe159, 0x9182}, //醂
{0xe15a, 0x9183}, //醃
{0xe15b, 0x9184}, //醄
{0xe15c, 0x9186}, //醆
{0xe15d, 0x9188}, //醈
{0xe15e, 0x918a}, //醊
{0xe15f, 0x918e}, //醎
{0xe160, 0x918f}, //醏
{0xe161, 0x9193}, //醓
{0xe162, 0x9194}, //醔
{0xe163, 0x9195}, //醕
{0xe164, 0x9196}, //醖
{0xe165, 0x9197}, //醗
{0xe166, 0x9198}, //醘
{0xe167, 0x9199}, //醙
{0xe168, 0x919c}, //醜
{0xe169, 0x919d}, //醝
{0xe16a, 0x919e}, //醞
{0xe16b, 0x919f}, //醟
{0xe16c, 0x91a0}, //醠
{0xe16d, 0x91a1}, //醡
{0xe16e, 0x91a4}, //醤
{0xe16f, 0x91a5}, //醥
{0xe170, 0x91a6}, //醦
{0xe171, 0x91a7}, //醧
{0xe172, 0x91a8}, //醨
{0xe173, 0x91a9}, //醩
{0xe174, 0x91ab}, //醫
{0xe175, 0x91ac}, //醬
{0xe176, 0x91b0}, //醰
{0xe177, 0x91b1}, //醱
{0xe178, 0x91b2}, //醲
{0xe179, 0x91b3}, //醳
{0xe17a, 0x91b6}, //醶
{0xe17b, 0x91b7}, //醷
{0xe17c, 0x91b8}, //醸
{0xe17d, 0x91b9}, //醹
{0xe17e, 0x91bb}, //醻
{0xe180, 0x91bc}, //醼
{0xe181, 0x91bd}, //醽
{0xe182, 0x91be}, //醾
{0xe183, 0x91bf}, //醿
{0xe184, 0x91c0}, //釀
{0xe185, 0x91c1}, //釁
{0xe186, 0x91c2}, //釂
{0xe187, 0x91c3}, //釃
{0xe188, 0x91c4}, //釄
{0xe189, 0x91c5}, //釅
{0xe18a, 0x91c6}, //釆
{0xe18b, 0x91c8}, //釈
{0xe18c, 0x91cb}, //釋
{0xe18d, 0x91d0}, //釐
{0xe18e, 0x91d2}, //釒
{0xe18f, 0x91d3}, //釓
{0xe190, 0x91d4}, //釔
{0xe191, 0x91d5}, //釕
{0xe192, 0x91d6}, //釖
{0xe193, 0x91d7}, //釗
{0xe194, 0x91d8}, //釘
{0xe195, 0x91d9}, //釙
{0xe196, 0x91da}, //釚
{0xe197, 0x91db}, //釛
{0xe198, 0x91dd}, //針
{0xe199, 0x91de}, //釞
{0xe19a, 0x91df}, //釟
{0xe19b, 0x91e0}, //釠
{0xe19c, 0x91e1}, //釡
{0xe19d, 0x91e2}, //釢
{0xe19e, 0x91e3}, //釣
{0xe19f, 0x91e4}, //釤
{0xe1a0, 0x91e5}, //釥
{0xe1a1, 0x5e37}, //帷
{0xe1a2, 0x5e44}, //幄
{0xe1a3, 0x5e54}, //幔
{0xe1a4, 0x5e5b}, //幛
{0xe1a5, 0x5e5e}, //幞
{0xe1a6, 0x5e61}, //幡
{0xe1a7, 0x5c8c}, //岌
{0xe1a8, 0x5c7a}, //屺
{0xe1a9, 0x5c8d}, //岍
{0xe1aa, 0x5c90}, //岐
{0xe1ab, 0x5c96}, //岖
{0xe1ac, 0x5c88}, //岈
{0xe1ad, 0x5c98}, //岘
{0xe1ae, 0x5c99}, //岙
{0xe1af, 0x5c91}, //岑
{0xe1b0, 0x5c9a}, //岚
{0xe1b1, 0x5c9c}, //岜
{0xe1b2, 0x5cb5}, //岵
{0xe1b3, 0x5ca2}, //岢
{0xe1b4, 0x5cbd}, //岽
{0xe1b5, 0x5cac}, //岬
{0xe1b6, 0x5cab}, //岫
{0xe1b7, 0x5cb1}, //岱
{0xe1b8, 0x5ca3}, //岣
{0xe1b9, 0x5cc1}, //峁
{0xe1ba, 0x5cb7}, //岷
{0xe1bb, 0x5cc4}, //峄
{0xe1bc, 0x5cd2}, //峒
{0xe1bd, 0x5ce4}, //峤
{0xe1be, 0x5ccb}, //峋
{0xe1bf, 0x5ce5}, //峥
{0xe1c0, 0x5d02}, //崂
{0xe1c1, 0x5d03}, //崃
{0xe1c2, 0x5d27}, //崧
{0xe1c3, 0x5d26}, //崦
{0xe1c4, 0x5d2e}, //崮
{0xe1c5, 0x5d24}, //崤
{0xe1c6, 0x5d1e}, //崞
{0xe1c7, 0x5d06}, //崆
{0xe1c8, 0x5d1b}, //崛
{0xe1c9, 0x5d58}, //嵘
{0xe1ca, 0x5d3e}, //崾
{0xe1cb, 0x5d34}, //崴
{0xe1cc, 0x5d3d}, //崽
{0xe1cd, 0x5d6c}, //嵬
{0xe1ce, 0x5d5b}, //嵛
{0xe1cf, 0x5d6f}, //嵯
{0xe1d0, 0x5d5d}, //嵝
{0xe1d1, 0x5d6b}, //嵫
{0xe1d2, 0x5d4b}, //嵋
{0xe1d3, 0x5d4a}, //嵊
{0xe1d4, 0x5d69}, //嵩
{0xe1d5, 0x5d74}, //嵴
{0xe1d6, 0x5d82}, //嶂
{0xe1d7, 0x5d99}, //嶙
{0xe1d8, 0x5d9d}, //嶝
{0xe1d9, 0x8c73}, //豳
{0xe1da, 0x5db7}, //嶷
{0xe1db, 0x5dc5}, //巅
{0xe1dc, 0x5f73}, //彳
{0xe1dd, 0x5f77}, //彷
{0xe1de, 0x5f82}, //徂
{0xe1df, 0x5f87}, //徇
{0xe1e0, 0x5f89}, //徉
{0xe1e1, 0x5f8c}, //後
{0xe1e2, 0x5f95}, //徕
{0xe1e3, 0x5f99}, //徙
{0xe1e4, 0x5f9c}, //徜
{0xe1e5, 0x5fa8}, //徨
{0xe1e6, 0x5fad}, //徭
{0xe1e7, 0x5fb5}, //徵
{0xe1e8, 0x5fbc}, //徼
{0xe1e9, 0x8862}, //衢
{0xe1ea, 0x5f61}, //彡
{0xe1eb, 0x72ad}, //犭
{0xe1ec, 0x72b0}, //犰
{0xe1ed, 0x72b4}, //犴
{0xe1ee, 0x72b7}, //犷
{0xe1ef, 0x72b8}, //犸
{0xe1f0, 0x72c3}, //狃
{0xe1f1, 0x72c1}, //狁
{0xe1f2, 0x72ce}, //狎
{0xe1f3, 0x72cd}, //狍
{0xe1f4, 0x72d2}, //狒
{0xe1f5, 0x72e8}, //狨
{0xe1f6, 0x72ef}, //狯
{0xe1f7, 0x72e9}, //狩
{0xe1f8, 0x72f2}, //狲
{0xe1f9, 0x72f4}, //狴
{0xe1fa, 0x72f7}, //狷
{0xe1fb, 0x7301}, //猁
{0xe1fc, 0x72f3}, //狳
{0xe1fd, 0x7303}, //猃
{0xe1fe, 0x72fa}, //狺
{0xe240, 0x91e6}, //釦
{0xe241, 0x91e7}, //釧
{0xe242, 0x91e8}, //釨
{0xe243, 0x91e9}, //釩
{0xe244, 0x91ea}, //釪
{0xe245, 0x91eb}, //釫
{0xe246, 0x91ec}, //釬
{0xe247, 0x91ed}, //釭
{0xe248, 0x91ee}, //釮
{0xe249, 0x91ef}, //釯
{0xe24a, 0x91f0}, //釰
{0xe24b, 0x91f1}, //釱
{0xe24c, 0x91f2}, //釲
{0xe24d, 0x91f3}, //釳
{0xe24e, 0x91f4}, //釴
{0xe24f, 0x91f5}, //釵
{0xe250, 0x91f6}, //釶
{0xe251, 0x91f7}, //釷
{0xe252, 0x91f8}, //釸
{0xe253, 0x91f9}, //釹
{0xe254, 0x91fa}, //釺
{0xe255, 0x91fb}, //釻
{0xe256, 0x91fc}, //釼
{0xe257, 0x91fd}, //釽
{0xe258, 0x91fe}, //釾
{0xe259, 0x91ff}, //釿
{0xe25a, 0x9200}, //鈀
{0xe25b, 0x9201}, //鈁
{0xe25c, 0x9202}, //鈂
{0xe25d, 0x9203}, //鈃
{0xe25e, 0x9204}, //鈄
{0xe25f, 0x9205}, //鈅
{0xe260, 0x9206}, //鈆
{0xe261, 0x9207}, //鈇
{0xe262, 0x9208}, //鈈
{0xe263, 0x9209}, //鈉
{0xe264, 0x920a}, //鈊
{0xe265, 0x920b}, //鈋
{0xe266, 0x920c}, //鈌
{0xe267, 0x920d}, //鈍
{0xe268, 0x920e}, //鈎
{0xe269, 0x920f}, //鈏
{0xe26a, 0x9210}, //鈐
{0xe26b, 0x9211}, //鈑
{0xe26c, 0x9212}, //鈒
{0xe26d, 0x9213}, //鈓
{0xe26e, 0x9214}, //鈔
{0xe26f, 0x9215}, //鈕
{0xe270, 0x9216}, //鈖
{0xe271, 0x9217}, //鈗
{0xe272, 0x9218}, //鈘
{0xe273, 0x9219}, //鈙
{0xe274, 0x921a}, //鈚
{0xe275, 0x921b}, //鈛
{0xe276, 0x921c}, //鈜
{0xe277, 0x921d}, //鈝
{0xe278, 0x921e}, //鈞
{0xe279, 0x921f}, //鈟
{0xe27a, 0x9220}, //鈠
{0xe27b, 0x9221}, //鈡
{0xe27c, 0x9222}, //鈢
{0xe27d, 0x9223}, //鈣
{0xe27e, 0x9224}, //鈤
{0xe280, 0x9225}, //鈥
{0xe281, 0x9226}, //鈦
{0xe282, 0x9227}, //鈧
{0xe283, 0x9228}, //鈨
{0xe284, 0x9229}, //鈩
{0xe285, 0x922a}, //鈪
{0xe286, 0x922b}, //鈫
{0xe287, 0x922c}, //鈬
{0xe288, 0x922d}, //鈭
{0xe289, 0x922e}, //鈮
{0xe28a, 0x922f}, //鈯
{0xe28b, 0x9230}, //鈰
{0xe28c, 0x9231}, //鈱
{0xe28d, 0x9232}, //鈲
{0xe28e, 0x9233}, //鈳
{0xe28f, 0x9234}, //鈴
{0xe290, 0x9235}, //鈵
{0xe291, 0x9236}, //鈶
{0xe292, 0x9237}, //鈷
{0xe293, 0x9238}, //鈸
{0xe294, 0x9239}, //鈹
{0xe295, 0x923a}, //鈺
{0xe296, 0x923b}, //鈻
{0xe297, 0x923c}, //鈼
{0xe298, 0x923d}, //鈽
{0xe299, 0x923e}, //鈾
{0xe29a, 0x923f}, //鈿
{0xe29b, 0x9240}, //鉀
{0xe29c, 0x9241}, //鉁
{0xe29d, 0x9242}, //鉂
{0xe29e, 0x9243}, //鉃
{0xe29f, 0x9244}, //鉄
{0xe2a0, 0x9245}, //鉅
{0xe2a1, 0x72fb}, //狻
{0xe2a2, 0x7317}, //猗
{0xe2a3, 0x7313}, //猓
{0xe2a4, 0x7321}, //猡
{0xe2a5, 0x730a}, //猊
{0xe2a6, 0x731e}, //猞
{0xe2a7, 0x731d}, //猝
{0xe2a8, 0x7315}, //猕
{0xe2a9, 0x7322}, //猢
{0xe2aa, 0x7339}, //猹
{0xe2ab, 0x7325}, //猥
{0xe2ac, 0x732c}, //猬
{0xe2ad, 0x7338}, //猸
{0xe2ae, 0x7331}, //猱
{0xe2af, 0x7350}, //獐
{0xe2b0, 0x734d}, //獍
{0xe2b1, 0x7357}, //獗
{0xe2b2, 0x7360}, //獠
{0xe2b3, 0x736c}, //獬
{0xe2b4, 0x736f}, //獯
{0xe2b5, 0x737e}, //獾
{0xe2b6, 0x821b}, //舛
{0xe2b7, 0x5925}, //夥
{0xe2b8, 0x98e7}, //飧
{0xe2b9, 0x5924}, //夤
{0xe2ba, 0x5902}, //夂
{0xe2bb, 0x9963}, //饣
{0xe2bc, 0x9967}, //饧
{0xe2bd, 0x9968}, //饨
{0xe2be, 0x9969}, //饩
{0xe2bf, 0x996a}, //饪
{0xe2c0, 0x996b}, //饫
{0xe2c1, 0x996c}, //饬
{0xe2c2, 0x9974}, //饴
{0xe2c3, 0x9977}, //饷
{0xe2c4, 0x997d}, //饽
{0xe2c5, 0x9980}, //馀
{0xe2c6, 0x9984}, //馄
{0xe2c7, 0x9987}, //馇
{0xe2c8, 0x998a}, //馊
{0xe2c9, 0x998d}, //馍
{0xe2ca, 0x9990}, //馐
{0xe2cb, 0x9991}, //馑
{0xe2cc, 0x9993}, //馓
{0xe2cd, 0x9994}, //馔
{0xe2ce, 0x9995}, //馕
{0xe2cf, 0x5e80}, //庀
{0xe2d0, 0x5e91}, //庑
{0xe2d1, 0x5e8b}, //庋
{0xe2d2, 0x5e96}, //庖
{0xe2d3, 0x5ea5}, //庥
{0xe2d4, 0x5ea0}, //庠
{0xe2d5, 0x5eb9}, //庹
{0xe2d6, 0x5eb5}, //庵
{0xe2d7, 0x5ebe}, //庾
{0xe2d8, 0x5eb3}, //庳
{0xe2d9, 0x8d53}, //赓
{0xe2da, 0x5ed2}, //廒
{0xe2db, 0x5ed1}, //廑
{0xe2dc, 0x5edb}, //廛
{0xe2dd, 0x5ee8}, //廨
{0xe2de, 0x5eea}, //廪
{0xe2df, 0x81ba}, //膺
{0xe2e0, 0x5fc4}, //忄
{0xe2e1, 0x5fc9}, //忉
{0xe2e2, 0x5fd6}, //忖
{0xe2e3, 0x5fcf}, //忏
{0xe2e4, 0x6003}, //怃
{0xe2e5, 0x5fee}, //忮
{0xe2e6, 0x6004}, //怄
{0xe2e7, 0x5fe1}, //忡
{0xe2e8, 0x5fe4}, //忤
{0xe2e9, 0x5ffe}, //忾
{0xe2ea, 0x6005}, //怅
{0xe2eb, 0x6006}, //怆
{0xe2ec, 0x5fea}, //忪
{0xe2ed, 0x5fed}, //忭
{0xe2ee, 0x5ff8}, //忸
{0xe2ef, 0x6019}, //怙
{0xe2f0, 0x6035}, //怵
{0xe2f1, 0x6026}, //怦
{0xe2f2, 0x601b}, //怛
{0xe2f3, 0x600f}, //怏
{0xe2f4, 0x600d}, //怍
{0xe2f5, 0x6029}, //怩
{0xe2f6, 0x602b}, //怫
{0xe2f7, 0x600a}, //怊
{0xe2f8, 0x603f}, //怿
{0xe2f9, 0x6021}, //怡
{0xe2fa, 0x6078}, //恸
{0xe2fb, 0x6079}, //恹
{0xe2fc, 0x607b}, //恻
{0xe2fd, 0x607a}, //恺
{0xe2fe, 0x6042}, //恂
{0xe340, 0x9246}, //鉆
{0xe341, 0x9247}, //鉇
{0xe342, 0x9248}, //鉈
{0xe343, 0x9249}, //鉉
{0xe344, 0x924a}, //鉊
{0xe345, 0x924b}, //鉋
{0xe346, 0x924c}, //鉌
{0xe347, 0x924d}, //鉍
{0xe348, 0x924e}, //鉎
{0xe349, 0x924f}, //鉏
{0xe34a, 0x9250}, //鉐
{0xe34b, 0x9251}, //鉑
{0xe34c, 0x9252}, //鉒
{0xe34d, 0x9253}, //鉓
{0xe34e, 0x9254}, //鉔
{0xe34f, 0x9255}, //鉕
{0xe350, 0x9256}, //鉖
{0xe351, 0x9257}, //鉗
{0xe352, 0x9258}, //鉘
{0xe353, 0x9259}, //鉙
{0xe354, 0x925a}, //鉚
{0xe355, 0x925b}, //鉛
{0xe356, 0x925c}, //鉜
{0xe357, 0x925d}, //鉝
{0xe358, 0x925e}, //鉞
{0xe359, 0x925f}, //鉟
{0xe35a, 0x9260}, //鉠
{0xe35b, 0x9261}, //鉡
{0xe35c, 0x9262}, //鉢
{0xe35d, 0x9263}, //鉣
{0xe35e, 0x9264}, //鉤
{0xe35f, 0x9265}, //鉥
{0xe360, 0x9266}, //鉦
{0xe361, 0x9267}, //鉧
{0xe362, 0x9268}, //鉨
{0xe363, 0x9269}, //鉩
{0xe364, 0x926a}, //鉪
{0xe365, 0x926b}, //鉫
{0xe366, 0x926c}, //鉬
{0xe367, 0x926d}, //鉭
{0xe368, 0x926e}, //鉮
{0xe369, 0x926f}, //鉯
{0xe36a, 0x9270}, //鉰
{0xe36b, 0x9271}, //鉱
{0xe36c, 0x9272}, //鉲
{0xe36d, 0x9273}, //鉳
{0xe36e, 0x9275}, //鉵
{0xe36f, 0x9276}, //鉶
{0xe370, 0x9277}, //鉷
{0xe371, 0x9278}, //鉸
{0xe372, 0x9279}, //鉹
{0xe373, 0x927a}, //鉺
{0xe374, 0x927b}, //鉻
{0xe375, 0x927c}, //鉼
{0xe376, 0x927d}, //鉽
{0xe377, 0x927e}, //鉾
{0xe378, 0x927f}, //鉿
{0xe379, 0x9280}, //銀
{0xe37a, 0x9281}, //銁
{0xe37b, 0x9282}, //銂
{0xe37c, 0x9283}, //銃
{0xe37d, 0x9284}, //銄
{0xe37e, 0x9285}, //銅
{0xe380, 0x9286}, //銆
{0xe381, 0x9287}, //銇
{0xe382, 0x9288}, //銈
{0xe383, 0x9289}, //銉
{0xe384, 0x928a}, //銊
{0xe385, 0x928b}, //銋
{0xe386, 0x928c}, //銌
{0xe387, 0x928d}, //銍
{0xe388, 0x928f}, //銏
{0xe389, 0x9290}, //銐
{0xe38a, 0x9291}, //銑
{0xe38b, 0x9292}, //銒
{0xe38c, 0x9293}, //銓
{0xe38d, 0x9294}, //銔
{0xe38e, 0x9295}, //銕
{0xe38f, 0x9296}, //銖
{0xe390, 0x9297}, //銗
{0xe391, 0x9298}, //銘
{0xe392, 0x9299}, //銙
{0xe393, 0x929a}, //銚
{0xe394, 0x929b}, //銛
{0xe395, 0x929c}, //銜
{0xe396, 0x929d}, //銝
{0xe397, 0x929e}, //銞
{0xe398, 0x929f}, //銟
{0xe399, 0x92a0}, //銠
{0xe39a, 0x92a1}, //銡
{0xe39b, 0x92a2}, //銢
{0xe39c, 0x92a3}, //銣
{0xe39d, 0x92a4}, //銤
{0xe39e, 0x92a5}, //銥
{0xe39f, 0x92a6}, //銦
{0xe3a0, 0x92a7}, //銧
{0xe3a1, 0x606a}, //恪
{0xe3a2, 0x607d}, //恽
{0xe3a3, 0x6096}, //悖
{0xe3a4, 0x609a}, //悚
{0xe3a5, 0x60ad}, //悭
{0xe3a6, 0x609d}, //悝
{0xe3a7, 0x6083}, //悃
{0xe3a8, 0x6092}, //悒
{0xe3a9, 0x608c}, //悌
{0xe3aa, 0x609b}, //悛
{0xe3ab, 0x60ec}, //惬
{0xe3ac, 0x60bb}, //悻
{0xe3ad, 0x60b1}, //悱
{0xe3ae, 0x60dd}, //惝
{0xe3af, 0x60d8}, //惘
{0xe3b0, 0x60c6}, //惆
{0xe3b1, 0x60da}, //惚
{0xe3b2, 0x60b4}, //悴
{0xe3b3, 0x6120}, //愠
{0xe3b4, 0x6126}, //愦
{0xe3b5, 0x6115}, //愕
{0xe3b6, 0x6123}, //愣
{0xe3b7, 0x60f4}, //惴
{0xe3b8, 0x6100}, //愀
{0xe3b9, 0x610e}, //愎
{0xe3ba, 0x612b}, //愫
{0xe3bb, 0x614a}, //慊
{0xe3bc, 0x6175}, //慵
{0xe3bd, 0x61ac}, //憬
{0xe3be, 0x6194}, //憔
{0xe3bf, 0x61a7}, //憧
{0xe3c0, 0x61b7}, //憷
{0xe3c1, 0x61d4}, //懔
{0xe3c2, 0x61f5}, //懵
{0xe3c3, 0x5fdd}, //忝
{0xe3c4, 0x96b3}, //隳
{0xe3c5, 0x95e9}, //闩
{0xe3c6, 0x95eb}, //闫
{0xe3c7, 0x95f1}, //闱
{0xe3c8, 0x95f3}, //闳
{0xe3c9, 0x95f5}, //闵
{0xe3ca, 0x95f6}, //闶
{0xe3cb, 0x95fc}, //闼
{0xe3cc, 0x95fe}, //闾
{0xe3cd, 0x9603}, //阃
{0xe3ce, 0x9604}, //阄
{0xe3cf, 0x9606}, //阆
{0xe3d0, 0x9608}, //阈
{0xe3d1, 0x960a}, //阊
{0xe3d2, 0x960b}, //阋
{0xe3d3, 0x960c}, //阌
{0xe3d4, 0x960d}, //阍
{0xe3d5, 0x960f}, //阏
{0xe3d6, 0x9612}, //阒
{0xe3d7, 0x9615}, //阕
{0xe3d8, 0x9616}, //阖
{0xe3d9, 0x9617}, //阗
{0xe3da, 0x9619}, //阙
{0xe3db, 0x961a}, //阚
{0xe3dc, 0x4e2c}, //丬
{0xe3dd, 0x723f}, //爿
{0xe3de, 0x6215}, //戕
{0xe3df, 0x6c35}, //氵
{0xe3e0, 0x6c54}, //汔
{0xe3e1, 0x6c5c}, //汜
{0xe3e2, 0x6c4a}, //汊
{0xe3e3, 0x6ca3}, //沣
{0xe3e4, 0x6c85}, //沅
{0xe3e5, 0x6c90}, //沐
{0xe3e6, 0x6c94}, //沔
{0xe3e7, 0x6c8c}, //沌
{0xe3e8, 0x6c68}, //汨
{0xe3e9, 0x6c69}, //汩
{0xe3ea, 0x6c74}, //汴
{0xe3eb, 0x6c76}, //汶
{0xe3ec, 0x6c86}, //沆
{0xe3ed, 0x6ca9}, //沩
{0xe3ee, 0x6cd0}, //泐
{0xe3ef, 0x6cd4}, //泔
{0xe3f0, 0x6cad}, //沭
{0xe3f1, 0x6cf7}, //泷
{0xe3f2, 0x6cf8}, //泸
{0xe3f3, 0x6cf1}, //泱
{0xe3f4, 0x6cd7}, //泗
{0xe3f5, 0x6cb2}, //沲
{0xe3f6, 0x6ce0}, //泠
{0xe3f7, 0x6cd6}, //泖
{0xe3f8, 0x6cfa}, //泺
{0xe3f9, 0x6ceb}, //泫
{0xe3fa, 0x6cee}, //泮
{0xe3fb, 0x6cb1}, //沱
{0xe3fc, 0x6cd3}, //泓
{0xe3fd, 0x6cef}, //泯
{0xe3fe, 0x6cfe}, //泾
{0xe440, 0x92a8}, //銨
{0xe441, 0x92a9}, //銩
{0xe442, 0x92aa}, //銪
{0xe443, 0x92ab}, //銫
{0xe444, 0x92ac}, //銬
{0xe445, 0x92ad}, //銭
{0xe446, 0x92af}, //銯
{0xe447, 0x92b0}, //銰
{0xe448, 0x92b1}, //銱
{0xe449, 0x92b2}, //銲
{0xe44a, 0x92b3}, //銳
{0xe44b, 0x92b4}, //銴
{0xe44c, 0x92b5}, //銵
{0xe44d, 0x92b6}, //銶
{0xe44e, 0x92b7}, //銷
{0xe44f, 0x92b8}, //銸
{0xe450, 0x92b9}, //銹
{0xe451, 0x92ba}, //銺
{0xe452, 0x92bb}, //銻
{0xe453, 0x92bc}, //銼
{0xe454, 0x92bd}, //銽
{0xe455, 0x92be}, //銾
{0xe456, 0x92bf}, //銿
{0xe457, 0x92c0}, //鋀
{0xe458, 0x92c1}, //鋁
{0xe459, 0x92c2}, //鋂
{0xe45a, 0x92c3}, //鋃
{0xe45b, 0x92c4}, //鋄
{0xe45c, 0x92c5}, //鋅
{0xe45d, 0x92c6}, //鋆
{0xe45e, 0x92c7}, //鋇
{0xe45f, 0x92c9}, //鋉
{0xe460, 0x92ca}, //鋊
{0xe461, 0x92cb}, //鋋
{0xe462, 0x92cc}, //鋌
{0xe463, 0x92cd}, //鋍
{0xe464, 0x92ce}, //鋎
{0xe465, 0x92cf}, //鋏
{0xe466, 0x92d0}, //鋐
{0xe467, 0x92d1}, //鋑
{0xe468, 0x92d2}, //鋒
{0xe469, 0x92d3}, //鋓
{0xe46a, 0x92d4}, //鋔
{0xe46b, 0x92d5}, //鋕
{0xe46c, 0x92d6}, //鋖
{0xe46d, 0x92d7}, //鋗
{0xe46e, 0x92d8}, //鋘
{0xe46f, 0x92d9}, //鋙
{0xe470, 0x92da}, //鋚
{0xe471, 0x92db}, //鋛
{0xe472, 0x92dc}, //鋜
{0xe473, 0x92dd}, //鋝
{0xe474, 0x92de}, //鋞
{0xe475, 0x92df}, //鋟
{0xe476, 0x92e0}, //鋠
{0xe477, 0x92e1}, //鋡
{0xe478, 0x92e2}, //鋢
{0xe479, 0x92e3}, //鋣
{0xe47a, 0x92e4}, //鋤
{0xe47b, 0x92e5}, //鋥
{0xe47c, 0x92e6}, //鋦
{0xe47d, 0x92e7}, //鋧
{0xe47e, 0x92e8}, //鋨
{0xe480, 0x92e9}, //鋩
{0xe481, 0x92ea}, //鋪
{0xe482, 0x92eb}, //鋫
{0xe483, 0x92ec}, //鋬
{0xe484, 0x92ed}, //鋭
{0xe485, 0x92ee}, //鋮
{0xe486, 0x92ef}, //鋯
{0xe487, 0x92f0}, //鋰
{0xe488, 0x92f1}, //鋱
{0xe489, 0x92f2}, //鋲
{0xe48a, 0x92f3}, //鋳
{0xe48b, 0x92f4}, //鋴
{0xe48c, 0x92f5}, //鋵
{0xe48d, 0x92f6}, //鋶
{0xe48e, 0x92f7}, //鋷
{0xe48f, 0x92f8}, //鋸
{0xe490, 0x92f9}, //鋹
{0xe491, 0x92fa}, //鋺
{0xe492, 0x92fb}, //鋻
{0xe493, 0x92fc}, //鋼
{0xe494, 0x92fd}, //鋽
{0xe495, 0x92fe}, //鋾
{0xe496, 0x92ff}, //鋿
{0xe497, 0x9300}, //錀
{0xe498, 0x9301}, //錁
{0xe499, 0x9302}, //錂
{0xe49a, 0x9303}, //錃
{0xe49b, 0x9304}, //錄
{0xe49c, 0x9305}, //錅
{0xe49d, 0x9306}, //錆
{0xe49e, 0x9307}, //錇
{0xe49f, 0x9308}, //錈
{0xe4a0, 0x9309}, //錉
{0xe4a1, 0x6d39}, //洹
{0xe4a2, 0x6d27}, //洧
{0xe4a3, 0x6d0c}, //洌
{0xe4a4, 0x6d43}, //浃
{0xe4a5, 0x6d48}, //浈
{0xe4a6, 0x6d07}, //洇
{0xe4a7, 0x6d04}, //洄
{0xe4a8, 0x6d19}, //洙
{0xe4a9, 0x6d0e}, //洎
{0xe4aa, 0x6d2b}, //洫
{0xe4ab, 0x6d4d}, //浍
{0xe4ac, 0x6d2e}, //洮
{0xe4ad, 0x6d35}, //洵
{0xe4ae, 0x6d1a}, //洚
{0xe4af, 0x6d4f}, //浏
{0xe4b0, 0x6d52}, //浒
{0xe4b1, 0x6d54}, //浔
{0xe4b2, 0x6d33}, //洳
{0xe4b3, 0x6d91}, //涑
{0xe4b4, 0x6d6f}, //浯
{0xe4b5, 0x6d9e}, //涞
{0xe4b6, 0x6da0}, //涠
{0xe4b7, 0x6d5e}, //浞
{0xe4b8, 0x6d93}, //涓
{0xe4b9, 0x6d94}, //涔
{0xe4ba, 0x6d5c}, //浜
{0xe4bb, 0x6d60}, //浠
{0xe4bc, 0x6d7c}, //浼
{0xe4bd, 0x6d63}, //浣
{0xe4be, 0x6e1a}, //渚
{0xe4bf, 0x6dc7}, //淇
{0xe4c0, 0x6dc5}, //淅
{0xe4c1, 0x6dde}, //淞
{0xe4c2, 0x6e0e}, //渎
{0xe4c3, 0x6dbf}, //涿
{0xe4c4, 0x6de0}, //淠
{0xe4c5, 0x6e11}, //渑
{0xe4c6, 0x6de6}, //淦
{0xe4c7, 0x6ddd}, //淝
{0xe4c8, 0x6dd9}, //淙
{0xe4c9, 0x6e16}, //渖
{0xe4ca, 0x6dab}, //涫
{0xe4cb, 0x6e0c}, //渌
{0xe4cc, 0x6dae}, //涮
{0xe4cd, 0x6e2b}, //渫
{0xe4ce, 0x6e6e}, //湮
{0xe4cf, 0x6e4e}, //湎
{0xe4d0, 0x6e6b}, //湫
{0xe4d1, 0x6eb2}, //溲
{0xe4d2, 0x6e5f}, //湟
{0xe4d3, 0x6e86}, //溆
{0xe4d4, 0x6e53}, //湓
{0xe4d5, 0x6e54}, //湔
{0xe4d6, 0x6e32}, //渲
{0xe4d7, 0x6e25}, //渥
{0xe4d8, 0x6e44}, //湄
{0xe4d9, 0x6edf}, //滟
{0xe4da, 0x6eb1}, //溱
{0xe4db, 0x6e98}, //溘
{0xe4dc, 0x6ee0}, //滠
{0xe4dd, 0x6f2d}, //漭
{0xe4de, 0x6ee2}, //滢
{0xe4df, 0x6ea5}, //溥
{0xe4e0, 0x6ea7}, //溧
{0xe4e1, 0x6ebd}, //溽
{0xe4e2, 0x6ebb}, //溻
{0xe4e3, 0x6eb7}, //溷
{0xe4e4, 0x6ed7}, //滗
{0xe4e5, 0x6eb4}, //溴
{0xe4e6, 0x6ecf}, //滏
{0xe4e7, 0x6e8f}, //溏
{0xe4e8, 0x6ec2}, //滂
{0xe4e9, 0x6e9f}, //溟
{0xe4ea, 0x6f62}, //潢
{0xe4eb, 0x6f46}, //潆
{0xe4ec, 0x6f47}, //潇
{0xe4ed, 0x6f24}, //漤
{0xe4ee, 0x6f15}, //漕
{0xe4ef, 0x6ef9}, //滹
{0xe4f0, 0x6f2f}, //漯
{0xe4f1, 0x6f36}, //漶
{0xe4f2, 0x6f4b}, //潋
{0xe4f3, 0x6f74}, //潴
{0xe4f4, 0x6f2a}, //漪
{0xe4f5, 0x6f09}, //漉
{0xe4f6, 0x6f29}, //漩
{0xe4f7, 0x6f89}, //澉
{0xe4f8, 0x6f8d}, //澍
{0xe4f9, 0x6f8c}, //澌
{0xe4fa, 0x6f78}, //潸
{0xe4fb, 0x6f72}, //潲
{0xe4fc, 0x6f7c}, //潼
{0xe4fd, 0x6f7a}, //潺
{0xe4fe, 0x6fd1}, //濑
{0xe540, 0x930a}, //錊
{0xe541, 0x930b}, //錋
{0xe542, 0x930c}, //錌
{0xe543, 0x930d}, //錍
{0xe544, 0x930e}, //錎
{0xe545, 0x930f}, //錏
{0xe546, 0x9310}, //錐
{0xe547, 0x9311}, //錑
{0xe548, 0x9312}, //錒
{0xe549, 0x9313}, //錓
{0xe54a, 0x9314}, //錔
{0xe54b, 0x9315}, //錕
{0xe54c, 0x9316}, //錖
{0xe54d, 0x9317}, //錗
{0xe54e, 0x9318}, //錘
{0xe54f, 0x9319}, //錙
{0xe550, 0x931a}, //錚
{0xe551, 0x931b}, //錛
{0xe552, 0x931c}, //錜
{0xe553, 0x931d}, //錝
{0xe554, 0x931e}, //錞
{0xe555, 0x931f}, //錟
{0xe556, 0x9320}, //錠
{0xe557, 0x9321}, //錡
{0xe558, 0x9322}, //錢
{0xe559, 0x9323}, //錣
{0xe55a, 0x9324}, //錤
{0xe55b, 0x9325}, //錥
{0xe55c, 0x9326}, //錦
{0xe55d, 0x9327}, //錧
{0xe55e, 0x9328}, //錨
{0xe55f, 0x9329}, //錩
{0xe560, 0x932a}, //錪
{0xe561, 0x932b}, //錫
{0xe562, 0x932c}, //錬
{0xe563, 0x932d}, //錭
{0xe564, 0x932e}, //錮
{0xe565, 0x932f}, //錯
{0xe566, 0x9330}, //錰
{0xe567, 0x9331}, //錱
{0xe568, 0x9332}, //録
{0xe569, 0x9333}, //錳
{0xe56a, 0x9334}, //錴
{0xe56b, 0x9335}, //錵
{0xe56c, 0x9336}, //錶
{0xe56d, 0x9337}, //錷
{0xe56e, 0x9338}, //錸
{0xe56f, 0x9339}, //錹
{0xe570, 0x933a}, //錺
{0xe571, 0x933b}, //錻
{0xe572, 0x933c}, //錼
{0xe573, 0x933d}, //錽
{0xe574, 0x933f}, //錿
{0xe575, 0x9340}, //鍀
{0xe576, 0x9341}, //鍁
{0xe577, 0x9342}, //鍂
{0xe578, 0x9343}, //鍃
{0xe579, 0x9344}, //鍄
{0xe57a, 0x9345}, //鍅
{0xe57b, 0x9346}, //鍆
{0xe57c, 0x9347}, //鍇
{0xe57d, 0x9348}, //鍈
{0xe57e, 0x9349}, //鍉
{0xe580, 0x934a}, //鍊
{0xe581, 0x934b}, //鍋
{0xe582, 0x934c}, //鍌
{0xe583, 0x934d}, //鍍
{0xe584, 0x934e}, //鍎
{0xe585, 0x934f}, //鍏
{0xe586, 0x9350}, //鍐
{0xe587, 0x9351}, //鍑
{0xe588, 0x9352}, //鍒
{0xe589, 0x9353}, //鍓
{0xe58a, 0x9354}, //鍔
{0xe58b, 0x9355}, //鍕
{0xe58c, 0x9356}, //鍖
{0xe58d, 0x9357}, //鍗
{0xe58e, 0x9358}, //鍘
{0xe58f, 0x9359}, //鍙
{0xe590, 0x935a}, //鍚
{0xe591, 0x935b}, //鍛
{0xe592, 0x935c}, //鍜
{0xe593, 0x935d}, //鍝
{0xe594, 0x935e}, //鍞
{0xe595, 0x935f}, //鍟
{0xe596, 0x9360}, //鍠
{0xe597, 0x9361}, //鍡
{0xe598, 0x9362}, //鍢
{0xe599, 0x9363}, //鍣
{0xe59a, 0x9364}, //鍤
{0xe59b, 0x9365}, //鍥
{0xe59c, 0x9366}, //鍦
{0xe59d, 0x9367}, //鍧
{0xe59e, 0x9368}, //鍨
{0xe59f, 0x9369}, //鍩
{0xe5a0, 0x936b}, //鍫
{0xe5a1, 0x6fc9}, //濉
{0xe5a2, 0x6fa7}, //澧
{0xe5a3, 0x6fb9}, //澹
{0xe5a4, 0x6fb6}, //澶
{0xe5a5, 0x6fc2}, //濂
{0xe5a6, 0x6fe1}, //濡
{0xe5a7, 0x6fee}, //濮
{0xe5a8, 0x6fde}, //濞
{0xe5a9, 0x6fe0}, //濠
{0xe5aa, 0x6fef}, //濯
{0xe5ab, 0x701a}, //瀚
{0xe5ac, 0x7023}, //瀣
{0xe5ad, 0x701b}, //瀛
{0xe5ae, 0x7039}, //瀹
{0xe5af, 0x7035}, //瀵
{0xe5b0, 0x704f}, //灏
{0xe5b1, 0x705e}, //灞
{0xe5b2, 0x5b80}, //宀
{0xe5b3, 0x5b84}, //宄
{0xe5b4, 0x5b95}, //宕
{0xe5b5, 0x5b93}, //宓
{0xe5b6, 0x5ba5}, //宥
{0xe5b7, 0x5bb8}, //宸
{0xe5b8, 0x752f}, //甯
{0xe5b9, 0x9a9e}, //骞
{0xe5ba, 0x6434}, //搴
{0xe5bb, 0x5be4}, //寤
{0xe5bc, 0x5bee}, //寮
{0xe5bd, 0x8930}, //褰
{0xe5be, 0x5bf0}, //寰
{0xe5bf, 0x8e47}, //蹇
{0xe5c0, 0x8b07}, //謇
{0xe5c1, 0x8fb6}, //辶
{0xe5c2, 0x8fd3}, //迓
{0xe5c3, 0x8fd5}, //迕
{0xe5c4, 0x8fe5}, //迥
{0xe5c5, 0x8fee}, //迮
{0xe5c6, 0x8fe4}, //迤
{0xe5c7, 0x8fe9}, //迩
{0xe5c8, 0x8fe6}, //迦
{0xe5c9, 0x8ff3}, //迳
{0xe5ca, 0x8fe8}, //迨
{0xe5cb, 0x9005}, //逅
{0xe5cc, 0x9004}, //逄
{0xe5cd, 0x900b}, //逋
{0xe5ce, 0x9026}, //逦
{0xe5cf, 0x9011}, //逑
{0xe5d0, 0x900d}, //逍
{0xe5d1, 0x9016}, //逖
{0xe5d2, 0x9021}, //逡
{0xe5d3, 0x9035}, //逵
{0xe5d4, 0x9036}, //逶
{0xe5d5, 0x902d}, //逭
{0xe5d6, 0x902f}, //逯
{0xe5d7, 0x9044}, //遄
{0xe5d8, 0x9051}, //遑
{0xe5d9, 0x9052}, //遒
{0xe5da, 0x9050}, //遐
{0xe5db, 0x9068}, //遨
{0xe5dc, 0x9058}, //遘
{0xe5dd, 0x9062}, //遢
{0xe5de, 0x905b}, //遛
{0xe5df, 0x66b9}, //暹
{0xe5e0, 0x9074}, //遴
{0xe5e1, 0x907d}, //遽
{0xe5e2, 0x9082}, //邂
{0xe5e3, 0x9088}, //邈
{0xe5e4, 0x9083}, //邃
{0xe5e5, 0x908b}, //邋
{0xe5e6, 0x5f50}, //彐
{0xe5e7, 0x5f57}, //彗
{0xe5e8, 0x5f56}, //彖
{0xe5e9, 0x5f58}, //彘
{0xe5ea, 0x5c3b}, //尻
{0xe5eb, 0x54ab}, //咫
{0xe5ec, 0x5c50}, //屐
{0xe5ed, 0x5c59}, //屙
{0xe5ee, 0x5b71}, //孱
{0xe5ef, 0x5c63}, //屣
{0xe5f0, 0x5c66}, //屦
{0xe5f1, 0x7fbc}, //羼
{0xe5f2, 0x5f2a}, //弪
{0xe5f3, 0x5f29}, //弩
{0xe5f4, 0x5f2d}, //弭
{0xe5f5, 0x8274}, //艴
{0xe5f6, 0x5f3c}, //弼
{0xe5f7, 0x9b3b}, //鬻
{0xe5f8, 0x5c6e}, //屮
{0xe5f9, 0x5981}, //妁
{0xe5fa, 0x5983}, //妃
{0xe5fb, 0x598d}, //妍
{0xe5fc, 0x59a9}, //妩
{0xe5fd, 0x59aa}, //妪
{0xe5fe, 0x59a3}, //妣
{0xe640, 0x936c}, //鍬
{0xe641, 0x936d}, //鍭
{0xe642, 0x936e}, //鍮
{0xe643, 0x936f}, //鍯
{0xe644, 0x9370}, //鍰
{0xe645, 0x9371}, //鍱
{0xe646, 0x9372}, //鍲
{0xe647, 0x9373}, //鍳
{0xe648, 0x9374}, //鍴
{0xe649, 0x9375}, //鍵
{0xe64a, 0x9376}, //鍶
{0xe64b, 0x9377}, //鍷
{0xe64c, 0x9378}, //鍸
{0xe64d, 0x9379}, //鍹
{0xe64e, 0x937a}, //鍺
{0xe64f, 0x937b}, //鍻
{0xe650, 0x937c}, //鍼
{0xe651, 0x937d}, //鍽
{0xe652, 0x937e}, //鍾
{0xe653, 0x937f}, //鍿
{0xe654, 0x9380}, //鎀
{0xe655, 0x9381}, //鎁
{0xe656, 0x9382}, //鎂
{0xe657, 0x9383}, //鎃
{0xe658, 0x9384}, //鎄
{0xe659, 0x9385}, //鎅
{0xe65a, 0x9386}, //鎆
{0xe65b, 0x9387}, //鎇
{0xe65c, 0x9388}, //鎈
{0xe65d, 0x9389}, //鎉
{0xe65e, 0x938a}, //鎊
{0xe65f, 0x938b}, //鎋
{0xe660, 0x938c}, //鎌
{0xe661, 0x938d}, //鎍
{0xe662, 0x938e}, //鎎
{0xe663, 0x9390}, //鎐
{0xe664, 0x9391}, //鎑
{0xe665, 0x9392}, //鎒
{0xe666, 0x9393}, //鎓
{0xe667, 0x9394}, //鎔
{0xe668, 0x9395}, //鎕
{0xe669, 0x9396}, //鎖
{0xe66a, 0x9397}, //鎗
{0xe66b, 0x9398}, //鎘
{0xe66c, 0x9399}, //鎙
{0xe66d, 0x939a}, //鎚
{0xe66e, 0x939b}, //鎛
{0xe66f, 0x939c}, //鎜
{0xe670, 0x939d}, //鎝
{0xe671, 0x939e}, //鎞
{0xe672, 0x939f}, //鎟
{0xe673, 0x93a0}, //鎠
{0xe674, 0x93a1}, //鎡
{0xe675, 0x93a2}, //鎢
{0xe676, 0x93a3}, //鎣
{0xe677, 0x93a4}, //鎤
{0xe678, 0x93a5}, //鎥
{0xe679, 0x93a6}, //鎦
{0xe67a, 0x93a7}, //鎧
{0xe67b, 0x93a8}, //鎨
{0xe67c, 0x93a9}, //鎩
{0xe67d, 0x93aa}, //鎪
{0xe67e, 0x93ab}, //鎫
{0xe680, 0x93ac}, //鎬
{0xe681, 0x93ad}, //鎭
{0xe682, 0x93ae}, //鎮
{0xe683, 0x93af}, //鎯
{0xe684, 0x93b0}, //鎰
{0xe685, 0x93b1}, //鎱
{0xe686, 0x93b2}, //鎲
{0xe687, 0x93b3}, //鎳
{0xe688, 0x93b4}, //鎴
{0xe689, 0x93b5}, //鎵
{0xe68a, 0x93b6}, //鎶
{0xe68b, 0x93b7}, //鎷
{0xe68c, 0x93b8}, //鎸
{0xe68d, 0x93b9}, //鎹
{0xe68e, 0x93ba}, //鎺
{0xe68f, 0x93bb}, //鎻
{0xe690, 0x93bc}, //鎼
{0xe691, 0x93bd}, //鎽
{0xe692, 0x93be}, //鎾
{0xe693, 0x93bf}, //鎿
{0xe694, 0x93c0}, //鏀
{0xe695, 0x93c1}, //鏁
{0xe696, 0x93c2}, //鏂
{0xe697, 0x93c3}, //鏃
{0xe698, 0x93c4}, //鏄
{0xe699, 0x93c5}, //鏅
{0xe69a, 0x93c6}, //鏆
{0xe69b, 0x93c7}, //鏇
{0xe69c, 0x93c8}, //鏈
{0xe69d, 0x93c9}, //鏉
{0xe69e, 0x93cb}, //鏋
{0xe69f, 0x93cc}, //鏌
{0xe6a0, 0x93cd}, //鏍
{0xe6a1, 0x5997}, //妗
{0xe6a2, 0x59ca}, //姊
{0xe6a3, 0x59ab}, //妫
{0xe6a4, 0x599e}, //妞
{0xe6a5, 0x59a4}, //妤
{0xe6a6, 0x59d2}, //姒
{0xe6a7, 0x59b2}, //妲
{0xe6a8, 0x59af}, //妯
{0xe6a9, 0x59d7}, //姗
{0xe6aa, 0x59be}, //妾
{0xe6ab, 0x5a05}, //娅
{0xe6ac, 0x5a06}, //娆
{0xe6ad, 0x59dd}, //姝
{0xe6ae, 0x5a08}, //娈
{0xe6af, 0x59e3}, //姣
{0xe6b0, 0x59d8}, //姘
{0xe6b1, 0x59f9}, //姹
{0xe6b2, 0x5a0c}, //娌
{0xe6b3, 0x5a09}, //娉
{0xe6b4, 0x5a32}, //娲
{0xe6b5, 0x5a34}, //娴
{0xe6b6, 0x5a11}, //娑
{0xe6b7, 0x5a23}, //娣
{0xe6b8, 0x5a13}, //娓
{0xe6b9, 0x5a40}, //婀
{0xe6ba, 0x5a67}, //婧
{0xe6bb, 0x5a4a}, //婊
{0xe6bc, 0x5a55}, //婕
{0xe6bd, 0x5a3c}, //娼
{0xe6be, 0x5a62}, //婢
{0xe6bf, 0x5a75}, //婵
{0xe6c0, 0x80ec}, //胬
{0xe6c1, 0x5aaa}, //媪
{0xe6c2, 0x5a9b}, //媛
{0xe6c3, 0x5a77}, //婷
{0xe6c4, 0x5a7a}, //婺
{0xe6c5, 0x5abe}, //媾
{0xe6c6, 0x5aeb}, //嫫
{0xe6c7, 0x5ab2}, //媲
{0xe6c8, 0x5ad2}, //嫒
{0xe6c9, 0x5ad4}, //嫔
{0xe6ca, 0x5ab8}, //媸
{0xe6cb, 0x5ae0}, //嫠
{0xe6cc, 0x5ae3}, //嫣
{0xe6cd, 0x5af1}, //嫱
{0xe6ce, 0x5ad6}, //嫖
{0xe6cf, 0x5ae6}, //嫦
{0xe6d0, 0x5ad8}, //嫘
{0xe6d1, 0x5adc}, //嫜
{0xe6d2, 0x5b09}, //嬉
{0xe6d3, 0x5b17}, //嬗
{0xe6d4, 0x5b16}, //嬖
{0xe6d5, 0x5b32}, //嬲
{0xe6d6, 0x5b37}, //嬷
{0xe6d7, 0x5b40}, //孀
{0xe6d8, 0x5c15}, //尕
{0xe6d9, 0x5c1c}, //尜
{0xe6da, 0x5b5a}, //孚
{0xe6db, 0x5b65}, //孥
{0xe6dc, 0x5b73}, //孳
{0xe6dd, 0x5b51}, //孑
{0xe6de, 0x5b53}, //孓
{0xe6df, 0x5b62}, //孢
{0xe6e0, 0x9a75}, //驵
{0xe6e1, 0x9a77}, //驷
{0xe6e2, 0x9a78}, //驸
{0xe6e3, 0x9a7a}, //驺
{0xe6e4, 0x9a7f}, //驿
{0xe6e5, 0x9a7d}, //驽
{0xe6e6, 0x9a80}, //骀
{0xe6e7, 0x9a81}, //骁
{0xe6e8, 0x9a85}, //骅
{0xe6e9, 0x9a88}, //骈
{0xe6ea, 0x9a8a}, //骊
{0xe6eb, 0x9a90}, //骐
{0xe6ec, 0x9a92}, //骒
{0xe6ed, 0x9a93}, //骓
{0xe6ee, 0x9a96}, //骖
{0xe6ef, 0x9a98}, //骘
{0xe6f0, 0x9a9b}, //骛
{0xe6f1, 0x9a9c}, //骜
{0xe6f2, 0x9a9d}, //骝
{0xe6f3, 0x9a9f}, //骟
{0xe6f4, 0x9aa0}, //骠
{0xe6f5, 0x9aa2}, //骢
{0xe6f6, 0x9aa3}, //骣
{0xe6f7, 0x9aa5}, //骥
{0xe6f8, 0x9aa7}, //骧
{0xe6f9, 0x7e9f}, //纟
{0xe6fa, 0x7ea1}, //纡
{0xe6fb, 0x7ea3}, //纣
{0xe6fc, 0x7ea5}, //纥
{0xe6fd, 0x7ea8}, //纨
{0xe6fe, 0x7ea9}, //纩
{0xe740, 0x93ce}, //鏎
{0xe741, 0x93cf}, //鏏
{0xe742, 0x93d0}, //鏐
{0xe743, 0x93d1}, //鏑
{0xe744, 0x93d2}, //鏒
{0xe745, 0x93d3}, //鏓
{0xe746, 0x93d4}, //鏔
{0xe747, 0x93d5}, //鏕
{0xe748, 0x93d7}, //鏗
{0xe749, 0x93d8}, //鏘
{0xe74a, 0x93d9}, //鏙
{0xe74b, 0x93da}, //鏚
{0xe74c, 0x93db}, //鏛
{0xe74d, 0x93dc}, //鏜
{0xe74e, 0x93dd}, //鏝
{0xe74f, 0x93de}, //鏞
{0xe750, 0x93df}, //鏟
{0xe751, 0x93e0}, //鏠
{0xe752, 0x93e1}, //鏡
{0xe753, 0x93e2}, //鏢
{0xe754, 0x93e3}, //鏣
{0xe755, 0x93e4}, //鏤
{0xe756, 0x93e5}, //鏥
{0xe757, 0x93e6}, //鏦
{0xe758, 0x93e7}, //鏧
{0xe759, 0x93e8}, //鏨
{0xe75a, 0x93e9}, //鏩
{0xe75b, 0x93ea}, //鏪
{0xe75c, 0x93eb}, //鏫
{0xe75d, 0x93ec}, //鏬
{0xe75e, 0x93ed}, //鏭
{0xe75f, 0x93ee}, //鏮
{0xe760, 0x93ef}, //鏯
{0xe761, 0x93f0}, //鏰
{0xe762, 0x93f1}, //鏱
{0xe763, 0x93f2}, //鏲
{0xe764, 0x93f3}, //鏳
{0xe765, 0x93f4}, //鏴
{0xe766, 0x93f5}, //鏵
{0xe767, 0x93f6}, //鏶
{0xe768, 0x93f7}, //鏷
{0xe769, 0x93f8}, //鏸
{0xe76a, 0x93f9}, //鏹
{0xe76b, 0x93fa}, //鏺
{0xe76c, 0x93fb}, //鏻
{0xe76d, 0x93fc}, //鏼
{0xe76e, 0x93fd}, //鏽
{0xe76f, 0x93fe}, //鏾
{0xe770, 0x93ff}, //鏿
{0xe771, 0x9400}, //鐀
{0xe772, 0x9401}, //鐁
{0xe773, 0x9402}, //鐂
{0xe774, 0x9403}, //鐃
{0xe775, 0x9404}, //鐄
{0xe776, 0x9405}, //鐅
{0xe777, 0x9406}, //鐆
{0xe778, 0x9407}, //鐇
{0xe779, 0x9408}, //鐈
{0xe77a, 0x9409}, //鐉
{0xe77b, 0x940a}, //鐊
{0xe77c, 0x940b}, //鐋
{0xe77d, 0x940c}, //鐌
{0xe77e, 0x940d}, //鐍
{0xe780, 0x940e}, //鐎
{0xe781, 0x940f}, //鐏
{0xe782, 0x9410}, //鐐
{0xe783, 0x9411}, //鐑
{0xe784, 0x9412}, //鐒
{0xe785, 0x9413}, //鐓
{0xe786, 0x9414}, //鐔
{0xe787, 0x9415}, //鐕
{0xe788, 0x9416}, //鐖
{0xe789, 0x9417}, //鐗
{0xe78a, 0x9418}, //鐘
{0xe78b, 0x9419}, //鐙
{0xe78c, 0x941a}, //鐚
{0xe78d, 0x941b}, //鐛
{0xe78e, 0x941c}, //鐜
{0xe78f, 0x941d}, //鐝
{0xe790, 0x941e}, //鐞
{0xe791, 0x941f}, //鐟
{0xe792, 0x9420}, //鐠
{0xe793, 0x9421}, //鐡
{0xe794, 0x9422}, //鐢
{0xe795, 0x9423}, //鐣
{0xe796, 0x9424}, //鐤
{0xe797, 0x9425}, //鐥
{0xe798, 0x9426}, //鐦
{0xe799, 0x9427}, //鐧
{0xe79a, 0x9428}, //鐨
{0xe79b, 0x9429}, //鐩
{0xe79c, 0x942a}, //鐪
{0xe79d, 0x942b}, //鐫
{0xe79e, 0x942c}, //鐬
{0xe79f, 0x942d}, //鐭
{0xe7a0, 0x942e}, //鐮
{0xe7a1, 0x7ead}, //纭
{0xe7a2, 0x7eb0}, //纰
{0xe7a3, 0x7ebe}, //纾
{0xe7a4, 0x7ec0}, //绀
{0xe7a5, 0x7ec1}, //绁
{0xe7a6, 0x7ec2}, //绂
{0xe7a7, 0x7ec9}, //绉
{0xe7a8, 0x7ecb}, //绋
{0xe7a9, 0x7ecc}, //绌
{0xe7aa, 0x7ed0}, //绐
{0xe7ab, 0x7ed4}, //绔
{0xe7ac, 0x7ed7}, //绗
{0xe7ad, 0x7edb}, //绛
{0xe7ae, 0x7ee0}, //绠
{0xe7af, 0x7ee1}, //绡
{0xe7b0, 0x7ee8}, //绨
{0xe7b1, 0x7eeb}, //绫
{0xe7b2, 0x7eee}, //绮
{0xe7b3, 0x7eef}, //绯
{0xe7b4, 0x7ef1}, //绱
{0xe7b5, 0x7ef2}, //绲
{0xe7b6, 0x7f0d}, //缍
{0xe7b7, 0x7ef6}, //绶
{0xe7b8, 0x7efa}, //绺
{0xe7b9, 0x7efb}, //绻
{0xe7ba, 0x7efe}, //绾
{0xe7bb, 0x7f01}, //缁
{0xe7bc, 0x7f02}, //缂
{0xe7bd, 0x7f03}, //缃
{0xe7be, 0x7f07}, //缇
{0xe7bf, 0x7f08}, //缈
{0xe7c0, 0x7f0b}, //缋
{0xe7c1, 0x7f0c}, //缌
{0xe7c2, 0x7f0f}, //缏
{0xe7c3, 0x7f11}, //缑
{0xe7c4, 0x7f12}, //缒
{0xe7c5, 0x7f17}, //缗
{0xe7c6, 0x7f19}, //缙
{0xe7c7, 0x7f1c}, //缜
{0xe7c8, 0x7f1b}, //缛
{0xe7c9, 0x7f1f}, //缟
{0xe7ca, 0x7f21}, //缡
{0xe7cb, 0x7f22}, //缢
{0xe7cc, 0x7f23}, //缣
{0xe7cd, 0x7f24}, //缤
{0xe7ce, 0x7f25}, //缥
{0xe7cf, 0x7f26}, //缦
{0xe7d0, 0x7f27}, //缧
{0xe7d1, 0x7f2a}, //缪
{0xe7d2, 0x7f2b}, //缫
{0xe7d3, 0x7f2c}, //缬
{0xe7d4, 0x7f2d}, //缭
{0xe7d5, 0x7f2f}, //缯
{0xe7d6, 0x7f30}, //缰
{0xe7d7, 0x7f31}, //缱
{0xe7d8, 0x7f32}, //缲
{0xe7d9, 0x7f33}, //缳
{0xe7da, 0x7f35}, //缵
{0xe7db, 0x5e7a}, //幺
{0xe7dc, 0x757f}, //畿
{0xe7dd, 0x5ddb}, //巛
{0xe7de, 0x753e}, //甾
{0xe7df, 0x9095}, //邕
{0xe7e0, 0x738e}, //玎
{0xe7e1, 0x7391}, //玑
{0xe7e2, 0x73ae}, //玮
{0xe7e3, 0x73a2}, //玢
{0xe7e4, 0x739f}, //玟
{0xe7e5, 0x73cf}, //珏
{0xe7e6, 0x73c2}, //珂
{0xe7e7, 0x73d1}, //珑
{0xe7e8, 0x73b7}, //玷
{0xe7e9, 0x73b3}, //玳
{0xe7ea, 0x73c0}, //珀
{0xe7eb, 0x73c9}, //珉
{0xe7ec, 0x73c8}, //珈
{0xe7ed, 0x73e5}, //珥
{0xe7ee, 0x73d9}, //珙
{0xe7ef, 0x987c}, //顼
{0xe7f0, 0x740a}, //琊
{0xe7f1, 0x73e9}, //珩
{0xe7f2, 0x73e7}, //珧
{0xe7f3, 0x73de}, //珞
{0xe7f4, 0x73ba}, //玺
{0xe7f5, 0x73f2}, //珲
{0xe7f6, 0x740f}, //琏
{0xe7f7, 0x742a}, //琪
{0xe7f8, 0x745b}, //瑛
{0xe7f9, 0x7426}, //琦
{0xe7fa, 0x7425}, //琥
{0xe7fb, 0x7428}, //琨
{0xe7fc, 0x7430}, //琰
{0xe7fd, 0x742e}, //琮
{0xe7fe, 0x742c}, //琬
{0xe840, 0x942f}, //鐯
{0xe841, 0x9430}, //鐰
{0xe842, 0x9431}, //鐱
{0xe843, 0x9432}, //鐲
{0xe844, 0x9433}, //鐳
{0xe845, 0x9434}, //鐴
{0xe846, 0x9435}, //鐵
{0xe847, 0x9436}, //鐶
{0xe848, 0x9437}, //鐷
{0xe849, 0x9438}, //鐸
{0xe84a, 0x9439}, //鐹
{0xe84b, 0x943a}, //鐺
{0xe84c, 0x943b}, //鐻
{0xe84d, 0x943c}, //鐼
{0xe84e, 0x943d}, //鐽
{0xe84f, 0x943f}, //鐿
{0xe850, 0x9440}, //鑀
{0xe851, 0x9441}, //鑁
{0xe852, 0x9442}, //鑂
{0xe853, 0x9443}, //鑃
{0xe854, 0x9444}, //鑄
{0xe855, 0x9445}, //鑅
{0xe856, 0x9446}, //鑆
{0xe857, 0x9447}, //鑇
{0xe858, 0x9448}, //鑈
{0xe859, 0x9449}, //鑉
{0xe85a, 0x944a}, //鑊
{0xe85b, 0x944b}, //鑋
{0xe85c, 0x944c}, //鑌
{0xe85d, 0x944d}, //鑍
{0xe85e, 0x944e}, //鑎
{0xe85f, 0x944f}, //鑏
{0xe860, 0x9450}, //鑐
{0xe861, 0x9451}, //鑑
{0xe862, 0x9452}, //鑒
{0xe863, 0x9453}, //鑓
{0xe864, 0x9454}, //鑔
{0xe865, 0x9455}, //鑕
{0xe866, 0x9456}, //鑖
{0xe867, 0x9457}, //鑗
{0xe868, 0x9458}, //鑘
{0xe869, 0x9459}, //鑙
{0xe86a, 0x945a}, //鑚
{0xe86b, 0x945b}, //鑛
{0xe86c, 0x945c}, //鑜
{0xe86d, 0x945d}, //鑝
{0xe86e, 0x945e}, //鑞
{0xe86f, 0x945f}, //鑟
{0xe870, 0x9460}, //鑠
{0xe871, 0x9461}, //鑡
{0xe872, 0x9462}, //鑢
{0xe873, 0x9463}, //鑣
{0xe874, 0x9464}, //鑤
{0xe875, 0x9465}, //鑥
{0xe876, 0x9466}, //鑦
{0xe877, 0x9467}, //鑧
{0xe878, 0x9468}, //鑨
{0xe879, 0x9469}, //鑩
{0xe87a, 0x946a}, //鑪
{0xe87b, 0x946c}, //鑬
{0xe87c, 0x946d}, //鑭
{0xe87d, 0x946e}, //鑮
{0xe87e, 0x946f}, //鑯
{0xe880, 0x9470}, //鑰
{0xe881, 0x9471}, //鑱
{0xe882, 0x9472}, //鑲
{0xe883, 0x9473}, //鑳
{0xe884, 0x9474}, //鑴
{0xe885, 0x9475}, //鑵
{0xe886, 0x9476}, //鑶
{0xe887, 0x9477}, //鑷
{0xe888, 0x9478}, //鑸
{0xe889, 0x9479}, //鑹
{0xe88a, 0x947a}, //鑺
{0xe88b, 0x947b}, //鑻
{0xe88c, 0x947c}, //鑼
{0xe88d, 0x947d}, //鑽
{0xe88e, 0x947e}, //鑾
{0xe88f, 0x947f}, //鑿
{0xe890, 0x9480}, //钀
{0xe891, 0x9481}, //钁
{0xe892, 0x9482}, //钂
{0xe893, 0x9483}, //钃
{0xe894, 0x9484}, //钄
{0xe895, 0x9491}, //钑
{0xe896, 0x9496}, //钖
{0xe897, 0x9498}, //钘
{0xe898, 0x94c7}, //铇
{0xe899, 0x94cf}, //铏
{0xe89a, 0x94d3}, //铓
{0xe89b, 0x94d4}, //铔
{0xe89c, 0x94da}, //铚
{0xe89d, 0x94e6}, //铦
{0xe89e, 0x94fb}, //铻
{0xe89f, 0x951c}, //锜
{0xe8a0, 0x9520}, //锠
{0xe8a1, 0x741b}, //琛
{0xe8a2, 0x741a}, //琚
{0xe8a3, 0x7441}, //瑁
{0xe8a4, 0x745c}, //瑜
{0xe8a5, 0x7457}, //瑗
{0xe8a6, 0x7455}, //瑕
{0xe8a7, 0x7459}, //瑙
{0xe8a8, 0x7477}, //瑷
{0xe8a9, 0x746d}, //瑭
{0xe8aa, 0x747e}, //瑾
{0xe8ab, 0x749c}, //璜
{0xe8ac, 0x748e}, //璎
{0xe8ad, 0x7480}, //璀
{0xe8ae, 0x7481}, //璁
{0xe8af, 0x7487}, //璇
{0xe8b0, 0x748b}, //璋
{0xe8b1, 0x749e}, //璞
{0xe8b2, 0x74a8}, //璨
{0xe8b3, 0x74a9}, //璩
{0xe8b4, 0x7490}, //璐
{0xe8b5, 0x74a7}, //璧
{0xe8b6, 0x74d2}, //瓒
{0xe8b7, 0x74ba}, //璺
{0xe8b8, 0x97ea}, //韪
{0xe8b9, 0x97eb}, //韫
{0xe8ba, 0x97ec}, //韬
{0xe8bb, 0x674c}, //杌
{0xe8bc, 0x6753}, //杓
{0xe8bd, 0x675e}, //杞
{0xe8be, 0x6748}, //杈
{0xe8bf, 0x6769}, //杩
{0xe8c0, 0x67a5}, //枥
{0xe8c1, 0x6787}, //枇
{0xe8c2, 0x676a}, //杪
{0xe8c3, 0x6773}, //杳
{0xe8c4, 0x6798}, //枘
{0xe8c5, 0x67a7}, //枧
{0xe8c6, 0x6775}, //杵
{0xe8c7, 0x67a8}, //枨
{0xe8c8, 0x679e}, //枞
{0xe8c9, 0x67ad}, //枭
{0xe8ca, 0x678b}, //枋
{0xe8cb, 0x6777}, //杷
{0xe8cc, 0x677c}, //杼
{0xe8cd, 0x67f0}, //柰
{0xe8ce, 0x6809}, //栉
{0xe8cf, 0x67d8}, //柘
{0xe8d0, 0x680a}, //栊
{0xe8d1, 0x67e9}, //柩
{0xe8d2, 0x67b0}, //枰
{0xe8d3, 0x680c}, //栌
{0xe8d4, 0x67d9}, //柙
{0xe8d5, 0x67b5}, //枵
{0xe8d6, 0x67da}, //柚
{0xe8d7, 0x67b3}, //枳
{0xe8d8, 0x67dd}, //柝
{0xe8d9, 0x6800}, //栀
{0xe8da, 0x67c3}, //柃
{0xe8db, 0x67b8}, //枸
{0xe8dc, 0x67e2}, //柢
{0xe8dd, 0x680e}, //栎
{0xe8de, 0x67c1}, //柁
{0xe8df, 0x67fd}, //柽
{0xe8e0, 0x6832}, //栲
{0xe8e1, 0x6833}, //栳
{0xe8e2, 0x6860}, //桠
{0xe8e3, 0x6861}, //桡
{0xe8e4, 0x684e}, //桎
{0xe8e5, 0x6862}, //桢
{0xe8e6, 0x6844}, //桄
{0xe8e7, 0x6864}, //桤
{0xe8e8, 0x6883}, //梃
{0xe8e9, 0x681d}, //栝
{0xe8ea, 0x6855}, //桕
{0xe8eb, 0x6866}, //桦
{0xe8ec, 0x6841}, //桁
{0xe8ed, 0x6867}, //桧
{0xe8ee, 0x6840}, //桀
{0xe8ef, 0x683e}, //栾
{0xe8f0, 0x684a}, //桊
{0xe8f1, 0x6849}, //桉
{0xe8f2, 0x6829}, //栩
{0xe8f3, 0x68b5}, //梵
{0xe8f4, 0x688f}, //梏
{0xe8f5, 0x6874}, //桴
{0xe8f6, 0x6877}, //桷
{0xe8f7, 0x6893}, //梓
{0xe8f8, 0x686b}, //桫
{0xe8f9, 0x68c2}, //棂
{0xe8fa, 0x696e}, //楮
{0xe8fb, 0x68fc}, //棼
{0xe8fc, 0x691f}, //椟
{0xe8fd, 0x6920}, //椠
{0xe8fe, 0x68f9}, //棹
{0xe940, 0x9527}, //锧
{0xe941, 0x9533}, //锳
{0xe942, 0x953d}, //锽
{0xe943, 0x9543}, //镃
{0xe944, 0x9548}, //镈
{0xe945, 0x954b}, //镋
{0xe946, 0x9555}, //镕
{0xe947, 0x955a}, //镚
{0xe948, 0x9560}, //镠
{0xe949, 0x956e}, //镮
{0xe94a, 0x9574}, //镴
{0xe94b, 0x9575}, //镵
{0xe94c, 0x9577}, //長
{0xe94d, 0x9578}, //镸
{0xe94e, 0x9579}, //镹
{0xe94f, 0x957a}, //镺
{0xe950, 0x957b}, //镻
{0xe951, 0x957c}, //镼
{0xe952, 0x957d}, //镽
{0xe953, 0x957e}, //镾
{0xe954, 0x9580}, //門
{0xe955, 0x9581}, //閁
{0xe956, 0x9582}, //閂
{0xe957, 0x9583}, //閃
{0xe958, 0x9584}, //閄
{0xe959, 0x9585}, //閅
{0xe95a, 0x9586}, //閆
{0xe95b, 0x9587}, //閇
{0xe95c, 0x9588}, //閈
{0xe95d, 0x9589}, //閉
{0xe95e, 0x958a}, //閊
{0xe95f, 0x958b}, //開
{0xe960, 0x958c}, //閌
{0xe961, 0x958d}, //閍
{0xe962, 0x958e}, //閎
{0xe963, 0x958f}, //閏
{0xe964, 0x9590}, //閐
{0xe965, 0x9591}, //閑
{0xe966, 0x9592}, //閒
{0xe967, 0x9593}, //間
{0xe968, 0x9594}, //閔
{0xe969, 0x9595}, //閕
{0xe96a, 0x9596}, //閖
{0xe96b, 0x9597}, //閗
{0xe96c, 0x9598}, //閘
{0xe96d, 0x9599}, //閙
{0xe96e, 0x959a}, //閚
{0xe96f, 0x959b}, //閛
{0xe970, 0x959c}, //閜
{0xe971, 0x959d}, //閝
{0xe972, 0x959e}, //閞
{0xe973, 0x959f}, //閟
{0xe974, 0x95a0}, //閠
{0xe975, 0x95a1}, //閡
{0xe976, 0x95a2}, //関
{0xe977, 0x95a3}, //閣
{0xe978, 0x95a4}, //閤
{0xe979, 0x95a5}, //閥
{0xe97a, 0x95a6}, //閦
{0xe97b, 0x95a7}, //閧
{0xe97c, 0x95a8}, //閨
{0xe97d, 0x95a9}, //閩
{0xe97e, 0x95aa}, //閪
{0xe980, 0x95ab}, //閫
{0xe981, 0x95ac}, //閬
{0xe982, 0x95ad}, //閭
{0xe983, 0x95ae}, //閮
{0xe984, 0x95af}, //閯
{0xe985, 0x95b0}, //閰
{0xe986, 0x95b1}, //閱
{0xe987, 0x95b2}, //閲
{0xe988, 0x95b3}, //閳
{0xe989, 0x95b4}, //閴
{0xe98a, 0x95b5}, //閵
{0xe98b, 0x95b6}, //閶
{0xe98c, 0x95b7}, //閷
{0xe98d, 0x95b8}, //閸
{0xe98e, 0x95b9}, //閹
{0xe98f, 0x95ba}, //閺
{0xe990, 0x95bb}, //閻
{0xe991, 0x95bc}, //閼
{0xe992, 0x95bd}, //閽
{0xe993, 0x95be}, //閾
{0xe994, 0x95bf}, //閿
{0xe995, 0x95c0}, //闀
{0xe996, 0x95c1}, //闁
{0xe997, 0x95c2}, //闂
{0xe998, 0x95c3}, //闃
{0xe999, 0x95c4}, //闄
{0xe99a, 0x95c5}, //闅
{0xe99b, 0x95c6}, //闆
{0xe99c, 0x95c7}, //闇
{0xe99d, 0x95c8}, //闈
{0xe99e, 0x95c9}, //闉
{0xe99f, 0x95ca}, //闊
{0xe9a0, 0x95cb}, //闋
{0xe9a1, 0x6924}, //椤
{0xe9a2, 0x68f0}, //棰
{0xe9a3, 0x690b}, //椋
{0xe9a4, 0x6901}, //椁
{0xe9a5, 0x6957}, //楗
{0xe9a6, 0x68e3}, //棣
{0xe9a7, 0x6910}, //椐
{0xe9a8, 0x6971}, //楱
{0xe9a9, 0x6939}, //椹
{0xe9aa, 0x6960}, //楠
{0xe9ab, 0x6942}, //楂
{0xe9ac, 0x695d}, //楝
{0xe9ad, 0x6984}, //榄
{0xe9ae, 0x696b}, //楫
{0xe9af, 0x6980}, //榀
{0xe9b0, 0x6998}, //榘
{0xe9b1, 0x6978}, //楸
{0xe9b2, 0x6934}, //椴
{0xe9b3, 0x69cc}, //槌
{0xe9b4, 0x6987}, //榇
{0xe9b5, 0x6988}, //榈
{0xe9b6, 0x69ce}, //槎
{0xe9b7, 0x6989}, //榉
{0xe9b8, 0x6966}, //楦
{0xe9b9, 0x6963}, //楣
{0xe9ba, 0x6979}, //楹
{0xe9bb, 0x699b}, //榛
{0xe9bc, 0x69a7}, //榧
{0xe9bd, 0x69bb}, //榻
{0xe9be, 0x69ab}, //榫
{0xe9bf, 0x69ad}, //榭
{0xe9c0, 0x69d4}, //槔
{0xe9c1, 0x69b1}, //榱
{0xe9c2, 0x69c1}, //槁
{0xe9c3, 0x69ca}, //槊
{0xe9c4, 0x69df}, //槟
{0xe9c5, 0x6995}, //榕
{0xe9c6, 0x69e0}, //槠
{0xe9c7, 0x698d}, //榍
{0xe9c8, 0x69ff}, //槿
{0xe9c9, 0x6a2f}, //樯
{0xe9ca, 0x69ed}, //槭
{0xe9cb, 0x6a17}, //樗
{0xe9cc, 0x6a18}, //樘
{0xe9cd, 0x6a65}, //橥
{0xe9ce, 0x69f2}, //槲
{0xe9cf, 0x6a44}, //橄
{0xe9d0, 0x6a3e}, //樾
{0xe9d1, 0x6aa0}, //檠
{0xe9d2, 0x6a50}, //橐
{0xe9d3, 0x6a5b}, //橛
{0xe9d4, 0x6a35}, //樵
{0xe9d5, 0x6a8e}, //檎
{0xe9d6, 0x6a79}, //橹
{0xe9d7, 0x6a3d}, //樽
{0xe9d8, 0x6a28}, //樨
{0xe9d9, 0x6a58}, //橘
{0xe9da, 0x6a7c}, //橼
{0xe9db, 0x6a91}, //檑
{0xe9dc, 0x6a90}, //檐
{0xe9dd, 0x6aa9}, //檩
{0xe9de, 0x6a97}, //檗
{0xe9df, 0x6aab}, //檫
{0xe9e0, 0x7337}, //猷
{0xe9e1, 0x7352}, //獒
{0xe9e2, 0x6b81}, //殁
{0xe9e3, 0x6b82}, //殂
{0xe9e4, 0x6b87}, //殇
{0xe9e5, 0x6b84}, //殄
{0xe9e6, 0x6b92}, //殒
{0xe9e7, 0x6b93}, //殓
{0xe9e8, 0x6b8d}, //殍
{0xe9e9, 0x6b9a}, //殚
{0xe9ea, 0x6b9b}, //殛
{0xe9eb, 0x6ba1}, //殡
{0xe9ec, 0x6baa}, //殪
{0xe9ed, 0x8f6b}, //轫
{0xe9ee, 0x8f6d}, //轭
{0xe9ef, 0x8f71}, //轱
{0xe9f0, 0x8f72}, //轲
{0xe9f1, 0x8f73}, //轳
{0xe9f2, 0x8f75}, //轵
{0xe9f3, 0x8f76}, //轶
{0xe9f4, 0x8f78}, //轸
{0xe9f5, 0x8f77}, //轷
{0xe9f6, 0x8f79}, //轹
{0xe9f7, 0x8f7a}, //轺
{0xe9f8, 0x8f7c}, //轼
{0xe9f9, 0x8f7e}, //轾
{0xe9fa, 0x8f81}, //辁
{0xe9fb, 0x8f82}, //辂
{0xe9fc, 0x8f84}, //辄
{0xe9fd, 0x8f87}, //辇
{0xe9fe, 0x8f8b}, //辋
{0xea40, 0x95cc}, //闌
{0xea41, 0x95cd}, //闍
{0xea42, 0x95ce}, //闎
{0xea43, 0x95cf}, //闏
{0xea44, 0x95d0}, //闐
{0xea45, 0x95d1}, //闑
{0xea46, 0x95d2}, //闒
{0xea47, 0x95d3}, //闓
{0xea48, 0x95d4}, //闔
{0xea49, 0x95d5}, //闕
{0xea4a, 0x95d6}, //闖
{0xea4b, 0x95d7}, //闗
{0xea4c, 0x95d8}, //闘
{0xea4d, 0x95d9}, //闙
{0xea4e, 0x95da}, //闚
{0xea4f, 0x95db}, //闛
{0xea50, 0x95dc}, //關
{0xea51, 0x95dd}, //闝
{0xea52, 0x95de}, //闞
{0xea53, 0x95df}, //闟
{0xea54, 0x95e0}, //闠
{0xea55, 0x95e1}, //闡
{0xea56, 0x95e2}, //闢
{0xea57, 0x95e3}, //闣
{0xea58, 0x95e4}, //闤
{0xea59, 0x95e5}, //闥
{0xea5a, 0x95e6}, //闦
{0xea5b, 0x95e7}, //闧
{0xea5c, 0x95ec}, //闬
{0xea5d, 0x95ff}, //闿
{0xea5e, 0x9607}, //阇
{0xea5f, 0x9613}, //阓
{0xea60, 0x9618}, //阘
{0xea61, 0x961b}, //阛
{0xea62, 0x961e}, //阞
{0xea63, 0x9620}, //阠
{0xea64, 0x9623}, //阣
{0xea65, 0x9624}, //阤
{0xea66, 0x9625}, //阥
{0xea67, 0x9626}, //阦
{0xea68, 0x9627}, //阧
{0xea69, 0x9628}, //阨
{0xea6a, 0x9629}, //阩
{0xea6b, 0x962b}, //阫
{0xea6c, 0x962c}, //阬
{0xea6d, 0x962d}, //阭
{0xea6e, 0x962f}, //阯
{0xea6f, 0x9630}, //阰
{0xea70, 0x9637}, //阷
{0xea71, 0x9638}, //阸
{0xea72, 0x9639}, //阹
{0xea73, 0x963a}, //阺
{0xea74, 0x963e}, //阾
{0xea75, 0x9641}, //陁
{0xea76, 0x9643}, //陃
{0xea77, 0x964a}, //陊
{0xea78, 0x964e}, //陎
{0xea79, 0x964f}, //陏
{0xea7a, 0x9651}, //陑
{0xea7b, 0x9652}, //陒
{0xea7c, 0x9653}, //陓
{0xea7d, 0x9656}, //陖
{0xea7e, 0x9657}, //陗
{0xea80, 0x9658}, //陘
{0xea81, 0x9659}, //陙
{0xea82, 0x965a}, //陚
{0xea83, 0x965c}, //陜
{0xea84, 0x965d}, //陝
{0xea85, 0x965e}, //陞
{0xea86, 0x9660}, //陠
{0xea87, 0x9663}, //陣
{0xea88, 0x9665}, //陥
{0xea89, 0x9666}, //陦
{0xea8a, 0x966b}, //陫
{0xea8b, 0x966d}, //陭
{0xea8c, 0x966e}, //陮
{0xea8d, 0x966f}, //陯
{0xea8e, 0x9670}, //陰
{0xea8f, 0x9671}, //陱
{0xea90, 0x9673}, //陳
{0xea91, 0x9678}, //陸
{0xea92, 0x9679}, //陹
{0xea93, 0x967a}, //険
{0xea94, 0x967b}, //陻
{0xea95, 0x967c}, //陼
{0xea96, 0x967d}, //陽
{0xea97, 0x967e}, //陾
{0xea98, 0x967f}, //陿
{0xea99, 0x9680}, //隀
{0xea9a, 0x9681}, //隁
{0xea9b, 0x9682}, //隂
{0xea9c, 0x9683}, //隃
{0xea9d, 0x9684}, //隄
{0xea9e, 0x9687}, //隇
{0xea9f, 0x9689}, //隉
{0xeaa0, 0x968a}, //隊
{0xeaa1, 0x8f8d}, //辍
{0xeaa2, 0x8f8e}, //辎
{0xeaa3, 0x8f8f}, //辏
{0xeaa4, 0x8f98}, //辘
{0xeaa5, 0x8f9a}, //辚
{0xeaa6, 0x8ece}, //軎
{0xeaa7, 0x620b}, //戋
{0xeaa8, 0x6217}, //戗
{0xeaa9, 0x621b}, //戛
{0xeaaa, 0x621f}, //戟
{0xeaab, 0x6222}, //戢
{0xeaac, 0x6221}, //戡
{0xeaad, 0x6225}, //戥
{0xeaae, 0x6224}, //戤
{0xeaaf, 0x622c}, //戬
{0xeab0, 0x81e7}, //臧
{0xeab1, 0x74ef}, //瓯
{0xeab2, 0x74f4}, //瓴
{0xeab3, 0x74ff}, //瓿
{0xeab4, 0x750f}, //甏
{0xeab5, 0x7511}, //甑
{0xeab6, 0x7513}, //甓
{0xeab7, 0x6534}, //攴
{0xeab8, 0x65ee}, //旮
{0xeab9, 0x65ef}, //旯
{0xeaba, 0x65f0}, //旰
{0xeabb, 0x660a}, //昊
{0xeabc, 0x6619}, //昙
{0xeabd, 0x6772}, //杲
{0xeabe, 0x6603}, //昃
{0xeabf, 0x6615}, //昕
{0xeac0, 0x6600}, //昀
{0xeac1, 0x7085}, //炅
{0xeac2, 0x66f7}, //曷
{0xeac3, 0x661d}, //昝
{0xeac4, 0x6634}, //昴
{0xeac5, 0x6631}, //昱
{0xeac6, 0x6636}, //昶
{0xeac7, 0x6635}, //昵
{0xeac8, 0x8006}, //耆
{0xeac9, 0x665f}, //晟
{0xeaca, 0x6654}, //晔
{0xeacb, 0x6641}, //晁
{0xeacc, 0x664f}, //晏
{0xeacd, 0x6656}, //晖
{0xeace, 0x6661}, //晡
{0xeacf, 0x6657}, //晗
{0xead0, 0x6677}, //晷
{0xead1, 0x6684}, //暄
{0xead2, 0x668c}, //暌
{0xead3, 0x66a7}, //暧
{0xead4, 0x669d}, //暝
{0xead5, 0x66be}, //暾
{0xead6, 0x66db}, //曛
{0xead7, 0x66dc}, //曜
{0xead8, 0x66e6}, //曦
{0xead9, 0x66e9}, //曩
{0xeada, 0x8d32}, //贲
{0xeadb, 0x8d33}, //贳
{0xeadc, 0x8d36}, //贶
{0xeadd, 0x8d3b}, //贻
{0xeade, 0x8d3d}, //贽
{0xeadf, 0x8d40}, //赀
{0xeae0, 0x8d45}, //赅
{0xeae1, 0x8d46}, //赆
{0xeae2, 0x8d48}, //赈
{0xeae3, 0x8d49}, //赉
{0xeae4, 0x8d47}, //赇
{0xeae5, 0x8d4d}, //赍
{0xeae6, 0x8d55}, //赕
{0xeae7, 0x8d59}, //赙
{0xeae8, 0x89c7}, //觇
{0xeae9, 0x89ca}, //觊
{0xeaea, 0x89cb}, //觋
{0xeaeb, 0x89cc}, //觌
{0xeaec, 0x89ce}, //觎
{0xeaed, 0x89cf}, //觏
{0xeaee, 0x89d0}, //觐
{0xeaef, 0x89d1}, //觑
{0xeaf0, 0x726e}, //牮
{0xeaf1, 0x729f}, //犟
{0xeaf2, 0x725d}, //牝
{0xeaf3, 0x7266}, //牦
{0xeaf4, 0x726f}, //牯
{0xeaf5, 0x727e}, //牾
{0xeaf6, 0x727f}, //牿
{0xeaf7, 0x7284}, //犄
{0xeaf8, 0x728b}, //犋
{0xeaf9, 0x728d}, //犍
{0xeafa, 0x728f}, //犏
{0xeafb, 0x7292}, //犒
{0xeafc, 0x6308}, //挈
{0xeafd, 0x6332}, //挲
{0xeafe, 0x63b0}, //掰
{0xeb40, 0x968c}, //隌
{0xeb41, 0x968e}, //階
{0xeb42, 0x9691}, //隑
{0xeb43, 0x9692}, //隒
{0xeb44, 0x9693}, //隓
{0xeb45, 0x9695}, //隕
{0xeb46, 0x9696}, //隖
{0xeb47, 0x969a}, //隚
{0xeb48, 0x969b}, //際
{0xeb49, 0x969d}, //隝
{0xeb4a, 0x969e}, //隞
{0xeb4b, 0x969f}, //隟
{0xeb4c, 0x96a0}, //隠
{0xeb4d, 0x96a1}, //隡
{0xeb4e, 0x96a2}, //隢
{0xeb4f, 0x96a3}, //隣
{0xeb50, 0x96a4}, //隤
{0xeb51, 0x96a5}, //隥
{0xeb52, 0x96a6}, //隦
{0xeb53, 0x96a8}, //隨
{0xeb54, 0x96a9}, //隩
{0xeb55, 0x96aa}, //險
{0xeb56, 0x96ab}, //隫
{0xeb57, 0x96ac}, //隬
{0xeb58, 0x96ad}, //隭
{0xeb59, 0x96ae}, //隮
{0xeb5a, 0x96af}, //隯
{0xeb5b, 0x96b1}, //隱
{0xeb5c, 0x96b2}, //隲
{0xeb5d, 0x96b4}, //隴
{0xeb5e, 0x96b5}, //隵
{0xeb5f, 0x96b7}, //隷
{0xeb60, 0x96b8}, //隸
{0xeb61, 0x96ba}, //隺
{0xeb62, 0x96bb}, //隻
{0xeb63, 0x96bf}, //隿
{0xeb64, 0x96c2}, //雂
{0xeb65, 0x96c3}, //雃
{0xeb66, 0x96c8}, //雈
{0xeb67, 0x96ca}, //雊
{0xeb68, 0x96cb}, //雋
{0xeb69, 0x96d0}, //雐
{0xeb6a, 0x96d1}, //雑
{0xeb6b, 0x96d3}, //雓
{0xeb6c, 0x96d4}, //雔
{0xeb6d, 0x96d6}, //雖
{0xeb6e, 0x96d7}, //雗
{0xeb6f, 0x96d8}, //雘
{0xeb70, 0x96d9}, //雙
{0xeb71, 0x96da}, //雚
{0xeb72, 0x96db}, //雛
{0xeb73, 0x96dc}, //雜
{0xeb74, 0x96dd}, //雝
{0xeb75, 0x96de}, //雞
{0xeb76, 0x96df}, //雟
{0xeb77, 0x96e1}, //雡
{0xeb78, 0x96e2}, //離
{0xeb79, 0x96e3}, //難
{0xeb7a, 0x96e4}, //雤
{0xeb7b, 0x96e5}, //雥
{0xeb7c, 0x96e6}, //雦
{0xeb7d, 0x96e7}, //雧
{0xeb7e, 0x96eb}, //雫
{0xeb80, 0x96ec}, //雬
{0xeb81, 0x96ed}, //雭
{0xeb82, 0x96ee}, //雮
{0xeb83, 0x96f0}, //雰
{0xeb84, 0x96f1}, //雱
{0xeb85, 0x96f2}, //雲
{0xeb86, 0x96f4}, //雴
{0xeb87, 0x96f5}, //雵
{0xeb88, 0x96f8}, //雸
{0xeb89, 0x96fa}, //雺
{0xeb8a, 0x96fb}, //電
{0xeb8b, 0x96fc}, //雼
{0xeb8c, 0x96fd}, //雽
{0xeb8d, 0x96ff}, //雿
{0xeb8e, 0x9702}, //霂
{0xeb8f, 0x9703}, //霃
{0xeb90, 0x9705}, //霅
{0xeb91, 0x970a}, //霊
{0xeb92, 0x970b}, //霋
{0xeb93, 0x970c}, //霌
{0xeb94, 0x9710}, //霐
{0xeb95, 0x9711}, //霑
{0xeb96, 0x9712}, //霒
{0xeb97, 0x9714}, //霔
{0xeb98, 0x9715}, //霕
{0xeb99, 0x9717}, //霗
{0xeb9a, 0x9718}, //霘
{0xeb9b, 0x9719}, //霙
{0xeb9c, 0x971a}, //霚
{0xeb9d, 0x971b}, //霛
{0xeb9e, 0x971d}, //霝
{0xeb9f, 0x971f}, //霟
{0xeba0, 0x9720}, //霠
{0xeba1, 0x643f}, //搿
{0xeba2, 0x64d8}, //擘
{0xeba3, 0x8004}, //耄
{0xeba4, 0x6bea}, //毪
{0xeba5, 0x6bf3}, //毳
{0xeba6, 0x6bfd}, //毽
{0xeba7, 0x6bf5}, //毵
{0xeba8, 0x6bf9}, //毹
{0xeba9, 0x6c05}, //氅
{0xebaa, 0x6c07}, //氇
{0xebab, 0x6c06}, //氆
{0xebac, 0x6c0d}, //氍
{0xebad, 0x6c15}, //氕
{0xebae, 0x6c18}, //氘
{0xebaf, 0x6c19}, //氙
{0xebb0, 0x6c1a}, //氚
{0xebb1, 0x6c21}, //氡
{0xebb2, 0x6c29}, //氩
{0xebb3, 0x6c24}, //氤
{0xebb4, 0x6c2a}, //氪
{0xebb5, 0x6c32}, //氲
{0xebb6, 0x6535}, //攵
{0xebb7, 0x6555}, //敕
{0xebb8, 0x656b}, //敫
{0xebb9, 0x724d}, //牍
{0xebba, 0x7252}, //牒
{0xebbb, 0x7256}, //牖
{0xebbc, 0x7230}, //爰
{0xebbd, 0x8662}, //虢
{0xebbe, 0x5216}, //刖
{0xebbf, 0x809f}, //肟
{0xebc0, 0x809c}, //肜
{0xebc1, 0x8093}, //肓
{0xebc2, 0x80bc}, //肼
{0xebc3, 0x670a}, //朊
{0xebc4, 0x80bd}, //肽
{0xebc5, 0x80b1}, //肱
{0xebc6, 0x80ab}, //肫
{0xebc7, 0x80ad}, //肭
{0xebc8, 0x80b4}, //肴
{0xebc9, 0x80b7}, //肷
{0xebca, 0x80e7}, //胧
{0xebcb, 0x80e8}, //胨
{0xebcc, 0x80e9}, //胩
{0xebcd, 0x80ea}, //胪
{0xebce, 0x80db}, //胛
{0xebcf, 0x80c2}, //胂
{0xebd0, 0x80c4}, //胄
{0xebd1, 0x80d9}, //胙
{0xebd2, 0x80cd}, //胍
{0xebd3, 0x80d7}, //胗
{0xebd4, 0x6710}, //朐
{0xebd5, 0x80dd}, //胝
{0xebd6, 0x80eb}, //胫
{0xebd7, 0x80f1}, //胱
{0xebd8, 0x80f4}, //胴
{0xebd9, 0x80ed}, //胭
{0xebda, 0x810d}, //脍
{0xebdb, 0x810e}, //脎
{0xebdc, 0x80f2}, //胲
{0xebdd, 0x80fc}, //胼
{0xebde, 0x6715}, //朕
{0xebdf, 0x8112}, //脒
{0xebe0, 0x8c5a}, //豚
{0xebe1, 0x8136}, //脶
{0xebe2, 0x811e}, //脞
{0xebe3, 0x812c}, //脬
{0xebe4, 0x8118}, //脘
{0xebe5, 0x8132}, //脲
{0xebe6, 0x8148}, //腈
{0xebe7, 0x814c}, //腌
{0xebe8, 0x8153}, //腓
{0xebe9, 0x8174}, //腴
{0xebea, 0x8159}, //腙
{0xebeb, 0x815a}, //腚
{0xebec, 0x8171}, //腱
{0xebed, 0x8160}, //腠
{0xebee, 0x8169}, //腩
{0xebef, 0x817c}, //腼
{0xebf0, 0x817d}, //腽
{0xebf1, 0x816d}, //腭
{0xebf2, 0x8167}, //腧
{0xebf3, 0x584d}, //塍
{0xebf4, 0x5ab5}, //媵
{0xebf5, 0x8188}, //膈
{0xebf6, 0x8182}, //膂
{0xebf7, 0x8191}, //膑
{0xebf8, 0x6ed5}, //滕
{0xebf9, 0x81a3}, //膣
{0xebfa, 0x81aa}, //膪
{0xebfb, 0x81cc}, //臌
{0xebfc, 0x6726}, //朦
{0xebfd, 0x81ca}, //臊
{0xebfe, 0x81bb}, //膻
{0xec40, 0x9721}, //霡
{0xec41, 0x9722}, //霢
{0xec42, 0x9723}, //霣
{0xec43, 0x9724}, //霤
{0xec44, 0x9725}, //霥
{0xec45, 0x9726}, //霦
{0xec46, 0x9727}, //霧
{0xec47, 0x9728}, //霨
{0xec48, 0x9729}, //霩
{0xec49, 0x972b}, //霫
{0xec4a, 0x972c}, //霬
{0xec4b, 0x972e}, //霮
{0xec4c, 0x972f}, //霯
{0xec4d, 0x9731}, //霱
{0xec4e, 0x9733}, //霳
{0xec4f, 0x9734}, //霴
{0xec50, 0x9735}, //霵
{0xec51, 0x9736}, //霶
{0xec52, 0x9737}, //霷
{0xec53, 0x973a}, //霺
{0xec54, 0x973b}, //霻
{0xec55, 0x973c}, //霼
{0xec56, 0x973d}, //霽
{0xec57, 0x973f}, //霿
{0xec58, 0x9740}, //靀
{0xec59, 0x9741}, //靁
{0xec5a, 0x9742}, //靂
{0xec5b, 0x9743}, //靃
{0xec5c, 0x9744}, //靄
{0xec5d, 0x9745}, //靅
{0xec5e, 0x9746}, //靆
{0xec5f, 0x9747}, //靇
{0xec60, 0x9748}, //靈
{0xec61, 0x9749}, //靉
{0xec62, 0x974a}, //靊
{0xec63, 0x974b}, //靋
{0xec64, 0x974c}, //靌
{0xec65, 0x974d}, //靍
{0xec66, 0x974e}, //靎
{0xec67, 0x974f}, //靏
{0xec68, 0x9750}, //靐
{0xec69, 0x9751}, //靑
{0xec6a, 0x9754}, //靔
{0xec6b, 0x9755}, //靕
{0xec6c, 0x9757}, //靗
{0xec6d, 0x9758}, //靘
{0xec6e, 0x975a}, //靚
{0xec6f, 0x975c}, //靜
{0xec70, 0x975d}, //靝
{0xec71, 0x975f}, //靟
{0xec72, 0x9763}, //靣
{0xec73, 0x9764}, //靤
{0xec74, 0x9766}, //靦
{0xec75, 0x9767}, //靧
{0xec76, 0x9768}, //靨
{0xec77, 0x976a}, //靪
{0xec78, 0x976b}, //靫
{0xec79, 0x976c}, //靬
{0xec7a, 0x976d}, //靭
{0xec7b, 0x976e}, //靮
{0xec7c, 0x976f}, //靯
{0xec7d, 0x9770}, //靰
{0xec7e, 0x9771}, //靱
{0xec80, 0x9772}, //靲
{0xec81, 0x9775}, //靵
{0xec82, 0x9777}, //靷
{0xec83, 0x9778}, //靸
{0xec84, 0x9779}, //靹
{0xec85, 0x977a}, //靺
{0xec86, 0x977b}, //靻
{0xec87, 0x977d}, //靽
{0xec88, 0x977e}, //靾
{0xec89, 0x977f}, //靿
{0xec8a, 0x9780}, //鞀
{0xec8b, 0x9781}, //鞁
{0xec8c, 0x9782}, //鞂
{0xec8d, 0x9783}, //鞃
{0xec8e, 0x9784}, //鞄
{0xec8f, 0x9786}, //鞆
{0xec90, 0x9787}, //鞇
{0xec91, 0x9788}, //鞈
{0xec92, 0x9789}, //鞉
{0xec93, 0x978a}, //鞊
{0xec94, 0x978c}, //鞌
{0xec95, 0x978e}, //鞎
{0xec96, 0x978f}, //鞏
{0xec97, 0x9790}, //鞐
{0xec98, 0x9793}, //鞓
{0xec99, 0x9795}, //鞕
{0xec9a, 0x9796}, //鞖
{0xec9b, 0x9797}, //鞗
{0xec9c, 0x9799}, //鞙
{0xec9d, 0x979a}, //鞚
{0xec9e, 0x979b}, //鞛
{0xec9f, 0x979c}, //鞜
{0xeca0, 0x979d}, //鞝
{0xeca1, 0x81c1}, //臁
{0xeca2, 0x81a6}, //膦
{0xeca3, 0x6b24}, //欤
{0xeca4, 0x6b37}, //欷
{0xeca5, 0x6b39}, //欹
{0xeca6, 0x6b43}, //歃
{0xeca7, 0x6b46}, //歆
{0xeca8, 0x6b59}, //歙
{0xeca9, 0x98d1}, //飑
{0xecaa, 0x98d2}, //飒
{0xecab, 0x98d3}, //飓
{0xecac, 0x98d5}, //飕
{0xecad, 0x98d9}, //飙
{0xecae, 0x98da}, //飚
{0xecaf, 0x6bb3}, //殳
{0xecb0, 0x5f40}, //彀
{0xecb1, 0x6bc2}, //毂
{0xecb2, 0x89f3}, //觳
{0xecb3, 0x6590}, //斐
{0xecb4, 0x9f51}, //齑
{0xecb5, 0x6593}, //斓
{0xecb6, 0x65bc}, //於
{0xecb7, 0x65c6}, //旆
{0xecb8, 0x65c4}, //旄
{0xecb9, 0x65c3}, //旃
{0xecba, 0x65cc}, //旌
{0xecbb, 0x65ce}, //旎
{0xecbc, 0x65d2}, //旒
{0xecbd, 0x65d6}, //旖
{0xecbe, 0x7080}, //炀
{0xecbf, 0x709c}, //炜
{0xecc0, 0x7096}, //炖
{0xecc1, 0x709d}, //炝
{0xecc2, 0x70bb}, //炻
{0xecc3, 0x70c0}, //烀
{0xecc4, 0x70b7}, //炷
{0xecc5, 0x70ab}, //炫
{0xecc6, 0x70b1}, //炱
{0xecc7, 0x70e8}, //烨
{0xecc8, 0x70ca}, //烊
{0xecc9, 0x7110}, //焐
{0xecca, 0x7113}, //焓
{0xeccb, 0x7116}, //焖
{0xeccc, 0x712f}, //焯
{0xeccd, 0x7131}, //焱
{0xecce, 0x7173}, //煳
{0xeccf, 0x715c}, //煜
{0xecd0, 0x7168}, //煨
{0xecd1, 0x7145}, //煅
{0xecd2, 0x7172}, //煲
{0xecd3, 0x714a}, //煊
{0xecd4, 0x7178}, //煸
{0xecd5, 0x717a}, //煺
{0xecd6, 0x7198}, //熘
{0xecd7, 0x71b3}, //熳
{0xecd8, 0x71b5}, //熵
{0xecd9, 0x71a8}, //熨
{0xecda, 0x71a0}, //熠
{0xecdb, 0x71e0}, //燠
{0xecdc, 0x71d4}, //燔
{0xecdd, 0x71e7}, //燧
{0xecde, 0x71f9}, //燹
{0xecdf, 0x721d}, //爝
{0xece0, 0x7228}, //爨
{0xece1, 0x706c}, //灬
{0xece2, 0x7118}, //焘
{0xece3, 0x7166}, //煦
{0xece4, 0x71b9}, //熹
{0xece5, 0x623e}, //戾
{0xece6, 0x623d}, //戽
{0xece7, 0x6243}, //扃
{0xece8, 0x6248}, //扈
{0xece9, 0x6249}, //扉
{0xecea, 0x793b}, //礻
{0xeceb, 0x7940}, //祀
{0xecec, 0x7946}, //祆
{0xeced, 0x7949}, //祉
{0xecee, 0x795b}, //祛
{0xecef, 0x795c}, //祜
{0xecf0, 0x7953}, //祓
{0xecf1, 0x795a}, //祚
{0xecf2, 0x7962}, //祢
{0xecf3, 0x7957}, //祗
{0xecf4, 0x7960}, //祠
{0xecf5, 0x796f}, //祯
{0xecf6, 0x7967}, //祧
{0xecf7, 0x797a}, //祺
{0xecf8, 0x7985}, //禅
{0xecf9, 0x798a}, //禊
{0xecfa, 0x799a}, //禚
{0xecfb, 0x79a7}, //禧
{0xecfc, 0x79b3}, //禳
{0xecfd, 0x5fd1}, //忑
{0xecfe, 0x5fd0}, //忐
{0xed40, 0x979e}, //鞞
{0xed41, 0x979f}, //鞟
{0xed42, 0x97a1}, //鞡
{0xed43, 0x97a2}, //鞢
{0xed44, 0x97a4}, //鞤
{0xed45, 0x97a5}, //鞥
{0xed46, 0x97a6}, //鞦
{0xed47, 0x97a7}, //鞧
{0xed48, 0x97a8}, //鞨
{0xed49, 0x97a9}, //鞩
{0xed4a, 0x97aa}, //鞪
{0xed4b, 0x97ac}, //鞬
{0xed4c, 0x97ae}, //鞮
{0xed4d, 0x97b0}, //鞰
{0xed4e, 0x97b1}, //鞱
{0xed4f, 0x97b3}, //鞳
{0xed50, 0x97b5}, //鞵
{0xed51, 0x97b6}, //鞶
{0xed52, 0x97b7}, //鞷
{0xed53, 0x97b8}, //鞸
{0xed54, 0x97b9}, //鞹
{0xed55, 0x97ba}, //鞺
{0xed56, 0x97bb}, //鞻
{0xed57, 0x97bc}, //鞼
{0xed58, 0x97bd}, //鞽
{0xed59, 0x97be}, //鞾
{0xed5a, 0x97bf}, //鞿
{0xed5b, 0x97c0}, //韀
{0xed5c, 0x97c1}, //韁
{0xed5d, 0x97c2}, //韂
{0xed5e, 0x97c3}, //韃
{0xed5f, 0x97c4}, //韄
{0xed60, 0x97c5}, //韅
{0xed61, 0x97c6}, //韆
{0xed62, 0x97c7}, //韇
{0xed63, 0x97c8}, //韈
{0xed64, 0x97c9}, //韉
{0xed65, 0x97ca}, //韊
{0xed66, 0x97cb}, //韋
{0xed67, 0x97cc}, //韌
{0xed68, 0x97cd}, //韍
{0xed69, 0x97ce}, //韎
{0xed6a, 0x97cf}, //韏
{0xed6b, 0x97d0}, //韐
{0xed6c, 0x97d1}, //韑
{0xed6d, 0x97d2}, //韒
{0xed6e, 0x97d3}, //韓
{0xed6f, 0x97d4}, //韔
{0xed70, 0x97d5}, //韕
{0xed71, 0x97d6}, //韖
{0xed72, 0x97d7}, //韗
{0xed73, 0x97d8}, //韘
{0xed74, 0x97d9}, //韙
{0xed75, 0x97da}, //韚
{0xed76, 0x97db}, //韛
{0xed77, 0x97dc}, //韜
{0xed78, 0x97dd}, //韝
{0xed79, 0x97de}, //韞
{0xed7a, 0x97df}, //韟
{0xed7b, 0x97e0}, //韠
{0xed7c, 0x97e1}, //韡
{0xed7d, 0x97e2}, //韢
{0xed7e, 0x97e3}, //韣
{0xed80, 0x97e4}, //韤
{0xed81, 0x97e5}, //韥
{0xed82, 0x97e8}, //韨
{0xed83, 0x97ee}, //韮
{0xed84, 0x97ef}, //韯
{0xed85, 0x97f0}, //韰
{0xed86, 0x97f1}, //韱
{0xed87, 0x97f2}, //韲
{0xed88, 0x97f4}, //韴
{0xed89, 0x97f7}, //韷
{0xed8a, 0x97f8}, //韸
{0xed8b, 0x97f9}, //韹
{0xed8c, 0x97fa}, //韺
{0xed8d, 0x97fb}, //韻
{0xed8e, 0x97fc}, //韼
{0xed8f, 0x97fd}, //韽
{0xed90, 0x97fe}, //韾
{0xed91, 0x97ff}, //響
{0xed92, 0x9800}, //頀
{0xed93, 0x9801}, //頁
{0xed94, 0x9802}, //頂
{0xed95, 0x9803}, //頃
{0xed96, 0x9804}, //頄
{0xed97, 0x9805}, //項
{0xed98, 0x9806}, //順
{0xed99, 0x9807}, //頇
{0xed9a, 0x9808}, //須
{0xed9b, 0x9809}, //頉
{0xed9c, 0x980a}, //頊
{0xed9d, 0x980b}, //頋
{0xed9e, 0x980c}, //頌
{0xed9f, 0x980d}, //頍
{0xeda0, 0x980e}, //頎
{0xeda1, 0x603c}, //怼
{0xeda2, 0x605d}, //恝
{0xeda3, 0x605a}, //恚
{0xeda4, 0x6067}, //恧
{0xeda5, 0x6041}, //恁
{0xeda6, 0x6059}, //恙
{0xeda7, 0x6063}, //恣
{0xeda8, 0x60ab}, //悫
{0xeda9, 0x6106}, //愆
{0xedaa, 0x610d}, //愍
{0xedab, 0x615d}, //慝
{0xedac, 0x61a9}, //憩
{0xedad, 0x619d}, //憝
{0xedae, 0x61cb}, //懋
{0xedaf, 0x61d1}, //懑
{0xedb0, 0x6206}, //戆
{0xedb1, 0x8080}, //肀
{0xedb2, 0x807f}, //聿
{0xedb3, 0x6c93}, //沓
{0xedb4, 0x6cf6}, //泶
{0xedb5, 0x6dfc}, //淼
{0xedb6, 0x77f6}, //矶
{0xedb7, 0x77f8}, //矸
{0xedb8, 0x7800}, //砀
{0xedb9, 0x7809}, //砉
{0xedba, 0x7817}, //砗
{0xedbb, 0x7818}, //砘
{0xedbc, 0x7811}, //砑
{0xedbd, 0x65ab}, //斫
{0xedbe, 0x782d}, //砭
{0xedbf, 0x781c}, //砜
{0xedc0, 0x781d}, //砝
{0xedc1, 0x7839}, //砹
{0xedc2, 0x783a}, //砺
{0xedc3, 0x783b}, //砻
{0xedc4, 0x781f}, //砟
{0xedc5, 0x783c}, //砼
{0xedc6, 0x7825}, //砥
{0xedc7, 0x782c}, //砬
{0xedc8, 0x7823}, //砣
{0xedc9, 0x7829}, //砩
{0xedca, 0x784e}, //硎
{0xedcb, 0x786d}, //硭
{0xedcc, 0x7856}, //硖
{0xedcd, 0x7857}, //硗
{0xedce, 0x7826}, //砦
{0xedcf, 0x7850}, //硐
{0xedd0, 0x7847}, //硇
{0xedd1, 0x784c}, //硌
{0xedd2, 0x786a}, //硪
{0xedd3, 0x789b}, //碛
{0xedd4, 0x7893}, //碓
{0xedd5, 0x789a}, //碚
{0xedd6, 0x7887}, //碇
{0xedd7, 0x789c}, //碜
{0xedd8, 0x78a1}, //碡
{0xedd9, 0x78a3}, //碣
{0xedda, 0x78b2}, //碲
{0xeddb, 0x78b9}, //碹
{0xeddc, 0x78a5}, //碥
{0xeddd, 0x78d4}, //磔
{0xedde, 0x78d9}, //磙
{0xeddf, 0x78c9}, //磉
{0xede0, 0x78ec}, //磬
{0xede1, 0x78f2}, //磲
{0xede2, 0x7905}, //礅
{0xede3, 0x78f4}, //磴
{0xede4, 0x7913}, //礓
{0xede5, 0x7924}, //礤
{0xede6, 0x791e}, //礞
{0xede7, 0x7934}, //礴
{0xede8, 0x9f9b}, //龛
{0xede9, 0x9ef9}, //黹
{0xedea, 0x9efb}, //黻
{0xedeb, 0x9efc}, //黼
{0xedec, 0x76f1}, //盱
{0xeded, 0x7704}, //眄
{0xedee, 0x770d}, //眍
{0xedef, 0x76f9}, //盹
{0xedf0, 0x7707}, //眇
{0xedf1, 0x7708}, //眈
{0xedf2, 0x771a}, //眚
{0xedf3, 0x7722}, //眢
{0xedf4, 0x7719}, //眙
{0xedf5, 0x772d}, //眭
{0xedf6, 0x7726}, //眦
{0xedf7, 0x7735}, //眵
{0xedf8, 0x7738}, //眸
{0xedf9, 0x7750}, //睐
{0xedfa, 0x7751}, //睑
{0xedfb, 0x7747}, //睇
{0xedfc, 0x7743}, //睃
{0xedfd, 0x775a}, //睚
{0xedfe, 0x7768}, //睨
{0xee40, 0x980f}, //頏
{0xee41, 0x9810}, //預
{0xee42, 0x9811}, //頑
{0xee43, 0x9812}, //頒
{0xee44, 0x9813}, //頓
{0xee45, 0x9814}, //頔
{0xee46, 0x9815}, //頕
{0xee47, 0x9816}, //頖
{0xee48, 0x9817}, //頗
{0xee49, 0x9818}, //領
{0xee4a, 0x9819}, //頙
{0xee4b, 0x981a}, //頚
{0xee4c, 0x981b}, //頛
{0xee4d, 0x981c}, //頜
{0xee4e, 0x981d}, //頝
{0xee4f, 0x981e}, //頞
{0xee50, 0x981f}, //頟
{0xee51, 0x9820}, //頠
{0xee52, 0x9821}, //頡
{0xee53, 0x9822}, //頢
{0xee54, 0x9823}, //頣
{0xee55, 0x9824}, //頤
{0xee56, 0x9825}, //頥
{0xee57, 0x9826}, //頦
{0xee58, 0x9827}, //頧
{0xee59, 0x9828}, //頨
{0xee5a, 0x9829}, //頩
{0xee5b, 0x982a}, //頪
{0xee5c, 0x982b}, //頫
{0xee5d, 0x982c}, //頬
{0xee5e, 0x982d}, //頭
{0xee5f, 0x982e}, //頮
{0xee60, 0x982f}, //頯
{0xee61, 0x9830}, //頰
{0xee62, 0x9831}, //頱
{0xee63, 0x9832}, //頲
{0xee64, 0x9833}, //頳
{0xee65, 0x9834}, //頴
{0xee66, 0x9835}, //頵
{0xee67, 0x9836}, //頶
{0xee68, 0x9837}, //頷
{0xee69, 0x9838}, //頸
{0xee6a, 0x9839}, //頹
{0xee6b, 0x983a}, //頺
{0xee6c, 0x983b}, //頻
{0xee6d, 0x983c}, //頼
{0xee6e, 0x983d}, //頽
{0xee6f, 0x983e}, //頾
{0xee70, 0x983f}, //頿
{0xee71, 0x9840}, //顀
{0xee72, 0x9841}, //顁
{0xee73, 0x9842}, //顂
{0xee74, 0x9843}, //顃
{0xee75, 0x9844}, //顄
{0xee76, 0x9845}, //顅
{0xee77, 0x9846}, //顆
{0xee78, 0x9847}, //顇
{0xee79, 0x9848}, //顈
{0xee7a, 0x9849}, //顉
{0xee7b, 0x984a}, //顊
{0xee7c, 0x984b}, //顋
{0xee7d, 0x984c}, //題
{0xee7e, 0x984d}, //額
{0xee80, 0x984e}, //顎
{0xee81, 0x984f}, //顏
{0xee82, 0x9850}, //顐
{0xee83, 0x9851}, //顑
{0xee84, 0x9852}, //顒
{0xee85, 0x9853}, //顓
{0xee86, 0x9854}, //顔
{0xee87, 0x9855}, //顕
{0xee88, 0x9856}, //顖
{0xee89, 0x9857}, //顗
{0xee8a, 0x9858}, //願
{0xee8b, 0x9859}, //顙
{0xee8c, 0x985a}, //顚
{0xee8d, 0x985b}, //顛
{0xee8e, 0x985c}, //顜
{0xee8f, 0x985d}, //顝
{0xee90, 0x985e}, //類
{0xee91, 0x985f}, //顟
{0xee92, 0x9860}, //顠
{0xee93, 0x9861}, //顡
{0xee94, 0x9862}, //顢
{0xee95, 0x9863}, //顣
{0xee96, 0x9864}, //顤
{0xee97, 0x9865}, //顥
{0xee98, 0x9866}, //顦
{0xee99, 0x9867}, //顧
{0xee9a, 0x9868}, //顨
{0xee9b, 0x9869}, //顩
{0xee9c, 0x986a}, //顪
{0xee9d, 0x986b}, //顫
{0xee9e, 0x986c}, //顬
{0xee9f, 0x986d}, //顭
{0xeea0, 0x986e}, //顮
{0xeea1, 0x7762}, //睢
{0xeea2, 0x7765}, //睥
{0xeea3, 0x777f}, //睿
{0xeea4, 0x778d}, //瞍
{0xeea5, 0x777d}, //睽
{0xeea6, 0x7780}, //瞀
{0xeea7, 0x778c}, //瞌
{0xeea8, 0x7791}, //瞑
{0xeea9, 0x779f}, //瞟
{0xeeaa, 0x77a0}, //瞠
{0xeeab, 0x77b0}, //瞰
{0xeeac, 0x77b5}, //瞵
{0xeead, 0x77bd}, //瞽
{0xeeae, 0x753a}, //町
{0xeeaf, 0x7540}, //畀
{0xeeb0, 0x754e}, //畎
{0xeeb1, 0x754b}, //畋
{0xeeb2, 0x7548}, //畈
{0xeeb3, 0x755b}, //畛
{0xeeb4, 0x7572}, //畲
{0xeeb5, 0x7579}, //畹
{0xeeb6, 0x7583}, //疃
{0xeeb7, 0x7f58}, //罘
{0xeeb8, 0x7f61}, //罡
{0xeeb9, 0x7f5f}, //罟
{0xeeba, 0x8a48}, //詈
{0xeebb, 0x7f68}, //罨
{0xeebc, 0x7f74}, //罴
{0xeebd, 0x7f71}, //罱
{0xeebe, 0x7f79}, //罹
{0xeebf, 0x7f81}, //羁
{0xeec0, 0x7f7e}, //罾
{0xeec1, 0x76cd}, //盍
{0xeec2, 0x76e5}, //盥
{0xeec3, 0x8832}, //蠲
{0xeec4, 0x9485}, //钅
{0xeec5, 0x9486}, //钆
{0xeec6, 0x9487}, //钇
{0xeec7, 0x948b}, //钋
{0xeec8, 0x948a}, //钊
{0xeec9, 0x948c}, //钌
{0xeeca, 0x948d}, //钍
{0xeecb, 0x948f}, //钏
{0xeecc, 0x9490}, //钐
{0xeecd, 0x9494}, //钔
{0xeece, 0x9497}, //钗
{0xeecf, 0x9495}, //钕
{0xeed0, 0x949a}, //钚
{0xeed1, 0x949b}, //钛
{0xeed2, 0x949c}, //钜
{0xeed3, 0x94a3}, //钣
{0xeed4, 0x94a4}, //钤
{0xeed5, 0x94ab}, //钫
{0xeed6, 0x94aa}, //钪
{0xeed7, 0x94ad}, //钭
{0xeed8, 0x94ac}, //钬
{0xeed9, 0x94af}, //钯
{0xeeda, 0x94b0}, //钰
{0xeedb, 0x94b2}, //钲
{0xeedc, 0x94b4}, //钴
{0xeedd, 0x94b6}, //钶
{0xeede, 0x94b7}, //钷
{0xeedf, 0x94b8}, //钸
{0xeee0, 0x94b9}, //钹
{0xeee1, 0x94ba}, //钺
{0xeee2, 0x94bc}, //钼
{0xeee3, 0x94bd}, //钽
{0xeee4, 0x94bf}, //钿
{0xeee5, 0x94c4}, //铄
{0xeee6, 0x94c8}, //铈
{0xeee7, 0x94c9}, //铉
{0xeee8, 0x94ca}, //铊
{0xeee9, 0x94cb}, //铋
{0xeeea, 0x94cc}, //铌
{0xeeeb, 0x94cd}, //铍
{0xeeec, 0x94ce}, //铎
{0xeeed, 0x94d0}, //铐
{0xeeee, 0x94d1}, //铑
{0xeeef, 0x94d2}, //铒
{0xeef0, 0x94d5}, //铕
{0xeef1, 0x94d6}, //铖
{0xeef2, 0x94d7}, //铗
{0xeef3, 0x94d9}, //铙
{0xeef4, 0x94d8}, //铘
{0xeef5, 0x94db}, //铛
{0xeef6, 0x94de}, //铞
{0xeef7, 0x94df}, //铟
{0xeef8, 0x94e0}, //铠
{0xeef9, 0x94e2}, //铢
{0xeefa, 0x94e4}, //铤
{0xeefb, 0x94e5}, //铥
{0xeefc, 0x94e7}, //铧
{0xeefd, 0x94e8}, //铨
{0xeefe, 0x94ea}, //铪
{0xef40, 0x986f}, //顯
{0xef41, 0x9870}, //顰
{0xef42, 0x9871}, //顱
{0xef43, 0x9872}, //顲
{0xef44, 0x9873}, //顳
{0xef45, 0x9874}, //顴
{0xef46, 0x988b}, //颋
{0xef47, 0x988e}, //颎
{0xef48, 0x9892}, //颒
{0xef49, 0x9895}, //颕
{0xef4a, 0x9899}, //颙
{0xef4b, 0x98a3}, //颣
{0xef4c, 0x98a8}, //風
{0xef4d, 0x98a9}, //颩
{0xef4e, 0x98aa}, //颪
{0xef4f, 0x98ab}, //颫
{0xef50, 0x98ac}, //颬
{0xef51, 0x98ad}, //颭
{0xef52, 0x98ae}, //颮
{0xef53, 0x98af}, //颯
{0xef54, 0x98b0}, //颰
{0xef55, 0x98b1}, //颱
{0xef56, 0x98b2}, //颲
{0xef57, 0x98b3}, //颳
{0xef58, 0x98b4}, //颴
{0xef59, 0x98b5}, //颵
{0xef5a, 0x98b6}, //颶
{0xef5b, 0x98b7}, //颷
{0xef5c, 0x98b8}, //颸
{0xef5d, 0x98b9}, //颹
{0xef5e, 0x98ba}, //颺
{0xef5f, 0x98bb}, //颻
{0xef60, 0x98bc}, //颼
{0xef61, 0x98bd}, //颽
{0xef62, 0x98be}, //颾
{0xef63, 0x98bf}, //颿
{0xef64, 0x98c0}, //飀
{0xef65, 0x98c1}, //飁
{0xef66, 0x98c2}, //飂
{0xef67, 0x98c3}, //飃
{0xef68, 0x98c4}, //飄
{0xef69, 0x98c5}, //飅
{0xef6a, 0x98c6}, //飆
{0xef6b, 0x98c7}, //飇
{0xef6c, 0x98c8}, //飈
{0xef6d, 0x98c9}, //飉
{0xef6e, 0x98ca}, //飊
{0xef6f, 0x98cb}, //飋
{0xef70, 0x98cc}, //飌
{0xef71, 0x98cd}, //飍
{0xef72, 0x98cf}, //飏
{0xef73, 0x98d0}, //飐
{0xef74, 0x98d4}, //飔
{0xef75, 0x98d6}, //飖
{0xef76, 0x98d7}, //飗
{0xef77, 0x98db}, //飛
{0xef78, 0x98dc}, //飜
{0xef79, 0x98dd}, //飝
{0xef7a, 0x98e0}, //飠
{0xef7b, 0x98e1}, //飡
{0xef7c, 0x98e2}, //飢
{0xef7d, 0x98e3}, //飣
{0xef7e, 0x98e4}, //飤
{0xef80, 0x98e5}, //飥
{0xef81, 0x98e6}, //飦
{0xef82, 0x98e9}, //飩
{0xef83, 0x98ea}, //飪
{0xef84, 0x98eb}, //飫
{0xef85, 0x98ec}, //飬
{0xef86, 0x98ed}, //飭
{0xef87, 0x98ee}, //飮
{0xef88, 0x98ef}, //飯
{0xef89, 0x98f0}, //飰
{0xef8a, 0x98f1}, //飱
{0xef8b, 0x98f2}, //飲
{0xef8c, 0x98f3}, //飳
{0xef8d, 0x98f4}, //飴
{0xef8e, 0x98f5}, //飵
{0xef8f, 0x98f6}, //飶
{0xef90, 0x98f7}, //飷
{0xef91, 0x98f8}, //飸
{0xef92, 0x98f9}, //飹
{0xef93, 0x98fa}, //飺
{0xef94, 0x98fb}, //飻
{0xef95, 0x98fc}, //飼
{0xef96, 0x98fd}, //飽
{0xef97, 0x98fe}, //飾
{0xef98, 0x98ff}, //飿
{0xef99, 0x9900}, //餀
{0xef9a, 0x9901}, //餁
{0xef9b, 0x9902}, //餂
{0xef9c, 0x9903}, //餃
{0xef9d, 0x9904}, //餄
{0xef9e, 0x9905}, //餅
{0xef9f, 0x9906}, //餆
{0xefa0, 0x9907}, //餇
{0xefa1, 0x94e9}, //铩
{0xefa2, 0x94eb}, //铫
{0xefa3, 0x94ee}, //铮
{0xefa4, 0x94ef}, //铯
{0xefa5, 0x94f3}, //铳
{0xefa6, 0x94f4}, //铴
{0xefa7, 0x94f5}, //铵
{0xefa8, 0x94f7}, //铷
{0xefa9, 0x94f9}, //铹
{0xefaa, 0x94fc}, //铼
{0xefab, 0x94fd}, //铽
{0xefac, 0x94ff}, //铿
{0xefad, 0x9503}, //锃
{0xefae, 0x9502}, //锂
{0xefaf, 0x9506}, //锆
{0xefb0, 0x9507}, //锇
{0xefb1, 0x9509}, //锉
{0xefb2, 0x950a}, //锊
{0xefb3, 0x950d}, //锍
{0xefb4, 0x950e}, //锎
{0xefb5, 0x950f}, //锏
{0xefb6, 0x9512}, //锒
{0xefb7, 0x9513}, //锓
{0xefb8, 0x9514}, //锔
{0xefb9, 0x9515}, //锕
{0xefba, 0x9516}, //锖
{0xefbb, 0x9518}, //锘
{0xefbc, 0x951b}, //锛
{0xefbd, 0x951d}, //锝
{0xefbe, 0x951e}, //锞
{0xefbf, 0x951f}, //锟
{0xefc0, 0x9522}, //锢
{0xefc1, 0x952a}, //锪
{0xefc2, 0x952b}, //锫
{0xefc3, 0x9529}, //锩
{0xefc4, 0x952c}, //锬
{0xefc5, 0x9531}, //锱
{0xefc6, 0x9532}, //锲
{0xefc7, 0x9534}, //锴
{0xefc8, 0x9536}, //锶
{0xefc9, 0x9537}, //锷
{0xefca, 0x9538}, //锸
{0xefcb, 0x953c}, //锼
{0xefcc, 0x953e}, //锾
{0xefcd, 0x953f}, //锿
{0xefce, 0x9542}, //镂
{0xefcf, 0x9535}, //锵
{0xefd0, 0x9544}, //镄
{0xefd1, 0x9545}, //镅
{0xefd2, 0x9546}, //镆
{0xefd3, 0x9549}, //镉
{0xefd4, 0x954c}, //镌
{0xefd5, 0x954e}, //镎
{0xefd6, 0x954f}, //镏
{0xefd7, 0x9552}, //镒
{0xefd8, 0x9553}, //镓
{0xefd9, 0x9554}, //镔
{0xefda, 0x9556}, //镖
{0xefdb, 0x9557}, //镗
{0xefdc, 0x9558}, //镘
{0xefdd, 0x9559}, //镙
{0xefde, 0x955b}, //镛
{0xefdf, 0x955e}, //镞
{0xefe0, 0x955f}, //镟
{0xefe1, 0x955d}, //镝
{0xefe2, 0x9561}, //镡
{0xefe3, 0x9562}, //镢
{0xefe4, 0x9564}, //镤
{0xefe5, 0x9565}, //镥
{0xefe6, 0x9566}, //镦
{0xefe7, 0x9567}, //镧
{0xefe8, 0x9568}, //镨
{0xefe9, 0x9569}, //镩
{0xefea, 0x956a}, //镪
{0xefeb, 0x956b}, //镫
{0xefec, 0x956c}, //镬
{0xefed, 0x956f}, //镯
{0xefee, 0x9571}, //镱
{0xefef, 0x9572}, //镲
{0xeff0, 0x9573}, //镳
{0xeff1, 0x953a}, //锺
{0xeff2, 0x77e7}, //矧
{0xeff3, 0x77ec}, //矬
{0xeff4, 0x96c9}, //雉
{0xeff5, 0x79d5}, //秕
{0xeff6, 0x79ed}, //秭
{0xeff7, 0x79e3}, //秣
{0xeff8, 0x79eb}, //秫
{0xeff9, 0x7a06}, //稆
{0xeffa, 0x5d47}, //嵇
{0xeffb, 0x7a03}, //稃
{0xeffc, 0x7a02}, //稂
{0xeffd, 0x7a1e}, //稞
{0xeffe, 0x7a14}, //稔
{0xf040, 0x9908}, //餈
{0xf041, 0x9909}, //餉
{0xf042, 0x990a}, //養
{0xf043, 0x990b}, //餋
{0xf044, 0x990c}, //餌
{0xf045, 0x990e}, //餎
{0xf046, 0x990f}, //餏
{0xf047, 0x9911}, //餑
{0xf048, 0x9912}, //餒
{0xf049, 0x9913}, //餓
{0xf04a, 0x9914}, //餔
{0xf04b, 0x9915}, //餕
{0xf04c, 0x9916}, //餖
{0xf04d, 0x9917}, //餗
{0xf04e, 0x9918}, //餘
{0xf04f, 0x9919}, //餙
{0xf050, 0x991a}, //餚
{0xf051, 0x991b}, //餛
{0xf052, 0x991c}, //餜
{0xf053, 0x991d}, //餝
{0xf054, 0x991e}, //餞
{0xf055, 0x991f}, //餟
{0xf056, 0x9920}, //餠
{0xf057, 0x9921}, //餡
{0xf058, 0x9922}, //餢
{0xf059, 0x9923}, //餣
{0xf05a, 0x9924}, //餤
{0xf05b, 0x9925}, //餥
{0xf05c, 0x9926}, //餦
{0xf05d, 0x9927}, //餧
{0xf05e, 0x9928}, //館
{0xf05f, 0x9929}, //餩
{0xf060, 0x992a}, //餪
{0xf061, 0x992b}, //餫
{0xf062, 0x992c}, //餬
{0xf063, 0x992d}, //餭
{0xf064, 0x992f}, //餯
{0xf065, 0x9930}, //餰
{0xf066, 0x9931}, //餱
{0xf067, 0x9932}, //餲
{0xf068, 0x9933}, //餳
{0xf069, 0x9934}, //餴
{0xf06a, 0x9935}, //餵
{0xf06b, 0x9936}, //餶
{0xf06c, 0x9937}, //餷
{0xf06d, 0x9938}, //餸
{0xf06e, 0x9939}, //餹
{0xf06f, 0x993a}, //餺
{0xf070, 0x993b}, //餻
{0xf071, 0x993c}, //餼
{0xf072, 0x993d}, //餽
{0xf073, 0x993e}, //餾
{0xf074, 0x993f}, //餿
{0xf075, 0x9940}, //饀
{0xf076, 0x9941}, //饁
{0xf077, 0x9942}, //饂
{0xf078, 0x9943}, //饃
{0xf079, 0x9944}, //饄
{0xf07a, 0x9945}, //饅
{0xf07b, 0x9946}, //饆
{0xf07c, 0x9947}, //饇
{0xf07d, 0x9948}, //饈
{0xf07e, 0x9949}, //饉
{0xf080, 0x994a}, //饊
{0xf081, 0x994b}, //饋
{0xf082, 0x994c}, //饌
{0xf083, 0x994d}, //饍
{0xf084, 0x994e}, //饎
{0xf085, 0x994f}, //饏
{0xf086, 0x9950}, //饐
{0xf087, 0x9951}, //饑
{0xf088, 0x9952}, //饒
{0xf089, 0x9953}, //饓
{0xf08a, 0x9956}, //饖
{0xf08b, 0x9957}, //饗
{0xf08c, 0x9958}, //饘
{0xf08d, 0x9959}, //饙
{0xf08e, 0x995a}, //饚
{0xf08f, 0x995b}, //饛
{0xf090, 0x995c}, //饜
{0xf091, 0x995d}, //饝
{0xf092, 0x995e}, //饞
{0xf093, 0x995f}, //饟
{0xf094, 0x9960}, //饠
{0xf095, 0x9961}, //饡
{0xf096, 0x9962}, //饢
{0xf097, 0x9964}, //饤
{0xf098, 0x9966}, //饦
{0xf099, 0x9973}, //饳
{0xf09a, 0x9978}, //饸
{0xf09b, 0x9979}, //饹
{0xf09c, 0x997b}, //饻
{0xf09d, 0x997e}, //饾
{0xf09e, 0x9982}, //馂
{0xf09f, 0x9983}, //馃
{0xf0a0, 0x9989}, //馉
{0xf0a1, 0x7a39}, //稹
{0xf0a2, 0x7a37}, //稷
{0xf0a3, 0x7a51}, //穑
{0xf0a4, 0x9ecf}, //黏
{0xf0a5, 0x99a5}, //馥
{0xf0a6, 0x7a70}, //穰
{0xf0a7, 0x7688}, //皈
{0xf0a8, 0x768e}, //皎
{0xf0a9, 0x7693}, //皓
{0xf0aa, 0x7699}, //皙
{0xf0ab, 0x76a4}, //皤
{0xf0ac, 0x74de}, //瓞
{0xf0ad, 0x74e0}, //瓠
{0xf0ae, 0x752c}, //甬
{0xf0af, 0x9e20}, //鸠
{0xf0b0, 0x9e22}, //鸢
{0xf0b1, 0x9e28}, //鸨
{0xf0b2, 0x9e29}, //鸩
{0xf0b3, 0x9e2a}, //鸪
{0xf0b4, 0x9e2b}, //鸫
{0xf0b5, 0x9e2c}, //鸬
{0xf0b6, 0x9e32}, //鸲
{0xf0b7, 0x9e31}, //鸱
{0xf0b8, 0x9e36}, //鸶
{0xf0b9, 0x9e38}, //鸸
{0xf0ba, 0x9e37}, //鸷
{0xf0bb, 0x9e39}, //鸹
{0xf0bc, 0x9e3a}, //鸺
{0xf0bd, 0x9e3e}, //鸾
{0xf0be, 0x9e41}, //鹁
{0xf0bf, 0x9e42}, //鹂
{0xf0c0, 0x9e44}, //鹄
{0xf0c1, 0x9e46}, //鹆
{0xf0c2, 0x9e47}, //鹇
{0xf0c3, 0x9e48}, //鹈
{0xf0c4, 0x9e49}, //鹉
{0xf0c5, 0x9e4b}, //鹋
{0xf0c6, 0x9e4c}, //鹌
{0xf0c7, 0x9e4e}, //鹎
{0xf0c8, 0x9e51}, //鹑
{0xf0c9, 0x9e55}, //鹕
{0xf0ca, 0x9e57}, //鹗
{0xf0cb, 0x9e5a}, //鹚
{0xf0cc, 0x9e5b}, //鹛
{0xf0cd, 0x9e5c}, //鹜
{0xf0ce, 0x9e5e}, //鹞
{0xf0cf, 0x9e63}, //鹣
{0xf0d0, 0x9e66}, //鹦
{0xf0d1, 0x9e67}, //鹧
{0xf0d2, 0x9e68}, //鹨
{0xf0d3, 0x9e69}, //鹩
{0xf0d4, 0x9e6a}, //鹪
{0xf0d5, 0x9e6b}, //鹫
{0xf0d6, 0x9e6c}, //鹬
{0xf0d7, 0x9e71}, //鹱
{0xf0d8, 0x9e6d}, //鹭
{0xf0d9, 0x9e73}, //鹳
{0xf0da, 0x7592}, //疒
{0xf0db, 0x7594}, //疔
{0xf0dc, 0x7596}, //疖
{0xf0dd, 0x75a0}, //疠
{0xf0de, 0x759d}, //疝
{0xf0df, 0x75ac}, //疬
{0xf0e0, 0x75a3}, //疣
{0xf0e1, 0x75b3}, //疳
{0xf0e2, 0x75b4}, //疴
{0xf0e3, 0x75b8}, //疸
{0xf0e4, 0x75c4}, //痄
{0xf0e5, 0x75b1}, //疱
{0xf0e6, 0x75b0}, //疰
{0xf0e7, 0x75c3}, //痃
{0xf0e8, 0x75c2}, //痂
{0xf0e9, 0x75d6}, //痖
{0xf0ea, 0x75cd}, //痍
{0xf0eb, 0x75e3}, //痣
{0xf0ec, 0x75e8}, //痨
{0xf0ed, 0x75e6}, //痦
{0xf0ee, 0x75e4}, //痤
{0xf0ef, 0x75eb}, //痫
{0xf0f0, 0x75e7}, //痧
{0xf0f1, 0x7603}, //瘃
{0xf0f2, 0x75f1}, //痱
{0xf0f3, 0x75fc}, //痼
{0xf0f4, 0x75ff}, //痿
{0xf0f5, 0x7610}, //瘐
{0xf0f6, 0x7600}, //瘀
{0xf0f7, 0x7605}, //瘅
{0xf0f8, 0x760c}, //瘌
{0xf0f9, 0x7617}, //瘗
{0xf0fa, 0x760a}, //瘊
{0xf0fb, 0x7625}, //瘥
{0xf0fc, 0x7618}, //瘘
{0xf0fd, 0x7615}, //瘕
{0xf0fe, 0x7619}, //瘙
{0xf140, 0x998c}, //馌
{0xf141, 0x998e}, //馎
{0xf142, 0x999a}, //馚
{0xf143, 0x999b}, //馛
{0xf144, 0x999c}, //馜
{0xf145, 0x999d}, //馝
{0xf146, 0x999e}, //馞
{0xf147, 0x999f}, //馟
{0xf148, 0x99a0}, //馠
{0xf149, 0x99a1}, //馡
{0xf14a, 0x99a2}, //馢
{0xf14b, 0x99a3}, //馣
{0xf14c, 0x99a4}, //馤
{0xf14d, 0x99a6}, //馦
{0xf14e, 0x99a7}, //馧
{0xf14f, 0x99a9}, //馩
{0xf150, 0x99aa}, //馪
{0xf151, 0x99ab}, //馫
{0xf152, 0x99ac}, //馬
{0xf153, 0x99ad}, //馭
{0xf154, 0x99ae}, //馮
{0xf155, 0x99af}, //馯
{0xf156, 0x99b0}, //馰
{0xf157, 0x99b1}, //馱
{0xf158, 0x99b2}, //馲
{0xf159, 0x99b3}, //馳
{0xf15a, 0x99b4}, //馴
{0xf15b, 0x99b5}, //馵
{0xf15c, 0x99b6}, //馶
{0xf15d, 0x99b7}, //馷
{0xf15e, 0x99b8}, //馸
{0xf15f, 0x99b9}, //馹
{0xf160, 0x99ba}, //馺
{0xf161, 0x99bb}, //馻
{0xf162, 0x99bc}, //馼
{0xf163, 0x99bd}, //馽
{0xf164, 0x99be}, //馾
{0xf165, 0x99bf}, //馿
{0xf166, 0x99c0}, //駀
{0xf167, 0x99c1}, //駁
{0xf168, 0x99c2}, //駂
{0xf169, 0x99c3}, //駃
{0xf16a, 0x99c4}, //駄
{0xf16b, 0x99c5}, //駅
{0xf16c, 0x99c6}, //駆
{0xf16d, 0x99c7}, //駇
{0xf16e, 0x99c8}, //駈
{0xf16f, 0x99c9}, //駉
{0xf170, 0x99ca}, //駊
{0xf171, 0x99cb}, //駋
{0xf172, 0x99cc}, //駌
{0xf173, 0x99cd}, //駍
{0xf174, 0x99ce}, //駎
{0xf175, 0x99cf}, //駏
{0xf176, 0x99d0}, //駐
{0xf177, 0x99d1}, //駑
{0xf178, 0x99d2}, //駒
{0xf179, 0x99d3}, //駓
{0xf17a, 0x99d4}, //駔
{0xf17b, 0x99d5}, //駕
{0xf17c, 0x99d6}, //駖
{0xf17d, 0x99d7}, //駗
{0xf17e, 0x99d8}, //駘
{0xf180, 0x99d9}, //駙
{0xf181, 0x99da}, //駚
{0xf182, 0x99db}, //駛
{0xf183, 0x99dc}, //駜
{0xf184, 0x99dd}, //駝
{0xf185, 0x99de}, //駞
{0xf186, 0x99df}, //駟
{0xf187, 0x99e0}, //駠
{0xf188, 0x99e1}, //駡
{0xf189, 0x99e2}, //駢
{0xf18a, 0x99e3}, //駣
{0xf18b, 0x99e4}, //駤
{0xf18c, 0x99e5}, //駥
{0xf18d, 0x99e6}, //駦
{0xf18e, 0x99e7}, //駧
{0xf18f, 0x99e8}, //駨
{0xf190, 0x99e9}, //駩
{0xf191, 0x99ea}, //駪
{0xf192, 0x99eb}, //駫
{0xf193, 0x99ec}, //駬
{0xf194, 0x99ed}, //駭
{0xf195, 0x99ee}, //駮
{0xf196, 0x99ef}, //駯
{0xf197, 0x99f0}, //駰
{0xf198, 0x99f1}, //駱
{0xf199, 0x99f2}, //駲
{0xf19a, 0x99f3}, //駳
{0xf19b, 0x99f4}, //駴
{0xf19c, 0x99f5}, //駵
{0xf19d, 0x99f6}, //駶
{0xf19e, 0x99f7}, //駷
{0xf19f, 0x99f8}, //駸
{0xf1a0, 0x99f9}, //駹
{0xf1a1, 0x761b}, //瘛
{0xf1a2, 0x763c}, //瘼
{0xf1a3, 0x7622}, //瘢
{0xf1a4, 0x7620}, //瘠
{0xf1a5, 0x7640}, //癀
{0xf1a6, 0x762d}, //瘭
{0xf1a7, 0x7630}, //瘰
{0xf1a8, 0x763f}, //瘿
{0xf1a9, 0x7635}, //瘵
{0xf1aa, 0x7643}, //癃
{0xf1ab, 0x763e}, //瘾
{0xf1ac, 0x7633}, //瘳
{0xf1ad, 0x764d}, //癍
{0xf1ae, 0x765e}, //癞
{0xf1af, 0x7654}, //癔
{0xf1b0, 0x765c}, //癜
{0xf1b1, 0x7656}, //癖
{0xf1b2, 0x766b}, //癫
{0xf1b3, 0x766f}, //癯
{0xf1b4, 0x7fca}, //翊
{0xf1b5, 0x7ae6}, //竦
{0xf1b6, 0x7a78}, //穸
{0xf1b7, 0x7a79}, //穹
{0xf1b8, 0x7a80}, //窀
{0xf1b9, 0x7a86}, //窆
{0xf1ba, 0x7a88}, //窈
{0xf1bb, 0x7a95}, //窕
{0xf1bc, 0x7aa6}, //窦
{0xf1bd, 0x7aa0}, //窠
{0xf1be, 0x7aac}, //窬
{0xf1bf, 0x7aa8}, //窨
{0xf1c0, 0x7aad}, //窭
{0xf1c1, 0x7ab3}, //窳
{0xf1c2, 0x8864}, //衤
{0xf1c3, 0x8869}, //衩
{0xf1c4, 0x8872}, //衲
{0xf1c5, 0x887d}, //衽
{0xf1c6, 0x887f}, //衿
{0xf1c7, 0x8882}, //袂
{0xf1c8, 0x88a2}, //袢
{0xf1c9, 0x88c6}, //裆
{0xf1ca, 0x88b7}, //袷
{0xf1cb, 0x88bc}, //袼
{0xf1cc, 0x88c9}, //裉
{0xf1cd, 0x88e2}, //裢
{0xf1ce, 0x88ce}, //裎
{0xf1cf, 0x88e3}, //裣
{0xf1d0, 0x88e5}, //裥
{0xf1d1, 0x88f1}, //裱
{0xf1d2, 0x891a}, //褚
{0xf1d3, 0x88fc}, //裼
{0xf1d4, 0x88e8}, //裨
{0xf1d5, 0x88fe}, //裾
{0xf1d6, 0x88f0}, //裰
{0xf1d7, 0x8921}, //褡
{0xf1d8, 0x8919}, //褙
{0xf1d9, 0x8913}, //褓
{0xf1da, 0x891b}, //褛
{0xf1db, 0x890a}, //褊
{0xf1dc, 0x8934}, //褴
{0xf1dd, 0x892b}, //褫
{0xf1de, 0x8936}, //褶
{0xf1df, 0x8941}, //襁
{0xf1e0, 0x8966}, //襦
{0xf1e1, 0x897b}, //襻
{0xf1e2, 0x758b}, //疋
{0xf1e3, 0x80e5}, //胥
{0xf1e4, 0x76b2}, //皲
{0xf1e5, 0x76b4}, //皴
{0xf1e6, 0x77dc}, //矜
{0xf1e7, 0x8012}, //耒
{0xf1e8, 0x8014}, //耔
{0xf1e9, 0x8016}, //耖
{0xf1ea, 0x801c}, //耜
{0xf1eb, 0x8020}, //耠
{0xf1ec, 0x8022}, //耢
{0xf1ed, 0x8025}, //耥
{0xf1ee, 0x8026}, //耦
{0xf1ef, 0x8027}, //耧
{0xf1f0, 0x8029}, //耩
{0xf1f1, 0x8028}, //耨
{0xf1f2, 0x8031}, //耱
{0xf1f3, 0x800b}, //耋
{0xf1f4, 0x8035}, //耵
{0xf1f5, 0x8043}, //聃
{0xf1f6, 0x8046}, //聆
{0xf1f7, 0x804d}, //聍
{0xf1f8, 0x8052}, //聒
{0xf1f9, 0x8069}, //聩
{0xf1fa, 0x8071}, //聱
{0xf1fb, 0x8983}, //覃
{0xf1fc, 0x9878}, //顸
{0xf1fd, 0x9880}, //颀
{0xf1fe, 0x9883}, //颃
{0xf240, 0x99fa}, //駺
{0xf241, 0x99fb}, //駻
{0xf242, 0x99fc}, //駼
{0xf243, 0x99fd}, //駽
{0xf244, 0x99fe}, //駾
{0xf245, 0x99ff}, //駿
{0xf246, 0x9a00}, //騀
{0xf247, 0x9a01}, //騁
{0xf248, 0x9a02}, //騂
{0xf249, 0x9a03}, //騃
{0xf24a, 0x9a04}, //騄
{0xf24b, 0x9a05}, //騅
{0xf24c, 0x9a06}, //騆
{0xf24d, 0x9a07}, //騇
{0xf24e, 0x9a08}, //騈
{0xf24f, 0x9a09}, //騉
{0xf250, 0x9a0a}, //騊
{0xf251, 0x9a0b}, //騋
{0xf252, 0x9a0c}, //騌
{0xf253, 0x9a0d}, //騍
{0xf254, 0x9a0e}, //騎
{0xf255, 0x9a0f}, //騏
{0xf256, 0x9a10}, //騐
{0xf257, 0x9a11}, //騑
{0xf258, 0x9a12}, //騒
{0xf259, 0x9a13}, //験
{0xf25a, 0x9a14}, //騔
{0xf25b, 0x9a15}, //騕
{0xf25c, 0x9a16}, //騖
{0xf25d, 0x9a17}, //騗
{0xf25e, 0x9a18}, //騘
{0xf25f, 0x9a19}, //騙
{0xf260, 0x9a1a}, //騚
{0xf261, 0x9a1b}, //騛
{0xf262, 0x9a1c}, //騜
{0xf263, 0x9a1d}, //騝
{0xf264, 0x9a1e}, //騞
{0xf265, 0x9a1f}, //騟
{0xf266, 0x9a20}, //騠
{0xf267, 0x9a21}, //騡
{0xf268, 0x9a22}, //騢
{0xf269, 0x9a23}, //騣
{0xf26a, 0x9a24}, //騤
{0xf26b, 0x9a25}, //騥
{0xf26c, 0x9a26}, //騦
{0xf26d, 0x9a27}, //騧
{0xf26e, 0x9a28}, //騨
{0xf26f, 0x9a29}, //騩
{0xf270, 0x9a2a}, //騪
{0xf271, 0x9a2b}, //騫
{0xf272, 0x9a2c}, //騬
{0xf273, 0x9a2d}, //騭
{0xf274, 0x9a2e}, //騮
{0xf275, 0x9a2f}, //騯
{0xf276, 0x9a30}, //騰
{0xf277, 0x9a31}, //騱
{0xf278, 0x9a32}, //騲
{0xf279, 0x9a33}, //騳
{0xf27a, 0x9a34}, //騴
{0xf27b, 0x9a35}, //騵
{0xf27c, 0x9a36}, //騶
{0xf27d, 0x9a37}, //騷
{0xf27e, 0x9a38}, //騸
{0xf280, 0x9a39}, //騹
{0xf281, 0x9a3a}, //騺
{0xf282, 0x9a3b}, //騻
{0xf283, 0x9a3c}, //騼
{0xf284, 0x9a3d}, //騽
{0xf285, 0x9a3e}, //騾
{0xf286, 0x9a3f}, //騿
{0xf287, 0x9a40}, //驀
{0xf288, 0x9a41}, //驁
{0xf289, 0x9a42}, //驂
{0xf28a, 0x9a43}, //驃
{0xf28b, 0x9a44}, //驄
{0xf28c, 0x9a45}, //驅
{0xf28d, 0x9a46}, //驆
{0xf28e, 0x9a47}, //驇
{0xf28f, 0x9a48}, //驈
{0xf290, 0x9a49}, //驉
{0xf291, 0x9a4a}, //驊
{0xf292, 0x9a4b}, //驋
{0xf293, 0x9a4c}, //驌
{0xf294, 0x9a4d}, //驍
{0xf295, 0x9a4e}, //驎
{0xf296, 0x9a4f}, //驏
{0xf297, 0x9a50}, //驐
{0xf298, 0x9a51}, //驑
{0xf299, 0x9a52}, //驒
{0xf29a, 0x9a53}, //驓
{0xf29b, 0x9a54}, //驔
{0xf29c, 0x9a55}, //驕
{0xf29d, 0x9a56}, //驖
{0xf29e, 0x9a57}, //驗
{0xf29f, 0x9a58}, //驘
{0xf2a0, 0x9a59}, //驙
{0xf2a1, 0x9889}, //颉
{0xf2a2, 0x988c}, //颌
{0xf2a3, 0x988d}, //颍
{0xf2a4, 0x988f}, //颏
{0xf2a5, 0x9894}, //颔
{0xf2a6, 0x989a}, //颚
{0xf2a7, 0x989b}, //颛
{0xf2a8, 0x989e}, //颞
{0xf2a9, 0x989f}, //颟
{0xf2aa, 0x98a1}, //颡
{0xf2ab, 0x98a2}, //颢
{0xf2ac, 0x98a5}, //颥
{0xf2ad, 0x98a6}, //颦
{0xf2ae, 0x864d}, //虍
{0xf2af, 0x8654}, //虔
{0xf2b0, 0x866c}, //虬
{0xf2b1, 0x866e}, //虮
{0xf2b2, 0x867f}, //虿
{0xf2b3, 0x867a}, //虺
{0xf2b4, 0x867c}, //虼
{0xf2b5, 0x867b}, //虻
{0xf2b6, 0x86a8}, //蚨
{0xf2b7, 0x868d}, //蚍
{0xf2b8, 0x868b}, //蚋
{0xf2b9, 0x86ac}, //蚬
{0xf2ba, 0x869d}, //蚝
{0xf2bb, 0x86a7}, //蚧
{0xf2bc, 0x86a3}, //蚣
{0xf2bd, 0x86aa}, //蚪
{0xf2be, 0x8693}, //蚓
{0xf2bf, 0x86a9}, //蚩
{0xf2c0, 0x86b6}, //蚶
{0xf2c1, 0x86c4}, //蛄
{0xf2c2, 0x86b5}, //蚵
{0xf2c3, 0x86ce}, //蛎
{0xf2c4, 0x86b0}, //蚰
{0xf2c5, 0x86ba}, //蚺
{0xf2c6, 0x86b1}, //蚱
{0xf2c7, 0x86af}, //蚯
{0xf2c8, 0x86c9}, //蛉
{0xf2c9, 0x86cf}, //蛏
{0xf2ca, 0x86b4}, //蚴
{0xf2cb, 0x86e9}, //蛩
{0xf2cc, 0x86f1}, //蛱
{0xf2cd, 0x86f2}, //蛲
{0xf2ce, 0x86ed}, //蛭
{0xf2cf, 0x86f3}, //蛳
{0xf2d0, 0x86d0}, //蛐
{0xf2d1, 0x8713}, //蜓
{0xf2d2, 0x86de}, //蛞
{0xf2d3, 0x86f4}, //蛴
{0xf2d4, 0x86df}, //蛟
{0xf2d5, 0x86d8}, //蛘
{0xf2d6, 0x86d1}, //蛑
{0xf2d7, 0x8703}, //蜃
{0xf2d8, 0x8707}, //蜇
{0xf2d9, 0x86f8}, //蛸
{0xf2da, 0x8708}, //蜈
{0xf2db, 0x870a}, //蜊
{0xf2dc, 0x870d}, //蜍
{0xf2dd, 0x8709}, //蜉
{0xf2de, 0x8723}, //蜣
{0xf2df, 0x873b}, //蜻
{0xf2e0, 0x871e}, //蜞
{0xf2e1, 0x8725}, //蜥
{0xf2e2, 0x872e}, //蜮
{0xf2e3, 0x871a}, //蜚
{0xf2e4, 0x873e}, //蜾
{0xf2e5, 0x8748}, //蝈
{0xf2e6, 0x8734}, //蜴
{0xf2e7, 0x8731}, //蜱
{0xf2e8, 0x8729}, //蜩
{0xf2e9, 0x8737}, //蜷
{0xf2ea, 0x873f}, //蜿
{0xf2eb, 0x8782}, //螂
{0xf2ec, 0x8722}, //蜢
{0xf2ed, 0x877d}, //蝽
{0xf2ee, 0x877e}, //蝾
{0xf2ef, 0x877b}, //蝻
{0xf2f0, 0x8760}, //蝠
{0xf2f1, 0x8770}, //蝰
{0xf2f2, 0x874c}, //蝌
{0xf2f3, 0x876e}, //蝮
{0xf2f4, 0x878b}, //螋
{0xf2f5, 0x8753}, //蝓
{0xf2f6, 0x8763}, //蝣
{0xf2f7, 0x877c}, //蝼
{0xf2f8, 0x8764}, //蝤
{0xf2f9, 0x8759}, //蝙
{0xf2fa, 0x8765}, //蝥
{0xf2fb, 0x8793}, //螓
{0xf2fc, 0x87af}, //螯
{0xf2fd, 0x87a8}, //螨
{0xf2fe, 0x87d2}, //蟒
{0xf340, 0x9a5a}, //驚
{0xf341, 0x9a5b}, //驛
{0xf342, 0x9a5c}, //驜
{0xf343, 0x9a5d}, //驝
{0xf344, 0x9a5e}, //驞
{0xf345, 0x9a5f}, //驟
{0xf346, 0x9a60}, //驠
{0xf347, 0x9a61}, //驡
{0xf348, 0x9a62}, //驢
{0xf349, 0x9a63}, //驣
{0xf34a, 0x9a64}, //驤
{0xf34b, 0x9a65}, //驥
{0xf34c, 0x9a66}, //驦
{0xf34d, 0x9a67}, //驧
{0xf34e, 0x9a68}, //驨
{0xf34f, 0x9a69}, //驩
{0xf350, 0x9a6a}, //驪
{0xf351, 0x9a6b}, //驫
{0xf352, 0x9a72}, //驲
{0xf353, 0x9a83}, //骃
{0xf354, 0x9a89}, //骉
{0xf355, 0x9a8d}, //骍
{0xf356, 0x9a8e}, //骎
{0xf357, 0x9a94}, //骔
{0xf358, 0x9a95}, //骕
{0xf359, 0x9a99}, //骙
{0xf35a, 0x9aa6}, //骦
{0xf35b, 0x9aa9}, //骩
{0xf35c, 0x9aaa}, //骪
{0xf35d, 0x9aab}, //骫
{0xf35e, 0x9aac}, //骬
{0xf35f, 0x9aad}, //骭
{0xf360, 0x9aae}, //骮
{0xf361, 0x9aaf}, //骯
{0xf362, 0x9ab2}, //骲
{0xf363, 0x9ab3}, //骳
{0xf364, 0x9ab4}, //骴
{0xf365, 0x9ab5}, //骵
{0xf366, 0x9ab9}, //骹
{0xf367, 0x9abb}, //骻
{0xf368, 0x9abd}, //骽
{0xf369, 0x9abe}, //骾
{0xf36a, 0x9abf}, //骿
{0xf36b, 0x9ac3}, //髃
{0xf36c, 0x9ac4}, //髄
{0xf36d, 0x9ac6}, //髆
{0xf36e, 0x9ac7}, //髇
{0xf36f, 0x9ac8}, //髈
{0xf370, 0x9ac9}, //髉
{0xf371, 0x9aca}, //髊
{0xf372, 0x9acd}, //髍
{0xf373, 0x9ace}, //髎
{0xf374, 0x9acf}, //髏
{0xf375, 0x9ad0}, //髐
{0xf376, 0x9ad2}, //髒
{0xf377, 0x9ad4}, //體
{0xf378, 0x9ad5}, //髕
{0xf379, 0x9ad6}, //髖
{0xf37a, 0x9ad7}, //髗
{0xf37b, 0x9ad9}, //髙
{0xf37c, 0x9ada}, //髚
{0xf37d, 0x9adb}, //髛
{0xf37e, 0x9adc}, //髜
{0xf380, 0x9add}, //髝
{0xf381, 0x9ade}, //髞
{0xf382, 0x9ae0}, //髠
{0xf383, 0x9ae2}, //髢
{0xf384, 0x9ae3}, //髣
{0xf385, 0x9ae4}, //髤
{0xf386, 0x9ae5}, //髥
{0xf387, 0x9ae7}, //髧
{0xf388, 0x9ae8}, //髨
{0xf389, 0x9ae9}, //髩
{0xf38a, 0x9aea}, //髪
{0xf38b, 0x9aec}, //髬
{0xf38c, 0x9aee}, //髮
{0xf38d, 0x9af0}, //髰
{0xf38e, 0x9af1}, //髱
{0xf38f, 0x9af2}, //髲
{0xf390, 0x9af3}, //髳
{0xf391, 0x9af4}, //髴
{0xf392, 0x9af5}, //髵
{0xf393, 0x9af6}, //髶
{0xf394, 0x9af7}, //髷
{0xf395, 0x9af8}, //髸
{0xf396, 0x9afa}, //髺
{0xf397, 0x9afc}, //髼
{0xf398, 0x9afd}, //髽
{0xf399, 0x9afe}, //髾
{0xf39a, 0x9aff}, //髿
{0xf39b, 0x9b00}, //鬀
{0xf39c, 0x9b01}, //鬁
{0xf39d, 0x9b02}, //鬂
{0xf39e, 0x9b04}, //鬄
{0xf39f, 0x9b05}, //鬅
{0xf3a0, 0x9b06}, //鬆
{0xf3a1, 0x87c6}, //蟆
{0xf3a2, 0x8788}, //螈
{0xf3a3, 0x8785}, //螅
{0xf3a4, 0x87ad}, //螭
{0xf3a5, 0x8797}, //螗
{0xf3a6, 0x8783}, //螃
{0xf3a7, 0x87ab}, //螫
{0xf3a8, 0x87e5}, //蟥
{0xf3a9, 0x87ac}, //螬
{0xf3aa, 0x87b5}, //螵
{0xf3ab, 0x87b3}, //螳
{0xf3ac, 0x87cb}, //蟋
{0xf3ad, 0x87d3}, //蟓
{0xf3ae, 0x87bd}, //螽
{0xf3af, 0x87d1}, //蟑
{0xf3b0, 0x87c0}, //蟀
{0xf3b1, 0x87ca}, //蟊
{0xf3b2, 0x87db}, //蟛
{0xf3b3, 0x87ea}, //蟪
{0xf3b4, 0x87e0}, //蟠
{0xf3b5, 0x87ee}, //蟮
{0xf3b6, 0x8816}, //蠖
{0xf3b7, 0x8813}, //蠓
{0xf3b8, 0x87fe}, //蟾
{0xf3b9, 0x880a}, //蠊
{0xf3ba, 0x881b}, //蠛
{0xf3bb, 0x8821}, //蠡
{0xf3bc, 0x8839}, //蠹
{0xf3bd, 0x883c}, //蠼
{0xf3be, 0x7f36}, //缶
{0xf3bf, 0x7f42}, //罂
{0xf3c0, 0x7f44}, //罄
{0xf3c1, 0x7f45}, //罅
{0xf3c2, 0x8210}, //舐
{0xf3c3, 0x7afa}, //竺
{0xf3c4, 0x7afd}, //竽
{0xf3c5, 0x7b08}, //笈
{0xf3c6, 0x7b03}, //笃
{0xf3c7, 0x7b04}, //笄
{0xf3c8, 0x7b15}, //笕
{0xf3c9, 0x7b0a}, //笊
{0xf3ca, 0x7b2b}, //笫
{0xf3cb, 0x7b0f}, //笏
{0xf3cc, 0x7b47}, //筇
{0xf3cd, 0x7b38}, //笸
{0xf3ce, 0x7b2a}, //笪
{0xf3cf, 0x7b19}, //笙
{0xf3d0, 0x7b2e}, //笮
{0xf3d1, 0x7b31}, //笱
{0xf3d2, 0x7b20}, //笠
{0xf3d3, 0x7b25}, //笥
{0xf3d4, 0x7b24}, //笤
{0xf3d5, 0x7b33}, //笳
{0xf3d6, 0x7b3e}, //笾
{0xf3d7, 0x7b1e}, //笞
{0xf3d8, 0x7b58}, //筘
{0xf3d9, 0x7b5a}, //筚
{0xf3da, 0x7b45}, //筅
{0xf3db, 0x7b75}, //筵
{0xf3dc, 0x7b4c}, //筌
{0xf3dd, 0x7b5d}, //筝
{0xf3de, 0x7b60}, //筠
{0xf3df, 0x7b6e}, //筮
{0xf3e0, 0x7b7b}, //筻
{0xf3e1, 0x7b62}, //筢
{0xf3e2, 0x7b72}, //筲
{0xf3e3, 0x7b71}, //筱
{0xf3e4, 0x7b90}, //箐
{0xf3e5, 0x7ba6}, //箦
{0xf3e6, 0x7ba7}, //箧
{0xf3e7, 0x7bb8}, //箸
{0xf3e8, 0x7bac}, //箬
{0xf3e9, 0x7b9d}, //箝
{0xf3ea, 0x7ba8}, //箨
{0xf3eb, 0x7b85}, //箅
{0xf3ec, 0x7baa}, //箪
{0xf3ed, 0x7b9c}, //箜
{0xf3ee, 0x7ba2}, //箢
{0xf3ef, 0x7bab}, //箫
{0xf3f0, 0x7bb4}, //箴
{0xf3f1, 0x7bd1}, //篑
{0xf3f2, 0x7bc1}, //篁
{0xf3f3, 0x7bcc}, //篌
{0xf3f4, 0x7bdd}, //篝
{0xf3f5, 0x7bda}, //篚
{0xf3f6, 0x7be5}, //篥
{0xf3f7, 0x7be6}, //篦
{0xf3f8, 0x7bea}, //篪
{0xf3f9, 0x7c0c}, //簌
{0xf3fa, 0x7bfe}, //篾
{0xf3fb, 0x7bfc}, //篼
{0xf3fc, 0x7c0f}, //簏
{0xf3fd, 0x7c16}, //簖
{0xf3fe, 0x7c0b}, //簋
{0xf440, 0x9b07}, //鬇
{0xf441, 0x9b09}, //鬉
{0xf442, 0x9b0a}, //鬊
{0xf443, 0x9b0b}, //鬋
{0xf444, 0x9b0c}, //鬌
{0xf445, 0x9b0d}, //鬍
{0xf446, 0x9b0e}, //鬎
{0xf447, 0x9b10}, //鬐
{0xf448, 0x9b11}, //鬑
{0xf449, 0x9b12}, //鬒
{0xf44a, 0x9b14}, //鬔
{0xf44b, 0x9b15}, //鬕
{0xf44c, 0x9b16}, //鬖
{0xf44d, 0x9b17}, //鬗
{0xf44e, 0x9b18}, //鬘
{0xf44f, 0x9b19}, //鬙
{0xf450, 0x9b1a}, //鬚
{0xf451, 0x9b1b}, //鬛
{0xf452, 0x9b1c}, //鬜
{0xf453, 0x9b1d}, //鬝
{0xf454, 0x9b1e}, //鬞
{0xf455, 0x9b20}, //鬠
{0xf456, 0x9b21}, //鬡
{0xf457, 0x9b22}, //鬢
{0xf458, 0x9b24}, //鬤
{0xf459, 0x9b25}, //鬥
{0xf45a, 0x9b26}, //鬦
{0xf45b, 0x9b27}, //鬧
{0xf45c, 0x9b28}, //鬨
{0xf45d, 0x9b29}, //鬩
{0xf45e, 0x9b2a}, //鬪
{0xf45f, 0x9b2b}, //鬫
{0xf460, 0x9b2c}, //鬬
{0xf461, 0x9b2d}, //鬭
{0xf462, 0x9b2e}, //鬮
{0xf463, 0x9b30}, //鬰
{0xf464, 0x9b31}, //鬱
{0xf465, 0x9b33}, //鬳
{0xf466, 0x9b34}, //鬴
{0xf467, 0x9b35}, //鬵
{0xf468, 0x9b36}, //鬶
{0xf469, 0x9b37}, //鬷
{0xf46a, 0x9b38}, //鬸
{0xf46b, 0x9b39}, //鬹
{0xf46c, 0x9b3a}, //鬺
{0xf46d, 0x9b3d}, //鬽
{0xf46e, 0x9b3e}, //鬾
{0xf46f, 0x9b3f}, //鬿
{0xf470, 0x9b40}, //魀
{0xf471, 0x9b46}, //魆
{0xf472, 0x9b4a}, //魊
{0xf473, 0x9b4b}, //魋
{0xf474, 0x9b4c}, //魌
{0xf475, 0x9b4e}, //魎
{0xf476, 0x9b50}, //魐
{0xf477, 0x9b52}, //魒
{0xf478, 0x9b53}, //魓
{0xf479, 0x9b55}, //魕
{0xf47a, 0x9b56}, //魖
{0xf47b, 0x9b57}, //魗
{0xf47c, 0x9b58}, //魘
{0xf47d, 0x9b59}, //魙
{0xf47e, 0x9b5a}, //魚
{0xf480, 0x9b5b}, //魛
{0xf481, 0x9b5c}, //魜
{0xf482, 0x9b5d}, //魝
{0xf483, 0x9b5e}, //魞
{0xf484, 0x9b5f}, //魟
{0xf485, 0x9b60}, //魠
{0xf486, 0x9b61}, //魡
{0xf487, 0x9b62}, //魢
{0xf488, 0x9b63}, //魣
{0xf489, 0x9b64}, //魤
{0xf48a, 0x9b65}, //魥
{0xf48b, 0x9b66}, //魦
{0xf48c, 0x9b67}, //魧
{0xf48d, 0x9b68}, //魨
{0xf48e, 0x9b69}, //魩
{0xf48f, 0x9b6a}, //魪
{0xf490, 0x9b6b}, //魫
{0xf491, 0x9b6c}, //魬
{0xf492, 0x9b6d}, //魭
{0xf493, 0x9b6e}, //魮
{0xf494, 0x9b6f}, //魯
{0xf495, 0x9b70}, //魰
{0xf496, 0x9b71}, //魱
{0xf497, 0x9b72}, //魲
{0xf498, 0x9b73}, //魳
{0xf499, 0x9b74}, //魴
{0xf49a, 0x9b75}, //魵
{0xf49b, 0x9b76}, //魶
{0xf49c, 0x9b77}, //魷
{0xf49d, 0x9b78}, //魸
{0xf49e, 0x9b79}, //魹
{0xf49f, 0x9b7a}, //魺
{0xf4a0, 0x9b7b}, //魻
{0xf4a1, 0x7c1f}, //簟
{0xf4a2, 0x7c2a}, //簪
{0xf4a3, 0x7c26}, //簦
{0xf4a4, 0x7c38}, //簸
{0xf4a5, 0x7c41}, //籁
{0xf4a6, 0x7c40}, //籀
{0xf4a7, 0x81fe}, //臾
{0xf4a8, 0x8201}, //舁
{0xf4a9, 0x8202}, //舂
{0xf4aa, 0x8204}, //舄
{0xf4ab, 0x81ec}, //臬
{0xf4ac, 0x8844}, //衄
{0xf4ad, 0x8221}, //舡
{0xf4ae, 0x8222}, //舢
{0xf4af, 0x8223}, //舣
{0xf4b0, 0x822d}, //舭
{0xf4b1, 0x822f}, //舯
{0xf4b2, 0x8228}, //舨
{0xf4b3, 0x822b}, //舫
{0xf4b4, 0x8238}, //舸
{0xf4b5, 0x823b}, //舻
{0xf4b6, 0x8233}, //舳
{0xf4b7, 0x8234}, //舴
{0xf4b8, 0x823e}, //舾
{0xf4b9, 0x8244}, //艄
{0xf4ba, 0x8249}, //艉
{0xf4bb, 0x824b}, //艋
{0xf4bc, 0x824f}, //艏
{0xf4bd, 0x825a}, //艚
{0xf4be, 0x825f}, //艟
{0xf4bf, 0x8268}, //艨
{0xf4c0, 0x887e}, //衾
{0xf4c1, 0x8885}, //袅
{0xf4c2, 0x8888}, //袈
{0xf4c3, 0x88d8}, //裘
{0xf4c4, 0x88df}, //裟
{0xf4c5, 0x895e}, //襞
{0xf4c6, 0x7f9d}, //羝
{0xf4c7, 0x7f9f}, //羟
{0xf4c8, 0x7fa7}, //羧
{0xf4c9, 0x7faf}, //羯
{0xf4ca, 0x7fb0}, //羰
{0xf4cb, 0x7fb2}, //羲
{0xf4cc, 0x7c7c}, //籼
{0xf4cd, 0x6549}, //敉
{0xf4ce, 0x7c91}, //粑
{0xf4cf, 0x7c9d}, //粝
{0xf4d0, 0x7c9c}, //粜
{0xf4d1, 0x7c9e}, //粞
{0xf4d2, 0x7ca2}, //粢
{0xf4d3, 0x7cb2}, //粲
{0xf4d4, 0x7cbc}, //粼
{0xf4d5, 0x7cbd}, //粽
{0xf4d6, 0x7cc1}, //糁
{0xf4d7, 0x7cc7}, //糇
{0xf4d8, 0x7ccc}, //糌
{0xf4d9, 0x7ccd}, //糍
{0xf4da, 0x7cc8}, //糈
{0xf4db, 0x7cc5}, //糅
{0xf4dc, 0x7cd7}, //糗
{0xf4dd, 0x7ce8}, //糨
{0xf4de, 0x826e}, //艮
{0xf4df, 0x66a8}, //暨
{0xf4e0, 0x7fbf}, //羿
{0xf4e1, 0x7fce}, //翎
{0xf4e2, 0x7fd5}, //翕
{0xf4e3, 0x7fe5}, //翥
{0xf4e4, 0x7fe1}, //翡
{0xf4e5, 0x7fe6}, //翦
{0xf4e6, 0x7fe9}, //翩
{0xf4e7, 0x7fee}, //翮
{0xf4e8, 0x7ff3}, //翳
{0xf4e9, 0x7cf8}, //糸
{0xf4ea, 0x7d77}, //絷
{0xf4eb, 0x7da6}, //綦
{0xf4ec, 0x7dae}, //綮
{0xf4ed, 0x7e47}, //繇
{0xf4ee, 0x7e9b}, //纛
{0xf4ef, 0x9eb8}, //麸
{0xf4f0, 0x9eb4}, //麴
{0xf4f1, 0x8d73}, //赳
{0xf4f2, 0x8d84}, //趄
{0xf4f3, 0x8d94}, //趔
{0xf4f4, 0x8d91}, //趑
{0xf4f5, 0x8db1}, //趱
{0xf4f6, 0x8d67}, //赧
{0xf4f7, 0x8d6d}, //赭
{0xf4f8, 0x8c47}, //豇
{0xf4f9, 0x8c49}, //豉
{0xf4fa, 0x914a}, //酊
{0xf4fb, 0x9150}, //酐
{0xf4fc, 0x914e}, //酎
{0xf4fd, 0x914f}, //酏
{0xf4fe, 0x9164}, //酤
{0xf540, 0x9b7c}, //魼
{0xf541, 0x9b7d}, //魽
{0xf542, 0x9b7e}, //魾
{0xf543, 0x9b7f}, //魿
{0xf544, 0x9b80}, //鮀
{0xf545, 0x9b81}, //鮁
{0xf546, 0x9b82}, //鮂
{0xf547, 0x9b83}, //鮃
{0xf548, 0x9b84}, //鮄
{0xf549, 0x9b85}, //鮅
{0xf54a, 0x9b86}, //鮆
{0xf54b, 0x9b87}, //鮇
{0xf54c, 0x9b88}, //鮈
{0xf54d, 0x9b89}, //鮉
{0xf54e, 0x9b8a}, //鮊
{0xf54f, 0x9b8b}, //鮋
{0xf550, 0x9b8c}, //鮌
{0xf551, 0x9b8d}, //鮍
{0xf552, 0x9b8e}, //鮎
{0xf553, 0x9b8f}, //鮏
{0xf554, 0x9b90}, //鮐
{0xf555, 0x9b91}, //鮑
{0xf556, 0x9b92}, //鮒
{0xf557, 0x9b93}, //鮓
{0xf558, 0x9b94}, //鮔
{0xf559, 0x9b95}, //鮕
{0xf55a, 0x9b96}, //鮖
{0xf55b, 0x9b97}, //鮗
{0xf55c, 0x9b98}, //鮘
{0xf55d, 0x9b99}, //鮙
{0xf55e, 0x9b9a}, //鮚
{0xf55f, 0x9b9b}, //鮛
{0xf560, 0x9b9c}, //鮜
{0xf561, 0x9b9d}, //鮝
{0xf562, 0x9b9e}, //鮞
{0xf563, 0x9b9f}, //鮟
{0xf564, 0x9ba0}, //鮠
{0xf565, 0x9ba1}, //鮡
{0xf566, 0x9ba2}, //鮢
{0xf567, 0x9ba3}, //鮣
{0xf568, 0x9ba4}, //鮤
{0xf569, 0x9ba5}, //鮥
{0xf56a, 0x9ba6}, //鮦
{0xf56b, 0x9ba7}, //鮧
{0xf56c, 0x9ba8}, //鮨
{0xf56d, 0x9ba9}, //鮩
{0xf56e, 0x9baa}, //鮪
{0xf56f, 0x9bab}, //鮫
{0xf570, 0x9bac}, //鮬
{0xf571, 0x9bad}, //鮭
{0xf572, 0x9bae}, //鮮
{0xf573, 0x9baf}, //鮯
{0xf574, 0x9bb0}, //鮰
{0xf575, 0x9bb1}, //鮱
{0xf576, 0x9bb2}, //鮲
{0xf577, 0x9bb3}, //鮳
{0xf578, 0x9bb4}, //鮴
{0xf579, 0x9bb5}, //鮵
{0xf57a, 0x9bb6}, //鮶
{0xf57b, 0x9bb7}, //鮷
{0xf57c, 0x9bb8}, //鮸
{0xf57d, 0x9bb9}, //鮹
{0xf57e, 0x9bba}, //鮺
{0xf580, 0x9bbb}, //鮻
{0xf581, 0x9bbc}, //鮼
{0xf582, 0x9bbd}, //鮽
{0xf583, 0x9bbe}, //鮾
{0xf584, 0x9bbf}, //鮿
{0xf585, 0x9bc0}, //鯀
{0xf586, 0x9bc1}, //鯁
{0xf587, 0x9bc2}, //鯂
{0xf588, 0x9bc3}, //鯃
{0xf589, 0x9bc4}, //鯄
{0xf58a, 0x9bc5}, //鯅
{0xf58b, 0x9bc6}, //鯆
{0xf58c, 0x9bc7}, //鯇
{0xf58d, 0x9bc8}, //鯈
{0xf58e, 0x9bc9}, //鯉
{0xf58f, 0x9bca}, //鯊
{0xf590, 0x9bcb}, //鯋
{0xf591, 0x9bcc}, //鯌
{0xf592, 0x9bcd}, //鯍
{0xf593, 0x9bce}, //鯎
{0xf594, 0x9bcf}, //鯏
{0xf595, 0x9bd0}, //鯐
{0xf596, 0x9bd1}, //鯑
{0xf597, 0x9bd2}, //鯒
{0xf598, 0x9bd3}, //鯓
{0xf599, 0x9bd4}, //鯔
{0xf59a, 0x9bd5}, //鯕
{0xf59b, 0x9bd6}, //鯖
{0xf59c, 0x9bd7}, //鯗
{0xf59d, 0x9bd8}, //鯘
{0xf59e, 0x9bd9}, //鯙
{0xf59f, 0x9bda}, //鯚
{0xf5a0, 0x9bdb}, //鯛
{0xf5a1, 0x9162}, //酢
{0xf5a2, 0x9161}, //酡
{0xf5a3, 0x9170}, //酰
{0xf5a4, 0x9169}, //酩
{0xf5a5, 0x916f}, //酯
{0xf5a6, 0x917d}, //酽
{0xf5a7, 0x917e}, //酾
{0xf5a8, 0x9172}, //酲
{0xf5a9, 0x9174}, //酴
{0xf5aa, 0x9179}, //酹
{0xf5ab, 0x918c}, //醌
{0xf5ac, 0x9185}, //醅
{0xf5ad, 0x9190}, //醐
{0xf5ae, 0x918d}, //醍
{0xf5af, 0x9191}, //醑
{0xf5b0, 0x91a2}, //醢
{0xf5b1, 0x91a3}, //醣
{0xf5b2, 0x91aa}, //醪
{0xf5b3, 0x91ad}, //醭
{0xf5b4, 0x91ae}, //醮
{0xf5b5, 0x91af}, //醯
{0xf5b6, 0x91b5}, //醵
{0xf5b7, 0x91b4}, //醴
{0xf5b8, 0x91ba}, //醺
{0xf5b9, 0x8c55}, //豕
{0xf5ba, 0x9e7e}, //鹾
{0xf5bb, 0x8db8}, //趸
{0xf5bc, 0x8deb}, //跫
{0xf5bd, 0x8e05}, //踅
{0xf5be, 0x8e59}, //蹙
{0xf5bf, 0x8e69}, //蹩
{0xf5c0, 0x8db5}, //趵
{0xf5c1, 0x8dbf}, //趿
{0xf5c2, 0x8dbc}, //趼
{0xf5c3, 0x8dba}, //趺
{0xf5c4, 0x8dc4}, //跄
{0xf5c5, 0x8dd6}, //跖
{0xf5c6, 0x8dd7}, //跗
{0xf5c7, 0x8dda}, //跚
{0xf5c8, 0x8dde}, //跞
{0xf5c9, 0x8dce}, //跎
{0xf5ca, 0x8dcf}, //跏
{0xf5cb, 0x8ddb}, //跛
{0xf5cc, 0x8dc6}, //跆
{0xf5cd, 0x8dec}, //跬
{0xf5ce, 0x8df7}, //跷
{0xf5cf, 0x8df8}, //跸
{0xf5d0, 0x8de3}, //跣
{0xf5d1, 0x8df9}, //跹
{0xf5d2, 0x8dfb}, //跻
{0xf5d3, 0x8de4}, //跤
{0xf5d4, 0x8e09}, //踉
{0xf5d5, 0x8dfd}, //跽
{0xf5d6, 0x8e14}, //踔
{0xf5d7, 0x8e1d}, //踝
{0xf5d8, 0x8e1f}, //踟
{0xf5d9, 0x8e2c}, //踬
{0xf5da, 0x8e2e}, //踮
{0xf5db, 0x8e23}, //踣
{0xf5dc, 0x8e2f}, //踯
{0xf5dd, 0x8e3a}, //踺
{0xf5de, 0x8e40}, //蹀
{0xf5df, 0x8e39}, //踹
{0xf5e0, 0x8e35}, //踵
{0xf5e1, 0x8e3d}, //踽
{0xf5e2, 0x8e31}, //踱
{0xf5e3, 0x8e49}, //蹉
{0xf5e4, 0x8e41}, //蹁
{0xf5e5, 0x8e42}, //蹂
{0xf5e6, 0x8e51}, //蹑
{0xf5e7, 0x8e52}, //蹒
{0xf5e8, 0x8e4a}, //蹊
{0xf5e9, 0x8e70}, //蹰
{0xf5ea, 0x8e76}, //蹶
{0xf5eb, 0x8e7c}, //蹼
{0xf5ec, 0x8e6f}, //蹯
{0xf5ed, 0x8e74}, //蹴
{0xf5ee, 0x8e85}, //躅
{0xf5ef, 0x8e8f}, //躏
{0xf5f0, 0x8e94}, //躔
{0xf5f1, 0x8e90}, //躐
{0xf5f2, 0x8e9c}, //躜
{0xf5f3, 0x8e9e}, //躞
{0xf5f4, 0x8c78}, //豸
{0xf5f5, 0x8c82}, //貂
{0xf5f6, 0x8c8a}, //貊
{0xf5f7, 0x8c85}, //貅
{0xf5f8, 0x8c98}, //貘
{0xf5f9, 0x8c94}, //貔
{0xf5fa, 0x659b}, //斛
{0xf5fb, 0x89d6}, //觖
{0xf5fc, 0x89de}, //觞
{0xf5fd, 0x89da}, //觚
{0xf5fe, 0x89dc}, //觜
{0xf640, 0x9bdc}, //鯜
{0xf641, 0x9bdd}, //鯝
{0xf642, 0x9bde}, //鯞
{0xf643, 0x9bdf}, //鯟
{0xf644, 0x9be0}, //鯠
{0xf645, 0x9be1}, //鯡
{0xf646, 0x9be2}, //鯢
{0xf647, 0x9be3}, //鯣
{0xf648, 0x9be4}, //鯤
{0xf649, 0x9be5}, //鯥
{0xf64a, 0x9be6}, //鯦
{0xf64b, 0x9be7}, //鯧
{0xf64c, 0x9be8}, //鯨
{0xf64d, 0x9be9}, //鯩
{0xf64e, 0x9bea}, //鯪
{0xf64f, 0x9beb}, //鯫
{0xf650, 0x9bec}, //鯬
{0xf651, 0x9bed}, //鯭
{0xf652, 0x9bee}, //鯮
{0xf653, 0x9bef}, //鯯
{0xf654, 0x9bf0}, //鯰
{0xf655, 0x9bf1}, //鯱
{0xf656, 0x9bf2}, //鯲
{0xf657, 0x9bf3}, //鯳
{0xf658, 0x9bf4}, //鯴
{0xf659, 0x9bf5}, //鯵
{0xf65a, 0x9bf6}, //鯶
{0xf65b, 0x9bf7}, //鯷
{0xf65c, 0x9bf8}, //鯸
{0xf65d, 0x9bf9}, //鯹
{0xf65e, 0x9bfa}, //鯺
{0xf65f, 0x9bfb}, //鯻
{0xf660, 0x9bfc}, //鯼
{0xf661, 0x9bfd}, //鯽
{0xf662, 0x9bfe}, //鯾
{0xf663, 0x9bff}, //鯿
{0xf664, 0x9c00}, //鰀
{0xf665, 0x9c01}, //鰁
{0xf666, 0x9c02}, //鰂
{0xf667, 0x9c03}, //鰃
{0xf668, 0x9c04}, //鰄
{0xf669, 0x9c05}, //鰅
{0xf66a, 0x9c06}, //鰆
{0xf66b, 0x9c07}, //鰇
{0xf66c, 0x9c08}, //鰈
{0xf66d, 0x9c09}, //鰉
{0xf66e, 0x9c0a}, //鰊
{0xf66f, 0x9c0b}, //鰋
{0xf670, 0x9c0c}, //鰌
{0xf671, 0x9c0d}, //鰍
{0xf672, 0x9c0e}, //鰎
{0xf673, 0x9c0f}, //鰏
{0xf674, 0x9c10}, //鰐
{0xf675, 0x9c11}, //鰑
{0xf676, 0x9c12}, //鰒
{0xf677, 0x9c13}, //鰓
{0xf678, 0x9c14}, //鰔
{0xf679, 0x9c15}, //鰕
{0xf67a, 0x9c16}, //鰖
{0xf67b, 0x9c17}, //鰗
{0xf67c, 0x9c18}, //鰘
{0xf67d, 0x9c19}, //鰙
{0xf67e, 0x9c1a}, //鰚
{0xf680, 0x9c1b}, //鰛
{0xf681, 0x9c1c}, //鰜
{0xf682, 0x9c1d}, //鰝
{0xf683, 0x9c1e}, //鰞
{0xf684, 0x9c1f}, //鰟
{0xf685, 0x9c20}, //鰠
{0xf686, 0x9c21}, //鰡
{0xf687, 0x9c22}, //鰢
{0xf688, 0x9c23}, //鰣
{0xf689, 0x9c24}, //鰤
{0xf68a, 0x9c25}, //鰥
{0xf68b, 0x9c26}, //鰦
{0xf68c, 0x9c27}, //鰧
{0xf68d, 0x9c28}, //鰨
{0xf68e, 0x9c29}, //鰩
{0xf68f, 0x9c2a}, //鰪
{0xf690, 0x9c2b}, //鰫
{0xf691, 0x9c2c}, //鰬
{0xf692, 0x9c2d}, //鰭
{0xf693, 0x9c2e}, //鰮
{0xf694, 0x9c2f}, //鰯
{0xf695, 0x9c30}, //鰰
{0xf696, 0x9c31}, //鰱
{0xf697, 0x9c32}, //鰲
{0xf698, 0x9c33}, //鰳
{0xf699, 0x9c34}, //鰴
{0xf69a, 0x9c35}, //鰵
{0xf69b, 0x9c36}, //鰶
{0xf69c, 0x9c37}, //鰷
{0xf69d, 0x9c38}, //鰸
{0xf69e, 0x9c39}, //鰹
{0xf69f, 0x9c3a}, //鰺
{0xf6a0, 0x9c3b}, //鰻
{0xf6a1, 0x89e5}, //觥
{0xf6a2, 0x89eb}, //觫
{0xf6a3, 0x89ef}, //觯
{0xf6a4, 0x8a3e}, //訾
{0xf6a5, 0x8b26}, //謦
{0xf6a6, 0x9753}, //靓
{0xf6a7, 0x96e9}, //雩
{0xf6a8, 0x96f3}, //雳
{0xf6a9, 0x96ef}, //雯
{0xf6aa, 0x9706}, //霆
{0xf6ab, 0x9701}, //霁
{0xf6ac, 0x9708}, //霈
{0xf6ad, 0x970f}, //霏
{0xf6ae, 0x970e}, //霎
{0xf6af, 0x972a}, //霪
{0xf6b0, 0x972d}, //霭
{0xf6b1, 0x9730}, //霰
{0xf6b2, 0x973e}, //霾
{0xf6b3, 0x9f80}, //龀
{0xf6b4, 0x9f83}, //龃
{0xf6b5, 0x9f85}, //龅
{0xf6b6, 0x9f86}, //龆
{0xf6b7, 0x9f87}, //龇
{0xf6b8, 0x9f88}, //龈
{0xf6b9, 0x9f89}, //龉
{0xf6ba, 0x9f8a}, //龊
{0xf6bb, 0x9f8c}, //龌
{0xf6bc, 0x9efe}, //黾
{0xf6bd, 0x9f0b}, //鼋
{0xf6be, 0x9f0d}, //鼍
{0xf6bf, 0x96b9}, //隹
{0xf6c0, 0x96bc}, //隼
{0xf6c1, 0x96bd}, //隽
{0xf6c2, 0x96ce}, //雎
{0xf6c3, 0x96d2}, //雒
{0xf6c4, 0x77bf}, //瞿
{0xf6c5, 0x96e0}, //雠
{0xf6c6, 0x928e}, //銎
{0xf6c7, 0x92ae}, //銮
{0xf6c8, 0x92c8}, //鋈
{0xf6c9, 0x933e}, //錾
{0xf6ca, 0x936a}, //鍪
{0xf6cb, 0x93ca}, //鏊
{0xf6cc, 0x938f}, //鎏
{0xf6cd, 0x943e}, //鐾
{0xf6ce, 0x946b}, //鑫
{0xf6cf, 0x9c7f}, //鱿
{0xf6d0, 0x9c82}, //鲂
{0xf6d1, 0x9c85}, //鲅
{0xf6d2, 0x9c86}, //鲆
{0xf6d3, 0x9c87}, //鲇
{0xf6d4, 0x9c88}, //鲈
{0xf6d5, 0x7a23}, //稣
{0xf6d6, 0x9c8b}, //鲋
{0xf6d7, 0x9c8e}, //鲎
{0xf6d8, 0x9c90}, //鲐
{0xf6d9, 0x9c91}, //鲑
{0xf6da, 0x9c92}, //鲒
{0xf6db, 0x9c94}, //鲔
{0xf6dc, 0x9c95}, //鲕
{0xf6dd, 0x9c9a}, //鲚
{0xf6de, 0x9c9b}, //鲛
{0xf6df, 0x9c9e}, //鲞
{0xf6e0, 0x9c9f}, //鲟
{0xf6e1, 0x9ca0}, //鲠
{0xf6e2, 0x9ca1}, //鲡
{0xf6e3, 0x9ca2}, //鲢
{0xf6e4, 0x9ca3}, //鲣
{0xf6e5, 0x9ca5}, //鲥
{0xf6e6, 0x9ca6}, //鲦
{0xf6e7, 0x9ca7}, //鲧
{0xf6e8, 0x9ca8}, //鲨
{0xf6e9, 0x9ca9}, //鲩
{0xf6ea, 0x9cab}, //鲫
{0xf6eb, 0x9cad}, //鲭
{0xf6ec, 0x9cae}, //鲮
{0xf6ed, 0x9cb0}, //鲰
{0xf6ee, 0x9cb1}, //鲱
{0xf6ef, 0x9cb2}, //鲲
{0xf6f0, 0x9cb3}, //鲳
{0xf6f1, 0x9cb4}, //鲴
{0xf6f2, 0x9cb5}, //鲵
{0xf6f3, 0x9cb6}, //鲶
{0xf6f4, 0x9cb7}, //鲷
{0xf6f5, 0x9cba}, //鲺
{0xf6f6, 0x9cbb}, //鲻
{0xf6f7, 0x9cbc}, //鲼
{0xf6f8, 0x9cbd}, //鲽
{0xf6f9, 0x9cc4}, //鳄
{0xf6fa, 0x9cc5}, //鳅
{0xf6fb, 0x9cc6}, //鳆
{0xf6fc, 0x9cc7}, //鳇
{0xf6fd, 0x9cca}, //鳊
{0xf6fe, 0x9ccb}, //鳋
{0xf740, 0x9c3c}, //鰼
{0xf741, 0x9c3d}, //鰽
{0xf742, 0x9c3e}, //鰾
{0xf743, 0x9c3f}, //鰿
{0xf744, 0x9c40}, //鱀
{0xf745, 0x9c41}, //鱁
{0xf746, 0x9c42}, //鱂
{0xf747, 0x9c43}, //鱃
{0xf748, 0x9c44}, //鱄
{0xf749, 0x9c45}, //鱅
{0xf74a, 0x9c46}, //鱆
{0xf74b, 0x9c47}, //鱇
{0xf74c, 0x9c48}, //鱈
{0xf74d, 0x9c49}, //鱉
{0xf74e, 0x9c4a}, //鱊
{0xf74f, 0x9c4b}, //鱋
{0xf750, 0x9c4c}, //鱌
{0xf751, 0x9c4d}, //鱍
{0xf752, 0x9c4e}, //鱎
{0xf753, 0x9c4f}, //鱏
{0xf754, 0x9c50}, //鱐
{0xf755, 0x9c51}, //鱑
{0xf756, 0x9c52}, //鱒
{0xf757, 0x9c53}, //鱓
{0xf758, 0x9c54}, //鱔
{0xf759, 0x9c55}, //鱕
{0xf75a, 0x9c56}, //鱖
{0xf75b, 0x9c57}, //鱗
{0xf75c, 0x9c58}, //鱘
{0xf75d, 0x9c59}, //鱙
{0xf75e, 0x9c5a}, //鱚
{0xf75f, 0x9c5b}, //鱛
{0xf760, 0x9c5c}, //鱜
{0xf761, 0x9c5d}, //鱝
{0xf762, 0x9c5e}, //鱞
{0xf763, 0x9c5f}, //鱟
{0xf764, 0x9c60}, //鱠
{0xf765, 0x9c61}, //鱡
{0xf766, 0x9c62}, //鱢
{0xf767, 0x9c63}, //鱣
{0xf768, 0x9c64}, //鱤
{0xf769, 0x9c65}, //鱥
{0xf76a, 0x9c66}, //鱦
{0xf76b, 0x9c67}, //鱧
{0xf76c, 0x9c68}, //鱨
{0xf76d, 0x9c69}, //鱩
{0xf76e, 0x9c6a}, //鱪
{0xf76f, 0x9c6b}, //鱫
{0xf770, 0x9c6c}, //鱬
{0xf771, 0x9c6d}, //鱭
{0xf772, 0x9c6e}, //鱮
{0xf773, 0x9c6f}, //鱯
{0xf774, 0x9c70}, //鱰
{0xf775, 0x9c71}, //鱱
{0xf776, 0x9c72}, //鱲
{0xf777, 0x9c73}, //鱳
{0xf778, 0x9c74}, //鱴
{0xf779, 0x9c75}, //鱵
{0xf77a, 0x9c76}, //鱶
{0xf77b, 0x9c77}, //鱷
{0xf77c, 0x9c78}, //鱸
{0xf77d, 0x9c79}, //鱹
{0xf77e, 0x9c7a}, //鱺
{0xf780, 0x9c7b}, //鱻
{0xf781, 0x9c7d}, //鱽
{0xf782, 0x9c7e}, //鱾
{0xf783, 0x9c80}, //鲀
{0xf784, 0x9c83}, //鲃
{0xf785, 0x9c84}, //鲄
{0xf786, 0x9c89}, //鲉
{0xf787, 0x9c8a}, //鲊
{0xf788, 0x9c8c}, //鲌
{0xf789, 0x9c8f}, //鲏
{0xf78a, 0x9c93}, //鲓
{0xf78b, 0x9c96}, //鲖
{0xf78c, 0x9c97}, //鲗
{0xf78d, 0x9c98}, //鲘
{0xf78e, 0x9c99}, //鲙
{0xf78f, 0x9c9d}, //鲝
{0xf790, 0x9caa}, //鲪
{0xf791, 0x9cac}, //鲬
{0xf792, 0x9caf}, //鲯
{0xf793, 0x9cb9}, //鲹
{0xf794, 0x9cbe}, //鲾
{0xf795, 0x9cbf}, //鲿
{0xf796, 0x9cc0}, //鳀
{0xf797, 0x9cc1}, //鳁
{0xf798, 0x9cc2}, //鳂
{0xf799, 0x9cc8}, //鳈
{0xf79a, 0x9cc9}, //鳉
{0xf79b, 0x9cd1}, //鳑
{0xf79c, 0x9cd2}, //鳒
{0xf79d, 0x9cda}, //鳚
{0xf79e, 0x9cdb}, //鳛
{0xf79f, 0x9ce0}, //鳠
{0xf7a0, 0x9ce1}, //鳡
{0xf7a1, 0x9ccc}, //鳌
{0xf7a2, 0x9ccd}, //鳍
{0xf7a3, 0x9cce}, //鳎
{0xf7a4, 0x9ccf}, //鳏
{0xf7a5, 0x9cd0}, //鳐
{0xf7a6, 0x9cd3}, //鳓
{0xf7a7, 0x9cd4}, //鳔
{0xf7a8, 0x9cd5}, //鳕
{0xf7a9, 0x9cd7}, //鳗
{0xf7aa, 0x9cd8}, //鳘
{0xf7ab, 0x9cd9}, //鳙
{0xf7ac, 0x9cdc}, //鳜
{0xf7ad, 0x9cdd}, //鳝
{0xf7ae, 0x9cdf}, //鳟
{0xf7af, 0x9ce2}, //鳢
{0xf7b0, 0x977c}, //靼
{0xf7b1, 0x9785}, //鞅
{0xf7b2, 0x9791}, //鞑
{0xf7b3, 0x9792}, //鞒
{0xf7b4, 0x9794}, //鞔
{0xf7b5, 0x97af}, //鞯
{0xf7b6, 0x97ab}, //鞫
{0xf7b7, 0x97a3}, //鞣
{0xf7b8, 0x97b2}, //鞲
{0xf7b9, 0x97b4}, //鞴
{0xf7ba, 0x9ab1}, //骱
{0xf7bb, 0x9ab0}, //骰
{0xf7bc, 0x9ab7}, //骷
{0xf7bd, 0x9e58}, //鹘
{0xf7be, 0x9ab6}, //骶
{0xf7bf, 0x9aba}, //骺
{0xf7c0, 0x9abc}, //骼
{0xf7c1, 0x9ac1}, //髁
{0xf7c2, 0x9ac0}, //髀
{0xf7c3, 0x9ac5}, //髅
{0xf7c4, 0x9ac2}, //髂
{0xf7c5, 0x9acb}, //髋
{0xf7c6, 0x9acc}, //髌
{0xf7c7, 0x9ad1}, //髑
{0xf7c8, 0x9b45}, //魅
{0xf7c9, 0x9b43}, //魃
{0xf7ca, 0x9b47}, //魇
{0xf7cb, 0x9b49}, //魉
{0xf7cc, 0x9b48}, //魈
{0xf7cd, 0x9b4d}, //魍
{0xf7ce, 0x9b51}, //魑
{0xf7cf, 0x98e8}, //飨
{0xf7d0, 0x990d}, //餍
{0xf7d1, 0x992e}, //餮
{0xf7d2, 0x9955}, //饕
{0xf7d3, 0x9954}, //饔
{0xf7d4, 0x9adf}, //髟
{0xf7d5, 0x9ae1}, //髡
{0xf7d6, 0x9ae6}, //髦
{0xf7d7, 0x9aef}, //髯
{0xf7d8, 0x9aeb}, //髫
{0xf7d9, 0x9afb}, //髻
{0xf7da, 0x9aed}, //髭
{0xf7db, 0x9af9}, //髹
{0xf7dc, 0x9b08}, //鬈
{0xf7dd, 0x9b0f}, //鬏
{0xf7de, 0x9b13}, //鬓
{0xf7df, 0x9b1f}, //鬟
{0xf7e0, 0x9b23}, //鬣
{0xf7e1, 0x9ebd}, //麽
{0xf7e2, 0x9ebe}, //麾
{0xf7e3, 0x7e3b}, //縻
{0xf7e4, 0x9e82}, //麂
{0xf7e5, 0x9e87}, //麇
{0xf7e6, 0x9e88}, //麈
{0xf7e7, 0x9e8b}, //麋
{0xf7e8, 0x9e92}, //麒
{0xf7e9, 0x93d6}, //鏖
{0xf7ea, 0x9e9d}, //麝
{0xf7eb, 0x9e9f}, //麟
{0xf7ec, 0x9edb}, //黛
{0xf7ed, 0x9edc}, //黜
{0xf7ee, 0x9edd}, //黝
{0xf7ef, 0x9ee0}, //黠
{0xf7f0, 0x9edf}, //黟
{0xf7f1, 0x9ee2}, //黢
{0xf7f2, 0x9ee9}, //黩
{0xf7f3, 0x9ee7}, //黧
{0xf7f4, 0x9ee5}, //黥
{0xf7f5, 0x9eea}, //黪
{0xf7f6, 0x9eef}, //黯
{0xf7f7, 0x9f22}, //鼢
{0xf7f8, 0x9f2c}, //鼬
{0xf7f9, 0x9f2f}, //鼯
{0xf7fa, 0x9f39}, //鼹
{0xf7fb, 0x9f37}, //鼷
{0xf7fc, 0x9f3d}, //鼽
{0xf7fd, 0x9f3e}, //鼾
{0xf7fe, 0x9f44}, //齄
{0xf840, 0x9ce3}, //鳣
{0xf841, 0x9ce4}, //鳤
{0xf842, 0x9ce5}, //鳥
{0xf843, 0x9ce6}, //鳦
{0xf844, 0x9ce7}, //鳧
{0xf845, 0x9ce8}, //鳨
{0xf846, 0x9ce9}, //鳩
{0xf847, 0x9cea}, //鳪
{0xf848, 0x9ceb}, //鳫
{0xf849, 0x9cec}, //鳬
{0xf84a, 0x9ced}, //鳭
{0xf84b, 0x9cee}, //鳮
{0xf84c, 0x9cef}, //鳯
{0xf84d, 0x9cf0}, //鳰
{0xf84e, 0x9cf1}, //鳱
{0xf84f, 0x9cf2}, //鳲
{0xf850, 0x9cf3}, //鳳
{0xf851, 0x9cf4}, //鳴
{0xf852, 0x9cf5}, //鳵
{0xf853, 0x9cf6}, //鳶
{0xf854, 0x9cf7}, //鳷
{0xf855, 0x9cf8}, //鳸
{0xf856, 0x9cf9}, //鳹
{0xf857, 0x9cfa}, //鳺
{0xf858, 0x9cfb}, //鳻
{0xf859, 0x9cfc}, //鳼
{0xf85a, 0x9cfd}, //鳽
{0xf85b, 0x9cfe}, //鳾
{0xf85c, 0x9cff}, //鳿
{0xf85d, 0x9d00}, //鴀
{0xf85e, 0x9d01}, //鴁
{0xf85f, 0x9d02}, //鴂
{0xf860, 0x9d03}, //鴃
{0xf861, 0x9d04}, //鴄
{0xf862, 0x9d05}, //鴅
{0xf863, 0x9d06}, //鴆
{0xf864, 0x9d07}, //鴇
{0xf865, 0x9d08}, //鴈
{0xf866, 0x9d09}, //鴉
{0xf867, 0x9d0a}, //鴊
{0xf868, 0x9d0b}, //鴋
{0xf869, 0x9d0c}, //鴌
{0xf86a, 0x9d0d}, //鴍
{0xf86b, 0x9d0e}, //鴎
{0xf86c, 0x9d0f}, //鴏
{0xf86d, 0x9d10}, //鴐
{0xf86e, 0x9d11}, //鴑
{0xf86f, 0x9d12}, //鴒
{0xf870, 0x9d13}, //鴓
{0xf871, 0x9d14}, //鴔
{0xf872, 0x9d15}, //鴕
{0xf873, 0x9d16}, //鴖
{0xf874, 0x9d17}, //鴗
{0xf875, 0x9d18}, //鴘
{0xf876, 0x9d19}, //鴙
{0xf877, 0x9d1a}, //鴚
{0xf878, 0x9d1b}, //鴛
{0xf879, 0x9d1c}, //鴜
{0xf87a, 0x9d1d}, //鴝
{0xf87b, 0x9d1e}, //鴞
{0xf87c, 0x9d1f}, //鴟
{0xf87d, 0x9d20}, //鴠
{0xf87e, 0x9d21}, //鴡
{0xf880, 0x9d22}, //鴢
{0xf881, 0x9d23}, //鴣
{0xf882, 0x9d24}, //鴤
{0xf883, 0x9d25}, //鴥
{0xf884, 0x9d26}, //鴦
{0xf885, 0x9d27}, //鴧
{0xf886, 0x9d28}, //鴨
{0xf887, 0x9d29}, //鴩
{0xf888, 0x9d2a}, //鴪
{0xf889, 0x9d2b}, //鴫
{0xf88a, 0x9d2c}, //鴬
{0xf88b, 0x9d2d}, //鴭
{0xf88c, 0x9d2e}, //鴮
{0xf88d, 0x9d2f}, //鴯
{0xf88e, 0x9d30}, //鴰
{0xf88f, 0x9d31}, //鴱
{0xf890, 0x9d32}, //鴲
{0xf891, 0x9d33}, //鴳
{0xf892, 0x9d34}, //鴴
{0xf893, 0x9d35}, //鴵
{0xf894, 0x9d36}, //鴶
{0xf895, 0x9d37}, //鴷
{0xf896, 0x9d38}, //鴸
{0xf897, 0x9d39}, //鴹
{0xf898, 0x9d3a}, //鴺
{0xf899, 0x9d3b}, //鴻
{0xf89a, 0x9d3c}, //鴼
{0xf89b, 0x9d3d}, //鴽
{0xf89c, 0x9d3e}, //鴾
{0xf89d, 0x9d3f}, //鴿
{0xf89e, 0x9d40}, //鵀
{0xf89f, 0x9d41}, //鵁
{0xf8a0, 0x9d42}, //鵂
{0xf940, 0x9d43}, //鵃
{0xf941, 0x9d44}, //鵄
{0xf942, 0x9d45}, //鵅
{0xf943, 0x9d46}, //鵆
{0xf944, 0x9d47}, //鵇
{0xf945, 0x9d48}, //鵈
{0xf946, 0x9d49}, //鵉
{0xf947, 0x9d4a}, //鵊
{0xf948, 0x9d4b}, //鵋
{0xf949, 0x9d4c}, //鵌
{0xf94a, 0x9d4d}, //鵍
{0xf94b, 0x9d4e}, //鵎
{0xf94c, 0x9d4f}, //鵏
{0xf94d, 0x9d50}, //鵐
{0xf94e, 0x9d51}, //鵑
{0xf94f, 0x9d52}, //鵒
{0xf950, 0x9d53}, //鵓
{0xf951, 0x9d54}, //鵔
{0xf952, 0x9d55}, //鵕
{0xf953, 0x9d56}, //鵖
{0xf954, 0x9d57}, //鵗
{0xf955, 0x9d58}, //鵘
{0xf956, 0x9d59}, //鵙
{0xf957, 0x9d5a}, //鵚
{0xf958, 0x9d5b}, //鵛
{0xf959, 0x9d5c}, //鵜
{0xf95a, 0x9d5d}, //鵝
{0xf95b, 0x9d5e}, //鵞
{0xf95c, 0x9d5f}, //鵟
{0xf95d, 0x9d60}, //鵠
{0xf95e, 0x9d61}, //鵡
{0xf95f, 0x9d62}, //鵢
{0xf960, 0x9d63}, //鵣
{0xf961, 0x9d64}, //鵤
{0xf962, 0x9d65}, //鵥
{0xf963, 0x9d66}, //鵦
{0xf964, 0x9d67}, //鵧
{0xf965, 0x9d68}, //鵨
{0xf966, 0x9d69}, //鵩
{0xf967, 0x9d6a}, //鵪
{0xf968, 0x9d6b}, //鵫
{0xf969, 0x9d6c}, //鵬
{0xf96a, 0x9d6d}, //鵭
{0xf96b, 0x9d6e}, //鵮
{0xf96c, 0x9d6f}, //鵯
{0xf96d, 0x9d70}, //鵰
{0xf96e, 0x9d71}, //鵱
{0xf96f, 0x9d72}, //鵲
{0xf970, 0x9d73}, //鵳
{0xf971, 0x9d74}, //鵴
{0xf972, 0x9d75}, //鵵
{0xf973, 0x9d76}, //鵶
{0xf974, 0x9d77}, //鵷
{0xf975, 0x9d78}, //鵸
{0xf976, 0x9d79}, //鵹
{0xf977, 0x9d7a}, //鵺
{0xf978, 0x9d7b}, //鵻
{0xf979, 0x9d7c}, //鵼
{0xf97a, 0x9d7d}, //鵽
{0xf97b, 0x9d7e}, //鵾
{0xf97c, 0x9d7f}, //鵿
{0xf97d, 0x9d80}, //鶀
{0xf97e, 0x9d81}, //鶁
{0xf980, 0x9d82}, //鶂
{0xf981, 0x9d83}, //鶃
{0xf982, 0x9d84}, //鶄
{0xf983, 0x9d85}, //鶅
{0xf984, 0x9d86}, //鶆
{0xf985, 0x9d87}, //鶇
{0xf986, 0x9d88}, //鶈
{0xf987, 0x9d89}, //鶉
{0xf988, 0x9d8a}, //鶊
{0xf989, 0x9d8b}, //鶋
{0xf98a, 0x9d8c}, //鶌
{0xf98b, 0x9d8d}, //鶍
{0xf98c, 0x9d8e}, //鶎
{0xf98d, 0x9d8f}, //鶏
{0xf98e, 0x9d90}, //鶐
{0xf98f, 0x9d91}, //鶑
{0xf990, 0x9d92}, //鶒
{0xf991, 0x9d93}, //鶓
{0xf992, 0x9d94}, //鶔
{0xf993, 0x9d95}, //鶕
{0xf994, 0x9d96}, //鶖
{0xf995, 0x9d97}, //鶗
{0xf996, 0x9d98}, //鶘
{0xf997, 0x9d99}, //鶙
{0xf998, 0x9d9a}, //鶚
{0xf999, 0x9d9b}, //鶛
{0xf99a, 0x9d9c}, //鶜
{0xf99b, 0x9d9d}, //鶝
{0xf99c, 0x9d9e}, //鶞
{0xf99d, 0x9d9f}, //鶟
{0xf99e, 0x9da0}, //鶠
{0xf99f, 0x9da1}, //鶡
{0xf9a0, 0x9da2}, //鶢
{0xfa40, 0x9da3}, //鶣
{0xfa41, 0x9da4}, //鶤
{0xfa42, 0x9da5}, //鶥
{0xfa43, 0x9da6}, //鶦
{0xfa44, 0x9da7}, //鶧
{0xfa45, 0x9da8}, //鶨
{0xfa46, 0x9da9}, //鶩
{0xfa47, 0x9daa}, //鶪
{0xfa48, 0x9dab}, //鶫
{0xfa49, 0x9dac}, //鶬
{0xfa4a, 0x9dad}, //鶭
{0xfa4b, 0x9dae}, //鶮
{0xfa4c, 0x9daf}, //鶯
{0xfa4d, 0x9db0}, //鶰
{0xfa4e, 0x9db1}, //鶱
{0xfa4f, 0x9db2}, //鶲
{0xfa50, 0x9db3}, //鶳
{0xfa51, 0x9db4}, //鶴
{0xfa52, 0x9db5}, //鶵
{0xfa53, 0x9db6}, //鶶
{0xfa54, 0x9db7}, //鶷
{0xfa55, 0x9db8}, //鶸
{0xfa56, 0x9db9}, //鶹
{0xfa57, 0x9dba}, //鶺
{0xfa58, 0x9dbb}, //鶻
{0xfa59, 0x9dbc}, //鶼
{0xfa5a, 0x9dbd}, //鶽
{0xfa5b, 0x9dbe}, //鶾
{0xfa5c, 0x9dbf}, //鶿
{0xfa5d, 0x9dc0}, //鷀
{0xfa5e, 0x9dc1}, //鷁
{0xfa5f, 0x9dc2}, //鷂
{0xfa60, 0x9dc3}, //鷃
{0xfa61, 0x9dc4}, //鷄
{0xfa62, 0x9dc5}, //鷅
{0xfa63, 0x9dc6}, //鷆
{0xfa64, 0x9dc7}, //鷇
{0xfa65, 0x9dc8}, //鷈
{0xfa66, 0x9dc9}, //鷉
{0xfa67, 0x9dca}, //鷊
{0xfa68, 0x9dcb}, //鷋
{0xfa69, 0x9dcc}, //鷌
{0xfa6a, 0x9dcd}, //鷍
{0xfa6b, 0x9dce}, //鷎
{0xfa6c, 0x9dcf}, //鷏
{0xfa6d, 0x9dd0}, //鷐
{0xfa6e, 0x9dd1}, //鷑
{0xfa6f, 0x9dd2}, //鷒
{0xfa70, 0x9dd3}, //鷓
{0xfa71, 0x9dd4}, //鷔
{0xfa72, 0x9dd5}, //鷕
{0xfa73, 0x9dd6}, //鷖
{0xfa74, 0x9dd7}, //鷗
{0xfa75, 0x9dd8}, //鷘
{0xfa76, 0x9dd9}, //鷙
{0xfa77, 0x9dda}, //鷚
{0xfa78, 0x9ddb}, //鷛
{0xfa79, 0x9ddc}, //鷜
{0xfa7a, 0x9ddd}, //鷝
{0xfa7b, 0x9dde}, //鷞
{0xfa7c, 0x9ddf}, //鷟
{0xfa7d, 0x9de0}, //鷠
{0xfa7e, 0x9de1}, //鷡
{0xfa80, 0x9de2}, //鷢
{0xfa81, 0x9de3}, //鷣
{0xfa82, 0x9de4}, //鷤
{0xfa83, 0x9de5}, //鷥
{0xfa84, 0x9de6}, //鷦
{0xfa85, 0x9de7}, //鷧
{0xfa86, 0x9de8}, //鷨
{0xfa87, 0x9de9}, //鷩
{0xfa88, 0x9dea}, //鷪
{0xfa89, 0x9deb}, //鷫
{0xfa8a, 0x9dec}, //鷬
{0xfa8b, 0x9ded}, //鷭
{0xfa8c, 0x9dee}, //鷮
{0xfa8d, 0x9def}, //鷯
{0xfa8e, 0x9df0}, //鷰
{0xfa8f, 0x9df1}, //鷱
{0xfa90, 0x9df2}, //鷲
{0xfa91, 0x9df3}, //鷳
{0xfa92, 0x9df4}, //鷴
{0xfa93, 0x9df5}, //鷵
{0xfa94, 0x9df6}, //鷶
{0xfa95, 0x9df7}, //鷷
{0xfa96, 0x9df8}, //鷸
{0xfa97, 0x9df9}, //鷹
{0xfa98, 0x9dfa}, //鷺
{0xfa99, 0x9dfb}, //鷻
{0xfa9a, 0x9dfc}, //鷼
{0xfa9b, 0x9dfd}, //鷽
{0xfa9c, 0x9dfe}, //鷾
{0xfa9d, 0x9dff}, //鷿
{0xfa9e, 0x9e00}, //鸀
{0xfa9f, 0x9e01}, //鸁
{0xfaa0, 0x9e02}, //鸂
{0xfb40, 0x9e03}, //鸃
{0xfb41, 0x9e04}, //鸄
{0xfb42, 0x9e05}, //鸅
{0xfb43, 0x9e06}, //鸆
{0xfb44, 0x9e07}, //鸇
{0xfb45, 0x9e08}, //鸈
{0xfb46, 0x9e09}, //鸉
{0xfb47, 0x9e0a}, //鸊
{0xfb48, 0x9e0b}, //鸋
{0xfb49, 0x9e0c}, //鸌
{0xfb4a, 0x9e0d}, //鸍
{0xfb4b, 0x9e0e}, //鸎
{0xfb4c, 0x9e0f}, //鸏
{0xfb4d, 0x9e10}, //鸐
{0xfb4e, 0x9e11}, //鸑
{0xfb4f, 0x9e12}, //鸒
{0xfb50, 0x9e13}, //鸓
{0xfb51, 0x9e14}, //鸔
{0xfb52, 0x9e15}, //鸕
{0xfb53, 0x9e16}, //鸖
{0xfb54, 0x9e17}, //鸗
{0xfb55, 0x9e18}, //鸘
{0xfb56, 0x9e19}, //鸙
{0xfb57, 0x9e1a}, //鸚
{0xfb58, 0x9e1b}, //鸛
{0xfb59, 0x9e1c}, //鸜
{0xfb5a, 0x9e1d}, //鸝
{0xfb5b, 0x9e1e}, //鸞
{0xfb5c, 0x9e24}, //鸤
{0xfb5d, 0x9e27}, //鸧
{0xfb5e, 0x9e2e}, //鸮
{0xfb5f, 0x9e30}, //鸰
{0xfb60, 0x9e34}, //鸴
{0xfb61, 0x9e3b}, //鸻
{0xfb62, 0x9e3c}, //鸼
{0xfb63, 0x9e40}, //鹀
{0xfb64, 0x9e4d}, //鹍
{0xfb65, 0x9e50}, //鹐
{0xfb66, 0x9e52}, //鹒
{0xfb67, 0x9e53}, //鹓
{0xfb68, 0x9e54}, //鹔
{0xfb69, 0x9e56}, //鹖
{0xfb6a, 0x9e59}, //鹙
{0xfb6b, 0x9e5d}, //鹝
{0xfb6c, 0x9e5f}, //鹟
{0xfb6d, 0x9e60}, //鹠
{0xfb6e, 0x9e61}, //鹡
{0xfb6f, 0x9e62}, //鹢
{0xfb70, 0x9e65}, //鹥
{0xfb71, 0x9e6e}, //鹮
{0xfb72, 0x9e6f}, //鹯
{0xfb73, 0x9e72}, //鹲
{0xfb74, 0x9e74}, //鹴
{0xfb75, 0x9e75}, //鹵
{0xfb76, 0x9e76}, //鹶
{0xfb77, 0x9e77}, //鹷
{0xfb78, 0x9e78}, //鹸
{0xfb79, 0x9e79}, //鹹
{0xfb7a, 0x9e7a}, //鹺
{0xfb7b, 0x9e7b}, //鹻
{0xfb7c, 0x9e7c}, //鹼
{0xfb7d, 0x9e7d}, //鹽
{0xfb7e, 0x9e80}, //麀
{0xfb80, 0x9e81}, //麁
{0xfb81, 0x9e83}, //麃
{0xfb82, 0x9e84}, //麄
{0xfb83, 0x9e85}, //麅
{0xfb84, 0x9e86}, //麆
{0xfb85, 0x9e89}, //麉
{0xfb86, 0x9e8a}, //麊
{0xfb87, 0x9e8c}, //麌
{0xfb88, 0x9e8d}, //麍
{0xfb89, 0x9e8e}, //麎
{0xfb8a, 0x9e8f}, //麏
{0xfb8b, 0x9e90}, //麐
{0xfb8c, 0x9e91}, //麑
{0xfb8d, 0x9e94}, //麔
{0xfb8e, 0x9e95}, //麕
{0xfb8f, 0x9e96}, //麖
{0xfb90, 0x9e97}, //麗
{0xfb91, 0x9e98}, //麘
{0xfb92, 0x9e99}, //麙
{0xfb93, 0x9e9a}, //麚
{0xfb94, 0x9e9b}, //麛
{0xfb95, 0x9e9c}, //麜
{0xfb96, 0x9e9e}, //麞
{0xfb97, 0x9ea0}, //麠
{0xfb98, 0x9ea1}, //麡
{0xfb99, 0x9ea2}, //麢
{0xfb9a, 0x9ea3}, //麣
{0xfb9b, 0x9ea4}, //麤
{0xfb9c, 0x9ea5}, //麥
{0xfb9d, 0x9ea7}, //麧
{0xfb9e, 0x9ea8}, //麨
{0xfb9f, 0x9ea9}, //麩
{0xfba0, 0x9eaa}, //麪
{0xfc40, 0x9eab}, //麫
{0xfc41, 0x9eac}, //麬
{0xfc42, 0x9ead}, //麭
{0xfc43, 0x9eae}, //麮
{0xfc44, 0x9eaf}, //麯
{0xfc45, 0x9eb0}, //麰
{0xfc46, 0x9eb1}, //麱
{0xfc47, 0x9eb2}, //麲
{0xfc48, 0x9eb3}, //麳
{0xfc49, 0x9eb5}, //麵
{0xfc4a, 0x9eb6}, //麶
{0xfc4b, 0x9eb7}, //麷
{0xfc4c, 0x9eb9}, //麹
{0xfc4d, 0x9eba}, //麺
{0xfc4e, 0x9ebc}, //麼
{0xfc4f, 0x9ebf}, //麿
{0xfc50, 0x9ec0}, //黀
{0xfc51, 0x9ec1}, //黁
{0xfc52, 0x9ec2}, //黂
{0xfc53, 0x9ec3}, //黃
{0xfc54, 0x9ec5}, //黅
{0xfc55, 0x9ec6}, //黆
{0xfc56, 0x9ec7}, //黇
{0xfc57, 0x9ec8}, //黈
{0xfc58, 0x9eca}, //黊
{0xfc59, 0x9ecb}, //黋
{0xfc5a, 0x9ecc}, //黌
{0xfc5b, 0x9ed0}, //黐
{0xfc5c, 0x9ed2}, //黒
{0xfc5d, 0x9ed3}, //黓
{0xfc5e, 0x9ed5}, //黕
{0xfc5f, 0x9ed6}, //黖
{0xfc60, 0x9ed7}, //黗
{0xfc61, 0x9ed9}, //黙
{0xfc62, 0x9eda}, //黚
{0xfc63, 0x9ede}, //點
{0xfc64, 0x9ee1}, //黡
{0xfc65, 0x9ee3}, //黣
{0xfc66, 0x9ee4}, //黤
{0xfc67, 0x9ee6}, //黦
{0xfc68, 0x9ee8}, //黨
{0xfc69, 0x9eeb}, //黫
{0xfc6a, 0x9eec}, //黬
{0xfc6b, 0x9eed}, //黭
{0xfc6c, 0x9eee}, //黮
{0xfc6d, 0x9ef0}, //黰
{0xfc6e, 0x9ef1}, //黱
{0xfc6f, 0x9ef2}, //黲
{0xfc70, 0x9ef3}, //黳
{0xfc71, 0x9ef4}, //黴
{0xfc72, 0x9ef5}, //黵
{0xfc73, 0x9ef6}, //黶
{0xfc74, 0x9ef7}, //黷
{0xfc75, 0x9ef8}, //黸
{0xfc76, 0x9efa}, //黺
{0xfc77, 0x9efd}, //黽
{0xfc78, 0x9eff}, //黿
{0xfc79, 0x9f00}, //鼀
{0xfc7a, 0x9f01}, //鼁
{0xfc7b, 0x9f02}, //鼂
{0xfc7c, 0x9f03}, //鼃
{0xfc7d, 0x9f04}, //鼄
{0xfc7e, 0x9f05}, //鼅
{0xfc80, 0x9f06}, //鼆
{0xfc81, 0x9f07}, //鼇
{0xfc82, 0x9f08}, //鼈
{0xfc83, 0x9f09}, //鼉
{0xfc84, 0x9f0a}, //鼊
{0xfc85, 0x9f0c}, //鼌
{0xfc86, 0x9f0f}, //鼏
{0xfc87, 0x9f11}, //鼑
{0xfc88, 0x9f12}, //鼒
{0xfc89, 0x9f14}, //鼔
{0xfc8a, 0x9f15}, //鼕
{0xfc8b, 0x9f16}, //鼖
{0xfc8c, 0x9f18}, //鼘
{0xfc8d, 0x9f1a}, //鼚
{0xfc8e, 0x9f1b}, //鼛
{0xfc8f, 0x9f1c}, //鼜
{0xfc90, 0x9f1d}, //鼝
{0xfc91, 0x9f1e}, //鼞
{0xfc92, 0x9f1f}, //鼟
{0xfc93, 0x9f21}, //鼡
{0xfc94, 0x9f23}, //鼣
{0xfc95, 0x9f24}, //鼤
{0xfc96, 0x9f25}, //鼥
{0xfc97, 0x9f26}, //鼦
{0xfc98, 0x9f27}, //鼧
{0xfc99, 0x9f28}, //鼨
{0xfc9a, 0x9f29}, //鼩
{0xfc9b, 0x9f2a}, //鼪
{0xfc9c, 0x9f2b}, //鼫
{0xfc9d, 0x9f2d}, //鼭
{0xfc9e, 0x9f2e}, //鼮
{0xfc9f, 0x9f30}, //鼰
{0xfca0, 0x9f31}, //鼱
{0xfd40, 0x9f32}, //鼲
{0xfd41, 0x9f33}, //鼳
{0xfd42, 0x9f34}, //鼴
{0xfd43, 0x9f35}, //鼵
{0xfd44, 0x9f36}, //鼶
{0xfd45, 0x9f38}, //鼸
{0xfd46, 0x9f3a}, //鼺
{0xfd47, 0x9f3c}, //鼼
{0xfd48, 0x9f3f}, //鼿
{0xfd49, 0x9f40}, //齀
{0xfd4a, 0x9f41}, //齁
{0xfd4b, 0x9f42}, //齂
{0xfd4c, 0x9f43}, //齃
{0xfd4d, 0x9f45}, //齅
{0xfd4e, 0x9f46}, //齆
{0xfd4f, 0x9f47}, //齇
{0xfd50, 0x9f48}, //齈
{0xfd51, 0x9f49}, //齉
{0xfd52, 0x9f4a}, //齊
{0xfd53, 0x9f4b}, //齋
{0xfd54, 0x9f4c}, //齌
{0xfd55, 0x9f4d}, //齍
{0xfd56, 0x9f4e}, //齎
{0xfd57, 0x9f4f}, //齏
{0xfd58, 0x9f52}, //齒
{0xfd59, 0x9f53}, //齓
{0xfd5a, 0x9f54}, //齔
{0xfd5b, 0x9f55}, //齕
{0xfd5c, 0x9f56}, //齖
{0xfd5d, 0x9f57}, //齗
{0xfd5e, 0x9f58}, //齘
{0xfd5f, 0x9f59}, //齙
{0xfd60, 0x9f5a}, //齚
{0xfd61, 0x9f5b}, //齛
{0xfd62, 0x9f5c}, //齜
{0xfd63, 0x9f5d}, //齝
{0xfd64, 0x9f5e}, //齞
{0xfd65, 0x9f5f}, //齟
{0xfd66, 0x9f60}, //齠
{0xfd67, 0x9f61}, //齡
{0xfd68, 0x9f62}, //齢
{0xfd69, 0x9f63}, //齣
{0xfd6a, 0x9f64}, //齤
{0xfd6b, 0x9f65}, //齥
{0xfd6c, 0x9f66}, //齦
{0xfd6d, 0x9f67}, //齧
{0xfd6e, 0x9f68}, //齨
{0xfd6f, 0x9f69}, //齩
{0xfd70, 0x9f6a}, //齪
{0xfd71, 0x9f6b}, //齫
{0xfd72, 0x9f6c}, //齬
{0xfd73, 0x9f6d}, //齭
{0xfd74, 0x9f6e}, //齮
{0xfd75, 0x9f6f}, //齯
{0xfd76, 0x9f70}, //齰
{0xfd77, 0x9f71}, //齱
{0xfd78, 0x9f72}, //齲
{0xfd79, 0x9f73}, //齳
{0xfd7a, 0x9f74}, //齴
{0xfd7b, 0x9f75}, //齵
{0xfd7c, 0x9f76}, //齶
{0xfd7d, 0x9f77}, //齷
{0xfd7e, 0x9f78}, //齸
{0xfd80, 0x9f79}, //齹
{0xfd81, 0x9f7a}, //齺
{0xfd82, 0x9f7b}, //齻
{0xfd83, 0x9f7c}, //齼
{0xfd84, 0x9f7d}, //齽
{0xfd85, 0x9f7e}, //齾
{0xfd86, 0x9f81}, //龁
{0xfd87, 0x9f82}, //龂
{0xfd88, 0x9f8d}, //龍
{0xfd89, 0x9f8e}, //龎
{0xfd8a, 0x9f8f}, //龏
{0xfd8b, 0x9f90}, //龐
{0xfd8c, 0x9f91}, //龑
{0xfd8d, 0x9f92}, //龒
{0xfd8e, 0x9f93}, //龓
{0xfd8f, 0x9f94}, //龔
{0xfd90, 0x9f95}, //龕
{0xfd91, 0x9f96}, //龖
{0xfd92, 0x9f97}, //龗
{0xfd93, 0x9f98}, //龘
{0xfd94, 0x9f9c}, //龜
{0xfd95, 0x9f9d}, //龝
{0xfd96, 0x9f9e}, //龞
{0xfd97, 0x9fa1}, //龡
{0xfd98, 0x9fa2}, //龢
{0xfd99, 0x9fa3}, //龣
{0xfd9a, 0x9fa4}, //龤
{0xfd9b, 0x9fa5}, //龥
{0xfd9c, 0xf92c}, //郎
{0xfd9d, 0xf979}, //凉
{0xfd9e, 0xf995}, //秊
{0xfd9f, 0xf9e7}, //裏
{0xfda0, 0xf9f1}, //隣
{0xfe40, 0xfa0c}, //兀
{0xfe41, 0xfa0d}, //嗀
{0xfe42, 0xfa0e}, //﨎
{0xfe43, 0xfa0f}, //﨏
{0xfe44, 0xfa11}, //﨑
{0xfe45, 0xfa13}, //﨓
{0xfe46, 0xfa14}, //﨔
{0xfe47, 0xfa18}, //礼
{0xfe48, 0xfa1f}, //﨟
{0xfe49, 0xfa20}, //蘒
{0xfe4a, 0xfa21}, //﨡
{0xfe4b, 0xfa23}, //﨣
{0xfe4c, 0xfa24}, //﨤
{0xfe4d, 0xfa27}, //﨧
{0xfe4e, 0xfa28}, //﨨
{0xfe4f, 0xfa29}, //﨩
};
