const uint16_t unicode_to_gbk[21791][2] = {
{0x00a4, 0xa1e8}, //¤
{0x00a7, 0xa1ec}, //§
{0x00a8, 0xa1a7}, //¨
{0x00b0, 0xa1e3}, //°
{0x00b1, 0xa1c0}, //±
{0x00b7, 0xa1a4}, //·
{0x00d7, 0xa1c1}, //×
{0x00e0, 0xa8a4}, //à
{0x00e1, 0xa8a2}, //á
{0x00e8, 0xa8a8}, //è
{0x00e9, 0xa8a6}, //é
{0x00ea, 0xa8ba}, //ê
{0x00ec, 0xa8ac}, //ì
{0x00ed, 0xa8aa}, //í
{0x00f2, 0xa8b0}, //ò
{0x00f3, 0xa8ae}, //ó
{0x00f7, 0xa1c2}, //÷
{0x00f9, 0xa8b4}, //ù
{0x00fa, 0xa8b2}, //ú
{0x00fc, 0xa8b9}, //ü
{0x0101, 0xa8a1}, //ā
{0x0113, 0xa8a5}, //ē
{0x011b, 0xa8a7}, //ě
{0x012b, 0xa8a9}, //ī
{0x0144, 0xa8bd}, //ń
{0x0148, 0xa8be}, //ň
{0x014d, 0xa8ad}, //ō
{0x016b, 0xa8b1}, //ū
{0x01ce, 0xa8a3}, //ǎ
{0x01d0, 0xa8ab}, //ǐ
{0x01d2, 0xa8af}, //ǒ
{0x01d4, 0xa8b3}, //ǔ
{0x01d6, 0xa8b5}, //ǖ
{0x01d8, 0xa8b6}, //ǘ
{0x01da, 0xa8b7}, //ǚ
{0x01dc, 0xa8b8}, //ǜ
{0x0251, 0xa8bb}, //ɑ
{0x0261, 0xa8c0}, //ɡ
{0x02c7, 0xa1a6}, //ˇ
{0x02c9, 0xa1a5}, //ˉ
{0x02ca, 0xa840}, //ˊ
{0x02cb, 0xa841}, //ˋ
{0x02d9, 0xa842}, //˙
{0x0391, 0xa6a1}, //Α
{0x0392, 0xa6a2}, //Β
{0x0393, 0xa6a3}, //Γ
{0x0394, 0xa6a4}, //Δ
{0x0395, 0xa6a5}, //Ε
{0x0396, 0xa6a6}, //Ζ
{0x0397, 0xa6a7}, //Η
{0x0398, 0xa6a8}, //Θ
{0x0399, 0xa6a9}, //Ι
{0x039a, 0xa6aa}, //Κ
{0x039b, 0xa6ab}, //Λ
{0x039c, 0xa6ac}, //Μ
{0x039d, 0xa6ad}, //Ν
{0x039e, 0xa6ae}, //Ξ
{0x039f, 0xa6af}, //Ο
{0x03a0, 0xa6b0}, //Π
{0x03a1, 0xa6b1}, //Ρ
{0x03a3, 0xa6b2}, //Σ
{0x03a4, 0xa6b3}, //Τ
{0x03a5, 0xa6b4}, //Υ
{0x03a6, 0xa6b5}, //Φ
{0x03a7, 0xa6b6}, //Χ
{0x03a8, 0xa6b7}, //Ψ
{0x03a9, 0xa6b8}, //Ω
{0x03b1, 0xa6c1}, //α
{0x03b2, 0xa6c2}, //β
{0x03b3, 0xa6c3}, //γ
{0x03b4, 0xa6c4}, //δ
{0x03b5, 0xa6c5}, //ε
{0x03b6, 0xa6c6}, //ζ
{0x03b7, 0xa6c7}, //η
{0x03b8, 0xa6c8}, //θ
{0x03b9, 0xa6c9}, //ι
{0x03ba, 0xa6ca}, //κ
{0x03bb, 0xa6cb}, //λ
{0x03bc, 0xa6cc}, //μ
{0x03bd, 0xa6cd}, //ν
{0x03be, 0xa6ce}, //ξ
{0x03bf, 0xa6cf}, //ο
{0x03c0, 0xa6d0}, //π
{0x03c1, 0xa6d1}, //ρ
{0x03c3, 0xa6d2}, //σ
{0x03c4, 0xa6d3}, //τ
{0x03c5, 0xa6d4}, //υ
{0x03c6, 0xa6d5}, //φ
{0x03c7, 0xa6d6}, //χ
{0x03c8, 0xa6d7}, //ψ
{0x03c9, 0xa6d8}, //ω
{0x0401, 0xa7a7}, //Ё
{0x0410, 0xa7a1}, //А
{0x0411, 0xa7a2}, //Б
{0x0412, 0xa7a3}, //В
{0x0413, 0xa7a4}, //Г
{0x0414, 0xa7a5}, //Д
{0x0415, 0xa7a6}, //Е
{0x0416, 0xa7a8}, //Ж
{0x0417, 0xa7a9}, //З
{0x0418, 0xa7aa}, //И
{0x0419, 0xa7ab}, //Й
{0x041a, 0xa7ac}, //К
{0x041b, 0xa7ad}, //Л
{0x041c, 0xa7ae}, //М
{0x041d, 0xa7af}, //Н
{0x041e, 0xa7b0}, //О
{0x041f, 0xa7b1}, //П
{0x0420, 0xa7b2}, //Р
{0x0421, 0xa7b3}, //С
{0x0422, 0xa7b4}, //Т
{0x0423, 0xa7b5}, //У
{0x0424, 0xa7b6}, //Ф
{0x0425, 0xa7b7}, //Х
{0x0426, 0xa7b8}, //Ц
{0x0427, 0xa7b9}, //Ч
{0x0428, 0xa7ba}, //Ш
{0x0429, 0xa7bb}, //Щ
{0x042a, 0xa7bc}, //Ъ
{0x042b, 0xa7bd}, //Ы
{0x042c, 0xa7be}, //Ь
{0x042d, 0xa7bf}, //Э
{0x042e, 0xa7c0}, //Ю
{0x042f, 0xa7c1}, //Я
{0x0430, 0xa7d1}, //а
{0x0431, 0xa7d2}, //б
{0x0432, 0xa7d3}, //в
{0x0433, 0xa7d4}, //г
{0x0434, 0xa7d5}, //д
{0x0435, 0xa7d6}, //е
{0x0436, 0xa7d8}, //ж
{0x0437, 0xa7d9}, //з
{0x0438, 0xa7da}, //и
{0x0439, 0xa7db}, //й
{0x043a, 0xa7dc}, //к
{0x043b, 0xa7dd}, //л
{0x043c, 0xa7de}, //м
{0x043d, 0xa7df}, //н
{0x043e, 0xa7e0}, //о
{0x043f, 0xa7e1}, //п
{0x0440, 0xa7e2}, //р
{0x0441, 0xa7e3}, //с
{0x0442, 0xa7e4}, //т
{0x0443, 0xa7e5}, //у
{0x0444, 0xa7e6}, //ф
{0x0445, 0xa7e7}, //х
{0x0446, 0xa7e8}, //ц
{0x0447, 0xa7e9}, //ч
{0x0448, 0xa7ea}, //ш
{0x0449, 0xa7eb}, //щ
{0x044a, 0xa7ec}, //ъ
{0x044b, 0xa7ed}, //ы
{0x044c, 0xa7ee}, //ь
{0x044d, 0xa7ef}, //э
{0x044e, 0xa7f0}, //ю
{0x044f, 0xa7f1}, //я
{0x0451, 0xa7d7}, //ё
{0x2010, 0xa95c}, //‐
{0x2013, 0xa843}, //–
{0x2014, 0xa1aa}, //—
{0x2015, 0xa844}, //―
{0x2016, 0xa1ac}, //‖
{0x2018, 0xa1ae}, //‘
{0x2019, 0xa1af}, //’
{0x201c, 0xa1b0}, //“
{0x201d, 0xa1b1}, //”
{0x2025, 0xa845}, //‥
{0x2026, 0xa1ad}, //…
{0x2030, 0xa1eb}, //‰
{0x2032, 0xa1e4}, //′
{0x2033, 0xa1e5}, //″
{0x2035, 0xa846}, //‵
{0x203b, 0xa1f9}, //※
{0x2103, 0xa1e6}, //℃
{0x2105, 0xa847}, //℅
{0x2109, 0xa848}, //℉
{0x2116, 0xa1ed}, //№
{0x2121, 0xa959}, //℡
{0x2160, 0xa2f1}, //Ⅰ
{0x2161, 0xa2f2}, //Ⅱ
{0x2162, 0xa2f3}, //Ⅲ
{0x2163, 0xa2f4}, //Ⅳ
{0x2164, 0xa2f5}, //Ⅴ
{0x2165, 0xa2f6}, //Ⅵ
{0x2166, 0xa2f7}, //Ⅶ
{0x2167, 0xa2f8}, //Ⅷ
{0x2168, 0xa2f9}, //Ⅸ
{0x2169, 0xa2fa}, //Ⅹ
{0x216a, 0xa2fb}, //Ⅺ
{0x216b, 0xa2fc}, //Ⅻ
{0x2170, 0xa2a1}, //ⅰ
{0x2171, 0xa2a2}, //ⅱ
{0x2172, 0xa2a3}, //ⅲ
{0x2173, 0xa2a4}, //ⅳ
{0x2174, 0xa2a5}, //ⅴ
{0x2175, 0xa2a6}, //ⅵ
{0x2176, 0xa2a7}, //ⅶ
{0x2177, 0xa2a8}, //ⅷ
{0x2178, 0xa2a9}, //ⅸ
{0x2179, 0xa2aa}, //ⅹ
{0x2190, 0xa1fb}, //←
{0x2191, 0xa1fc}, //↑
{0x2192, 0xa1fa}, //→
{0x2193, 0xa1fd}, //↓
{0x2196, 0xa849}, //↖
{0x2197, 0xa84a}, //↗
{0x2198, 0xa84b}, //↘
{0x2199, 0xa84c}, //↙
{0x2208, 0xa1ca}, //∈
{0x220f, 0xa1c7}, //∏
{0x2211, 0xa1c6}, //∑
{0x2215, 0xa84d}, //∕
{0x221a, 0xa1cc}, //√
{0x221d, 0xa1d8}, //∝
{0x221e, 0xa1de}, //∞
{0x221f, 0xa84e}, //∟
{0x2220, 0xa1cf}, //∠
{0x2223, 0xa84f}, //∣
{0x2225, 0xa1ce}, //∥
{0x2227, 0xa1c4}, //∧
{0x2228, 0xa1c5}, //∨
{0x2229, 0xa1c9}, //∩
{0x222a, 0xa1c8}, //∪
{0x222b, 0xa1d2}, //∫
{0x222e, 0xa1d3}, //∮
{0x2234, 0xa1e0}, //∴
{0x2235, 0xa1df}, //∵
{0x2236, 0xa1c3}, //∶
{0x2237, 0xa1cb}, //∷
{0x223d, 0xa1d7}, //∽
{0x2248, 0xa1d6}, //≈
{0x224c, 0xa1d5}, //≌
{0x2252, 0xa850}, //≒
{0x2260, 0xa1d9}, //≠
{0x2261, 0xa1d4}, //≡
{0x2264, 0xa1dc}, //≤
{0x2265, 0xa1dd}, //≥
{0x2266, 0xa851}, //≦
{0x2267, 0xa852}, //≧
{0x226e, 0xa1da}, //≮
{0x226f, 0xa1db}, //≯
{0x2295, 0xa892}, //⊕
{0x2299, 0xa1d1}, //⊙
{0x22a5, 0xa1cd}, //⊥
{0x22bf, 0xa853}, //⊿
{0x2312, 0xa1d0}, //⌒
{0x2460, 0xa2d9}, //①
{0x2461, 0xa2da}, //②
{0x2462, 0xa2db}, //③
{0x2463, 0xa2dc}, //④
{0x2464, 0xa2dd}, //⑤
{0x2465, 0xa2de}, //⑥
{0x2466, 0xa2df}, //⑦
{0x2467, 0xa2e0}, //⑧
{0x2468, 0xa2e1}, //⑨
{0x2469, 0xa2e2}, //⑩
{0x2474, 0xa2c5}, //⑴
{0x2475, 0xa2c6}, //⑵
{0x2476, 0xa2c7}, //⑶
{0x2477, 0xa2c8}, //⑷
{0x2478, 0xa2c9}, //⑸
{0x2479, 0xa2ca}, //⑹
{0x247a, 0xa2cb}, //⑺
{0x247b, 0xa2cc}, //⑻
{0x247c, 0xa2cd}, //⑼
{0x247d, 0xa2ce}, //⑽
{0x247e, 0xa2cf}, //⑾
{0x247f, 0xa2d0}, //⑿
{0x2480, 0xa2d1}, //⒀
{0x2481, 0xa2d2}, //⒁
{0x2482, 0xa2d3}, //⒂
{0x2483, 0xa2d4}, //⒃
{0x2484, 0xa2d5}, //⒄
{0x2485, 0xa2d6}, //⒅
{0x2486, 0xa2d7}, //⒆
{0x2487, 0xa2d8}, //⒇
{0x2488, 0xa2b1}, //⒈
{0x2489, 0xa2b2}, //⒉
{0x248a, 0xa2b3}, //⒊
{0x248b, 0xa2b4}, //⒋
{0x248c, 0xa2b5}, //⒌
{0x248d, 0xa2b6}, //⒍
{0x248e, 0xa2b7}, //⒎
{0x248f, 0xa2b8}, //⒏
{0x2490, 0xa2b9}, //⒐
{0x2491, 0xa2ba}, //⒑
{0x2492, 0xa2bb}, //⒒
{0x2493, 0xa2bc}, //⒓
{0x2494, 0xa2bd}, //⒔
{0x2495, 0xa2be}, //⒕
{0x2496, 0xa2bf}, //⒖
{0x2497, 0xa2c0}, //⒗
{0x2498, 0xa2c1}, //⒘
{0x2499, 0xa2c2}, //⒙
{0x249a, 0xa2c3}, //⒚
{0x249b, 0xa2c4}, //⒛
{0x2500, 0xa9a4}, //─
{0x2501, 0xa9a5}, //━
{0x2502, 0xa9a6}, //│
{0x2503, 0xa9a7}, //┃
{0x2504, 0xa9a8}, //┄
{0x2505, 0xa9a9}, //┅
{0x2506, 0xa9aa}, //┆
{0x2507, 0xa9ab}, //┇
{0x2508, 0xa9ac}, //┈
{0x2509, 0xa9ad}, //┉
{0x250a, 0xa9ae}, //┊
{0x250b, 0xa9af}, //┋
{0x250c, 0xa9b0}, //┌
{0x250d, 0xa9b1}, //┍
{0x250e, 0xa9b2}, //┎
{0x250f, 0xa9b3}, //┏
{0x2510, 0xa9b4}, //┐
{0x2511, 0xa9b5}, //┑
{0x2512, 0xa9b6}, //┒
{0x2513, 0xa9b7}, //┓
{0x2514, 0xa9b8}, //└
{0x2515, 0xa9b9}, //┕
{0x2516, 0xa9ba}, //┖
{0x2517, 0xa9bb}, //┗
{0x2518, 0xa9bc}, //┘
{0x2519, 0xa9bd}, //┙
{0x251a, 0xa9be}, //┚
{0x251b, 0xa9bf}, //┛
{0x251c, 0xa9c0}, //├
{0x251d, 0xa9c1}, //┝
{0x251e, 0xa9c2}, //┞
{0x251f, 0xa9c3}, //┟
{0x2520, 0xa9c4}, //┠
{0x2521, 0xa9c5}, //┡
{0x2522, 0xa9c6}, //┢
{0x2523, 0xa9c7}, //┣
{0x2524, 0xa9c8}, //┤
{0x2525, 0xa9c9}, //┥
{0x2526, 0xa9ca}, //┦
{0x2527, 0xa9cb}, //┧
{0x2528, 0xa9cc}, //┨
{0x2529, 0xa9cd}, //┩
{0x252a, 0xa9ce}, //┪
{0x252b, 0xa9cf}, //┫
{0x252c, 0xa9d0}, //┬
{0x252d, 0xa9d1}, //┭
{0x252e, 0xa9d2}, //┮
{0x252f, 0xa9d3}, //┯
{0x2530, 0xa9d4}, //┰
{0x2531, 0xa9d5}, //┱
{0x2532, 0xa9d6}, //┲
{0x2533, 0xa9d7}, //┳
{0x2534, 0xa9d8}, //┴
{0x2535, 0xa9d9}, //┵
{0x2536, 0xa9da}, //┶
{0x2537, 0xa9db}, //┷
{0x2538, 0xa9dc}, //┸
{0x2539, 0xa9dd}, //┹
{0x253a, 0xa9de}, //┺
{0x253b, 0xa9df}, //┻
{0x253c, 0xa9e0}, //┼
{0x253d, 0xa9e1}, //┽
{0x253e, 0xa9e2}, //┾
{0x253f, 0xa9e3}, //┿
{0x2540, 0xa9e4}, //╀
{0x2541, 0xa9e5}, //╁
{0x2542, 0xa9e6}, //╂
{0x2543, 0xa9e7}, //╃
{0x2544, 0xa9e8}, //╄
{0x2545, 0xa9e9}, //╅
{0x2546, 0xa9ea}, //╆
{0x2547, 0xa9eb}, //╇
{0x2548, 0xa9ec}, //╈
{0x2549, 0xa9ed}, //╉
{0x254a, 0xa9ee}, //╊
{0x254b, 0xa9ef}, //╋
{0x2550, 0xa854}, //═
{0x2551, 0xa855}, //║
{0x2552, 0xa856}, //╒
{0x2553, 0xa857}, //╓
{0x2554, 0xa858}, //╔
{0x2555, 0xa859}, //╕
{0x2556, 0xa85a}, //╖
{0x2557, 0xa85b}, //╗
{0x2558, 0xa85c}, //╘
{0x2559, 0xa85d}, //╙
{0x255a, 0xa85e}, //╚
{0x255b, 0xa85f}, //╛
{0x255c, 0xa860}, //╜
{0x255d, 0xa861}, //╝
{0x255e, 0xa862}, //╞
{0x255f, 0xa863}, //╟
{0x2560, 0xa864}, //╠
{0x2561, 0xa865}, //╡
{0x2562, 0xa866}, //╢
{0x2563, 0xa867}, //╣
{0x2564, 0xa868}, //╤
{0x2565, 0xa869}, //╥
{0x2566, 0xa86a}, //╦
{0x2567, 0xa86b}, //╧
{0x2568, 0xa86c}, //╨
{0x2569, 0xa86d}, //╩
{0x256a, 0xa86e}, //╪
{0x256b, 0xa86f}, //╫
{0x256c, 0xa870}, //╬
{0x256d, 0xa871}, //╭
{0x256e, 0xa872}, //╮
{0x256f, 0xa873}, //╯
{0x2570, 0xa874}, //╰
{0x2571, 0xa875}, //╱
{0x2572, 0xa876}, //╲
{0x2573, 0xa877}, //╳
{0x2581, 0xa878}, //▁
{0x2582, 0xa879}, //▂
{0x2583, 0xa87a}, //▃
{0x2584, 0xa87b}, //▄
{0x2585, 0xa87c}, //▅
{0x2586, 0xa87d}, //▆
{0x2587, 0xa87e}, //▇
{0x2588, 0xa880}, //█
{0x2589, 0xa881}, //▉
{0x258a, 0xa882}, //▊
{0x258b, 0xa883}, //▋
{0x258c, 0xa884}, //▌
{0x258d, 0xa885}, //▍
{0x258e, 0xa886}, //▎
{0x258f, 0xa887}, //▏
{0x2593, 0xa888}, //▓
{0x2594, 0xa889}, //▔
{0x2595, 0xa88a}, //▕
{0x25a0, 0xa1f6}, //■
{0x25a1, 0xa1f5}, //□
{0x25b2, 0xa1f8}, //▲
{0x25b3, 0xa1f7}, //△
{0x25bc, 0xa88b}, //▼
{0x25bd, 0xa88c}, //▽
{0x25c6, 0xa1f4}, //◆
{0x25c7, 0xa1f3}, //◇
{0x25cb, 0xa1f0}, //○
{0x25ce, 0xa1f2}, //◎
{0x25cf, 0xa1f1}, //●
{0x25e2, 0xa88d}, //◢
{0x25e3, 0xa88e}, //◣
{0x25e4, 0xa88f}, //◤
{0x25e5, 0xa890}, //◥
{0x2605, 0xa1ef}, //★
{0x2606, 0xa1ee}, //☆
{0x2609, 0xa891}, //☉
{0x2640, 0xa1e2}, //♀
{0x2642, 0xa1e1}, //♂
{0x3000, 0xa1a1}, //　
{0x3001, 0xa1a2}, //、
{0x3002, 0xa1a3}, //。
{0x3003, 0xa1a8}, //〃
{0x3005, 0xa1a9}, //々
{0x3006, 0xa965}, //〆
{0x3007, 0xa996}, //〇
{0x3008, 0xa1b4}, //〈
{0x3009, 0xa1b5}, //〉
{0x300a, 0xa1b6}, //《
{0x300b, 0xa1b7}, //》
{0x300c, 0xa1b8}, //「
{0x300d, 0xa1b9}, //」
{0x300e, 0xa1ba}, //『
{0x300f, 0xa1bb}, //』
{0x3010, 0xa1be}, //【
{0x3011, 0xa1bf}, //】
{0x3012, 0xa893}, //〒
{0x3013, 0xa1fe}, //〓
{0x3014, 0xa1b2}, //〔
{0x3015, 0xa1b3}, //〕
{0x3016, 0xa1bc}, //〖
{0x3017, 0xa1bd}, //〗
{0x301d, 0xa894}, //〝
{0x301e, 0xa895}, //〞
{0x3021, 0xa940}, //〡
{0x3022, 0xa941}, //〢
{0x3023, 0xa942}, //〣
{0x3024, 0xa943}, //〤
{0x3025, 0xa944}, //〥
{0x3026, 0xa945}, //〦
{0x3027, 0xa946}, //〧
{0x3028, 0xa947}, //〨
{0x3029, 0xa948}, //〩
{0x3041, 0xa4a1}, //ぁ
{0x3042, 0xa4a2}, //あ
{0x3043, 0xa4a3}, //ぃ
{0x3044, 0xa4a4}, //い
{0x3045, 0xa4a5}, //ぅ
{0x3046, 0xa4a6}, //う
{0x3047, 0xa4a7}, //ぇ
{0x3048, 0xa4a8}, //え
{0x3049, 0xa4a9}, //ぉ
{0x304a, 0xa4aa}, //お
{0x304b, 0xa4ab}, //か
{0x304c, 0xa4ac}, //が
{0x304d, 0xa4ad}, //き
{0x304e, 0xa4ae}, //ぎ
{0x304f, 0xa4af}, //く
{0x3050, 0xa4b0}, //ぐ
{0x3051, 0xa4b1}, //け
{0x3052, 0xa4b2}, //げ
{0x3053, 0xa4b3}, //こ
{0x3054, 0xa4b4}, //ご
{0x3055, 0xa4b5}, //さ
{0x3056, 0xa4b6}, //ざ
{0x3057, 0xa4b7}, //し
{0x3058, 0xa4b8}, //じ
{0x3059, 0xa4b9}, //す
{0x305a, 0xa4ba}, //ず
{0x305b, 0xa4bb}, //せ
{0x305c, 0xa4bc}, //ぜ
{0x305d, 0xa4bd}, //そ
{0x305e, 0xa4be}, //ぞ
{0x305f, 0xa4bf}, //た
{0x3060, 0xa4c0}, //だ
{0x3061, 0xa4c1}, //ち
{0x3062, 0xa4c2}, //ぢ
{0x3063, 0xa4c3}, //っ
{0x3064, 0xa4c4}, //つ
{0x3065, 0xa4c5}, //づ
{0x3066, 0xa4c6}, //て
{0x3067, 0xa4c7}, //で
{0x3068, 0xa4c8}, //と
{0x3069, 0xa4c9}, //ど
{0x306a, 0xa4ca}, //な
{0x306b, 0xa4cb}, //に
{0x306c, 0xa4cc}, //ぬ
{0x306d, 0xa4cd}, //ね
{0x306e, 0xa4ce}, //の
{0x306f, 0xa4cf}, //は
{0x3070, 0xa4d0}, //ば
{0x3071, 0xa4d1}, //ぱ
{0x3072, 0xa4d2}, //ひ
{0x3073, 0xa4d3}, //び
{0x3074, 0xa4d4}, //ぴ
{0x3075, 0xa4d5}, //ふ
{0x3076, 0xa4d6}, //ぶ
{0x3077, 0xa4d7}, //ぷ
{0x3078, 0xa4d8}, //へ
{0x3079, 0xa4d9}, //べ
{0x307a, 0xa4da}, //ぺ
{0x307b, 0xa4db}, //ほ
{0x307c, 0xa4dc}, //ぼ
{0x307d, 0xa4dd}, //ぽ
{0x307e, 0xa4de}, //ま
{0x307f, 0xa4df}, //み
{0x3080, 0xa4e0}, //む
{0x3081, 0xa4e1}, //め
{0x3082, 0xa4e2}, //も
{0x3083, 0xa4e3}, //ゃ
{0x3084, 0xa4e4}, //や
{0x3085, 0xa4e5}, //ゅ
{0x3086, 0xa4e6}, //ゆ
{0x3087, 0xa4e7}, //ょ
{0x3088, 0xa4e8}, //よ
{0x3089, 0xa4e9}, //ら
{0x308a, 0xa4ea}, //り
{0x308b, 0xa4eb}, //る
{0x308c, 0xa4ec}, //れ
{0x308d, 0xa4ed}, //ろ
{0x308e, 0xa4ee}, //ゎ
{0x308f, 0xa4ef}, //わ
{0x3090, 0xa4f0}, //ゐ
{0x3091, 0xa4f1}, //ゑ
{0x3092, 0xa4f2}, //を
{0x3093, 0xa4f3}, //ん
{0x309b, 0xa961}, //゛
{0x309c, 0xa962}, //゜
{0x309d, 0xa966}, //ゝ
{0x309e, 0xa967}, //ゞ
{0x30a1, 0xa5a1}, //ァ
{0x30a2, 0xa5a2}, //ア
{0x30a3, 0xa5a3}, //ィ
{0x30a4, 0xa5a4}, //イ
{0x30a5, 0xa5a5}, //ゥ
{0x30a6, 0xa5a6}, //ウ
{0x30a7, 0xa5a7}, //ェ
{0x30a8, 0xa5a8}, //エ
{0x30a9, 0xa5a9}, //ォ
{0x30aa, 0xa5aa}, //オ
{0x30ab, 0xa5ab}, //カ
{0x30ac, 0xa5ac}, //ガ
{0x30ad, 0xa5ad}, //キ
{0x30ae, 0xa5ae}, //ギ
{0x30af, 0xa5af}, //ク
{0x30b0, 0xa5b0}, //グ
{0x30b1, 0xa5b1}, //ケ
{0x30b2, 0xa5b2}, //ゲ
{0x30b3, 0xa5b3}, //コ
{0x30b4, 0xa5b4}, //ゴ
{0x30b5, 0xa5b5}, //サ
{0x30b6, 0xa5b6}, //ザ
{0x30b7, 0xa5b7}, //シ
{0x30b8, 0xa5b8}, //ジ
{0x30b9, 0xa5b9}, //ス
{0x30ba, 0xa5ba}, //ズ
{0x30bb, 0xa5bb}, //セ
{0x30bc, 0xa5bc}, //ゼ
{0x30bd, 0xa5bd}, //ソ
{0x30be, 0xa5be}, //ゾ
{0x30bf, 0xa5bf}, //タ
{0x30c0, 0xa5c0}, //ダ
{0x30c1, 0xa5c1}, //チ
{0x30c2, 0xa5c2}, //ヂ
{0x30c3, 0xa5c3}, //ッ
{0x30c4, 0xa5c4}, //ツ
{0x30c5, 0xa5c5}, //ヅ
{0x30c6, 0xa5c6}, //テ
{0x30c7, 0xa5c7}, //デ
{0x30c8, 0xa5c8}, //ト
{0x30c9, 0xa5c9}, //ド
{0x30ca, 0xa5ca}, //ナ
{0x30cb, 0xa5cb}, //ニ
{0x30cc, 0xa5cc}, //ヌ
{0x30cd, 0xa5cd}, //ネ
{0x30ce, 0xa5ce}, //ノ
{0x30cf, 0xa5cf}, //ハ
{0x30d0, 0xa5d0}, //バ
{0x30d1, 0xa5d1}, //パ
{0x30d2, 0xa5d2}, //ヒ
{0x30d3, 0xa5d3}, //ビ
{0x30d4, 0xa5d4}, //ピ
{0x30d5, 0xa5d5}, //フ
{0x30d6, 0xa5d6}, //ブ
{0x30d7, 0xa5d7}, //プ
{0x30d8, 0xa5d8}, //ヘ
{0x30d9, 0xa5d9}, //ベ
{0x30da, 0xa5da}, //ペ
{0x30db, 0xa5db}, //ホ
{0x30dc, 0xa5dc}, //ボ
{0x30dd, 0xa5dd}, //ポ
{0x30de, 0xa5de}, //マ
{0x30df, 0xa5df}, //ミ
{0x30e0, 0xa5e0}, //ム
{0x30e1, 0xa5e1}, //メ
{0x30e2, 0xa5e2}, //モ
{0x30e3, 0xa5e3}, //ャ
{0x30e4, 0xa5e4}, //ヤ
{0x30e5, 0xa5e5}, //ュ
{0x30e6, 0xa5e6}, //ユ
{0x30e7, 0xa5e7}, //ョ
{0x30e8, 0xa5e8}, //ヨ
{0x30e9, 0xa5e9}, //ラ
{0x30ea, 0xa5ea}, //リ
{0x30eb, 0xa5eb}, //ル
{0x30ec, 0xa5ec}, //レ
{0x30ed, 0xa5ed}, //ロ
{0x30ee, 0xa5ee}, //ヮ
{0x30ef, 0xa5ef}, //ワ
{0x30f0, 0xa5f0}, //ヰ
{0x30f1, 0xa5f1}, //ヱ
{0x30f2, 0xa5f2}, //ヲ
{0x30f3, 0xa5f3}, //ン
{0x30f4, 0xa5f4}, //ヴ
{0x30f5, 0xa5f5}, //ヵ
{0x30f6, 0xa5f6}, //ヶ
{0x30fc, 0xa960}, //ー
{0x30fd, 0xa963}, //ヽ
{0x30fe, 0xa964}, //ヾ
{0x3105, 0xa8c5}, //ㄅ
{0x3106, 0xa8c6}, //ㄆ
{0x3107, 0xa8c7}, //ㄇ
{0x3108, 0xa8c8}, //ㄈ
{0x3109, 0xa8c9}, //ㄉ
{0x310a, 0xa8ca}, //ㄊ
{0x310b, 0xa8cb}, //ㄋ
{0x310c, 0xa8cc}, //ㄌ
{0x310d, 0xa8cd}, //ㄍ
{0x310e, 0xa8ce}, //ㄎ
{0x310f, 0xa8cf}, //ㄏ
{0x3110, 0xa8d0}, //ㄐ
{0x3111, 0xa8d1}, //ㄑ
{0x3112, 0xa8d2}, //ㄒ
{0x3113, 0xa8d3}, //ㄓ
{0x3114, 0xa8d4}, //ㄔ
{0x3115, 0xa8d5}, //ㄕ
{0x3116, 0xa8d6}, //ㄖ
{0x3117, 0xa8d7}, //ㄗ
{0x3118, 0xa8d8}, //ㄘ
{0x3119, 0xa8d9}, //ㄙ
{0x311a, 0xa8da}, //ㄚ
{0x311b, 0xa8db}, //ㄛ
{0x311c, 0xa8dc}, //ㄜ
{0x311d, 0xa8dd}, //ㄝ
{0x311e, 0xa8de}, //ㄞ
{0x311f, 0xa8df}, //ㄟ
{0x3120, 0xa8e0}, //ㄠ
{0x3121, 0xa8e1}, //ㄡ
{0x3122, 0xa8e2}, //ㄢ
{0x3123, 0xa8e3}, //ㄣ
{0x3124, 0xa8e4}, //ㄤ
{0x3125, 0xa8e5}, //ㄥ
{0x3126, 0xa8e6}, //ㄦ
{0x3127, 0xa8e7}, //ㄧ
{0x3128, 0xa8e8}, //ㄨ
{0x3129, 0xa8e9}, //ㄩ
{0x3220, 0xa2e5}, //㈠
{0x3221, 0xa2e6}, //㈡
{0x3222, 0xa2e7}, //㈢
{0x3223, 0xa2e8}, //㈣
{0x3224, 0xa2e9}, //㈤
{0x3225, 0xa2ea}, //㈥
{0x3226, 0xa2eb}, //㈦
{0x3227, 0xa2ec}, //㈧
{0x3228, 0xa2ed}, //㈨
{0x3229, 0xa2ee}, //㈩
{0x3231, 0xa95a}, //㈱
{0x32a3, 0xa949}, //㊣
{0x338e, 0xa94a}, //㎎
{0x338f, 0xa94b}, //㎏
{0x339c, 0xa94c}, //㎜
{0x339d, 0xa94d}, //㎝
{0x339e, 0xa94e}, //㎞
{0x33a1, 0xa94f}, //㎡
{0x33c4, 0xa950}, //㏄
{0x33ce, 0xa951}, //㏎
{0x33d1, 0xa952}, //㏑
{0x33d2, 0xa953}, //㏒
{0x33d5, 0xa954}, //㏕
{0x4e00, 0xd2bb}, //一
{0x4e01, 0xb6a1}, //丁
{0x4e02, 0x8140}, //丂
{0x4e03, 0xc6df}, //七
{0x4e04, 0x8141}, //丄
{0x4e05, 0x8142}, //丅
{0x4e06, 0x8143}, //丆
{0x4e07, 0xcdf2}, //万
{0x4e08, 0xd5c9}, //丈
{0x4e09, 0xc8fd}, //三
{0x4e0a, 0xc9cf}, //上
{0x4e0b, 0xcfc2}, //下
{0x4e0c, 0xd8a2}, //丌
{0x4e0d, 0xb2bb}, //不
{0x4e0e, 0xd3eb}, //与
{0x4e0f, 0x8144}, //丏
{0x4e10, 0xd8a4}, //丐
{0x4e11, 0xb3f3}, //丑
{0x4e12, 0x8145}, //丒
{0x4e13, 0xd7a8}, //专
{0x4e14, 0xc7d2}, //且
{0x4e15, 0xd8a7}, //丕
{0x4e16, 0xcac0}, //世
{0x4e17, 0x8146}, //丗
{0x4e18, 0xc7f0}, //丘
{0x4e19, 0xb1fb}, //丙
{0x4e1a, 0xd2b5}, //业
{0x4e1b, 0xb4d4}, //丛
{0x4e1c, 0xb6ab}, //东
{0x4e1d, 0xcbbf}, //丝
{0x4e1e, 0xd8a9}, //丞
{0x4e1f, 0x8147}, //丟
{0x4e20, 0x8148}, //丠
{0x4e21, 0x8149}, //両
{0x4e22, 0xb6aa}, //丢
{0x4e23, 0x814a}, //丣
{0x4e24, 0xc1bd}, //两
{0x4e25, 0xd1cf}, //严
{0x4e26, 0x814b}, //並
{0x4e27, 0xc9a5}, //丧
{0x4e28, 0xd8ad}, //丨
{0x4e29, 0x814c}, //丩
{0x4e2a, 0xb8f6}, //个
{0x4e2b, 0xd1be}, //丫
{0x4e2c, 0xe3dc}, //丬
{0x4e2d, 0xd6d0}, //中
{0x4e2e, 0x814d}, //丮
{0x4e2f, 0x814e}, //丯
{0x4e30, 0xb7e1}, //丰
{0x4e31, 0x814f}, //丱
{0x4e32, 0xb4ae}, //串
{0x4e33, 0x8150}, //丳
{0x4e34, 0xc1d9}, //临
{0x4e35, 0x8151}, //丵
{0x4e36, 0xd8bc}, //丶
{0x4e37, 0x8152}, //丷
{0x4e38, 0xcde8}, //丸
{0x4e39, 0xb5a4}, //丹
{0x4e3a, 0xceaa}, //为
{0x4e3b, 0xd6f7}, //主
{0x4e3c, 0x8153}, //丼
{0x4e3d, 0xc0f6}, //丽
{0x4e3e, 0xbed9}, //举
{0x4e3f, 0xd8af}, //丿
{0x4e40, 0x8154}, //乀
{0x4e41, 0x8155}, //乁
{0x4e42, 0x8156}, //乂
{0x4e43, 0xc4cb}, //乃
{0x4e44, 0x8157}, //乄
{0x4e45, 0xbec3}, //久
{0x4e46, 0x8158}, //乆
{0x4e47, 0xd8b1}, //乇
{0x4e48, 0xc3b4}, //么
{0x4e49, 0xd2e5}, //义
{0x4e4a, 0x8159}, //乊
{0x4e4b, 0xd6ae}, //之
{0x4e4c, 0xceda}, //乌
{0x4e4d, 0xd5a7}, //乍
{0x4e4e, 0xbaf5}, //乎
{0x4e4f, 0xb7a6}, //乏
{0x4e50, 0xc0d6}, //乐
{0x4e51, 0x815a}, //乑
{0x4e52, 0xc6b9}, //乒
{0x4e53, 0xc5d2}, //乓
{0x4e54, 0xc7c7}, //乔
{0x4e55, 0x815b}, //乕
{0x4e56, 0xb9d4}, //乖
{0x4e57, 0x815c}, //乗
{0x4e58, 0xb3cb}, //乘
{0x4e59, 0xd2d2}, //乙
{0x4e5a, 0x815d}, //乚
{0x4e5b, 0x815e}, //乛
{0x4e5c, 0xd8bf}, //乜
{0x4e5d, 0xbec5}, //九
{0x4e5e, 0xc6f2}, //乞
{0x4e5f, 0xd2b2}, //也
{0x4e60, 0xcfb0}, //习
{0x4e61, 0xcfe7}, //乡
{0x4e62, 0x815f}, //乢
{0x4e63, 0x8160}, //乣
{0x4e64, 0x8161}, //乤
{0x4e65, 0x8162}, //乥
{0x4e66, 0xcae9}, //书
{0x4e67, 0x8163}, //乧
{0x4e68, 0x8164}, //乨
{0x4e69, 0xd8c0}, //乩
{0x4e6a, 0x8165}, //乪
{0x4e6b, 0x8166}, //乫
{0x4e6c, 0x8167}, //乬
{0x4e6d, 0x8168}, //乭
{0x4e6e, 0x8169}, //乮
{0x4e6f, 0x816a}, //乯
{0x4e70, 0xc2f2}, //买
{0x4e71, 0xc2d2}, //乱
{0x4e72, 0x816b}, //乲
{0x4e73, 0xc8e9}, //乳
{0x4e74, 0x816c}, //乴
{0x4e75, 0x816d}, //乵
{0x4e76, 0x816e}, //乶
{0x4e77, 0x816f}, //乷
{0x4e78, 0x8170}, //乸
{0x4e79, 0x8171}, //乹
{0x4e7a, 0x8172}, //乺
{0x4e7b, 0x8173}, //乻
{0x4e7c, 0x8174}, //乼
{0x4e7d, 0x8175}, //乽
{0x4e7e, 0xc7ac}, //乾
{0x4e7f, 0x8176}, //乿
{0x4e80, 0x8177}, //亀
{0x4e81, 0x8178}, //亁
{0x4e82, 0x8179}, //亂
{0x4e83, 0x817a}, //亃
{0x4e84, 0x817b}, //亄
{0x4e85, 0x817c}, //亅
{0x4e86, 0xc1cb}, //了
{0x4e87, 0x817d}, //亇
{0x4e88, 0xd3e8}, //予
{0x4e89, 0xd5f9}, //争
{0x4e8a, 0x817e}, //亊
{0x4e8b, 0xcac2}, //事
{0x4e8c, 0xb6fe}, //二
{0x4e8d, 0xd8a1}, //亍
{0x4e8e, 0xd3da}, //于
{0x4e8f, 0xbff7}, //亏
{0x4e90, 0x8180}, //亐
{0x4e91, 0xd4c6}, //云
{0x4e92, 0xbba5}, //互
{0x4e93, 0xd8c1}, //亓
{0x4e94, 0xcee5}, //五
{0x4e95, 0xbeae}, //井
{0x4e96, 0x8181}, //亖
{0x4e97, 0x8182}, //亗
{0x4e98, 0xd8a8}, //亘
{0x4e99, 0x8183}, //亙
{0x4e9a, 0xd1c7}, //亚
{0x4e9b, 0xd0a9}, //些
{0x4e9c, 0x8184}, //亜
{0x4e9d, 0x8185}, //亝
{0x4e9e, 0x8186}, //亞
{0x4e9f, 0xd8bd}, //亟
{0x4ea0, 0xd9ef}, //亠
{0x4ea1, 0xcdf6}, //亡
{0x4ea2, 0xbfba}, //亢
{0x4ea3, 0x8187}, //亣
{0x4ea4, 0xbdbb}, //交
{0x4ea5, 0xbaa5}, //亥
{0x4ea6, 0xd2e0}, //亦
{0x4ea7, 0xb2fa}, //产
{0x4ea8, 0xbae0}, //亨
{0x4ea9, 0xc4b6}, //亩
{0x4eaa, 0x8188}, //亪
{0x4eab, 0xcfed}, //享
{0x4eac, 0xbea9}, //京
{0x4ead, 0xcda4}, //亭
{0x4eae, 0xc1c1}, //亮
{0x4eaf, 0x8189}, //亯
{0x4eb0, 0x818a}, //亰
{0x4eb1, 0x818b}, //亱
{0x4eb2, 0xc7d7}, //亲
{0x4eb3, 0xd9f1}, //亳
{0x4eb4, 0x818c}, //亴
{0x4eb5, 0xd9f4}, //亵
{0x4eb6, 0x818d}, //亶
{0x4eb7, 0x818e}, //亷
{0x4eb8, 0x818f}, //亸
{0x4eb9, 0x8190}, //亹
{0x4eba, 0xc8cb}, //人
{0x4ebb, 0xd8e9}, //亻
{0x4ebc, 0x8191}, //亼
{0x4ebd, 0x8192}, //亽
{0x4ebe, 0x8193}, //亾
{0x4ebf, 0xd2da}, //亿
{0x4ec0, 0xcab2}, //什
{0x4ec1, 0xc8ca}, //仁
{0x4ec2, 0xd8ec}, //仂
{0x4ec3, 0xd8ea}, //仃
{0x4ec4, 0xd8c6}, //仄
{0x4ec5, 0xbdf6}, //仅
{0x4ec6, 0xc6cd}, //仆
{0x4ec7, 0xb3f0}, //仇
{0x4ec8, 0x8194}, //仈
{0x4ec9, 0xd8eb}, //仉
{0x4eca, 0xbdf1}, //今
{0x4ecb, 0xbde9}, //介
{0x4ecc, 0x8195}, //仌
{0x4ecd, 0xc8d4}, //仍
{0x4ece, 0xb4d3}, //从
{0x4ecf, 0x8196}, //仏
{0x4ed0, 0x8197}, //仐
{0x4ed1, 0xc2d8}, //仑
{0x4ed2, 0x8198}, //仒
{0x4ed3, 0xb2d6}, //仓
{0x4ed4, 0xd7d0}, //仔
{0x4ed5, 0xcacb}, //仕
{0x4ed6, 0xcbfb}, //他
{0x4ed7, 0xd5cc}, //仗
{0x4ed8, 0xb8b6}, //付
{0x4ed9, 0xcfc9}, //仙
{0x4eda, 0x8199}, //仚
{0x4edb, 0x819a}, //仛
{0x4edc, 0x819b}, //仜
{0x4edd, 0xd9da}, //仝
{0x4ede, 0xd8f0}, //仞
{0x4edf, 0xc7aa}, //仟
{0x4ee0, 0x819c}, //仠
{0x4ee1, 0xd8ee}, //仡
{0x4ee2, 0x819d}, //仢
{0x4ee3, 0xb4fa}, //代
{0x4ee4, 0xc1ee}, //令
{0x4ee5, 0xd2d4}, //以
{0x4ee6, 0x819e}, //仦
{0x4ee7, 0x819f}, //仧
{0x4ee8, 0xd8ed}, //仨
{0x4ee9, 0x81a0}, //仩
{0x4eea, 0xd2c7}, //仪
{0x4eeb, 0xd8ef}, //仫
{0x4eec, 0xc3c7}, //们
{0x4eed, 0x81a1}, //仭
{0x4eee, 0x81a2}, //仮
{0x4eef, 0x81a3}, //仯
{0x4ef0, 0xd1f6}, //仰
{0x4ef1, 0x81a4}, //仱
{0x4ef2, 0xd6d9}, //仲
{0x4ef3, 0xd8f2}, //仳
{0x4ef4, 0x81a5}, //仴
{0x4ef5, 0xd8f5}, //仵
{0x4ef6, 0xbcfe}, //件
{0x4ef7, 0xbcdb}, //价
{0x4ef8, 0x81a6}, //仸
{0x4ef9, 0x81a7}, //仹
{0x4efa, 0x81a8}, //仺
{0x4efb, 0xc8ce}, //任
{0x4efc, 0x81a9}, //仼
{0x4efd, 0xb7dd}, //份
{0x4efe, 0x81aa}, //仾
{0x4eff, 0xb7c2}, //仿
{0x4f00, 0x81ab}, //伀
{0x4f01, 0xc6f3}, //企
{0x4f02, 0x81ac}, //伂
{0x4f03, 0x81ad}, //伃
{0x4f04, 0x81ae}, //伄
{0x4f05, 0x81af}, //伅
{0x4f06, 0x81b0}, //伆
{0x4f07, 0x81b1}, //伇
{0x4f08, 0x81b2}, //伈
{0x4f09, 0xd8f8}, //伉
{0x4f0a, 0xd2c1}, //伊
{0x4f0b, 0x81b3}, //伋
{0x4f0c, 0x81b4}, //伌
{0x4f0d, 0xcee9}, //伍
{0x4f0e, 0xbcbf}, //伎
{0x4f0f, 0xb7fc}, //伏
{0x4f10, 0xb7a5}, //伐
{0x4f11, 0xd0dd}, //休
{0x4f12, 0x81b5}, //伒
{0x4f13, 0x81b6}, //伓
{0x4f14, 0x81b7}, //伔
{0x4f15, 0x81b8}, //伕
{0x4f16, 0x81b9}, //伖
{0x4f17, 0xd6da}, //众
{0x4f18, 0xd3c5}, //优
{0x4f19, 0xbbef}, //伙
{0x4f1a, 0xbbe1}, //会
{0x4f1b, 0xd8f1}, //伛
{0x4f1c, 0x81ba}, //伜
{0x4f1d, 0x81bb}, //伝
{0x4f1e, 0xc9a1}, //伞
{0x4f1f, 0xceb0}, //伟
{0x4f20, 0xb4ab}, //传
{0x4f21, 0x81bc}, //伡
{0x4f22, 0xd8f3}, //伢
{0x4f23, 0x81bd}, //伣
{0x4f24, 0xc9cb}, //伤
{0x4f25, 0xd8f6}, //伥
{0x4f26, 0xc2d7}, //伦
{0x4f27, 0xd8f7}, //伧
{0x4f28, 0x81be}, //伨
{0x4f29, 0x81bf}, //伩
{0x4f2a, 0xceb1}, //伪
{0x4f2b, 0xd8f9}, //伫
{0x4f2c, 0x81c0}, //伬
{0x4f2d, 0x81c1}, //伭
{0x4f2e, 0x81c2}, //伮
{0x4f2f, 0xb2ae}, //伯
{0x4f30, 0xb9c0}, //估
{0x4f31, 0x81c3}, //伱
{0x4f32, 0xd9a3}, //伲
{0x4f33, 0x81c4}, //伳
{0x4f34, 0xb0e9}, //伴
{0x4f35, 0x81c5}, //伵
{0x4f36, 0xc1e6}, //伶
{0x4f37, 0x81c6}, //伷
{0x4f38, 0xc9ec}, //伸
{0x4f39, 0x81c7}, //伹
{0x4f3a, 0xcbc5}, //伺
{0x4f3b, 0x81c8}, //伻
{0x4f3c, 0xcbc6}, //似
{0x4f3d, 0xd9a4}, //伽
{0x4f3e, 0x81c9}, //伾
{0x4f3f, 0x81ca}, //伿
{0x4f40, 0x81cb}, //佀
{0x4f41, 0x81cc}, //佁
{0x4f42, 0x81cd}, //佂
{0x4f43, 0xb5e8}, //佃
{0x4f44, 0x81ce}, //佄
{0x4f45, 0x81cf}, //佅
{0x4f46, 0xb5ab}, //但
{0x4f47, 0x81d0}, //佇
{0x4f48, 0x81d1}, //佈
{0x4f49, 0x81d2}, //佉
{0x4f4a, 0x81d3}, //佊
{0x4f4b, 0x81d4}, //佋
{0x4f4c, 0x81d5}, //佌
{0x4f4d, 0xcebb}, //位
{0x4f4e, 0xb5cd}, //低
{0x4f4f, 0xd7a1}, //住
{0x4f50, 0xd7f4}, //佐
{0x4f51, 0xd3d3}, //佑
{0x4f52, 0x81d6}, //佒
{0x4f53, 0xcce5}, //体
{0x4f54, 0x81d7}, //佔
{0x4f55, 0xbace}, //何
{0x4f56, 0x81d8}, //佖
{0x4f57, 0xd9a2}, //佗
{0x4f58, 0xd9dc}, //佘
{0x4f59, 0xd3e0}, //余
{0x4f5a, 0xd8fd}, //佚
{0x4f5b, 0xb7f0}, //佛
{0x4f5c, 0xd7f7}, //作
{0x4f5d, 0xd8fe}, //佝
{0x4f5e, 0xd8fa}, //佞
{0x4f5f, 0xd9a1}, //佟
{0x4f60, 0xc4e3}, //你
{0x4f61, 0x81d9}, //佡
{0x4f62, 0x81da}, //佢
{0x4f63, 0xd3b6}, //佣
{0x4f64, 0xd8f4}, //佤
{0x4f65, 0xd9dd}, //佥
{0x4f66, 0x81db}, //佦
{0x4f67, 0xd8fb}, //佧
{0x4f68, 0x81dc}, //佨
{0x4f69, 0xc5e5}, //佩
{0x4f6a, 0x81dd}, //佪
{0x4f6b, 0x81de}, //佫
{0x4f6c, 0xc0d0}, //佬
{0x4f6d, 0x81df}, //佭
{0x4f6e, 0x81e0}, //佮
{0x4f6f, 0xd1f0}, //佯
{0x4f70, 0xb0db}, //佰
{0x4f71, 0x81e1}, //佱
{0x4f72, 0x81e2}, //佲
{0x4f73, 0xbcd1}, //佳
{0x4f74, 0xd9a6}, //佴
{0x4f75, 0x81e3}, //併
{0x4f76, 0xd9a5}, //佶
{0x4f77, 0x81e4}, //佷
{0x4f78, 0x81e5}, //佸
{0x4f79, 0x81e6}, //佹
{0x4f7a, 0x81e7}, //佺
{0x4f7b, 0xd9ac}, //佻
{0x4f7c, 0xd9ae}, //佼
{0x4f7d, 0x81e8}, //佽
{0x4f7e, 0xd9ab}, //佾
{0x4f7f, 0xcab9}, //使
{0x4f80, 0x81e9}, //侀
{0x4f81, 0x81ea}, //侁
{0x4f82, 0x81eb}, //侂
{0x4f83, 0xd9a9}, //侃
{0x4f84, 0xd6b6}, //侄
{0x4f85, 0x81ec}, //侅
{0x4f86, 0x81ed}, //來
{0x4f87, 0x81ee}, //侇
{0x4f88, 0xb3de}, //侈
{0x4f89, 0xd9a8}, //侉
{0x4f8a, 0x81ef}, //侊
{0x4f8b, 0xc0fd}, //例
{0x4f8c, 0x81f0}, //侌
{0x4f8d, 0xcacc}, //侍
{0x4f8e, 0x81f1}, //侎
{0x4f8f, 0xd9aa}, //侏
{0x4f90, 0x81f2}, //侐
{0x4f91, 0xd9a7}, //侑
{0x4f92, 0x81f3}, //侒
{0x4f93, 0x81f4}, //侓
{0x4f94, 0xd9b0}, //侔
{0x4f95, 0x81f5}, //侕
{0x4f96, 0x81f6}, //侖
{0x4f97, 0xb6b1}, //侗
{0x4f98, 0x81f7}, //侘
{0x4f99, 0x81f8}, //侙
{0x4f9a, 0x81f9}, //侚
{0x4f9b, 0xb9a9}, //供
{0x4f9c, 0x81fa}, //侜
{0x4f9d, 0xd2c0}, //依
{0x4f9e, 0x81fb}, //侞
{0x4f9f, 0x81fc}, //侟
{0x4fa0, 0xcfc0}, //侠
{0x4fa1, 0x81fd}, //価
{0x4fa2, 0x81fe}, //侢
{0x4fa3, 0xc2c2}, //侣
{0x4fa4, 0x8240}, //侤
{0x4fa5, 0xbdc4}, //侥
{0x4fa6, 0xd5ec}, //侦
{0x4fa7, 0xb2e0}, //侧
{0x4fa8, 0xc7c8}, //侨
{0x4fa9, 0xbfeb}, //侩
{0x4faa, 0xd9ad}, //侪
{0x4fab, 0x8241}, //侫
{0x4fac, 0xd9af}, //侬
{0x4fad, 0x8242}, //侭
{0x4fae, 0xceea}, //侮
{0x4faf, 0xbaee}, //侯
{0x4fb0, 0x8243}, //侰
{0x4fb1, 0x8244}, //侱
{0x4fb2, 0x8245}, //侲
{0x4fb3, 0x8246}, //侳
{0x4fb4, 0x8247}, //侴
{0x4fb5, 0xc7d6}, //侵
{0x4fb6, 0x8248}, //侶
{0x4fb7, 0x8249}, //侷
{0x4fb8, 0x824a}, //侸
{0x4fb9, 0x824b}, //侹
{0x4fba, 0x824c}, //侺
{0x4fbb, 0x824d}, //侻
{0x4fbc, 0x824e}, //侼
{0x4fbd, 0x824f}, //侽
{0x4fbe, 0x8250}, //侾
{0x4fbf, 0xb1e3}, //便
{0x4fc0, 0x8251}, //俀
{0x4fc1, 0x8252}, //俁
{0x4fc2, 0x8253}, //係
{0x4fc3, 0xb4d9}, //促
{0x4fc4, 0xb6ed}, //俄
{0x4fc5, 0xd9b4}, //俅
{0x4fc6, 0x8254}, //俆
{0x4fc7, 0x8255}, //俇
{0x4fc8, 0x8256}, //俈
{0x4fc9, 0x8257}, //俉
{0x4fca, 0xbfa1}, //俊
{0x4fcb, 0x8258}, //俋
{0x4fcc, 0x8259}, //俌
{0x4fcd, 0x825a}, //俍
{0x4fce, 0xd9de}, //俎
{0x4fcf, 0xc7ce}, //俏
{0x4fd0, 0xc0fe}, //俐
{0x4fd1, 0xd9b8}, //俑
{0x4fd2, 0x825b}, //俒
{0x4fd3, 0x825c}, //俓
{0x4fd4, 0x825d}, //俔
{0x4fd5, 0x825e}, //俕
{0x4fd6, 0x825f}, //俖
{0x4fd7, 0xcbd7}, //俗
{0x4fd8, 0xb7fd}, //俘
{0x4fd9, 0x8260}, //俙
{0x4fda, 0xd9b5}, //俚
{0x4fdb, 0x8261}, //俛
{0x4fdc, 0xd9b7}, //俜
{0x4fdd, 0xb1a3}, //保
{0x4fde, 0xd3e1}, //俞
{0x4fdf, 0xd9b9}, //俟
{0x4fe0, 0x8262}, //俠
{0x4fe1, 0xd0c5}, //信
{0x4fe2, 0x8263}, //俢
{0x4fe3, 0xd9b6}, //俣
{0x4fe4, 0x8264}, //俤
{0x4fe5, 0x8265}, //俥
{0x4fe6, 0xd9b1}, //俦
{0x4fe7, 0x8266}, //俧
{0x4fe8, 0xd9b2}, //俨
{0x4fe9, 0xc1a9}, //俩
{0x4fea, 0xd9b3}, //俪
{0x4feb, 0x8267}, //俫
{0x4fec, 0x8268}, //俬
{0x4fed, 0xbcf3}, //俭
{0x4fee, 0xd0de}, //修
{0x4fef, 0xb8a9}, //俯
{0x4ff0, 0x8269}, //俰
{0x4ff1, 0xbee3}, //俱
{0x4ff2, 0x826a}, //俲
{0x4ff3, 0xd9bd}, //俳
{0x4ff4, 0x826b}, //俴
{0x4ff5, 0x826c}, //俵
{0x4ff6, 0x826d}, //俶
{0x4ff7, 0x826e}, //俷
{0x4ff8, 0xd9ba}, //俸
{0x4ff9, 0x826f}, //俹
{0x4ffa, 0xb0b3}, //俺
{0x4ffb, 0x8270}, //俻
{0x4ffc, 0x8271}, //俼
{0x4ffd, 0x8272}, //俽
{0x4ffe, 0xd9c2}, //俾
{0x4fff, 0x8273}, //俿
{0x5000, 0x8274}, //倀
{0x5001, 0x8275}, //倁
{0x5002, 0x8276}, //倂
{0x5003, 0x8277}, //倃
{0x5004, 0x8278}, //倄
{0x5005, 0x8279}, //倅
{0x5006, 0x827a}, //倆
{0x5007, 0x827b}, //倇
{0x5008, 0x827c}, //倈
{0x5009, 0x827d}, //倉
{0x500a, 0x827e}, //倊
{0x500b, 0x8280}, //個
{0x500c, 0xd9c4}, //倌
{0x500d, 0xb1b6}, //倍
{0x500e, 0x8281}, //倎
{0x500f, 0xd9bf}, //倏
{0x5010, 0x8282}, //倐
{0x5011, 0x8283}, //們
{0x5012, 0xb5b9}, //倒
{0x5013, 0x8284}, //倓
{0x5014, 0xbef3}, //倔
{0x5015, 0x8285}, //倕
{0x5016, 0x8286}, //倖
{0x5017, 0x8287}, //倗
{0x5018, 0xccc8}, //倘
{0x5019, 0xbaf2}, //候
{0x501a, 0xd2d0}, //倚
{0x501b, 0x8288}, //倛
{0x501c, 0xd9c3}, //倜
{0x501d, 0x8289}, //倝
{0x501e, 0x828a}, //倞
{0x501f, 0xbde8}, //借
{0x5020, 0x828b}, //倠
{0x5021, 0xb3ab}, //倡
{0x5022, 0x828c}, //倢
{0x5023, 0x828d}, //倣
{0x5024, 0x828e}, //値
{0x5025, 0xd9c5}, //倥
{0x5026, 0xbeeb}, //倦
{0x5027, 0x828f}, //倧
{0x5028, 0xd9c6}, //倨
{0x5029, 0xd9bb}, //倩
{0x502a, 0xc4df}, //倪
{0x502b, 0x8290}, //倫
{0x502c, 0xd9be}, //倬
{0x502d, 0xd9c1}, //倭
{0x502e, 0xd9c0}, //倮
{0x502f, 0x8291}, //倯
{0x5030, 0x8292}, //倰
{0x5031, 0x8293}, //倱
{0x5032, 0x8294}, //倲
{0x5033, 0x8295}, //倳
{0x5034, 0x8296}, //倴
{0x5035, 0x8297}, //倵
{0x5036, 0x8298}, //倶
{0x5037, 0x8299}, //倷
{0x5038, 0x829a}, //倸
{0x5039, 0x829b}, //倹
{0x503a, 0xd5ae}, //债
{0x503b, 0x829c}, //倻
{0x503c, 0xd6b5}, //值
{0x503d, 0x829d}, //倽
{0x503e, 0xc7e3}, //倾
{0x503f, 0x829e}, //倿
{0x5040, 0x829f}, //偀
{0x5041, 0x82a0}, //偁
{0x5042, 0x82a1}, //偂
{0x5043, 0xd9c8}, //偃
{0x5044, 0x82a2}, //偄
{0x5045, 0x82a3}, //偅
{0x5046, 0x82a4}, //偆
{0x5047, 0xbcd9}, //假
{0x5048, 0xd9ca}, //偈
{0x5049, 0x82a5}, //偉
{0x504a, 0x82a6}, //偊
{0x504b, 0x82a7}, //偋
{0x504c, 0xd9bc}, //偌
{0x504d, 0x82a8}, //偍
{0x504e, 0xd9cb}, //偎
{0x504f, 0xc6ab}, //偏
{0x5050, 0x82a9}, //偐
{0x5051, 0x82aa}, //偑
{0x5052, 0x82ab}, //偒
{0x5053, 0x82ac}, //偓
{0x5054, 0x82ad}, //偔
{0x5055, 0xd9c9}, //偕
{0x5056, 0x82ae}, //偖
{0x5057, 0x82af}, //偗
{0x5058, 0x82b0}, //偘
{0x5059, 0x82b1}, //偙
{0x505a, 0xd7f6}, //做
{0x505b, 0x82b2}, //偛
{0x505c, 0xcda3}, //停
{0x505d, 0x82b3}, //偝
{0x505e, 0x82b4}, //偞
{0x505f, 0x82b5}, //偟
{0x5060, 0x82b6}, //偠
{0x5061, 0x82b7}, //偡
{0x5062, 0x82b8}, //偢
{0x5063, 0x82b9}, //偣
{0x5064, 0x82ba}, //偤
{0x5065, 0xbda1}, //健
{0x5066, 0x82bb}, //偦
{0x5067, 0x82bc}, //偧
{0x5068, 0x82bd}, //偨
{0x5069, 0x82be}, //偩
{0x506a, 0x82bf}, //偪
{0x506b, 0x82c0}, //偫
{0x506c, 0xd9cc}, //偬
{0x506d, 0x82c1}, //偭
{0x506e, 0x82c2}, //偮
{0x506f, 0x82c3}, //偯
{0x5070, 0x82c4}, //偰
{0x5071, 0x82c5}, //偱
{0x5072, 0x82c6}, //偲
{0x5073, 0x82c7}, //偳
{0x5074, 0x82c8}, //側
{0x5075, 0x82c9}, //偵
{0x5076, 0xc5bc}, //偶
{0x5077, 0xcdb5}, //偷
{0x5078, 0x82ca}, //偸
{0x5079, 0x82cb}, //偹
{0x507a, 0x82cc}, //偺
{0x507b, 0xd9cd}, //偻
{0x507c, 0x82cd}, //偼
{0x507d, 0x82ce}, //偽
{0x507e, 0xd9c7}, //偾
{0x507f, 0xb3a5}, //偿
{0x5080, 0xbffe}, //傀
{0x5081, 0x82cf}, //傁
{0x5082, 0x82d0}, //傂
{0x5083, 0x82d1}, //傃
{0x5084, 0x82d2}, //傄
{0x5085, 0xb8b5}, //傅
{0x5086, 0x82d3}, //傆
{0x5087, 0x82d4}, //傇
{0x5088, 0xc0fc}, //傈
{0x5089, 0x82d5}, //傉
{0x508a, 0x82d6}, //傊
{0x508b, 0x82d7}, //傋
{0x508c, 0x82d8}, //傌
{0x508d, 0xb0f8}, //傍
{0x508e, 0x82d9}, //傎
{0x508f, 0x82da}, //傏
{0x5090, 0x82db}, //傐
{0x5091, 0x82dc}, //傑
{0x5092, 0x82dd}, //傒
{0x5093, 0x82de}, //傓
{0x5094, 0x82df}, //傔
{0x5095, 0x82e0}, //傕
{0x5096, 0x82e1}, //傖
{0x5097, 0x82e2}, //傗
{0x5098, 0x82e3}, //傘
{0x5099, 0x82e4}, //備
{0x509a, 0x82e5}, //傚
{0x509b, 0x82e6}, //傛
{0x509c, 0x82e7}, //傜
{0x509d, 0x82e8}, //傝
{0x509e, 0x82e9}, //傞
{0x509f, 0x82ea}, //傟
{0x50a0, 0x82eb}, //傠
{0x50a1, 0x82ec}, //傡
{0x50a2, 0x82ed}, //傢
{0x50a3, 0xb4f6}, //傣
{0x50a4, 0x82ee}, //傤
{0x50a5, 0xd9ce}, //傥
{0x50a6, 0x82ef}, //傦
{0x50a7, 0xd9cf}, //傧
{0x50a8, 0xb4a2}, //储
{0x50a9, 0xd9d0}, //傩
{0x50aa, 0x82f0}, //傪
{0x50ab, 0x82f1}, //傫
{0x50ac, 0xb4df}, //催
{0x50ad, 0x82f2}, //傭
{0x50ae, 0x82f3}, //傮
{0x50af, 0x82f4}, //傯
{0x50b0, 0x82f5}, //傰
{0x50b1, 0x82f6}, //傱
{0x50b2, 0xb0c1}, //傲
{0x50b3, 0x82f7}, //傳
{0x50b4, 0x82f8}, //傴
{0x50b5, 0x82f9}, //債
{0x50b6, 0x82fa}, //傶
{0x50b7, 0x82fb}, //傷
{0x50b8, 0x82fc}, //傸
{0x50b9, 0x82fd}, //傹
{0x50ba, 0xd9d1}, //傺
{0x50bb, 0xc9b5}, //傻
{0x50bc, 0x82fe}, //傼
{0x50bd, 0x8340}, //傽
{0x50be, 0x8341}, //傾
{0x50bf, 0x8342}, //傿
{0x50c0, 0x8343}, //僀
{0x50c1, 0x8344}, //僁
{0x50c2, 0x8345}, //僂
{0x50c3, 0x8346}, //僃
{0x50c4, 0x8347}, //僄
{0x50c5, 0x8348}, //僅
{0x50c6, 0x8349}, //僆
{0x50c7, 0x834a}, //僇
{0x50c8, 0x834b}, //僈
{0x50c9, 0x834c}, //僉
{0x50ca, 0x834d}, //僊
{0x50cb, 0x834e}, //僋
{0x50cc, 0x834f}, //僌
{0x50cd, 0x8350}, //働
{0x50ce, 0x8351}, //僎
{0x50cf, 0xcff1}, //像
{0x50d0, 0x8352}, //僐
{0x50d1, 0x8353}, //僑
{0x50d2, 0x8354}, //僒
{0x50d3, 0x8355}, //僓
{0x50d4, 0x8356}, //僔
{0x50d5, 0x8357}, //僕
{0x50d6, 0xd9d2}, //僖
{0x50d7, 0x8358}, //僗
{0x50d8, 0x8359}, //僘
{0x50d9, 0x835a}, //僙
{0x50da, 0xc1c5}, //僚
{0x50db, 0x835b}, //僛
{0x50dc, 0x835c}, //僜
{0x50dd, 0x835d}, //僝
{0x50de, 0x835e}, //僞
{0x50df, 0x835f}, //僟
{0x50e0, 0x8360}, //僠
{0x50e1, 0x8361}, //僡
{0x50e2, 0x8362}, //僢
{0x50e3, 0x8363}, //僣
{0x50e4, 0x8364}, //僤
{0x50e5, 0x8365}, //僥
{0x50e6, 0xd9d6}, //僦
{0x50e7, 0xc9ae}, //僧
{0x50e8, 0x8366}, //僨
{0x50e9, 0x8367}, //僩
{0x50ea, 0x8368}, //僪
{0x50eb, 0x8369}, //僫
{0x50ec, 0xd9d5}, //僬
{0x50ed, 0xd9d4}, //僭
{0x50ee, 0xd9d7}, //僮
{0x50ef, 0x836a}, //僯
{0x50f0, 0x836b}, //僰
{0x50f1, 0x836c}, //僱
{0x50f2, 0x836d}, //僲
{0x50f3, 0xcbdb}, //僳
{0x50f4, 0x836e}, //僴
{0x50f5, 0xbda9}, //僵
{0x50f6, 0x836f}, //僶
{0x50f7, 0x8370}, //僷
{0x50f8, 0x8371}, //僸
{0x50f9, 0x8372}, //價
{0x50fa, 0x8373}, //僺
{0x50fb, 0xc6a7}, //僻
{0x50fc, 0x8374}, //僼
{0x50fd, 0x8375}, //僽
{0x50fe, 0x8376}, //僾
{0x50ff, 0x8377}, //僿
{0x5100, 0x8378}, //儀
{0x5101, 0x8379}, //儁
{0x5102, 0x837a}, //儂
{0x5103, 0x837b}, //儃
{0x5104, 0x837c}, //億
{0x5105, 0x837d}, //儅
{0x5106, 0xd9d3}, //儆
{0x5107, 0xd9d8}, //儇
{0x5108, 0x837e}, //儈
{0x5109, 0x8380}, //儉
{0x510a, 0x8381}, //儊
{0x510b, 0xd9d9}, //儋
{0x510c, 0x8382}, //儌
{0x510d, 0x8383}, //儍
{0x510e, 0x8384}, //儎
{0x510f, 0x8385}, //儏
{0x5110, 0x8386}, //儐
{0x5111, 0x8387}, //儑
{0x5112, 0xc8e5}, //儒
{0x5113, 0x8388}, //儓
{0x5114, 0x8389}, //儔
{0x5115, 0x838a}, //儕
{0x5116, 0x838b}, //儖
{0x5117, 0x838c}, //儗
{0x5118, 0x838d}, //儘
{0x5119, 0x838e}, //儙
{0x511a, 0x838f}, //儚
{0x511b, 0x8390}, //儛
{0x511c, 0x8391}, //儜
{0x511d, 0x8392}, //儝
{0x511e, 0x8393}, //儞
{0x511f, 0x8394}, //償
{0x5120, 0x8395}, //儠
{0x5121, 0xc0dc}, //儡
{0x5122, 0x8396}, //儢
{0x5123, 0x8397}, //儣
{0x5124, 0x8398}, //儤
{0x5125, 0x8399}, //儥
{0x5126, 0x839a}, //儦
{0x5127, 0x839b}, //儧
{0x5128, 0x839c}, //儨
{0x5129, 0x839d}, //儩
{0x512a, 0x839e}, //優
{0x512b, 0x839f}, //儫
{0x512c, 0x83a0}, //儬
{0x512d, 0x83a1}, //儭
{0x512e, 0x83a2}, //儮
{0x512f, 0x83a3}, //儯
{0x5130, 0x83a4}, //儰
{0x5131, 0x83a5}, //儱
{0x5132, 0x83a6}, //儲
{0x5133, 0x83a7}, //儳
{0x5134, 0x83a8}, //儴
{0x5135, 0x83a9}, //儵
{0x5136, 0x83aa}, //儶
{0x5137, 0x83ab}, //儷
{0x5138, 0x83ac}, //儸
{0x5139, 0x83ad}, //儹
{0x513a, 0x83ae}, //儺
{0x513b, 0x83af}, //儻
{0x513c, 0x83b0}, //儼
{0x513d, 0x83b1}, //儽
{0x513e, 0x83b2}, //儾
{0x513f, 0xb6f9}, //儿
{0x5140, 0xd8a3}, //兀
{0x5141, 0xd4ca}, //允
{0x5142, 0x83b3}, //兂
{0x5143, 0xd4aa}, //元
{0x5144, 0xd0d6}, //兄
{0x5145, 0xb3e4}, //充
{0x5146, 0xd5d7}, //兆
{0x5147, 0x83b4}, //兇
{0x5148, 0xcfc8}, //先
{0x5149, 0xb9e2}, //光
{0x514a, 0x83b5}, //兊
{0x514b, 0xbfcb}, //克
{0x514c, 0x83b6}, //兌
{0x514d, 0xc3e2}, //免
{0x514e, 0x83b7}, //兎
{0x514f, 0x83b8}, //兏
{0x5150, 0x83b9}, //児
{0x5151, 0xb6d2}, //兑
{0x5152, 0x83ba}, //兒
{0x5153, 0x83bb}, //兓
{0x5154, 0xcdc3}, //兔
{0x5155, 0xd9ee}, //兕
{0x5156, 0xd9f0}, //兖
{0x5157, 0x83bc}, //兗
{0x5158, 0x83bd}, //兘
{0x5159, 0x83be}, //兙
{0x515a, 0xb5b3}, //党
{0x515b, 0x83bf}, //兛
{0x515c, 0xb6b5}, //兜
{0x515d, 0x83c0}, //兝
{0x515e, 0x83c1}, //兞
{0x515f, 0x83c2}, //兟
{0x5160, 0x83c3}, //兠
{0x5161, 0x83c4}, //兡
{0x5162, 0xbea4}, //兢
{0x5163, 0x83c5}, //兣
{0x5164, 0x83c6}, //兤
{0x5165, 0xc8eb}, //入
{0x5166, 0x83c7}, //兦
{0x5167, 0x83c8}, //內
{0x5168, 0xc8ab}, //全
{0x5169, 0x83c9}, //兩
{0x516a, 0x83ca}, //兪
{0x516b, 0xb0cb}, //八
{0x516c, 0xb9ab}, //公
{0x516d, 0xc1f9}, //六
{0x516e, 0xd9e2}, //兮
{0x516f, 0x83cb}, //兯
{0x5170, 0xc0bc}, //兰
{0x5171, 0xb9b2}, //共
{0x5172, 0x83cc}, //兲
{0x5173, 0xb9d8}, //关
{0x5174, 0xd0cb}, //兴
{0x5175, 0xb1f8}, //兵
{0x5176, 0xc6e4}, //其
{0x5177, 0xbedf}, //具
{0x5178, 0xb5e4}, //典
{0x5179, 0xd7c8}, //兹
{0x517a, 0x83cd}, //兺
{0x517b, 0xd1f8}, //养
{0x517c, 0xbce6}, //兼
{0x517d, 0xcade}, //兽
{0x517e, 0x83ce}, //兾
{0x517f, 0x83cf}, //兿
{0x5180, 0xbcbd}, //冀
{0x5181, 0xd9e6}, //冁
{0x5182, 0xd8e7}, //冂
{0x5183, 0x83d0}, //冃
{0x5184, 0x83d1}, //冄
{0x5185, 0xc4da}, //内
{0x5186, 0x83d2}, //円
{0x5187, 0x83d3}, //冇
{0x5188, 0xb8d4}, //冈
{0x5189, 0xc8bd}, //冉
{0x518a, 0x83d4}, //冊
{0x518b, 0x83d5}, //冋
{0x518c, 0xb2e1}, //册
{0x518d, 0xd4d9}, //再
{0x518e, 0x83d6}, //冎
{0x518f, 0x83d7}, //冏
{0x5190, 0x83d8}, //冐
{0x5191, 0x83d9}, //冑
{0x5192, 0xc3b0}, //冒
{0x5193, 0x83da}, //冓
{0x5194, 0x83db}, //冔
{0x5195, 0xc3e1}, //冕
{0x5196, 0xdaa2}, //冖
{0x5197, 0xc8df}, //冗
{0x5198, 0x83dc}, //冘
{0x5199, 0xd0b4}, //写
{0x519a, 0x83dd}, //冚
{0x519b, 0xbefc}, //军
{0x519c, 0xc5a9}, //农
{0x519d, 0x83de}, //冝
{0x519e, 0x83df}, //冞
{0x519f, 0x83e0}, //冟
{0x51a0, 0xb9da}, //冠
{0x51a1, 0x83e1}, //冡
{0x51a2, 0xdaa3}, //冢
{0x51a3, 0x83e2}, //冣
{0x51a4, 0xd4a9}, //冤
{0x51a5, 0xdaa4}, //冥
{0x51a6, 0x83e3}, //冦
{0x51a7, 0x83e4}, //冧
{0x51a8, 0x83e5}, //冨
{0x51a9, 0x83e6}, //冩
{0x51aa, 0x83e7}, //冪
{0x51ab, 0xd9fb}, //冫
{0x51ac, 0xb6ac}, //冬
{0x51ad, 0x83e8}, //冭
{0x51ae, 0x83e9}, //冮
{0x51af, 0xb7eb}, //冯
{0x51b0, 0xb1f9}, //冰
{0x51b1, 0xd9fc}, //冱
{0x51b2, 0xb3e5}, //冲
{0x51b3, 0xbef6}, //决
{0x51b4, 0x83ea}, //冴
{0x51b5, 0xbff6}, //况
{0x51b6, 0xd2b1}, //冶
{0x51b7, 0xc0e4}, //冷
{0x51b8, 0x83eb}, //冸
{0x51b9, 0x83ec}, //冹
{0x51ba, 0x83ed}, //冺
{0x51bb, 0xb6b3}, //冻
{0x51bc, 0xd9fe}, //冼
{0x51bd, 0xd9fd}, //冽
{0x51be, 0x83ee}, //冾
{0x51bf, 0x83ef}, //冿
{0x51c0, 0xbebb}, //净
{0x51c1, 0x83f0}, //凁
{0x51c2, 0x83f1}, //凂
{0x51c3, 0x83f2}, //凃
{0x51c4, 0xc6e0}, //凄
{0x51c5, 0x83f3}, //凅
{0x51c6, 0xd7bc}, //准
{0x51c7, 0xdaa1}, //凇
{0x51c8, 0x83f4}, //凈
{0x51c9, 0xc1b9}, //凉
{0x51ca, 0x83f5}, //凊
{0x51cb, 0xb5f2}, //凋
{0x51cc, 0xc1e8}, //凌
{0x51cd, 0x83f6}, //凍
{0x51ce, 0x83f7}, //凎
{0x51cf, 0xbcf5}, //减
{0x51d0, 0x83f8}, //凐
{0x51d1, 0xb4d5}, //凑
{0x51d2, 0x83f9}, //凒
{0x51d3, 0x83fa}, //凓
{0x51d4, 0x83fb}, //凔
{0x51d5, 0x83fc}, //凕
{0x51d6, 0x83fd}, //凖
{0x51d7, 0x83fe}, //凗
{0x51d8, 0x8440}, //凘
{0x51d9, 0x8441}, //凙
{0x51da, 0x8442}, //凚
{0x51db, 0xc1dd}, //凛
{0x51dc, 0x8443}, //凜
{0x51dd, 0xc4fd}, //凝
{0x51de, 0x8444}, //凞
{0x51df, 0x8445}, //凟
{0x51e0, 0xbcb8}, //几
{0x51e1, 0xb7b2}, //凡
{0x51e2, 0x8446}, //凢
{0x51e3, 0x8447}, //凣
{0x51e4, 0xb7ef}, //凤
{0x51e5, 0x8448}, //凥
{0x51e6, 0x8449}, //処
{0x51e7, 0x844a}, //凧
{0x51e8, 0x844b}, //凨
{0x51e9, 0x844c}, //凩
{0x51ea, 0x844d}, //凪
{0x51eb, 0xd9ec}, //凫
{0x51ec, 0x844e}, //凬
{0x51ed, 0xc6be}, //凭
{0x51ee, 0x844f}, //凮
{0x51ef, 0xbfad}, //凯
{0x51f0, 0xbbcb}, //凰
{0x51f1, 0x8450}, //凱
{0x51f2, 0x8451}, //凲
{0x51f3, 0xb5ca}, //凳
{0x51f4, 0x8452}, //凴
{0x51f5, 0xdbc9}, //凵
{0x51f6, 0xd0d7}, //凶
{0x51f7, 0x8453}, //凷
{0x51f8, 0xcdb9}, //凸
{0x51f9, 0xb0bc}, //凹
{0x51fa, 0xb3f6}, //出
{0x51fb, 0xbbf7}, //击
{0x51fc, 0xdbca}, //凼
{0x51fd, 0xbaaf}, //函
{0x51fe, 0x8454}, //凾
{0x51ff, 0xd4e4}, //凿
{0x5200, 0xb5b6}, //刀
{0x5201, 0xb5f3}, //刁
{0x5202, 0xd8d6}, //刂
{0x5203, 0xc8d0}, //刃
{0x5204, 0x8455}, //刄
{0x5205, 0x8456}, //刅
{0x5206, 0xb7d6}, //分
{0x5207, 0xc7d0}, //切
{0x5208, 0xd8d7}, //刈
{0x5209, 0x8457}, //刉
{0x520a, 0xbfaf}, //刊
{0x520b, 0x8458}, //刋
{0x520c, 0x8459}, //刌
{0x520d, 0xdbbb}, //刍
{0x520e, 0xd8d8}, //刎
{0x520f, 0x845a}, //刏
{0x5210, 0x845b}, //刐
{0x5211, 0xd0cc}, //刑
{0x5212, 0xbbae}, //划
{0x5213, 0x845c}, //刓
{0x5214, 0x845d}, //刔
{0x5215, 0x845e}, //刕
{0x5216, 0xebbe}, //刖
{0x5217, 0xc1d0}, //列
{0x5218, 0xc1f5}, //刘
{0x5219, 0xd4f2}, //则
{0x521a, 0xb8d5}, //刚
{0x521b, 0xb4b4}, //创
{0x521c, 0x845f}, //刜
{0x521d, 0xb3f5}, //初
{0x521e, 0x8460}, //刞
{0x521f, 0x8461}, //刟
{0x5220, 0xc9be}, //删
{0x5221, 0x8462}, //刡
{0x5222, 0x8463}, //刢
{0x5223, 0x8464}, //刣
{0x5224, 0xc5d0}, //判
{0x5225, 0x8465}, //別
{0x5226, 0x8466}, //刦
{0x5227, 0x8467}, //刧
{0x5228, 0xc5d9}, //刨
{0x5229, 0xc0fb}, //利
{0x522a, 0x8468}, //刪
{0x522b, 0xb1f0}, //别
{0x522c, 0x8469}, //刬
{0x522d, 0xd8d9}, //刭
{0x522e, 0xb9ce}, //刮
{0x522f, 0x846a}, //刯
{0x5230, 0xb5bd}, //到
{0x5231, 0x846b}, //刱
{0x5232, 0x846c}, //刲
{0x5233, 0xd8da}, //刳
{0x5234, 0x846d}, //刴
{0x5235, 0x846e}, //刵
{0x5236, 0xd6c6}, //制
{0x5237, 0xcba2}, //刷
{0x5238, 0xc8af}, //券
{0x5239, 0xc9b2}, //刹
{0x523a, 0xb4cc}, //刺
{0x523b, 0xbfcc}, //刻
{0x523c, 0x846f}, //刼
{0x523d, 0xb9f4}, //刽
{0x523e, 0x8470}, //刾
{0x523f, 0xd8db}, //刿
{0x5240, 0xd8dc}, //剀
{0x5241, 0xb6e7}, //剁
{0x5242, 0xbcc1}, //剂
{0x5243, 0xccea}, //剃
{0x5244, 0x8471}, //剄
{0x5245, 0x8472}, //剅
{0x5246, 0x8473}, //剆
{0x5247, 0x8474}, //則
{0x5248, 0x8475}, //剈
{0x5249, 0x8476}, //剉
{0x524a, 0xcff7}, //削
{0x524b, 0x8477}, //剋
{0x524c, 0xd8dd}, //剌
{0x524d, 0xc7b0}, //前
{0x524e, 0x8478}, //剎
{0x524f, 0x8479}, //剏
{0x5250, 0xb9d0}, //剐
{0x5251, 0xbda3}, //剑
{0x5252, 0x847a}, //剒
{0x5253, 0x847b}, //剓
{0x5254, 0xccde}, //剔
{0x5255, 0x847c}, //剕
{0x5256, 0xc6ca}, //剖
{0x5257, 0x847d}, //剗
{0x5258, 0x847e}, //剘
{0x5259, 0x8480}, //剙
{0x525a, 0x8481}, //剚
{0x525b, 0x8482}, //剛
{0x525c, 0xd8e0}, //剜
{0x525d, 0x8483}, //剝
{0x525e, 0xd8de}, //剞
{0x525f, 0x8484}, //剟
{0x5260, 0x8485}, //剠
{0x5261, 0xd8df}, //剡
{0x5262, 0x8486}, //剢
{0x5263, 0x8487}, //剣
{0x5264, 0x8488}, //剤
{0x5265, 0xb0fe}, //剥
{0x5266, 0x8489}, //剦
{0x5267, 0xbee7}, //剧
{0x5268, 0x848a}, //剨
{0x5269, 0xcaa3}, //剩
{0x526a, 0xbcf4}, //剪
{0x526b, 0x848b}, //剫
{0x526c, 0x848c}, //剬
{0x526d, 0x848d}, //剭
{0x526e, 0x848e}, //剮
{0x526f, 0xb8b1}, //副
{0x5270, 0x848f}, //剰
{0x5271, 0x8490}, //剱
{0x5272, 0xb8ee}, //割
{0x5273, 0x8491}, //剳
{0x5274, 0x8492}, //剴
{0x5275, 0x8493}, //創
{0x5276, 0x8494}, //剶
{0x5277, 0x8495}, //剷
{0x5278, 0x8496}, //剸
{0x5279, 0x8497}, //剹
{0x527a, 0x8498}, //剺
{0x527b, 0x8499}, //剻
{0x527c, 0x849a}, //剼
{0x527d, 0xd8e2}, //剽
{0x527e, 0x849b}, //剾
{0x527f, 0xbdcb}, //剿
{0x5280, 0x849c}, //劀
{0x5281, 0xd8e4}, //劁
{0x5282, 0xd8e3}, //劂
{0x5283, 0x849d}, //劃
{0x5284, 0x849e}, //劄
{0x5285, 0x849f}, //劅
{0x5286, 0x84a0}, //劆
{0x5287, 0x84a1}, //劇
{0x5288, 0xc5fc}, //劈
{0x5289, 0x84a2}, //劉
{0x528a, 0x84a3}, //劊
{0x528b, 0x84a4}, //劋
{0x528c, 0x84a5}, //劌
{0x528d, 0x84a6}, //劍
{0x528e, 0x84a7}, //劎
{0x528f, 0x84a8}, //劏
{0x5290, 0xd8e5}, //劐
{0x5291, 0x84a9}, //劑
{0x5292, 0x84aa}, //劒
{0x5293, 0xd8e6}, //劓
{0x5294, 0x84ab}, //劔
{0x5295, 0x84ac}, //劕
{0x5296, 0x84ad}, //劖
{0x5297, 0x84ae}, //劗
{0x5298, 0x84af}, //劘
{0x5299, 0x84b0}, //劙
{0x529a, 0x84b1}, //劚
{0x529b, 0xc1a6}, //力
{0x529c, 0x84b2}, //劜
{0x529d, 0xc8b0}, //劝
{0x529e, 0xb0ec}, //办
{0x529f, 0xb9a6}, //功
{0x52a0, 0xbcd3}, //加
{0x52a1, 0xcef1}, //务
{0x52a2, 0xdbbd}, //劢
{0x52a3, 0xc1d3}, //劣
{0x52a4, 0x84b3}, //劤
{0x52a5, 0x84b4}, //劥
{0x52a6, 0x84b5}, //劦
{0x52a7, 0x84b6}, //劧
{0x52a8, 0xb6af}, //动
{0x52a9, 0xd6fa}, //助
{0x52aa, 0xc5ac}, //努
{0x52ab, 0xbdd9}, //劫
{0x52ac, 0xdbbe}, //劬
{0x52ad, 0xdbbf}, //劭
{0x52ae, 0x84b7}, //劮
{0x52af, 0x84b8}, //劯
{0x52b0, 0x84b9}, //劰
{0x52b1, 0xc0f8}, //励
{0x52b2, 0xbea2}, //劲
{0x52b3, 0xc0cd}, //劳
{0x52b4, 0x84ba}, //労
{0x52b5, 0x84bb}, //劵
{0x52b6, 0x84bc}, //劶
{0x52b7, 0x84bd}, //劷
{0x52b8, 0x84be}, //劸
{0x52b9, 0x84bf}, //効
{0x52ba, 0x84c0}, //劺
{0x52bb, 0x84c1}, //劻
{0x52bc, 0x84c2}, //劼
{0x52bd, 0x84c3}, //劽
{0x52be, 0xdbc0}, //劾
{0x52bf, 0xcac6}, //势
{0x52c0, 0x84c4}, //勀
{0x52c1, 0x84c5}, //勁
{0x52c2, 0x84c6}, //勂
{0x52c3, 0xb2aa}, //勃
{0x52c4, 0x84c7}, //勄
{0x52c5, 0x84c8}, //勅
{0x52c6, 0x84c9}, //勆
{0x52c7, 0xd3c2}, //勇
{0x52c8, 0x84ca}, //勈
{0x52c9, 0xc3e3}, //勉
{0x52ca, 0x84cb}, //勊
{0x52cb, 0xd1ab}, //勋
{0x52cc, 0x84cc}, //勌
{0x52cd, 0x84cd}, //勍
{0x52ce, 0x84ce}, //勎
{0x52cf, 0x84cf}, //勏
{0x52d0, 0xdbc2}, //勐
{0x52d1, 0x84d0}, //勑
{0x52d2, 0xc0d5}, //勒
{0x52d3, 0x84d1}, //勓
{0x52d4, 0x84d2}, //勔
{0x52d5, 0x84d3}, //動
{0x52d6, 0xdbc3}, //勖
{0x52d7, 0x84d4}, //勗
{0x52d8, 0xbfb1}, //勘
{0x52d9, 0x84d5}, //務
{0x52da, 0x84d6}, //勚
{0x52db, 0x84d7}, //勛
{0x52dc, 0x84d8}, //勜
{0x52dd, 0x84d9}, //勝
{0x52de, 0x84da}, //勞
{0x52df, 0xc4bc}, //募
{0x52e0, 0x84db}, //勠
{0x52e1, 0x84dc}, //勡
{0x52e2, 0x84dd}, //勢
{0x52e3, 0x84de}, //勣
{0x52e4, 0xc7da}, //勤
{0x52e5, 0x84df}, //勥
{0x52e6, 0x84e0}, //勦
{0x52e7, 0x84e1}, //勧
{0x52e8, 0x84e2}, //勨
{0x52e9, 0x84e3}, //勩
{0x52ea, 0x84e4}, //勪
{0x52eb, 0x84e5}, //勫
{0x52ec, 0x84e6}, //勬
{0x52ed, 0x84e7}, //勭
{0x52ee, 0x84e8}, //勮
{0x52ef, 0x84e9}, //勯
{0x52f0, 0xdbc4}, //勰
{0x52f1, 0x84ea}, //勱
{0x52f2, 0x84eb}, //勲
{0x52f3, 0x84ec}, //勳
{0x52f4, 0x84ed}, //勴
{0x52f5, 0x84ee}, //勵
{0x52f6, 0x84ef}, //勶
{0x52f7, 0x84f0}, //勷
{0x52f8, 0x84f1}, //勸
{0x52f9, 0xd9e8}, //勹
{0x52fa, 0xc9d7}, //勺
{0x52fb, 0x84f2}, //勻
{0x52fc, 0x84f3}, //勼
{0x52fd, 0x84f4}, //勽
{0x52fe, 0xb9b4}, //勾
{0x52ff, 0xcef0}, //勿
{0x5300, 0xd4c8}, //匀
{0x5301, 0x84f5}, //匁
{0x5302, 0x84f6}, //匂
{0x5303, 0x84f7}, //匃
{0x5304, 0x84f8}, //匄
{0x5305, 0xb0fc}, //包
{0x5306, 0xb4d2}, //匆
{0x5307, 0x84f9}, //匇
{0x5308, 0xd0d9}, //匈
{0x5309, 0x84fa}, //匉
{0x530a, 0x84fb}, //匊
{0x530b, 0x84fc}, //匋
{0x530c, 0x84fd}, //匌
{0x530d, 0xd9e9}, //匍
{0x530e, 0x84fe}, //匎
{0x530f, 0xdecb}, //匏
{0x5310, 0xd9eb}, //匐
{0x5311, 0x8540}, //匑
{0x5312, 0x8541}, //匒
{0x5313, 0x8542}, //匓
{0x5314, 0x8543}, //匔
{0x5315, 0xd8b0}, //匕
{0x5316, 0xbbaf}, //化
{0x5317, 0xb1b1}, //北
{0x5318, 0x8544}, //匘
{0x5319, 0xb3d7}, //匙
{0x531a, 0xd8ce}, //匚
{0x531b, 0x8545}, //匛
{0x531c, 0x8546}, //匜
{0x531d, 0xd4d1}, //匝
{0x531e, 0x8547}, //匞
{0x531f, 0x8548}, //匟
{0x5320, 0xbdb3}, //匠
{0x5321, 0xbfef}, //匡
{0x5322, 0x8549}, //匢
{0x5323, 0xcfbb}, //匣
{0x5324, 0x854a}, //匤
{0x5325, 0x854b}, //匥
{0x5326, 0xd8d0}, //匦
{0x5327, 0x854c}, //匧
{0x5328, 0x854d}, //匨
{0x5329, 0x854e}, //匩
{0x532a, 0xb7cb}, //匪
{0x532b, 0x854f}, //匫
{0x532c, 0x8550}, //匬
{0x532d, 0x8551}, //匭
{0x532e, 0xd8d1}, //匮
{0x532f, 0x8552}, //匯
{0x5330, 0x8553}, //匰
{0x5331, 0x8554}, //匱
{0x5332, 0x8555}, //匲
{0x5333, 0x8556}, //匳
{0x5334, 0x8557}, //匴
{0x5335, 0x8558}, //匵
{0x5336, 0x8559}, //匶
{0x5337, 0x855a}, //匷
{0x5338, 0x855b}, //匸
{0x5339, 0xc6a5}, //匹
{0x533a, 0xc7f8}, //区
{0x533b, 0xd2bd}, //医
{0x533c, 0x855c}, //匼
{0x533d, 0x855d}, //匽
{0x533e, 0xd8d2}, //匾
{0x533f, 0xc4e4}, //匿
{0x5340, 0x855e}, //區
{0x5341, 0xcaae}, //十
{0x5342, 0x855f}, //卂
{0x5343, 0xc7a7}, //千
{0x5344, 0x8560}, //卄
{0x5345, 0xd8a6}, //卅
{0x5346, 0x8561}, //卆
{0x5347, 0xc9fd}, //升
{0x5348, 0xcee7}, //午
{0x5349, 0xbbdc}, //卉
{0x534a, 0xb0eb}, //半
{0x534b, 0x8562}, //卋
{0x534c, 0x8563}, //卌
{0x534d, 0x8564}, //卍
{0x534e, 0xbbaa}, //华
{0x534f, 0xd0ad}, //协
{0x5350, 0x8565}, //卐
{0x5351, 0xb1b0}, //卑
{0x5352, 0xd7e4}, //卒
{0x5353, 0xd7bf}, //卓
{0x5354, 0x8566}, //協
{0x5355, 0xb5a5}, //单
{0x5356, 0xc2f4}, //卖
{0x5357, 0xc4cf}, //南
{0x5358, 0x8567}, //単
{0x5359, 0x8568}, //卙
{0x535a, 0xb2a9}, //博
{0x535b, 0x8569}, //卛
{0x535c, 0xb2b7}, //卜
{0x535d, 0x856a}, //卝
{0x535e, 0xb1e5}, //卞
{0x535f, 0xdfb2}, //卟
{0x5360, 0xd5bc}, //占
{0x5361, 0xbfa8}, //卡
{0x5362, 0xc2ac}, //卢
{0x5363, 0xd8d5}, //卣
{0x5364, 0xc2b1}, //卤
{0x5365, 0x856b}, //卥
{0x5366, 0xd8d4}, //卦
{0x5367, 0xced4}, //卧
{0x5368, 0x856c}, //卨
{0x5369, 0xdae0}, //卩
{0x536a, 0x856d}, //卪
{0x536b, 0xcec0}, //卫
{0x536c, 0x856e}, //卬
{0x536d, 0x856f}, //卭
{0x536e, 0xd8b4}, //卮
{0x536f, 0xc3ae}, //卯
{0x5370, 0xd3a1}, //印
{0x5371, 0xcea3}, //危
{0x5372, 0x8570}, //卲
{0x5373, 0xbcb4}, //即
{0x5374, 0xc8b4}, //却
{0x5375, 0xc2d1}, //卵
{0x5376, 0x8571}, //卶
{0x5377, 0xbeed}, //卷
{0x5378, 0xd0b6}, //卸
{0x5379, 0x8572}, //卹
{0x537a, 0xdae1}, //卺
{0x537b, 0x8573}, //卻
{0x537c, 0x8574}, //卼
{0x537d, 0x8575}, //卽
{0x537e, 0x8576}, //卾
{0x537f, 0xc7e4}, //卿
{0x5380, 0x8577}, //厀
{0x5381, 0x8578}, //厁
{0x5382, 0xb3a7}, //厂
{0x5383, 0x8579}, //厃
{0x5384, 0xb6f2}, //厄
{0x5385, 0xccfc}, //厅
{0x5386, 0xc0fa}, //历
{0x5387, 0x857a}, //厇
{0x5388, 0x857b}, //厈
{0x5389, 0xc0f7}, //厉
{0x538a, 0x857c}, //厊
{0x538b, 0xd1b9}, //压
{0x538c, 0xd1e1}, //厌
{0x538d, 0xd8c7}, //厍
{0x538e, 0x857d}, //厎
{0x538f, 0x857e}, //厏
{0x5390, 0x8580}, //厐
{0x5391, 0x8581}, //厑
{0x5392, 0x8582}, //厒
{0x5393, 0x8583}, //厓
{0x5394, 0x8584}, //厔
{0x5395, 0xb2de}, //厕
{0x5396, 0x8585}, //厖
{0x5397, 0x8586}, //厗
{0x5398, 0xc0e5}, //厘
{0x5399, 0x8587}, //厙
{0x539a, 0xbaf1}, //厚
{0x539b, 0x8588}, //厛
{0x539c, 0x8589}, //厜
{0x539d, 0xd8c8}, //厝
{0x539e, 0x858a}, //厞
{0x539f, 0xd4ad}, //原
{0x53a0, 0x858b}, //厠
{0x53a1, 0x858c}, //厡
{0x53a2, 0xcfe1}, //厢
{0x53a3, 0xd8c9}, //厣
{0x53a4, 0x858d}, //厤
{0x53a5, 0xd8ca}, //厥
{0x53a6, 0xcfc3}, //厦
{0x53a7, 0x858e}, //厧
{0x53a8, 0xb3f8}, //厨
{0x53a9, 0xbec7}, //厩
{0x53aa, 0x858f}, //厪
{0x53ab, 0x8590}, //厫
{0x53ac, 0x8591}, //厬
{0x53ad, 0x8592}, //厭
{0x53ae, 0xd8cb}, //厮
{0x53af, 0x8593}, //厯
{0x53b0, 0x8594}, //厰
{0x53b1, 0x8595}, //厱
{0x53b2, 0x8596}, //厲
{0x53b3, 0x8597}, //厳
{0x53b4, 0x8598}, //厴
{0x53b5, 0x8599}, //厵
{0x53b6, 0xdbcc}, //厶
{0x53b7, 0x859a}, //厷
{0x53b8, 0x859b}, //厸
{0x53b9, 0x859c}, //厹
{0x53ba, 0x859d}, //厺
{0x53bb, 0xc8a5}, //去
{0x53bc, 0x859e}, //厼
{0x53bd, 0x859f}, //厽
{0x53be, 0x85a0}, //厾
{0x53bf, 0xcfd8}, //县
{0x53c0, 0x85a1}, //叀
{0x53c1, 0xc8fe}, //叁
{0x53c2, 0xb2ce}, //参
{0x53c3, 0x85a2}, //參
{0x53c4, 0x85a3}, //叄
{0x53c5, 0x85a4}, //叅
{0x53c6, 0x85a5}, //叆
{0x53c7, 0x85a6}, //叇
{0x53c8, 0xd3d6}, //又
{0x53c9, 0xb2e6}, //叉
{0x53ca, 0xbcb0}, //及
{0x53cb, 0xd3d1}, //友
{0x53cc, 0xcbab}, //双
{0x53cd, 0xb7b4}, //反
{0x53ce, 0x85a7}, //収
{0x53cf, 0x85a8}, //叏
{0x53d0, 0x85a9}, //叐
{0x53d1, 0xb7a2}, //发
{0x53d2, 0x85aa}, //叒
{0x53d3, 0x85ab}, //叓
{0x53d4, 0xcae5}, //叔
{0x53d5, 0x85ac}, //叕
{0x53d6, 0xc8a1}, //取
{0x53d7, 0xcadc}, //受
{0x53d8, 0xb1e4}, //变
{0x53d9, 0xd0f0}, //叙
{0x53da, 0x85ad}, //叚
{0x53db, 0xc5d1}, //叛
{0x53dc, 0x85ae}, //叜
{0x53dd, 0x85af}, //叝
{0x53de, 0x85b0}, //叞
{0x53df, 0xdbc5}, //叟
{0x53e0, 0xb5fe}, //叠
{0x53e1, 0x85b1}, //叡
{0x53e2, 0x85b2}, //叢
{0x53e3, 0xbfda}, //口
{0x53e4, 0xb9c5}, //古
{0x53e5, 0xbee4}, //句
{0x53e6, 0xc1ed}, //另
{0x53e7, 0x85b3}, //叧
{0x53e8, 0xdfb6}, //叨
{0x53e9, 0xdfb5}, //叩
{0x53ea, 0xd6bb}, //只
{0x53eb, 0xbdd0}, //叫
{0x53ec, 0xd5d9}, //召
{0x53ed, 0xb0c8}, //叭
{0x53ee, 0xb6a3}, //叮
{0x53ef, 0xbfc9}, //可
{0x53f0, 0xcca8}, //台
{0x53f1, 0xdfb3}, //叱
{0x53f2, 0xcab7}, //史
{0x53f3, 0xd3d2}, //右
{0x53f4, 0x85b4}, //叴
{0x53f5, 0xd8cf}, //叵
{0x53f6, 0xd2b6}, //叶
{0x53f7, 0xbac5}, //号
{0x53f8, 0xcbbe}, //司
{0x53f9, 0xccbe}, //叹
{0x53fa, 0x85b5}, //叺
{0x53fb, 0xdfb7}, //叻
{0x53fc, 0xb5f0}, //叼
{0x53fd, 0xdfb4}, //叽
{0x53fe, 0x85b6}, //叾
{0x53ff, 0x85b7}, //叿
{0x5400, 0x85b8}, //吀
{0x5401, 0xd3f5}, //吁
{0x5402, 0x85b9}, //吂
{0x5403, 0xb3d4}, //吃
{0x5404, 0xb8f7}, //各
{0x5405, 0x85ba}, //吅
{0x5406, 0xdfba}, //吆
{0x5407, 0x85bb}, //吇
{0x5408, 0xbacf}, //合
{0x5409, 0xbcaa}, //吉
{0x540a, 0xb5f5}, //吊
{0x540b, 0x85bc}, //吋
{0x540c, 0xcdac}, //同
{0x540d, 0xc3fb}, //名
{0x540e, 0xbaf3}, //后
{0x540f, 0xc0f4}, //吏
{0x5410, 0xcdc2}, //吐
{0x5411, 0xcff2}, //向
{0x5412, 0xdfb8}, //吒
{0x5413, 0xcfc5}, //吓
{0x5414, 0x85bd}, //吔
{0x5415, 0xc2c0}, //吕
{0x5416, 0xdfb9}, //吖
{0x5417, 0xc2f0}, //吗
{0x5418, 0x85be}, //吘
{0x5419, 0x85bf}, //吙
{0x541a, 0x85c0}, //吚
{0x541b, 0xbefd}, //君
{0x541c, 0x85c1}, //吜
{0x541d, 0xc1df}, //吝
{0x541e, 0xcdcc}, //吞
{0x541f, 0xd2f7}, //吟
{0x5420, 0xb7cd}, //吠
{0x5421, 0xdfc1}, //吡
{0x5422, 0x85c2}, //吢
{0x5423, 0xdfc4}, //吣
{0x5424, 0x85c3}, //吤
{0x5425, 0x85c4}, //吥
{0x5426, 0xb7f1}, //否
{0x5427, 0xb0c9}, //吧
{0x5428, 0xb6d6}, //吨
{0x5429, 0xb7d4}, //吩
{0x542a, 0x85c5}, //吪
{0x542b, 0xbaac}, //含
{0x542c, 0xccfd}, //听
{0x542d, 0xbfd4}, //吭
{0x542e, 0xcbb1}, //吮
{0x542f, 0xc6f4}, //启
{0x5430, 0x85c6}, //吰
{0x5431, 0xd6a8}, //吱
{0x5432, 0xdfc5}, //吲
{0x5433, 0x85c7}, //吳
{0x5434, 0xcee2}, //吴
{0x5435, 0xb3b3}, //吵
{0x5436, 0x85c8}, //吶
{0x5437, 0x85c9}, //吷
{0x5438, 0xcefc}, //吸
{0x5439, 0xb4b5}, //吹
{0x543a, 0x85ca}, //吺
{0x543b, 0xcec7}, //吻
{0x543c, 0xbaf0}, //吼
{0x543d, 0x85cb}, //吽
{0x543e, 0xcee1}, //吾
{0x543f, 0x85cc}, //吿
{0x5440, 0xd1bd}, //呀
{0x5441, 0x85cd}, //呁
{0x5442, 0x85ce}, //呂
{0x5443, 0xdfc0}, //呃
{0x5444, 0x85cf}, //呄
{0x5445, 0x85d0}, //呅
{0x5446, 0xb4f4}, //呆
{0x5447, 0x85d1}, //呇
{0x5448, 0xb3ca}, //呈
{0x5449, 0x85d2}, //呉
{0x544a, 0xb8e6}, //告
{0x544b, 0xdfbb}, //呋
{0x544c, 0x85d3}, //呌
{0x544d, 0x85d4}, //呍
{0x544e, 0x85d5}, //呎
{0x544f, 0x85d6}, //呏
{0x5450, 0xc4c5}, //呐
{0x5451, 0x85d7}, //呑
{0x5452, 0xdfbc}, //呒
{0x5453, 0xdfbd}, //呓
{0x5454, 0xdfbe}, //呔
{0x5455, 0xc5bb}, //呕
{0x5456, 0xdfbf}, //呖
{0x5457, 0xdfc2}, //呗
{0x5458, 0xd4b1}, //员
{0x5459, 0xdfc3}, //呙
{0x545a, 0x85d8}, //呚
{0x545b, 0xc7ba}, //呛
{0x545c, 0xced8}, //呜
{0x545d, 0x85d9}, //呝
{0x545e, 0x85da}, //呞
{0x545f, 0x85db}, //呟
{0x5460, 0x85dc}, //呠
{0x5461, 0x85dd}, //呡
{0x5462, 0xc4d8}, //呢
{0x5463, 0x85de}, //呣
{0x5464, 0xdfca}, //呤
{0x5465, 0x85df}, //呥
{0x5466, 0xdfcf}, //呦
{0x5467, 0x85e0}, //呧
{0x5468, 0xd6dc}, //周
{0x5469, 0x85e1}, //呩
{0x546a, 0x85e2}, //呪
{0x546b, 0x85e3}, //呫
{0x546c, 0x85e4}, //呬
{0x546d, 0x85e5}, //呭
{0x546e, 0x85e6}, //呮
{0x546f, 0x85e7}, //呯
{0x5470, 0x85e8}, //呰
{0x5471, 0xdfc9}, //呱
{0x5472, 0xdfda}, //呲
{0x5473, 0xceb6}, //味
{0x5474, 0x85e9}, //呴
{0x5475, 0xbac7}, //呵
{0x5476, 0xdfce}, //呶
{0x5477, 0xdfc8}, //呷
{0x5478, 0xc5de}, //呸
{0x5479, 0x85ea}, //呹
{0x547a, 0x85eb}, //呺
{0x547b, 0xc9eb}, //呻
{0x547c, 0xbaf4}, //呼
{0x547d, 0xc3fc}, //命
{0x547e, 0x85ec}, //呾
{0x547f, 0x85ed}, //呿
{0x5480, 0xbed7}, //咀
{0x5481, 0x85ee}, //咁
{0x5482, 0xdfc6}, //咂
{0x5483, 0x85ef}, //咃
{0x5484, 0xdfcd}, //咄
{0x5485, 0x85f0}, //咅
{0x5486, 0xc5d8}, //咆
{0x5487, 0x85f1}, //咇
{0x5488, 0x85f2}, //咈
{0x5489, 0x85f3}, //咉
{0x548a, 0x85f4}, //咊
{0x548b, 0xd5a6}, //咋
{0x548c, 0xbacd}, //和
{0x548d, 0x85f5}, //咍
{0x548e, 0xbecc}, //咎
{0x548f, 0xd3bd}, //咏
{0x5490, 0xb8c0}, //咐
{0x5491, 0x85f6}, //咑
{0x5492, 0xd6e4}, //咒
{0x5493, 0x85f7}, //咓
{0x5494, 0xdfc7}, //咔
{0x5495, 0xb9be}, //咕
{0x5496, 0xbfa7}, //咖
{0x5497, 0x85f8}, //咗
{0x5498, 0x85f9}, //咘
{0x5499, 0xc1fc}, //咙
{0x549a, 0xdfcb}, //咚
{0x549b, 0xdfcc}, //咛
{0x549c, 0x85fa}, //咜
{0x549d, 0xdfd0}, //咝
{0x549e, 0x85fb}, //咞
{0x549f, 0x85fc}, //咟
{0x54a0, 0x85fd}, //咠
{0x54a1, 0x85fe}, //咡
{0x54a2, 0x8640}, //咢
{0x54a3, 0xdfdb}, //咣
{0x54a4, 0xdfe5}, //咤
{0x54a5, 0x8641}, //咥
{0x54a6, 0xdfd7}, //咦
{0x54a7, 0xdfd6}, //咧
{0x54a8, 0xd7c9}, //咨
{0x54a9, 0xdfe3}, //咩
{0x54aa, 0xdfe4}, //咪
{0x54ab, 0xe5eb}, //咫
{0x54ac, 0xd2a7}, //咬
{0x54ad, 0xdfd2}, //咭
{0x54ae, 0x8642}, //咮
{0x54af, 0xbfa9}, //咯
{0x54b0, 0x8643}, //咰
{0x54b1, 0xd4db}, //咱
{0x54b2, 0x8644}, //咲
{0x54b3, 0xbfc8}, //咳
{0x54b4, 0xdfd4}, //咴
{0x54b5, 0x8645}, //咵
{0x54b6, 0x8646}, //咶
{0x54b7, 0x8647}, //咷
{0x54b8, 0xcfcc}, //咸
{0x54b9, 0x8648}, //咹
{0x54ba, 0x8649}, //咺
{0x54bb, 0xdfdd}, //咻
{0x54bc, 0x864a}, //咼
{0x54bd, 0xd1ca}, //咽
{0x54be, 0x864b}, //咾
{0x54bf, 0xdfde}, //咿
{0x54c0, 0xb0a7}, //哀
{0x54c1, 0xc6b7}, //品
{0x54c2, 0xdfd3}, //哂
{0x54c3, 0x864c}, //哃
{0x54c4, 0xbae5}, //哄
{0x54c5, 0x864d}, //哅
{0x54c6, 0xb6df}, //哆
{0x54c7, 0xcddb}, //哇
{0x54c8, 0xb9fe}, //哈
{0x54c9, 0xd4d5}, //哉
{0x54ca, 0x864e}, //哊
{0x54cb, 0x864f}, //哋
{0x54cc, 0xdfdf}, //哌
{0x54cd, 0xcfec}, //响
{0x54ce, 0xb0a5}, //哎
{0x54cf, 0xdfe7}, //哏
{0x54d0, 0xdfd1}, //哐
{0x54d1, 0xd1c6}, //哑
{0x54d2, 0xdfd5}, //哒
{0x54d3, 0xdfd8}, //哓
{0x54d4, 0xdfd9}, //哔
{0x54d5, 0xdfdc}, //哕
{0x54d6, 0x8650}, //哖
{0x54d7, 0xbba9}, //哗
{0x54d8, 0x8651}, //哘
{0x54d9, 0xdfe0}, //哙
{0x54da, 0xdfe1}, //哚
{0x54db, 0x8652}, //哛
{0x54dc, 0xdfe2}, //哜
{0x54dd, 0xdfe6}, //哝
{0x54de, 0xdfe8}, //哞
{0x54df, 0xd3b4}, //哟
{0x54e0, 0x8653}, //哠
{0x54e1, 0x8654}, //員
{0x54e2, 0x8655}, //哢
{0x54e3, 0x8656}, //哣
{0x54e4, 0x8657}, //哤
{0x54e5, 0xb8e7}, //哥
{0x54e6, 0xc5b6}, //哦
{0x54e7, 0xdfea}, //哧
{0x54e8, 0xc9da}, //哨
{0x54e9, 0xc1a8}, //哩
{0x54ea, 0xc4c4}, //哪
{0x54eb, 0x8658}, //哫
{0x54ec, 0x8659}, //哬
{0x54ed, 0xbfde}, //哭
{0x54ee, 0xcff8}, //哮
{0x54ef, 0x865a}, //哯
{0x54f0, 0x865b}, //哰
{0x54f1, 0x865c}, //哱
{0x54f2, 0xd5dc}, //哲
{0x54f3, 0xdfee}, //哳
{0x54f4, 0x865d}, //哴
{0x54f5, 0x865e}, //哵
{0x54f6, 0x865f}, //哶
{0x54f7, 0x8660}, //哷
{0x54f8, 0x8661}, //哸
{0x54f9, 0x8662}, //哹
{0x54fa, 0xb2b8}, //哺
{0x54fb, 0x8663}, //哻
{0x54fc, 0xbadf}, //哼
{0x54fd, 0xdfec}, //哽
{0x54fe, 0x8664}, //哾
{0x54ff, 0xdbc1}, //哿
{0x5500, 0x8665}, //唀
{0x5501, 0xd1e4}, //唁
{0x5502, 0x8666}, //唂
{0x5503, 0x8667}, //唃
{0x5504, 0x8668}, //唄
{0x5505, 0x8669}, //唅
{0x5506, 0xcbf4}, //唆
{0x5507, 0xb4bd}, //唇
{0x5508, 0x866a}, //唈
{0x5509, 0xb0a6}, //唉
{0x550a, 0x866b}, //唊
{0x550b, 0x866c}, //唋
{0x550c, 0x866d}, //唌
{0x550d, 0x866e}, //唍
{0x550e, 0x866f}, //唎
{0x550f, 0xdff1}, //唏
{0x5510, 0xccc6}, //唐
{0x5511, 0xdff2}, //唑
{0x5512, 0x8670}, //唒
{0x5513, 0x8671}, //唓
{0x5514, 0xdfed}, //唔
{0x5515, 0x8672}, //唕
{0x5516, 0x8673}, //唖
{0x5517, 0x8674}, //唗
{0x5518, 0x8675}, //唘
{0x5519, 0x8676}, //唙
{0x551a, 0x8677}, //唚
{0x551b, 0xdfe9}, //唛
{0x551c, 0x8678}, //唜
{0x551d, 0x8679}, //唝
{0x551e, 0x867a}, //唞
{0x551f, 0x867b}, //唟
{0x5520, 0xdfeb}, //唠
{0x5521, 0x867c}, //唡
{0x5522, 0xdfef}, //唢
{0x5523, 0xdff0}, //唣
{0x5524, 0xbbbd}, //唤
{0x5525, 0x867d}, //唥
{0x5526, 0x867e}, //唦
{0x5527, 0xdff3}, //唧
{0x5528, 0x8680}, //唨
{0x5529, 0x8681}, //唩
{0x552a, 0xdff4}, //唪
{0x552b, 0x8682}, //唫
{0x552c, 0xbba3}, //唬
{0x552d, 0x8683}, //唭
{0x552e, 0xcadb}, //售
{0x552f, 0xcea8}, //唯
{0x5530, 0xe0a7}, //唰
{0x5531, 0xb3aa}, //唱
{0x5532, 0x8684}, //唲
{0x5533, 0xe0a6}, //唳
{0x5534, 0x8685}, //唴
{0x5535, 0x8686}, //唵
{0x5536, 0x8687}, //唶
{0x5537, 0xe0a1}, //唷
{0x5538, 0x8688}, //唸
{0x5539, 0x8689}, //唹
{0x553a, 0x868a}, //唺
{0x553b, 0x868b}, //唻
{0x553c, 0xdffe}, //唼
{0x553d, 0x868c}, //唽
{0x553e, 0xcdd9}, //唾
{0x553f, 0xdffc}, //唿
{0x5540, 0x868d}, //啀
{0x5541, 0xdffa}, //啁
{0x5542, 0x868e}, //啂
{0x5543, 0xbfd0}, //啃
{0x5544, 0xd7c4}, //啄
{0x5545, 0x868f}, //啅
{0x5546, 0xc9cc}, //商
{0x5547, 0x8690}, //啇
{0x5548, 0x8691}, //啈
{0x5549, 0xdff8}, //啉
{0x554a, 0xb0a1}, //啊
{0x554b, 0x8692}, //啋
{0x554c, 0x8693}, //啌
{0x554d, 0x8694}, //啍
{0x554e, 0x8695}, //啎
{0x554f, 0x8696}, //問
{0x5550, 0xdffd}, //啐
{0x5551, 0x8697}, //啑
{0x5552, 0x8698}, //啒
{0x5553, 0x8699}, //啓
{0x5554, 0x869a}, //啔
{0x5555, 0xdffb}, //啕
{0x5556, 0xe0a2}, //啖
{0x5557, 0x869b}, //啗
{0x5558, 0x869c}, //啘
{0x5559, 0x869d}, //啙
{0x555a, 0x869e}, //啚
{0x555b, 0x869f}, //啛
{0x555c, 0xe0a8}, //啜
{0x555d, 0x86a0}, //啝
{0x555e, 0x86a1}, //啞
{0x555f, 0x86a2}, //啟
{0x5560, 0x86a3}, //啠
{0x5561, 0xb7c8}, //啡
{0x5562, 0x86a4}, //啢
{0x5563, 0x86a5}, //啣
{0x5564, 0xc6a1}, //啤
{0x5565, 0xc9b6}, //啥
{0x5566, 0xc0b2}, //啦
{0x5567, 0xdff5}, //啧
{0x5568, 0x86a6}, //啨
{0x5569, 0x86a7}, //啩
{0x556a, 0xc5be}, //啪
{0x556b, 0x86a8}, //啫
{0x556c, 0xd8c4}, //啬
{0x556d, 0xdff9}, //啭
{0x556e, 0xc4f6}, //啮
{0x556f, 0x86a9}, //啯
{0x5570, 0x86aa}, //啰
{0x5571, 0x86ab}, //啱
{0x5572, 0x86ac}, //啲
{0x5573, 0x86ad}, //啳
{0x5574, 0x86ae}, //啴
{0x5575, 0xe0a3}, //啵
{0x5576, 0xe0a4}, //啶
{0x5577, 0xe0a5}, //啷
{0x5578, 0xd0a5}, //啸
{0x5579, 0x86af}, //啹
{0x557a, 0x86b0}, //啺
{0x557b, 0xe0b4}, //啻
{0x557c, 0xcce4}, //啼
{0x557d, 0x86b1}, //啽
{0x557e, 0xe0b1}, //啾
{0x557f, 0x86b2}, //啿
{0x5580, 0xbfa6}, //喀
{0x5581, 0xe0af}, //喁
{0x5582, 0xceb9}, //喂
{0x5583, 0xe0ab}, //喃
{0x5584, 0xc9c6}, //善
{0x5585, 0x86b3}, //喅
{0x5586, 0x86b4}, //喆
{0x5587, 0xc0ae}, //喇
{0x5588, 0xe0ae}, //喈
{0x5589, 0xbaed}, //喉
{0x558a, 0xbab0}, //喊
{0x558b, 0xe0a9}, //喋
{0x558c, 0x86b5}, //喌
{0x558d, 0x86b6}, //喍
{0x558e, 0x86b7}, //喎
{0x558f, 0xdff6}, //喏
{0x5590, 0x86b8}, //喐
{0x5591, 0xe0b3}, //喑
{0x5592, 0x86b9}, //喒
{0x5593, 0x86ba}, //喓
{0x5594, 0xe0b8}, //喔
{0x5595, 0x86bb}, //喕
{0x5596, 0x86bc}, //喖
{0x5597, 0x86bd}, //喗
{0x5598, 0xb4ad}, //喘
{0x5599, 0xe0b9}, //喙
{0x559a, 0x86be}, //喚
{0x559b, 0x86bf}, //喛
{0x559c, 0xcfb2}, //喜
{0x559d, 0xbac8}, //喝
{0x559e, 0x86c0}, //喞
{0x559f, 0xe0b0}, //喟
{0x55a0, 0x86c1}, //喠
{0x55a1, 0x86c2}, //喡
{0x55a2, 0x86c3}, //喢
{0x55a3, 0x86c4}, //喣
{0x55a4, 0x86c5}, //喤
{0x55a5, 0x86c6}, //喥
{0x55a6, 0x86c7}, //喦
{0x55a7, 0xd0fa}, //喧
{0x55a8, 0x86c8}, //喨
{0x55a9, 0x86c9}, //喩
{0x55aa, 0x86ca}, //喪
{0x55ab, 0x86cb}, //喫
{0x55ac, 0x86cc}, //喬
{0x55ad, 0x86cd}, //喭
{0x55ae, 0x86ce}, //單
{0x55af, 0x86cf}, //喯
{0x55b0, 0x86d0}, //喰
{0x55b1, 0xe0ac}, //喱
{0x55b2, 0x86d1}, //喲
{0x55b3, 0xd4fb}, //喳
{0x55b4, 0x86d2}, //喴
{0x55b5, 0xdff7}, //喵
{0x55b6, 0x86d3}, //営
{0x55b7, 0xc5e7}, //喷
{0x55b8, 0x86d4}, //喸
{0x55b9, 0xe0ad}, //喹
{0x55ba, 0x86d5}, //喺
{0x55bb, 0xd3f7}, //喻
{0x55bc, 0x86d6}, //喼
{0x55bd, 0xe0b6}, //喽
{0x55be, 0xe0b7}, //喾
{0x55bf, 0x86d7}, //喿
{0x55c0, 0x86d8}, //嗀
{0x55c1, 0x86d9}, //嗁
{0x55c2, 0x86da}, //嗂
{0x55c3, 0x86db}, //嗃
{0x55c4, 0xe0c4}, //嗄
{0x55c5, 0xd0e1}, //嗅
{0x55c6, 0x86dc}, //嗆
{0x55c7, 0x86dd}, //嗇
{0x55c8, 0x86de}, //嗈
{0x55c9, 0xe0bc}, //嗉
{0x55ca, 0x86df}, //嗊
{0x55cb, 0x86e0}, //嗋
{0x55cc, 0xe0c9}, //嗌
{0x55cd, 0xe0ca}, //嗍
{0x55ce, 0x86e1}, //嗎
{0x55cf, 0x86e2}, //嗏
{0x55d0, 0x86e3}, //嗐
{0x55d1, 0xe0be}, //嗑
{0x55d2, 0xe0aa}, //嗒
{0x55d3, 0xc9a4}, //嗓
{0x55d4, 0xe0c1}, //嗔
{0x55d5, 0x86e4}, //嗕
{0x55d6, 0xe0b2}, //嗖
{0x55d7, 0x86e5}, //嗗
{0x55d8, 0x86e6}, //嗘
{0x55d9, 0x86e7}, //嗙
{0x55da, 0x86e8}, //嗚
{0x55db, 0x86e9}, //嗛
{0x55dc, 0xcac8}, //嗜
{0x55dd, 0xe0c3}, //嗝
{0x55de, 0x86ea}, //嗞
{0x55df, 0xe0b5}, //嗟
{0x55e0, 0x86eb}, //嗠
{0x55e1, 0xcecb}, //嗡
{0x55e2, 0x86ec}, //嗢
{0x55e3, 0xcbc3}, //嗣
{0x55e4, 0xe0cd}, //嗤
{0x55e5, 0xe0c6}, //嗥
{0x55e6, 0xe0c2}, //嗦
{0x55e7, 0x86ed}, //嗧
{0x55e8, 0xe0cb}, //嗨
{0x55e9, 0x86ee}, //嗩
{0x55ea, 0xe0ba}, //嗪
{0x55eb, 0xe0bf}, //嗫
{0x55ec, 0xe0c0}, //嗬
{0x55ed, 0x86ef}, //嗭
{0x55ee, 0x86f0}, //嗮
{0x55ef, 0xe0c5}, //嗯
{0x55f0, 0x86f1}, //嗰
{0x55f1, 0x86f2}, //嗱
{0x55f2, 0xe0c7}, //嗲
{0x55f3, 0xe0c8}, //嗳
{0x55f4, 0x86f3}, //嗴
{0x55f5, 0xe0cc}, //嗵
{0x55f6, 0x86f4}, //嗶
{0x55f7, 0xe0bb}, //嗷
{0x55f8, 0x86f5}, //嗸
{0x55f9, 0x86f6}, //嗹
{0x55fa, 0x86f7}, //嗺
{0x55fb, 0x86f8}, //嗻
{0x55fc, 0x86f9}, //嗼
{0x55fd, 0xcbd4}, //嗽
{0x55fe, 0xe0d5}, //嗾
{0x55ff, 0x86fa}, //嗿
{0x5600, 0xe0d6}, //嘀
{0x5601, 0xe0d2}, //嘁
{0x5602, 0x86fb}, //嘂
{0x5603, 0x86fc}, //嘃
{0x5604, 0x86fd}, //嘄
{0x5605, 0x86fe}, //嘅
{0x5606, 0x8740}, //嘆
{0x5607, 0x8741}, //嘇
{0x5608, 0xe0d0}, //嘈
{0x5609, 0xbcce}, //嘉
{0x560a, 0x8742}, //嘊
{0x560b, 0x8743}, //嘋
{0x560c, 0xe0d1}, //嘌
{0x560d, 0x8744}, //嘍
{0x560e, 0xb8c2}, //嘎
{0x560f, 0xd8c5}, //嘏
{0x5610, 0x8745}, //嘐
{0x5611, 0x8746}, //嘑
{0x5612, 0x8747}, //嘒
{0x5613, 0x8748}, //嘓
{0x5614, 0x8749}, //嘔
{0x5615, 0x874a}, //嘕
{0x5616, 0x874b}, //嘖
{0x5617, 0x874c}, //嘗
{0x5618, 0xd0ea}, //嘘
{0x5619, 0x874d}, //嘙
{0x561a, 0x874e}, //嘚
{0x561b, 0xc2ef}, //嘛
{0x561c, 0x874f}, //嘜
{0x561d, 0x8750}, //嘝
{0x561e, 0xe0cf}, //嘞
{0x561f, 0xe0bd}, //嘟
{0x5620, 0x8751}, //嘠
{0x5621, 0x8752}, //嘡
{0x5622, 0x8753}, //嘢
{0x5623, 0xe0d4}, //嘣
{0x5624, 0xe0d3}, //嘤
{0x5625, 0x8754}, //嘥
{0x5626, 0x8755}, //嘦
{0x5627, 0xe0d7}, //嘧
{0x5628, 0x8756}, //嘨
{0x5629, 0x8757}, //嘩
{0x562a, 0x8758}, //嘪
{0x562b, 0x8759}, //嘫
{0x562c, 0xe0dc}, //嘬
{0x562d, 0xe0d8}, //嘭
{0x562e, 0x875a}, //嘮
{0x562f, 0x875b}, //嘯
{0x5630, 0x875c}, //嘰
{0x5631, 0xd6f6}, //嘱
{0x5632, 0xb3b0}, //嘲
{0x5633, 0x875d}, //嘳
{0x5634, 0xd7ec}, //嘴
{0x5635, 0x875e}, //嘵
{0x5636, 0xcbbb}, //嘶
{0x5637, 0x875f}, //嘷
{0x5638, 0x8760}, //嘸
{0x5639, 0xe0da}, //嘹
{0x563a, 0x8761}, //嘺
{0x563b, 0xcefb}, //嘻
{0x563c, 0x8762}, //嘼
{0x563d, 0x8763}, //嘽
{0x563e, 0x8764}, //嘾
{0x563f, 0xbad9}, //嘿
{0x5640, 0x8765}, //噀
{0x5641, 0x8766}, //噁
{0x5642, 0x8767}, //噂
{0x5643, 0x8768}, //噃
{0x5644, 0x8769}, //噄
{0x5645, 0x876a}, //噅
{0x5646, 0x876b}, //噆
{0x5647, 0x876c}, //噇
{0x5648, 0x876d}, //噈
{0x5649, 0x876e}, //噉
{0x564a, 0x876f}, //噊
{0x564b, 0x8770}, //噋
{0x564c, 0xe0e1}, //噌
{0x564d, 0xe0dd}, //噍
{0x564e, 0xd2ad}, //噎
{0x564f, 0x8771}, //噏
{0x5650, 0x8772}, //噐
{0x5651, 0x8773}, //噑
{0x5652, 0x8774}, //噒
{0x5653, 0x8775}, //噓
{0x5654, 0xe0e2}, //噔
{0x5655, 0x8776}, //噕
{0x5656, 0x8777}, //噖
{0x5657, 0xe0db}, //噗
{0x5658, 0xe0d9}, //噘
{0x5659, 0xe0df}, //噙
{0x565a, 0x8778}, //噚
{0x565b, 0x8779}, //噛
{0x565c, 0xe0e0}, //噜
{0x565d, 0x877a}, //噝
{0x565e, 0x877b}, //噞
{0x565f, 0x877c}, //噟
{0x5660, 0x877d}, //噠
{0x5661, 0x877e}, //噡
{0x5662, 0xe0de}, //噢
{0x5663, 0x8780}, //噣
{0x5664, 0xe0e4}, //噤
{0x5665, 0x8781}, //噥
{0x5666, 0x8782}, //噦
{0x5667, 0x8783}, //噧
{0x5668, 0xc6f7}, //器
{0x5669, 0xd8ac}, //噩
{0x566a, 0xd4eb}, //噪
{0x566b, 0xe0e6}, //噫
{0x566c, 0xcac9}, //噬
{0x566d, 0x8784}, //噭
{0x566e, 0x8785}, //噮
{0x566f, 0x8786}, //噯
{0x5670, 0x8787}, //噰
{0x5671, 0xe0e5}, //噱
{0x5672, 0x8788}, //噲
{0x5673, 0x8789}, //噳
{0x5674, 0x878a}, //噴
{0x5675, 0x878b}, //噵
{0x5676, 0xb8c1}, //噶
{0x5677, 0x878c}, //噷
{0x5678, 0x878d}, //噸
{0x5679, 0x878e}, //噹
{0x567a, 0x878f}, //噺
{0x567b, 0xe0e7}, //噻
{0x567c, 0xe0e8}, //噼
{0x567d, 0x8790}, //噽
{0x567e, 0x8791}, //噾
{0x567f, 0x8792}, //噿
{0x5680, 0x8793}, //嚀
{0x5681, 0x8794}, //嚁
{0x5682, 0x8795}, //嚂
{0x5683, 0x8796}, //嚃
{0x5684, 0x8797}, //嚄
{0x5685, 0xe0e9}, //嚅
{0x5686, 0xe0e3}, //嚆
{0x5687, 0x8798}, //嚇
{0x5688, 0x8799}, //嚈
{0x5689, 0x879a}, //嚉
{0x568a, 0x879b}, //嚊
{0x568b, 0x879c}, //嚋
{0x568c, 0x879d}, //嚌
{0x568d, 0x879e}, //嚍
{0x568e, 0xbabf}, //嚎
{0x568f, 0xcce7}, //嚏
{0x5690, 0x879f}, //嚐
{0x5691, 0x87a0}, //嚑
{0x5692, 0x87a1}, //嚒
{0x5693, 0xe0ea}, //嚓
{0x5694, 0x87a2}, //嚔
{0x5695, 0x87a3}, //嚕
{0x5696, 0x87a4}, //嚖
{0x5697, 0x87a5}, //嚗
{0x5698, 0x87a6}, //嚘
{0x5699, 0x87a7}, //嚙
{0x569a, 0x87a8}, //嚚
{0x569b, 0x87a9}, //嚛
{0x569c, 0x87aa}, //嚜
{0x569d, 0x87ab}, //嚝
{0x569e, 0x87ac}, //嚞
{0x569f, 0x87ad}, //嚟
{0x56a0, 0x87ae}, //嚠
{0x56a1, 0x87af}, //嚡
{0x56a2, 0x87b0}, //嚢
{0x56a3, 0xcff9}, //嚣
{0x56a4, 0x87b1}, //嚤
{0x56a5, 0x87b2}, //嚥
{0x56a6, 0x87b3}, //嚦
{0x56a7, 0x87b4}, //嚧
{0x56a8, 0x87b5}, //嚨
{0x56a9, 0x87b6}, //嚩
{0x56aa, 0x87b7}, //嚪
{0x56ab, 0x87b8}, //嚫
{0x56ac, 0x87b9}, //嚬
{0x56ad, 0x87ba}, //嚭
{0x56ae, 0x87bb}, //嚮
{0x56af, 0xe0eb}, //嚯
{0x56b0, 0x87bc}, //嚰
{0x56b1, 0x87bd}, //嚱
{0x56b2, 0x87be}, //嚲
{0x56b3, 0x87bf}, //嚳
{0x56b4, 0x87c0}, //嚴
{0x56b5, 0x87c1}, //嚵
{0x56b6, 0x87c2}, //嚶
{0x56b7, 0xc8c2}, //嚷
{0x56b8, 0x87c3}, //嚸
{0x56b9, 0x87c4}, //嚹
{0x56ba, 0x87c5}, //嚺
{0x56bb, 0x87c6}, //嚻
{0x56bc, 0xbdc0}, //嚼
{0x56bd, 0x87c7}, //嚽
{0x56be, 0x87c8}, //嚾
{0x56bf, 0x87c9}, //嚿
{0x56c0, 0x87ca}, //囀
{0x56c1, 0x87cb}, //囁
{0x56c2, 0x87cc}, //囂
{0x56c3, 0x87cd}, //囃
{0x56c4, 0x87ce}, //囄
{0x56c5, 0x87cf}, //囅
{0x56c6, 0x87d0}, //囆
{0x56c7, 0x87d1}, //囇
{0x56c8, 0x87d2}, //囈
{0x56c9, 0x87d3}, //囉
{0x56ca, 0xc4d2}, //囊
{0x56cb, 0x87d4}, //囋
{0x56cc, 0x87d5}, //囌
{0x56cd, 0x87d6}, //囍
{0x56ce, 0x87d7}, //囎
{0x56cf, 0x87d8}, //囏
{0x56d0, 0x87d9}, //囐
{0x56d1, 0x87da}, //囑
{0x56d2, 0x87db}, //囒
{0x56d3, 0x87dc}, //囓
{0x56d4, 0xe0ec}, //囔
{0x56d5, 0x87dd}, //囕
{0x56d6, 0x87de}, //囖
{0x56d7, 0xe0ed}, //囗
{0x56d8, 0x87df}, //囘
{0x56d9, 0x87e0}, //囙
{0x56da, 0xc7f4}, //囚
{0x56db, 0xcbc4}, //四
{0x56dc, 0x87e1}, //囜
{0x56dd, 0xe0ee}, //囝
{0x56de, 0xbbd8}, //回
{0x56df, 0xd8b6}, //囟
{0x56e0, 0xd2f2}, //因
{0x56e1, 0xe0ef}, //囡
{0x56e2, 0xcdc5}, //团
{0x56e3, 0x87e2}, //団
{0x56e4, 0xb6da}, //囤
{0x56e5, 0x87e3}, //囥
{0x56e6, 0x87e4}, //囦
{0x56e7, 0x87e5}, //囧
{0x56e8, 0x87e6}, //囨
{0x56e9, 0x87e7}, //囩
{0x56ea, 0x87e8}, //囪
{0x56eb, 0xe0f1}, //囫
{0x56ec, 0x87e9}, //囬
{0x56ed, 0xd4b0}, //园
{0x56ee, 0x87ea}, //囮
{0x56ef, 0x87eb}, //囯
{0x56f0, 0xc0a7}, //困
{0x56f1, 0xb4d1}, //囱
{0x56f2, 0x87ec}, //囲
{0x56f3, 0x87ed}, //図
{0x56f4, 0xcea7}, //围
{0x56f5, 0xe0f0}, //囵
{0x56f6, 0x87ee}, //囶
{0x56f7, 0x87ef}, //囷
{0x56f8, 0x87f0}, //囸
{0x56f9, 0xe0f2}, //囹
{0x56fa, 0xb9cc}, //固
{0x56fb, 0x87f1}, //囻
{0x56fc, 0x87f2}, //囼
{0x56fd, 0xb9fa}, //国
{0x56fe, 0xcdbc}, //图
{0x56ff, 0xe0f3}, //囿
{0x5700, 0x87f3}, //圀
{0x5701, 0x87f4}, //圁
{0x5702, 0x87f5}, //圂
{0x5703, 0xc6d4}, //圃
{0x5704, 0xe0f4}, //圄
{0x5705, 0x87f6}, //圅
{0x5706, 0xd4b2}, //圆
{0x5707, 0x87f7}, //圇
{0x5708, 0xc8a6}, //圈
{0x5709, 0xe0f6}, //圉
{0x570a, 0xe0f5}, //圊
{0x570b, 0x87f8}, //國
{0x570c, 0x87f9}, //圌
{0x570d, 0x87fa}, //圍
{0x570e, 0x87fb}, //圎
{0x570f, 0x87fc}, //圏
{0x5710, 0x87fd}, //圐
{0x5711, 0x87fe}, //圑
{0x5712, 0x8840}, //園
{0x5713, 0x8841}, //圓
{0x5714, 0x8842}, //圔
{0x5715, 0x8843}, //圕
{0x5716, 0x8844}, //圖
{0x5717, 0x8845}, //圗
{0x5718, 0x8846}, //團
{0x5719, 0x8847}, //圙
{0x571a, 0x8848}, //圚
{0x571b, 0x8849}, //圛
{0x571c, 0xe0f7}, //圜
{0x571d, 0x884a}, //圝
{0x571e, 0x884b}, //圞
{0x571f, 0xcdc1}, //土
{0x5720, 0x884c}, //圠
{0x5721, 0x884d}, //圡
{0x5722, 0x884e}, //圢
{0x5723, 0xcaa5}, //圣
{0x5724, 0x884f}, //圤
{0x5725, 0x8850}, //圥
{0x5726, 0x8851}, //圦
{0x5727, 0x8852}, //圧
{0x5728, 0xd4da}, //在
{0x5729, 0xdbd7}, //圩
{0x572a, 0xdbd9}, //圪
{0x572b, 0x8853}, //圫
{0x572c, 0xdbd8}, //圬
{0x572d, 0xb9e7}, //圭
{0x572e, 0xdbdc}, //圮
{0x572f, 0xdbdd}, //圯
{0x5730, 0xb5d8}, //地
{0x5731, 0x8854}, //圱
{0x5732, 0x8855}, //圲
{0x5733, 0xdbda}, //圳
{0x5734, 0x8856}, //圴
{0x5735, 0x8857}, //圵
{0x5736, 0x8858}, //圶
{0x5737, 0x8859}, //圷
{0x5738, 0x885a}, //圸
{0x5739, 0xdbdb}, //圹
{0x573a, 0xb3a1}, //场
{0x573b, 0xdbdf}, //圻
{0x573c, 0x885b}, //圼
{0x573d, 0x885c}, //圽
{0x573e, 0xbbf8}, //圾
{0x573f, 0x885d}, //圿
{0x5740, 0xd6b7}, //址
{0x5741, 0x885e}, //坁
{0x5742, 0xdbe0}, //坂
{0x5743, 0x885f}, //坃
{0x5744, 0x8860}, //坄
{0x5745, 0x8861}, //坅
{0x5746, 0x8862}, //坆
{0x5747, 0xbef9}, //均
{0x5748, 0x8863}, //坈
{0x5749, 0x8864}, //坉
{0x574a, 0xb7bb}, //坊
{0x574b, 0x8865}, //坋
{0x574c, 0xdbd0}, //坌
{0x574d, 0xccae}, //坍
{0x574e, 0xbfb2}, //坎
{0x574f, 0xbbb5}, //坏
{0x5750, 0xd7f8}, //坐
{0x5751, 0xbfd3}, //坑
{0x5752, 0x8866}, //坒
{0x5753, 0x8867}, //坓
{0x5754, 0x8868}, //坔
{0x5755, 0x8869}, //坕
{0x5756, 0x886a}, //坖
{0x5757, 0xbfe9}, //块
{0x5758, 0x886b}, //坘
{0x5759, 0x886c}, //坙
{0x575a, 0xbce1}, //坚
{0x575b, 0xccb3}, //坛
{0x575c, 0xdbde}, //坜
{0x575d, 0xb0d3}, //坝
{0x575e, 0xceeb}, //坞
{0x575f, 0xb7d8}, //坟
{0x5760, 0xd7b9}, //坠
{0x5761, 0xc6c2}, //坡
{0x5762, 0x886d}, //坢
{0x5763, 0x886e}, //坣
{0x5764, 0xc0a4}, //坤
{0x5765, 0x886f}, //坥
{0x5766, 0xccb9}, //坦
{0x5767, 0x8870}, //坧
{0x5768, 0xdbe7}, //坨
{0x5769, 0xdbe1}, //坩
{0x576a, 0xc6ba}, //坪
{0x576b, 0xdbe3}, //坫
{0x576c, 0x8871}, //坬
{0x576d, 0xdbe8}, //坭
{0x576e, 0x8872}, //坮
{0x576f, 0xc5f7}, //坯
{0x5770, 0x8873}, //坰
{0x5771, 0x8874}, //坱
{0x5772, 0x8875}, //坲
{0x5773, 0xdbea}, //坳
{0x5774, 0x8876}, //坴
{0x5775, 0x8877}, //坵
{0x5776, 0xdbe9}, //坶
{0x5777, 0xbfc0}, //坷
{0x5778, 0x8878}, //坸
{0x5779, 0x8879}, //坹
{0x577a, 0x887a}, //坺
{0x577b, 0xdbe6}, //坻
{0x577c, 0xdbe5}, //坼
{0x577d, 0x887b}, //坽
{0x577e, 0x887c}, //坾
{0x577f, 0x887d}, //坿
{0x5780, 0x887e}, //垀
{0x5781, 0x8880}, //垁
{0x5782, 0xb4b9}, //垂
{0x5783, 0xc0ac}, //垃
{0x5784, 0xc2a2}, //垄
{0x5785, 0xdbe2}, //垅
{0x5786, 0xdbe4}, //垆
{0x5787, 0x8881}, //垇
{0x5788, 0x8882}, //垈
{0x5789, 0x8883}, //垉
{0x578a, 0x8884}, //垊
{0x578b, 0xd0cd}, //型
{0x578c, 0xdbed}, //垌
{0x578d, 0x8885}, //垍
{0x578e, 0x8886}, //垎
{0x578f, 0x8887}, //垏
{0x5790, 0x8888}, //垐
{0x5791, 0x8889}, //垑
{0x5792, 0xc0dd}, //垒
{0x5793, 0xdbf2}, //垓
{0x5794, 0x888a}, //垔
{0x5795, 0x888b}, //垕
{0x5796, 0x888c}, //垖
{0x5797, 0x888d}, //垗
{0x5798, 0x888e}, //垘
{0x5799, 0x888f}, //垙
{0x579a, 0x8890}, //垚
{0x579b, 0xb6e2}, //垛
{0x579c, 0x8891}, //垜
{0x579d, 0x8892}, //垝
{0x579e, 0x8893}, //垞
{0x579f, 0x8894}, //垟
{0x57a0, 0xdbf3}, //垠
{0x57a1, 0xdbd2}, //垡
{0x57a2, 0xb9b8}, //垢
{0x57a3, 0xd4ab}, //垣
{0x57a4, 0xdbec}, //垤
{0x57a5, 0x8895}, //垥
{0x57a6, 0xbfd1}, //垦
{0x57a7, 0xdbf0}, //垧
{0x57a8, 0x8896}, //垨
{0x57a9, 0xdbd1}, //垩
{0x57aa, 0x8897}, //垪
{0x57ab, 0xb5e6}, //垫
{0x57ac, 0x8898}, //垬
{0x57ad, 0xdbeb}, //垭
{0x57ae, 0xbfe5}, //垮
{0x57af, 0x8899}, //垯
{0x57b0, 0x889a}, //垰
{0x57b1, 0x889b}, //垱
{0x57b2, 0xdbee}, //垲
{0x57b3, 0x889c}, //垳
{0x57b4, 0xdbf1}, //垴
{0x57b5, 0x889d}, //垵
{0x57b6, 0x889e}, //垶
{0x57b7, 0x889f}, //垷
{0x57b8, 0xdbf9}, //垸
{0x57b9, 0x88a0}, //垹
{0x57ba, 0x88a1}, //垺
{0x57bb, 0x88a2}, //垻
{0x57bc, 0x88a3}, //垼
{0x57bd, 0x88a4}, //垽
{0x57be, 0x88a5}, //垾
{0x57bf, 0x88a6}, //垿
{0x57c0, 0x88a7}, //埀
{0x57c1, 0x88a8}, //埁
{0x57c2, 0xb9a1}, //埂
{0x57c3, 0xb0a3}, //埃
{0x57c4, 0x88a9}, //埄
{0x57c5, 0x88aa}, //埅
{0x57c6, 0x88ab}, //埆
{0x57c7, 0x88ac}, //埇
{0x57c8, 0x88ad}, //埈
{0x57c9, 0x88ae}, //埉
{0x57ca, 0x88af}, //埊
{0x57cb, 0xc2f1}, //埋
{0x57cc, 0x88b0}, //埌
{0x57cd, 0x88b1}, //埍
{0x57ce, 0xb3c7}, //城
{0x57cf, 0xdbef}, //埏
{0x57d0, 0x88b2}, //埐
{0x57d1, 0x88b3}, //埑
{0x57d2, 0xdbf8}, //埒
{0x57d3, 0x88b4}, //埓
{0x57d4, 0xc6d2}, //埔
{0x57d5, 0xdbf4}, //埕
{0x57d6, 0x88b5}, //埖
{0x57d7, 0x88b6}, //埗
{0x57d8, 0xdbf5}, //埘
{0x57d9, 0xdbf7}, //埙
{0x57da, 0xdbf6}, //埚
{0x57db, 0x88b7}, //埛
{0x57dc, 0x88b8}, //埜
{0x57dd, 0xdbfe}, //埝
{0x57de, 0x88b9}, //埞
{0x57df, 0xd3f2}, //域
{0x57e0, 0xb2ba}, //埠
{0x57e1, 0x88ba}, //埡
{0x57e2, 0x88bb}, //埢
{0x57e3, 0x88bc}, //埣
{0x57e4, 0xdbfd}, //埤
{0x57e5, 0x88bd}, //埥
{0x57e6, 0x88be}, //埦
{0x57e7, 0x88bf}, //埧
{0x57e8, 0x88c0}, //埨
{0x57e9, 0x88c1}, //埩
{0x57ea, 0x88c2}, //埪
{0x57eb, 0x88c3}, //埫
{0x57ec, 0x88c4}, //埬
{0x57ed, 0xdca4}, //埭
{0x57ee, 0x88c5}, //埮
{0x57ef, 0xdbfb}, //埯
{0x57f0, 0x88c6}, //埰
{0x57f1, 0x88c7}, //埱
{0x57f2, 0x88c8}, //埲
{0x57f3, 0x88c9}, //埳
{0x57f4, 0xdbfa}, //埴
{0x57f5, 0x88ca}, //埵
{0x57f6, 0x88cb}, //埶
{0x57f7, 0x88cc}, //執
{0x57f8, 0xdbfc}, //埸
{0x57f9, 0xc5e0}, //培
{0x57fa, 0xbbf9}, //基
{0x57fb, 0x88cd}, //埻
{0x57fc, 0x88ce}, //埼
{0x57fd, 0xdca3}, //埽
{0x57fe, 0x88cf}, //埾
{0x57ff, 0x88d0}, //埿
{0x5800, 0xdca5}, //堀
{0x5801, 0x88d1}, //堁
{0x5802, 0xccc3}, //堂
{0x5803, 0x88d2}, //堃
{0x5804, 0x88d3}, //堄
{0x5805, 0x88d4}, //堅
{0x5806, 0xb6d1}, //堆
{0x5807, 0xddc0}, //堇
{0x5808, 0x88d5}, //堈
{0x5809, 0x88d6}, //堉
{0x580a, 0x88d7}, //堊
{0x580b, 0xdca1}, //堋
{0x580c, 0x88d8}, //堌
{0x580d, 0xdca2}, //堍
{0x580e, 0x88d9}, //堎
{0x580f, 0x88da}, //堏
{0x5810, 0x88db}, //堐
{0x5811, 0xc7b5}, //堑
{0x5812, 0x88dc}, //堒
{0x5813, 0x88dd}, //堓
{0x5814, 0x88de}, //堔
{0x5815, 0xb6e9}, //堕
{0x5816, 0x88df}, //堖
{0x5817, 0x88e0}, //堗
{0x5818, 0x88e1}, //堘
{0x5819, 0xdca7}, //堙
{0x581a, 0x88e2}, //堚
{0x581b, 0x88e3}, //堛
{0x581c, 0x88e4}, //堜
{0x581d, 0x88e5}, //堝
{0x581e, 0xdca6}, //堞
{0x581f, 0x88e6}, //堟
{0x5820, 0xdca9}, //堠
{0x5821, 0xb1a4}, //堡
{0x5822, 0x88e7}, //堢
{0x5823, 0x88e8}, //堣
{0x5824, 0xb5cc}, //堤
{0x5825, 0x88e9}, //堥
{0x5826, 0x88ea}, //堦
{0x5827, 0x88eb}, //堧
{0x5828, 0x88ec}, //堨
{0x5829, 0x88ed}, //堩
{0x582a, 0xbfb0}, //堪
{0x582b, 0x88ee}, //堫
{0x582c, 0x88ef}, //堬
{0x582d, 0x88f0}, //堭
{0x582e, 0x88f1}, //堮
{0x582f, 0x88f2}, //堯
{0x5830, 0xd1df}, //堰
{0x5831, 0x88f3}, //報
{0x5832, 0x88f4}, //堲
{0x5833, 0x88f5}, //堳
{0x5834, 0x88f6}, //場
{0x5835, 0xb6c2}, //堵
{0x5836, 0x88f7}, //堶
{0x5837, 0x88f8}, //堷
{0x5838, 0x88f9}, //堸
{0x5839, 0x88fa}, //堹
{0x583a, 0x88fb}, //堺
{0x583b, 0x88fc}, //堻
{0x583c, 0x88fd}, //堼
{0x583d, 0x88fe}, //堽
{0x583e, 0x8940}, //堾
{0x583f, 0x8941}, //堿
{0x5840, 0x8942}, //塀
{0x5841, 0x8943}, //塁
{0x5842, 0x8944}, //塂
{0x5843, 0x8945}, //塃
{0x5844, 0xdca8}, //塄
{0x5845, 0x8946}, //塅
{0x5846, 0x8947}, //塆
{0x5847, 0x8948}, //塇
{0x5848, 0x8949}, //塈
{0x5849, 0x894a}, //塉
{0x584a, 0x894b}, //塊
{0x584b, 0x894c}, //塋
{0x584c, 0xcbfa}, //塌
{0x584d, 0xebf3}, //塍
{0x584e, 0x894d}, //塎
{0x584f, 0x894e}, //塏
{0x5850, 0x894f}, //塐
{0x5851, 0xcbdc}, //塑
{0x5852, 0x8950}, //塒
{0x5853, 0x8951}, //塓
{0x5854, 0xcbfe}, //塔
{0x5855, 0x8952}, //塕
{0x5856, 0x8953}, //塖
{0x5857, 0x8954}, //塗
{0x5858, 0xccc1}, //塘
{0x5859, 0x8955}, //塙
{0x585a, 0x8956}, //塚
{0x585b, 0x8957}, //塛
{0x585c, 0x8958}, //塜
{0x585d, 0x8959}, //塝
{0x585e, 0xc8fb}, //塞
{0x585f, 0x895a}, //塟
{0x5860, 0x895b}, //塠
{0x5861, 0x895c}, //塡
{0x5862, 0x895d}, //塢
{0x5863, 0x895e}, //塣
{0x5864, 0x895f}, //塤
{0x5865, 0xdcaa}, //塥
{0x5866, 0x8960}, //塦
{0x5867, 0x8961}, //塧
{0x5868, 0x8962}, //塨
{0x5869, 0x8963}, //塩
{0x586a, 0x8964}, //塪
{0x586b, 0xccee}, //填
{0x586c, 0xdcab}, //塬
{0x586d, 0x8965}, //塭
{0x586e, 0x8966}, //塮
{0x586f, 0x8967}, //塯
{0x5870, 0x8968}, //塰
{0x5871, 0x8969}, //塱
{0x5872, 0x896a}, //塲
{0x5873, 0x896b}, //塳
{0x5874, 0x896c}, //塴
{0x5875, 0x896d}, //塵
{0x5876, 0x896e}, //塶
{0x5877, 0x896f}, //塷
{0x5878, 0x8970}, //塸
{0x5879, 0x8971}, //塹
{0x587a, 0x8972}, //塺
{0x587b, 0x8973}, //塻
{0x587c, 0x8974}, //塼
{0x587d, 0x8975}, //塽
{0x587e, 0xdbd3}, //塾
{0x587f, 0x8976}, //塿
{0x5880, 0xdcaf}, //墀
{0x5881, 0xdcac}, //墁
{0x5882, 0x8977}, //墂
{0x5883, 0xbeb3}, //境
{0x5884, 0x8978}, //墄
{0x5885, 0xcafb}, //墅
{0x5886, 0x8979}, //墆
{0x5887, 0x897a}, //墇
{0x5888, 0x897b}, //墈
{0x5889, 0xdcad}, //墉
{0x588a, 0x897c}, //墊
{0x588b, 0x897d}, //墋
{0x588c, 0x897e}, //墌
{0x588d, 0x8980}, //墍
{0x588e, 0x8981}, //墎
{0x588f, 0x8982}, //墏
{0x5890, 0x8983}, //墐
{0x5891, 0x8984}, //墑
{0x5892, 0xc9ca}, //墒
{0x5893, 0xc4b9}, //墓
{0x5894, 0x8985}, //墔
{0x5895, 0x8986}, //墕
{0x5896, 0x8987}, //墖
{0x5897, 0x8988}, //増
{0x5898, 0x8989}, //墘
{0x5899, 0xc7bd}, //墙
{0x589a, 0xdcae}, //墚
{0x589b, 0x898a}, //墛
{0x589c, 0x898b}, //墜
{0x589d, 0x898c}, //墝
{0x589e, 0xd4f6}, //增
{0x589f, 0xd0e6}, //墟
{0x58a0, 0x898d}, //墠
{0x58a1, 0x898e}, //墡
{0x58a2, 0x898f}, //墢
{0x58a3, 0x8990}, //墣
{0x58a4, 0x8991}, //墤
{0x58a5, 0x8992}, //墥
{0x58a6, 0x8993}, //墦
{0x58a7, 0x8994}, //墧
{0x58a8, 0xc4ab}, //墨
{0x58a9, 0xb6d5}, //墩
{0x58aa, 0x8995}, //墪
{0x58ab, 0x8996}, //墫
{0x58ac, 0x8997}, //墬
{0x58ad, 0x8998}, //墭
{0x58ae, 0x8999}, //墮
{0x58af, 0x899a}, //墯
{0x58b0, 0x899b}, //墰
{0x58b1, 0x899c}, //墱
{0x58b2, 0x899d}, //墲
{0x58b3, 0x899e}, //墳
{0x58b4, 0x899f}, //墴
{0x58b5, 0x89a0}, //墵
{0x58b6, 0x89a1}, //墶
{0x58b7, 0x89a2}, //墷
{0x58b8, 0x89a3}, //墸
{0x58b9, 0x89a4}, //墹
{0x58ba, 0x89a5}, //墺
{0x58bb, 0x89a6}, //墻
{0x58bc, 0xdbd4}, //墼
{0x58bd, 0x89a7}, //墽
{0x58be, 0x89a8}, //墾
{0x58bf, 0x89a9}, //墿
{0x58c0, 0x89aa}, //壀
{0x58c1, 0xb1da}, //壁
{0x58c2, 0x89ab}, //壂
{0x58c3, 0x89ac}, //壃
{0x58c4, 0x89ad}, //壄
{0x58c5, 0xdbd5}, //壅
{0x58c6, 0x89ae}, //壆
{0x58c7, 0x89af}, //壇
{0x58c8, 0x89b0}, //壈
{0x58c9, 0x89b1}, //壉
{0x58ca, 0x89b2}, //壊
{0x58cb, 0x89b3}, //壋
{0x58cc, 0x89b4}, //壌
{0x58cd, 0x89b5}, //壍
{0x58ce, 0x89b6}, //壎
{0x58cf, 0x89b7}, //壏
{0x58d0, 0x89b8}, //壐
{0x58d1, 0xdbd6}, //壑
{0x58d2, 0x89b9}, //壒
{0x58d3, 0x89ba}, //壓
{0x58d4, 0x89bb}, //壔
{0x58d5, 0xbabe}, //壕
{0x58d6, 0x89bc}, //壖
{0x58d7, 0x89bd}, //壗
{0x58d8, 0x89be}, //壘
{0x58d9, 0x89bf}, //壙
{0x58da, 0x89c0}, //壚
{0x58db, 0x89c1}, //壛
{0x58dc, 0x89c2}, //壜
{0x58dd, 0x89c3}, //壝
{0x58de, 0x89c4}, //壞
{0x58df, 0x89c5}, //壟
{0x58e0, 0x89c6}, //壠
{0x58e1, 0x89c7}, //壡
{0x58e2, 0x89c8}, //壢
{0x58e3, 0x89c9}, //壣
{0x58e4, 0xc8c0}, //壤
{0x58e5, 0x89ca}, //壥
{0x58e6, 0x89cb}, //壦
{0x58e7, 0x89cc}, //壧
{0x58e8, 0x89cd}, //壨
{0x58e9, 0x89ce}, //壩
{0x58ea, 0x89cf}, //壪
{0x58eb, 0xcabf}, //士
{0x58ec, 0xc8c9}, //壬
{0x58ed, 0x89d0}, //壭
{0x58ee, 0xd7b3}, //壮
{0x58ef, 0x89d1}, //壯
{0x58f0, 0xc9f9}, //声
{0x58f1, 0x89d2}, //壱
{0x58f2, 0x89d3}, //売
{0x58f3, 0xbfc7}, //壳
{0x58f4, 0x89d4}, //壴
{0x58f5, 0x89d5}, //壵
{0x58f6, 0xbaf8}, //壶
{0x58f7, 0x89d6}, //壷
{0x58f8, 0x89d7}, //壸
{0x58f9, 0xd2bc}, //壹
{0x58fa, 0x89d8}, //壺
{0x58fb, 0x89d9}, //壻
{0x58fc, 0x89da}, //壼
{0x58fd, 0x89db}, //壽
{0x58fe, 0x89dc}, //壾
{0x58ff, 0x89dd}, //壿
{0x5900, 0x89de}, //夀
{0x5901, 0x89df}, //夁
{0x5902, 0xe2ba}, //夂
{0x5903, 0x89e0}, //夃
{0x5904, 0xb4a6}, //处
{0x5905, 0x89e1}, //夅
{0x5906, 0x89e2}, //夆
{0x5907, 0xb1b8}, //备
{0x5908, 0x89e3}, //夈
{0x5909, 0x89e4}, //変
{0x590a, 0x89e5}, //夊
{0x590b, 0x89e6}, //夋
{0x590c, 0x89e7}, //夌
{0x590d, 0xb8b4}, //复
{0x590e, 0x89e8}, //夎
{0x590f, 0xcfc4}, //夏
{0x5910, 0x89e9}, //夐
{0x5911, 0x89ea}, //夑
{0x5912, 0x89eb}, //夒
{0x5913, 0x89ec}, //夓
{0x5914, 0xd9e7}, //夔
{0x5915, 0xcfa6}, //夕
{0x5916, 0xcde2}, //外
{0x5917, 0x89ed}, //夗
{0x5918, 0x89ee}, //夘
{0x5919, 0xd9ed}, //夙
{0x591a, 0xb6e0}, //多
{0x591b, 0x89ef}, //夛
{0x591c, 0xd2b9}, //夜
{0x591d, 0x89f0}, //夝
{0x591e, 0x89f1}, //夞
{0x591f, 0xb9bb}, //够
{0x5920, 0x89f2}, //夠
{0x5921, 0x89f3}, //夡
{0x5922, 0x89f4}, //夢
{0x5923, 0x89f5}, //夣
{0x5924, 0xe2b9}, //夤
{0x5925, 0xe2b7}, //夥
{0x5926, 0x89f6}, //夦
{0x5927, 0xb4f3}, //大
{0x5928, 0x89f7}, //夨
{0x5929, 0xccec}, //天
{0x592a, 0xccab}, //太
{0x592b, 0xb7f2}, //夫
{0x592c, 0x89f8}, //夬
{0x592d, 0xd8b2}, //夭
{0x592e, 0xd1eb}, //央
{0x592f, 0xbabb}, //夯
{0x5930, 0x89f9}, //夰
{0x5931, 0xcaa7}, //失
{0x5932, 0x89fa}, //夲
{0x5933, 0x89fb}, //夳
{0x5934, 0xcdb7}, //头
{0x5935, 0x89fc}, //夵
{0x5936, 0x89fd}, //夶
{0x5937, 0xd2c4}, //夷
{0x5938, 0xbfe4}, //夸
{0x5939, 0xbcd0}, //夹
{0x593a, 0xb6e1}, //夺
{0x593b, 0x89fe}, //夻
{0x593c, 0xdec5}, //夼
{0x593d, 0x8a40}, //夽
{0x593e, 0x8a41}, //夾
{0x593f, 0x8a42}, //夿
{0x5940, 0x8a43}, //奀
{0x5941, 0xdec6}, //奁
{0x5942, 0xdbbc}, //奂
{0x5943, 0x8a44}, //奃
{0x5944, 0xd1d9}, //奄
{0x5945, 0x8a45}, //奅
{0x5946, 0x8a46}, //奆
{0x5947, 0xc6e6}, //奇
{0x5948, 0xc4ce}, //奈
{0x5949, 0xb7ee}, //奉
{0x594a, 0x8a47}, //奊
{0x594b, 0xb7dc}, //奋
{0x594c, 0x8a48}, //奌
{0x594d, 0x8a49}, //奍
{0x594e, 0xbffc}, //奎
{0x594f, 0xd7e0}, //奏
{0x5950, 0x8a4a}, //奐
{0x5951, 0xc6f5}, //契
{0x5952, 0x8a4b}, //奒
{0x5953, 0x8a4c}, //奓
{0x5954, 0xb1bc}, //奔
{0x5955, 0xdec8}, //奕
{0x5956, 0xbdb1}, //奖
{0x5957, 0xccd7}, //套
{0x5958, 0xdeca}, //奘
{0x5959, 0x8a4d}, //奙
{0x595a, 0xdec9}, //奚
{0x595b, 0x8a4e}, //奛
{0x595c, 0x8a4f}, //奜
{0x595d, 0x8a50}, //奝
{0x595e, 0x8a51}, //奞
{0x595f, 0x8a52}, //奟
{0x5960, 0xb5ec}, //奠
{0x5961, 0x8a53}, //奡
{0x5962, 0xc9dd}, //奢
{0x5963, 0x8a54}, //奣
{0x5964, 0x8a55}, //奤
{0x5965, 0xb0c2}, //奥
{0x5966, 0x8a56}, //奦
{0x5967, 0x8a57}, //奧
{0x5968, 0x8a58}, //奨
{0x5969, 0x8a59}, //奩
{0x596a, 0x8a5a}, //奪
{0x596b, 0x8a5b}, //奫
{0x596c, 0x8a5c}, //奬
{0x596d, 0x8a5d}, //奭
{0x596e, 0x8a5e}, //奮
{0x596f, 0x8a5f}, //奯
{0x5970, 0x8a60}, //奰
{0x5971, 0x8a61}, //奱
{0x5972, 0x8a62}, //奲
{0x5973, 0xc5ae}, //女
{0x5974, 0xc5ab}, //奴
{0x5975, 0x8a63}, //奵
{0x5976, 0xc4cc}, //奶
{0x5977, 0x8a64}, //奷
{0x5978, 0xbce9}, //奸
{0x5979, 0xcbfd}, //她
{0x597a, 0x8a65}, //奺
{0x597b, 0x8a66}, //奻
{0x597c, 0x8a67}, //奼
{0x597d, 0xbac3}, //好
{0x597e, 0x8a68}, //奾
{0x597f, 0x8a69}, //奿
{0x5980, 0x8a6a}, //妀
{0x5981, 0xe5f9}, //妁
{0x5982, 0xc8e7}, //如
{0x5983, 0xe5fa}, //妃
{0x5984, 0xcdfd}, //妄
{0x5985, 0x8a6b}, //妅
{0x5986, 0xd7b1}, //妆
{0x5987, 0xb8be}, //妇
{0x5988, 0xc2e8}, //妈
{0x5989, 0x8a6c}, //妉
{0x598a, 0xc8d1}, //妊
{0x598b, 0x8a6d}, //妋
{0x598c, 0x8a6e}, //妌
{0x598d, 0xe5fb}, //妍
{0x598e, 0x8a6f}, //妎
{0x598f, 0x8a70}, //妏
{0x5990, 0x8a71}, //妐
{0x5991, 0x8a72}, //妑
{0x5992, 0xb6ca}, //妒
{0x5993, 0xbccb}, //妓
{0x5994, 0x8a73}, //妔
{0x5995, 0x8a74}, //妕
{0x5996, 0xd1fd}, //妖
{0x5997, 0xe6a1}, //妗
{0x5998, 0x8a75}, //妘
{0x5999, 0xc3ee}, //妙
{0x599a, 0x8a76}, //妚
{0x599b, 0x8a77}, //妛
{0x599c, 0x8a78}, //妜
{0x599d, 0x8a79}, //妝
{0x599e, 0xe6a4}, //妞
{0x599f, 0x8a7a}, //妟
{0x59a0, 0x8a7b}, //妠
{0x59a1, 0x8a7c}, //妡
{0x59a2, 0x8a7d}, //妢
{0x59a3, 0xe5fe}, //妣
{0x59a4, 0xe6a5}, //妤
{0x59a5, 0xcdd7}, //妥
{0x59a6, 0x8a7e}, //妦
{0x59a7, 0x8a80}, //妧
{0x59a8, 0xb7c1}, //妨
{0x59a9, 0xe5fc}, //妩
{0x59aa, 0xe5fd}, //妪
{0x59ab, 0xe6a3}, //妫
{0x59ac, 0x8a81}, //妬
{0x59ad, 0x8a82}, //妭
{0x59ae, 0xc4dd}, //妮
{0x59af, 0xe6a8}, //妯
{0x59b0, 0x8a83}, //妰
{0x59b1, 0x8a84}, //妱
{0x59b2, 0xe6a7}, //妲
{0x59b3, 0x8a85}, //妳
{0x59b4, 0x8a86}, //妴
{0x59b5, 0x8a87}, //妵
{0x59b6, 0x8a88}, //妶
{0x59b7, 0x8a89}, //妷
{0x59b8, 0x8a8a}, //妸
{0x59b9, 0xc3c3}, //妹
{0x59ba, 0x8a8b}, //妺
{0x59bb, 0xc6de}, //妻
{0x59bc, 0x8a8c}, //妼
{0x59bd, 0x8a8d}, //妽
{0x59be, 0xe6aa}, //妾
{0x59bf, 0x8a8e}, //妿
{0x59c0, 0x8a8f}, //姀
{0x59c1, 0x8a90}, //姁
{0x59c2, 0x8a91}, //姂
{0x59c3, 0x8a92}, //姃
{0x59c4, 0x8a93}, //姄
{0x59c5, 0x8a94}, //姅
{0x59c6, 0xc4b7}, //姆
{0x59c7, 0x8a95}, //姇
{0x59c8, 0x8a96}, //姈
{0x59c9, 0x8a97}, //姉
{0x59ca, 0xe6a2}, //姊
{0x59cb, 0xcabc}, //始
{0x59cc, 0x8a98}, //姌
{0x59cd, 0x8a99}, //姍
{0x59ce, 0x8a9a}, //姎
{0x59cf, 0x8a9b}, //姏
{0x59d0, 0xbde3}, //姐
{0x59d1, 0xb9c3}, //姑
{0x59d2, 0xe6a6}, //姒
{0x59d3, 0xd0d5}, //姓
{0x59d4, 0xceaf}, //委
{0x59d5, 0x8a9c}, //姕
{0x59d6, 0x8a9d}, //姖
{0x59d7, 0xe6a9}, //姗
{0x59d8, 0xe6b0}, //姘
{0x59d9, 0x8a9e}, //姙
{0x59da, 0xd2a6}, //姚
{0x59db, 0x8a9f}, //姛
{0x59dc, 0xbdaa}, //姜
{0x59dd, 0xe6ad}, //姝
{0x59de, 0x8aa0}, //姞
{0x59df, 0x8aa1}, //姟
{0x59e0, 0x8aa2}, //姠
{0x59e1, 0x8aa3}, //姡
{0x59e2, 0x8aa4}, //姢
{0x59e3, 0xe6af}, //姣
{0x59e4, 0x8aa5}, //姤
{0x59e5, 0xc0d1}, //姥
{0x59e6, 0x8aa6}, //姦
{0x59e7, 0x8aa7}, //姧
{0x59e8, 0xd2cc}, //姨
{0x59e9, 0x8aa8}, //姩
{0x59ea, 0x8aa9}, //姪
{0x59eb, 0x8aaa}, //姫
{0x59ec, 0xbca7}, //姬
{0x59ed, 0x8aab}, //姭
{0x59ee, 0x8aac}, //姮
{0x59ef, 0x8aad}, //姯
{0x59f0, 0x8aae}, //姰
{0x59f1, 0x8aaf}, //姱
{0x59f2, 0x8ab0}, //姲
{0x59f3, 0x8ab1}, //姳
{0x59f4, 0x8ab2}, //姴
{0x59f5, 0x8ab3}, //姵
{0x59f6, 0x8ab4}, //姶
{0x59f7, 0x8ab5}, //姷
{0x59f8, 0x8ab6}, //姸
{0x59f9, 0xe6b1}, //姹
{0x59fa, 0x8ab7}, //姺
{0x59fb, 0xd2f6}, //姻
{0x59fc, 0x8ab8}, //姼
{0x59fd, 0x8ab9}, //姽
{0x59fe, 0x8aba}, //姾
{0x59ff, 0xd7cb}, //姿
{0x5a00, 0x8abb}, //娀
{0x5a01, 0xcdfe}, //威
{0x5a02, 0x8abc}, //娂
{0x5a03, 0xcdde}, //娃
{0x5a04, 0xc2a6}, //娄
{0x5a05, 0xe6ab}, //娅
{0x5a06, 0xe6ac}, //娆
{0x5a07, 0xbdbf}, //娇
{0x5a08, 0xe6ae}, //娈
{0x5a09, 0xe6b3}, //娉
{0x5a0a, 0x8abd}, //娊
{0x5a0b, 0x8abe}, //娋
{0x5a0c, 0xe6b2}, //娌
{0x5a0d, 0x8abf}, //娍
{0x5a0e, 0x8ac0}, //娎
{0x5a0f, 0x8ac1}, //娏
{0x5a10, 0x8ac2}, //娐
{0x5a11, 0xe6b6}, //娑
{0x5a12, 0x8ac3}, //娒
{0x5a13, 0xe6b8}, //娓
{0x5a14, 0x8ac4}, //娔
{0x5a15, 0x8ac5}, //娕
{0x5a16, 0x8ac6}, //娖
{0x5a17, 0x8ac7}, //娗
{0x5a18, 0xc4ef}, //娘
{0x5a19, 0x8ac8}, //娙
{0x5a1a, 0x8ac9}, //娚
{0x5a1b, 0x8aca}, //娛
{0x5a1c, 0xc4c8}, //娜
{0x5a1d, 0x8acb}, //娝
{0x5a1e, 0x8acc}, //娞
{0x5a1f, 0xbeea}, //娟
{0x5a20, 0xc9ef}, //娠
{0x5a21, 0x8acd}, //娡
{0x5a22, 0x8ace}, //娢
{0x5a23, 0xe6b7}, //娣
{0x5a24, 0x8acf}, //娤
{0x5a25, 0xb6f0}, //娥
{0x5a26, 0x8ad0}, //娦
{0x5a27, 0x8ad1}, //娧
{0x5a28, 0x8ad2}, //娨
{0x5a29, 0xc3e4}, //娩
{0x5a2a, 0x8ad3}, //娪
{0x5a2b, 0x8ad4}, //娫
{0x5a2c, 0x8ad5}, //娬
{0x5a2d, 0x8ad6}, //娭
{0x5a2e, 0x8ad7}, //娮
{0x5a2f, 0x8ad8}, //娯
{0x5a30, 0x8ad9}, //娰
{0x5a31, 0xd3e9}, //娱
{0x5a32, 0xe6b4}, //娲
{0x5a33, 0x8ada}, //娳
{0x5a34, 0xe6b5}, //娴
{0x5a35, 0x8adb}, //娵
{0x5a36, 0xc8a2}, //娶
{0x5a37, 0x8adc}, //娷
{0x5a38, 0x8add}, //娸
{0x5a39, 0x8ade}, //娹
{0x5a3a, 0x8adf}, //娺
{0x5a3b, 0x8ae0}, //娻
{0x5a3c, 0xe6bd}, //娼
{0x5a3d, 0x8ae1}, //娽
{0x5a3e, 0x8ae2}, //娾
{0x5a3f, 0x8ae3}, //娿
{0x5a40, 0xe6b9}, //婀
{0x5a41, 0x8ae4}, //婁
{0x5a42, 0x8ae5}, //婂
{0x5a43, 0x8ae6}, //婃
{0x5a44, 0x8ae7}, //婄
{0x5a45, 0x8ae8}, //婅
{0x5a46, 0xc6c5}, //婆
{0x5a47, 0x8ae9}, //婇
{0x5a48, 0x8aea}, //婈
{0x5a49, 0xcdf1}, //婉
{0x5a4a, 0xe6bb}, //婊
{0x5a4b, 0x8aeb}, //婋
{0x5a4c, 0x8aec}, //婌
{0x5a4d, 0x8aed}, //婍
{0x5a4e, 0x8aee}, //婎
{0x5a4f, 0x8aef}, //婏
{0x5a50, 0x8af0}, //婐
{0x5a51, 0x8af1}, //婑
{0x5a52, 0x8af2}, //婒
{0x5a53, 0x8af3}, //婓
{0x5a54, 0x8af4}, //婔
{0x5a55, 0xe6bc}, //婕
{0x5a56, 0x8af5}, //婖
{0x5a57, 0x8af6}, //婗
{0x5a58, 0x8af7}, //婘
{0x5a59, 0x8af8}, //婙
{0x5a5a, 0xbbe9}, //婚
{0x5a5b, 0x8af9}, //婛
{0x5a5c, 0x8afa}, //婜
{0x5a5d, 0x8afb}, //婝
{0x5a5e, 0x8afc}, //婞
{0x5a5f, 0x8afd}, //婟
{0x5a60, 0x8afe}, //婠
{0x5a61, 0x8b40}, //婡
{0x5a62, 0xe6be}, //婢
{0x5a63, 0x8b41}, //婣
{0x5a64, 0x8b42}, //婤
{0x5a65, 0x8b43}, //婥
{0x5a66, 0x8b44}, //婦
{0x5a67, 0xe6ba}, //婧
{0x5a68, 0x8b45}, //婨
{0x5a69, 0x8b46}, //婩
{0x5a6a, 0xc0b7}, //婪
{0x5a6b, 0x8b47}, //婫
{0x5a6c, 0x8b48}, //婬
{0x5a6d, 0x8b49}, //婭
{0x5a6e, 0x8b4a}, //婮
{0x5a6f, 0x8b4b}, //婯
{0x5a70, 0x8b4c}, //婰
{0x5a71, 0x8b4d}, //婱
{0x5a72, 0x8b4e}, //婲
{0x5a73, 0x8b4f}, //婳
{0x5a74, 0xd3a4}, //婴
{0x5a75, 0xe6bf}, //婵
{0x5a76, 0xc9f4}, //婶
{0x5a77, 0xe6c3}, //婷
{0x5a78, 0x8b50}, //婸
{0x5a79, 0x8b51}, //婹
{0x5a7a, 0xe6c4}, //婺
{0x5a7b, 0x8b52}, //婻
{0x5a7c, 0x8b53}, //婼
{0x5a7d, 0x8b54}, //婽
{0x5a7e, 0x8b55}, //婾
{0x5a7f, 0xd0f6}, //婿
{0x5a80, 0x8b56}, //媀
{0x5a81, 0x8b57}, //媁
{0x5a82, 0x8b58}, //媂
{0x5a83, 0x8b59}, //媃
{0x5a84, 0x8b5a}, //媄
{0x5a85, 0x8b5b}, //媅
{0x5a86, 0x8b5c}, //媆
{0x5a87, 0x8b5d}, //媇
{0x5a88, 0x8b5e}, //媈
{0x5a89, 0x8b5f}, //媉
{0x5a8a, 0x8b60}, //媊
{0x5a8b, 0x8b61}, //媋
{0x5a8c, 0x8b62}, //媌
{0x5a8d, 0x8b63}, //媍
{0x5a8e, 0x8b64}, //媎
{0x5a8f, 0x8b65}, //媏
{0x5a90, 0x8b66}, //媐
{0x5a91, 0x8b67}, //媑
{0x5a92, 0xc3bd}, //媒
{0x5a93, 0x8b68}, //媓
{0x5a94, 0x8b69}, //媔
{0x5a95, 0x8b6a}, //媕
{0x5a96, 0x8b6b}, //媖
{0x5a97, 0x8b6c}, //媗
{0x5a98, 0x8b6d}, //媘
{0x5a99, 0x8b6e}, //媙
{0x5a9a, 0xc3c4}, //媚
{0x5a9b, 0xe6c2}, //媛
{0x5a9c, 0x8b6f}, //媜
{0x5a9d, 0x8b70}, //媝
{0x5a9e, 0x8b71}, //媞
{0x5a9f, 0x8b72}, //媟
{0x5aa0, 0x8b73}, //媠
{0x5aa1, 0x8b74}, //媡
{0x5aa2, 0x8b75}, //媢
{0x5aa3, 0x8b76}, //媣
{0x5aa4, 0x8b77}, //媤
{0x5aa5, 0x8b78}, //媥
{0x5aa6, 0x8b79}, //媦
{0x5aa7, 0x8b7a}, //媧
{0x5aa8, 0x8b7b}, //媨
{0x5aa9, 0x8b7c}, //媩
{0x5aaa, 0xe6c1}, //媪
{0x5aab, 0x8b7d}, //媫
{0x5aac, 0x8b7e}, //媬
{0x5aad, 0x8b80}, //媭
{0x5aae, 0x8b81}, //媮
{0x5aaf, 0x8b82}, //媯
{0x5ab0, 0x8b83}, //媰
{0x5ab1, 0x8b84}, //媱
{0x5ab2, 0xe6c7}, //媲
{0x5ab3, 0xcfb1}, //媳
{0x5ab4, 0x8b85}, //媴
{0x5ab5, 0xebf4}, //媵
{0x5ab6, 0x8b86}, //媶
{0x5ab7, 0x8b87}, //媷
{0x5ab8, 0xe6ca}, //媸
{0x5ab9, 0x8b88}, //媹
{0x5aba, 0x8b89}, //媺
{0x5abb, 0x8b8a}, //媻
{0x5abc, 0x8b8b}, //媼
{0x5abd, 0x8b8c}, //媽
{0x5abe, 0xe6c5}, //媾
{0x5abf, 0x8b8d}, //媿
{0x5ac0, 0x8b8e}, //嫀
{0x5ac1, 0xbcde}, //嫁
{0x5ac2, 0xc9a9}, //嫂
{0x5ac3, 0x8b8f}, //嫃
{0x5ac4, 0x8b90}, //嫄
{0x5ac5, 0x8b91}, //嫅
{0x5ac6, 0x8b92}, //嫆
{0x5ac7, 0x8b93}, //嫇
{0x5ac8, 0x8b94}, //嫈
{0x5ac9, 0xbcb5}, //嫉
{0x5aca, 0x8b95}, //嫊
{0x5acb, 0x8b96}, //嫋
{0x5acc, 0xcfd3}, //嫌
{0x5acd, 0x8b97}, //嫍
{0x5ace, 0x8b98}, //嫎
{0x5acf, 0x8b99}, //嫏
{0x5ad0, 0x8b9a}, //嫐
{0x5ad1, 0x8b9b}, //嫑
{0x5ad2, 0xe6c8}, //嫒
{0x5ad3, 0x8b9c}, //嫓
{0x5ad4, 0xe6c9}, //嫔
{0x5ad5, 0x8b9d}, //嫕
{0x5ad6, 0xe6ce}, //嫖
{0x5ad7, 0x8b9e}, //嫗
{0x5ad8, 0xe6d0}, //嫘
{0x5ad9, 0x8b9f}, //嫙
{0x5ada, 0x8ba0}, //嫚
{0x5adb, 0x8ba1}, //嫛
{0x5adc, 0xe6d1}, //嫜
{0x5add, 0x8ba2}, //嫝
{0x5ade, 0x8ba3}, //嫞
{0x5adf, 0x8ba4}, //嫟
{0x5ae0, 0xe6cb}, //嫠
{0x5ae1, 0xb5d5}, //嫡
{0x5ae2, 0x8ba5}, //嫢
{0x5ae3, 0xe6cc}, //嫣
{0x5ae4, 0x8ba6}, //嫤
{0x5ae5, 0x8ba7}, //嫥
{0x5ae6, 0xe6cf}, //嫦
{0x5ae7, 0x8ba8}, //嫧
{0x5ae8, 0x8ba9}, //嫨
{0x5ae9, 0xc4db}, //嫩
{0x5aea, 0x8baa}, //嫪
{0x5aeb, 0xe6c6}, //嫫
{0x5aec, 0x8bab}, //嫬
{0x5aed, 0x8bac}, //嫭
{0x5aee, 0x8bad}, //嫮
{0x5aef, 0x8bae}, //嫯
{0x5af0, 0x8baf}, //嫰
{0x5af1, 0xe6cd}, //嫱
{0x5af2, 0x8bb0}, //嫲
{0x5af3, 0x8bb1}, //嫳
{0x5af4, 0x8bb2}, //嫴
{0x5af5, 0x8bb3}, //嫵
{0x5af6, 0x8bb4}, //嫶
{0x5af7, 0x8bb5}, //嫷
{0x5af8, 0x8bb6}, //嫸
{0x5af9, 0x8bb7}, //嫹
{0x5afa, 0x8bb8}, //嫺
{0x5afb, 0x8bb9}, //嫻
{0x5afc, 0x8bba}, //嫼
{0x5afd, 0x8bbb}, //嫽
{0x5afe, 0x8bbc}, //嫾
{0x5aff, 0x8bbd}, //嫿
{0x5b00, 0x8bbe}, //嬀
{0x5b01, 0x8bbf}, //嬁
{0x5b02, 0x8bc0}, //嬂
{0x5b03, 0x8bc1}, //嬃
{0x5b04, 0x8bc2}, //嬄
{0x5b05, 0x8bc3}, //嬅
{0x5b06, 0x8bc4}, //嬆
{0x5b07, 0x8bc5}, //嬇
{0x5b08, 0x8bc6}, //嬈
{0x5b09, 0xe6d2}, //嬉
{0x5b0a, 0x8bc7}, //嬊
{0x5b0b, 0x8bc8}, //嬋
{0x5b0c, 0x8bc9}, //嬌
{0x5b0d, 0x8bca}, //嬍
{0x5b0e, 0x8bcb}, //嬎
{0x5b0f, 0x8bcc}, //嬏
{0x5b10, 0x8bcd}, //嬐
{0x5b11, 0x8bce}, //嬑
{0x5b12, 0x8bcf}, //嬒
{0x5b13, 0x8bd0}, //嬓
{0x5b14, 0x8bd1}, //嬔
{0x5b15, 0x8bd2}, //嬕
{0x5b16, 0xe6d4}, //嬖
{0x5b17, 0xe6d3}, //嬗
{0x5b18, 0x8bd3}, //嬘
{0x5b19, 0x8bd4}, //嬙
{0x5b1a, 0x8bd5}, //嬚
{0x5b1b, 0x8bd6}, //嬛
{0x5b1c, 0x8bd7}, //嬜
{0x5b1d, 0x8bd8}, //嬝
{0x5b1e, 0x8bd9}, //嬞
{0x5b1f, 0x8bda}, //嬟
{0x5b20, 0x8bdb}, //嬠
{0x5b21, 0x8bdc}, //嬡
{0x5b22, 0x8bdd}, //嬢
{0x5b23, 0x8bde}, //嬣
{0x5b24, 0x8bdf}, //嬤
{0x5b25, 0x8be0}, //嬥
{0x5b26, 0x8be1}, //嬦
{0x5b27, 0x8be2}, //嬧
{0x5b28, 0x8be3}, //嬨
{0x5b29, 0x8be4}, //嬩
{0x5b2a, 0x8be5}, //嬪
{0x5b2b, 0x8be6}, //嬫
{0x5b2c, 0x8be7}, //嬬
{0x5b2d, 0x8be8}, //嬭
{0x5b2e, 0x8be9}, //嬮
{0x5b2f, 0x8bea}, //嬯
{0x5b30, 0x8beb}, //嬰
{0x5b31, 0x8bec}, //嬱
{0x5b32, 0xe6d5}, //嬲
{0x5b33, 0x8bed}, //嬳
{0x5b34, 0xd9f8}, //嬴
{0x5b35, 0x8bee}, //嬵
{0x5b36, 0x8bef}, //嬶
{0x5b37, 0xe6d6}, //嬷
{0x5b38, 0x8bf0}, //嬸
{0x5b39, 0x8bf1}, //嬹
{0x5b3a, 0x8bf2}, //嬺
{0x5b3b, 0x8bf3}, //嬻
{0x5b3c, 0x8bf4}, //嬼
{0x5b3d, 0x8bf5}, //嬽
{0x5b3e, 0x8bf6}, //嬾
{0x5b3f, 0x8bf7}, //嬿
{0x5b40, 0xe6d7}, //孀
{0x5b41, 0x8bf8}, //孁
{0x5b42, 0x8bf9}, //孂
{0x5b43, 0x8bfa}, //孃
{0x5b44, 0x8bfb}, //孄
{0x5b45, 0x8bfc}, //孅
{0x5b46, 0x8bfd}, //孆
{0x5b47, 0x8bfe}, //孇
{0x5b48, 0x8c40}, //孈
{0x5b49, 0x8c41}, //孉
{0x5b4a, 0x8c42}, //孊
{0x5b4b, 0x8c43}, //孋
{0x5b4c, 0x8c44}, //孌
{0x5b4d, 0x8c45}, //孍
{0x5b4e, 0x8c46}, //孎
{0x5b4f, 0x8c47}, //孏
{0x5b50, 0xd7d3}, //子
{0x5b51, 0xe6dd}, //孑
{0x5b52, 0x8c48}, //孒
{0x5b53, 0xe6de}, //孓
{0x5b54, 0xbfd7}, //孔
{0x5b55, 0xd4d0}, //孕
{0x5b56, 0x8c49}, //孖
{0x5b57, 0xd7d6}, //字
{0x5b58, 0xb4e6}, //存
{0x5b59, 0xcbef}, //孙
{0x5b5a, 0xe6da}, //孚
{0x5b5b, 0xd8c3}, //孛
{0x5b5c, 0xd7ce}, //孜
{0x5b5d, 0xd0a2}, //孝
{0x5b5e, 0x8c4a}, //孞
{0x5b5f, 0xc3cf}, //孟
{0x5b60, 0x8c4b}, //孠
{0x5b61, 0x8c4c}, //孡
{0x5b62, 0xe6df}, //孢
{0x5b63, 0xbcbe}, //季
{0x5b64, 0xb9c2}, //孤
{0x5b65, 0xe6db}, //孥
{0x5b66, 0xd1a7}, //学
{0x5b67, 0x8c4d}, //孧
{0x5b68, 0x8c4e}, //孨
{0x5b69, 0xbaa2}, //孩
{0x5b6a, 0xc2cf}, //孪
{0x5b6b, 0x8c4f}, //孫
{0x5b6c, 0xd8ab}, //孬
{0x5b6d, 0x8c50}, //孭
{0x5b6e, 0x8c51}, //孮
{0x5b6f, 0x8c52}, //孯
{0x5b70, 0xcaeb}, //孰
{0x5b71, 0xe5ee}, //孱
{0x5b72, 0x8c53}, //孲
{0x5b73, 0xe6dc}, //孳
{0x5b74, 0x8c54}, //孴
{0x5b75, 0xb7f5}, //孵
{0x5b76, 0x8c55}, //孶
{0x5b77, 0x8c56}, //孷
{0x5b78, 0x8c57}, //學
{0x5b79, 0x8c58}, //孹
{0x5b7a, 0xc8e6}, //孺
{0x5b7b, 0x8c59}, //孻
{0x5b7c, 0x8c5a}, //孼
{0x5b7d, 0xc4f5}, //孽
{0x5b7e, 0x8c5b}, //孾
{0x5b7f, 0x8c5c}, //孿
{0x5b80, 0xe5b2}, //宀
{0x5b81, 0xc4fe}, //宁
{0x5b82, 0x8c5d}, //宂
{0x5b83, 0xcbfc}, //它
{0x5b84, 0xe5b3}, //宄
{0x5b85, 0xd5ac}, //宅
{0x5b86, 0x8c5e}, //宆
{0x5b87, 0xd3ee}, //宇
{0x5b88, 0xcad8}, //守
{0x5b89, 0xb0b2}, //安
{0x5b8a, 0x8c5f}, //宊
{0x5b8b, 0xcbce}, //宋
{0x5b8c, 0xcdea}, //完
{0x5b8d, 0x8c60}, //宍
{0x5b8e, 0x8c61}, //宎
{0x5b8f, 0xbaea}, //宏
{0x5b90, 0x8c62}, //宐
{0x5b91, 0x8c63}, //宑
{0x5b92, 0x8c64}, //宒
{0x5b93, 0xe5b5}, //宓
{0x5b94, 0x8c65}, //宔
{0x5b95, 0xe5b4}, //宕
{0x5b96, 0x8c66}, //宖
{0x5b97, 0xd7da}, //宗
{0x5b98, 0xb9d9}, //官
{0x5b99, 0xd6e6}, //宙
{0x5b9a, 0xb6a8}, //定
{0x5b9b, 0xcdf0}, //宛
{0x5b9c, 0xd2cb}, //宜
{0x5b9d, 0xb1a6}, //宝
{0x5b9e, 0xcab5}, //实
{0x5b9f, 0x8c67}, //実
{0x5ba0, 0xb3e8}, //宠
{0x5ba1, 0xc9f3}, //审
{0x5ba2, 0xbfcd}, //客
{0x5ba3, 0xd0fb}, //宣
{0x5ba4, 0xcad2}, //室
{0x5ba5, 0xe5b6}, //宥
{0x5ba6, 0xbbc2}, //宦
{0x5ba7, 0x8c68}, //宧
{0x5ba8, 0x8c69}, //宨
{0x5ba9, 0x8c6a}, //宩
{0x5baa, 0xcfdc}, //宪
{0x5bab, 0xb9ac}, //宫
{0x5bac, 0x8c6b}, //宬
{0x5bad, 0x8c6c}, //宭
{0x5bae, 0x8c6d}, //宮
{0x5baf, 0x8c6e}, //宯
{0x5bb0, 0xd4d7}, //宰
{0x5bb1, 0x8c6f}, //宱
{0x5bb2, 0x8c70}, //宲
{0x5bb3, 0xbaa6}, //害
{0x5bb4, 0xd1e7}, //宴
{0x5bb5, 0xcffc}, //宵
{0x5bb6, 0xbcd2}, //家
{0x5bb7, 0x8c71}, //宷
{0x5bb8, 0xe5b7}, //宸
{0x5bb9, 0xc8dd}, //容
{0x5bba, 0x8c72}, //宺
{0x5bbb, 0x8c73}, //宻
{0x5bbc, 0x8c74}, //宼
{0x5bbd, 0xbfed}, //宽
{0x5bbe, 0xb1f6}, //宾
{0x5bbf, 0xcbde}, //宿
{0x5bc0, 0x8c75}, //寀
{0x5bc1, 0x8c76}, //寁
{0x5bc2, 0xbcc5}, //寂
{0x5bc3, 0x8c77}, //寃
{0x5bc4, 0xbcc4}, //寄
{0x5bc5, 0xd2fa}, //寅
{0x5bc6, 0xc3dc}, //密
{0x5bc7, 0xbfdc}, //寇
{0x5bc8, 0x8c78}, //寈
{0x5bc9, 0x8c79}, //寉
{0x5bca, 0x8c7a}, //寊
{0x5bcb, 0x8c7b}, //寋
{0x5bcc, 0xb8bb}, //富
{0x5bcd, 0x8c7c}, //寍
{0x5bce, 0x8c7d}, //寎
{0x5bcf, 0x8c7e}, //寏
{0x5bd0, 0xc3c2}, //寐
{0x5bd1, 0x8c80}, //寑
{0x5bd2, 0xbaae}, //寒
{0x5bd3, 0xd4a2}, //寓
{0x5bd4, 0x8c81}, //寔
{0x5bd5, 0x8c82}, //寕
{0x5bd6, 0x8c83}, //寖
{0x5bd7, 0x8c84}, //寗
{0x5bd8, 0x8c85}, //寘
{0x5bd9, 0x8c86}, //寙
{0x5bda, 0x8c87}, //寚
{0x5bdb, 0x8c88}, //寛
{0x5bdc, 0x8c89}, //寜
{0x5bdd, 0xc7de}, //寝
{0x5bde, 0xc4af}, //寞
{0x5bdf, 0xb2ec}, //察
{0x5be0, 0x8c8a}, //寠
{0x5be1, 0xb9d1}, //寡
{0x5be2, 0x8c8b}, //寢
{0x5be3, 0x8c8c}, //寣
{0x5be4, 0xe5bb}, //寤
{0x5be5, 0xc1c8}, //寥
{0x5be6, 0x8c8d}, //實
{0x5be7, 0x8c8e}, //寧
{0x5be8, 0xd5af}, //寨
{0x5be9, 0x8c8f}, //審
{0x5bea, 0x8c90}, //寪
{0x5beb, 0x8c91}, //寫
{0x5bec, 0x8c92}, //寬
{0x5bed, 0x8c93}, //寭
{0x5bee, 0xe5bc}, //寮
{0x5bef, 0x8c94}, //寯
{0x5bf0, 0xe5be}, //寰
{0x5bf1, 0x8c95}, //寱
{0x5bf2, 0x8c96}, //寲
{0x5bf3, 0x8c97}, //寳
{0x5bf4, 0x8c98}, //寴
{0x5bf5, 0x8c99}, //寵
{0x5bf6, 0x8c9a}, //寶
{0x5bf7, 0x8c9b}, //寷
{0x5bf8, 0xb4e7}, //寸
{0x5bf9, 0xb6d4}, //对
{0x5bfa, 0xcbc2}, //寺
{0x5bfb, 0xd1b0}, //寻
{0x5bfc, 0xb5bc}, //导
{0x5bfd, 0x8c9c}, //寽
{0x5bfe, 0x8c9d}, //対
{0x5bff, 0xcad9}, //寿
{0x5c00, 0x8c9e}, //尀
{0x5c01, 0xb7e2}, //封
{0x5c02, 0x8c9f}, //専
{0x5c03, 0x8ca0}, //尃
{0x5c04, 0xc9e4}, //射
{0x5c05, 0x8ca1}, //尅
{0x5c06, 0xbdab}, //将
{0x5c07, 0x8ca2}, //將
{0x5c08, 0x8ca3}, //專
{0x5c09, 0xcebe}, //尉
{0x5c0a, 0xd7f0}, //尊
{0x5c0b, 0x8ca4}, //尋
{0x5c0c, 0x8ca5}, //尌
{0x5c0d, 0x8ca6}, //對
{0x5c0e, 0x8ca7}, //導
{0x5c0f, 0xd0a1}, //小
{0x5c10, 0x8ca8}, //尐
{0x5c11, 0xc9d9}, //少
{0x5c12, 0x8ca9}, //尒
{0x5c13, 0x8caa}, //尓
{0x5c14, 0xb6fb}, //尔
{0x5c15, 0xe6d8}, //尕
{0x5c16, 0xbce2}, //尖
{0x5c17, 0x8cab}, //尗
{0x5c18, 0xb3be}, //尘
{0x5c19, 0x8cac}, //尙
{0x5c1a, 0xc9d0}, //尚
{0x5c1b, 0x8cad}, //尛
{0x5c1c, 0xe6d9}, //尜
{0x5c1d, 0xb3a2}, //尝
{0x5c1e, 0x8cae}, //尞
{0x5c1f, 0x8caf}, //尟
{0x5c20, 0x8cb0}, //尠
{0x5c21, 0x8cb1}, //尡
{0x5c22, 0xdecc}, //尢
{0x5c23, 0x8cb2}, //尣
{0x5c24, 0xd3c8}, //尤
{0x5c25, 0xdecd}, //尥
{0x5c26, 0x8cb3}, //尦
{0x5c27, 0xd2a2}, //尧
{0x5c28, 0x8cb4}, //尨
{0x5c29, 0x8cb5}, //尩
{0x5c2a, 0x8cb6}, //尪
{0x5c2b, 0x8cb7}, //尫
{0x5c2c, 0xdece}, //尬
{0x5c2d, 0x8cb8}, //尭
{0x5c2e, 0x8cb9}, //尮
{0x5c2f, 0x8cba}, //尯
{0x5c30, 0x8cbb}, //尰
{0x5c31, 0xbecd}, //就
{0x5c32, 0x8cbc}, //尲
{0x5c33, 0x8cbd}, //尳
{0x5c34, 0xdecf}, //尴
{0x5c35, 0x8cbe}, //尵
{0x5c36, 0x8cbf}, //尶
{0x5c37, 0x8cc0}, //尷
{0x5c38, 0xcaac}, //尸
{0x5c39, 0xd2fc}, //尹
{0x5c3a, 0xb3df}, //尺
{0x5c3b, 0xe5ea}, //尻
{0x5c3c, 0xc4e1}, //尼
{0x5c3d, 0xbea1}, //尽
{0x5c3e, 0xceb2}, //尾
{0x5c3f, 0xc4f2}, //尿
{0x5c40, 0xbed6}, //局
{0x5c41, 0xc6a8}, //屁
{0x5c42, 0xb2e3}, //层
{0x5c43, 0x8cc1}, //屃
{0x5c44, 0x8cc2}, //屄
{0x5c45, 0xbed3}, //居
{0x5c46, 0x8cc3}, //屆
{0x5c47, 0x8cc4}, //屇
{0x5c48, 0xc7fc}, //屈
{0x5c49, 0xcceb}, //屉
{0x5c4a, 0xbdec}, //届
{0x5c4b, 0xcedd}, //屋
{0x5c4c, 0x8cc5}, //屌
{0x5c4d, 0x8cc6}, //屍
{0x5c4e, 0xcaba}, //屎
{0x5c4f, 0xc6c1}, //屏
{0x5c50, 0xe5ec}, //屐
{0x5c51, 0xd0bc}, //屑
{0x5c52, 0x8cc7}, //屒
{0x5c53, 0x8cc8}, //屓
{0x5c54, 0x8cc9}, //屔
{0x5c55, 0xd5b9}, //展
{0x5c56, 0x8cca}, //屖
{0x5c57, 0x8ccb}, //屗
{0x5c58, 0x8ccc}, //屘
{0x5c59, 0xe5ed}, //屙
{0x5c5a, 0x8ccd}, //屚
{0x5c5b, 0x8cce}, //屛
{0x5c5c, 0x8ccf}, //屜
{0x5c5d, 0x8cd0}, //屝
{0x5c5e, 0xcaf4}, //属
{0x5c5f, 0x8cd1}, //屟
{0x5c60, 0xcdc0}, //屠
{0x5c61, 0xc2c5}, //屡
{0x5c62, 0x8cd2}, //屢
{0x5c63, 0xe5ef}, //屣
{0x5c64, 0x8cd3}, //層
{0x5c65, 0xc2c4}, //履
{0x5c66, 0xe5f0}, //屦
{0x5c67, 0x8cd4}, //屧
{0x5c68, 0x8cd5}, //屨
{0x5c69, 0x8cd6}, //屩
{0x5c6a, 0x8cd7}, //屪
{0x5c6b, 0x8cd8}, //屫
{0x5c6c, 0x8cd9}, //屬
{0x5c6d, 0x8cda}, //屭
{0x5c6e, 0xe5f8}, //屮
{0x5c6f, 0xcdcd}, //屯
{0x5c70, 0x8cdb}, //屰
{0x5c71, 0xc9bd}, //山
{0x5c72, 0x8cdc}, //屲
{0x5c73, 0x8cdd}, //屳
{0x5c74, 0x8cde}, //屴
{0x5c75, 0x8cdf}, //屵
{0x5c76, 0x8ce0}, //屶
{0x5c77, 0x8ce1}, //屷
{0x5c78, 0x8ce2}, //屸
{0x5c79, 0xd2d9}, //屹
{0x5c7a, 0xe1a8}, //屺
{0x5c7b, 0x8ce3}, //屻
{0x5c7c, 0x8ce4}, //屼
{0x5c7d, 0x8ce5}, //屽
{0x5c7e, 0x8ce6}, //屾
{0x5c7f, 0xd3ec}, //屿
{0x5c80, 0x8ce7}, //岀
{0x5c81, 0xcbea}, //岁
{0x5c82, 0xc6f1}, //岂
{0x5c83, 0x8ce8}, //岃
{0x5c84, 0x8ce9}, //岄
{0x5c85, 0x8cea}, //岅
{0x5c86, 0x8ceb}, //岆
{0x5c87, 0x8cec}, //岇
{0x5c88, 0xe1ac}, //岈
{0x5c89, 0x8ced}, //岉
{0x5c8a, 0x8cee}, //岊
{0x5c8b, 0x8cef}, //岋
{0x5c8c, 0xe1a7}, //岌
{0x5c8d, 0xe1a9}, //岍
{0x5c8e, 0x8cf0}, //岎
{0x5c8f, 0x8cf1}, //岏
{0x5c90, 0xe1aa}, //岐
{0x5c91, 0xe1af}, //岑
{0x5c92, 0x8cf2}, //岒
{0x5c93, 0x8cf3}, //岓
{0x5c94, 0xb2ed}, //岔
{0x5c95, 0x8cf4}, //岕
{0x5c96, 0xe1ab}, //岖
{0x5c97, 0xb8da}, //岗
{0x5c98, 0xe1ad}, //岘
{0x5c99, 0xe1ae}, //岙
{0x5c9a, 0xe1b0}, //岚
{0x5c9b, 0xb5ba}, //岛
{0x5c9c, 0xe1b1}, //岜
{0x5c9d, 0x8cf5}, //岝
{0x5c9e, 0x8cf6}, //岞
{0x5c9f, 0x8cf7}, //岟
{0x5ca0, 0x8cf8}, //岠
{0x5ca1, 0x8cf9}, //岡
{0x5ca2, 0xe1b3}, //岢
{0x5ca3, 0xe1b8}, //岣
{0x5ca4, 0x8cfa}, //岤
{0x5ca5, 0x8cfb}, //岥
{0x5ca6, 0x8cfc}, //岦
{0x5ca7, 0x8cfd}, //岧
{0x5ca8, 0x8cfe}, //岨
{0x5ca9, 0xd1d2}, //岩
{0x5caa, 0x8d40}, //岪
{0x5cab, 0xe1b6}, //岫
{0x5cac, 0xe1b5}, //岬
{0x5cad, 0xc1eb}, //岭
{0x5cae, 0x8d41}, //岮
{0x5caf, 0x8d42}, //岯
{0x5cb0, 0x8d43}, //岰
{0x5cb1, 0xe1b7}, //岱
{0x5cb2, 0x8d44}, //岲
{0x5cb3, 0xd4c0}, //岳
{0x5cb4, 0x8d45}, //岴
{0x5cb5, 0xe1b2}, //岵
{0x5cb6, 0x8d46}, //岶
{0x5cb7, 0xe1ba}, //岷
{0x5cb8, 0xb0b6}, //岸
{0x5cb9, 0x8d47}, //岹
{0x5cba, 0x8d48}, //岺
{0x5cbb, 0x8d49}, //岻
{0x5cbc, 0x8d4a}, //岼
{0x5cbd, 0xe1b4}, //岽
{0x5cbe, 0x8d4b}, //岾
{0x5cbf, 0xbff9}, //岿
{0x5cc0, 0x8d4c}, //峀
{0x5cc1, 0xe1b9}, //峁
{0x5cc2, 0x8d4d}, //峂
{0x5cc3, 0x8d4e}, //峃
{0x5cc4, 0xe1bb}, //峄
{0x5cc5, 0x8d4f}, //峅
{0x5cc6, 0x8d50}, //峆
{0x5cc7, 0x8d51}, //峇
{0x5cc8, 0x8d52}, //峈
{0x5cc9, 0x8d53}, //峉
{0x5cca, 0x8d54}, //峊
{0x5ccb, 0xe1be}, //峋
{0x5ccc, 0x8d55}, //峌
{0x5ccd, 0x8d56}, //峍
{0x5cce, 0x8d57}, //峎
{0x5ccf, 0x8d58}, //峏
{0x5cd0, 0x8d59}, //峐
{0x5cd1, 0x8d5a}, //峑
{0x5cd2, 0xe1bc}, //峒
{0x5cd3, 0x8d5b}, //峓
{0x5cd4, 0x8d5c}, //峔
{0x5cd5, 0x8d5d}, //峕
{0x5cd6, 0x8d5e}, //峖
{0x5cd7, 0x8d5f}, //峗
{0x5cd8, 0x8d60}, //峘
{0x5cd9, 0xd6c5}, //峙
{0x5cda, 0x8d61}, //峚
{0x5cdb, 0x8d62}, //峛
{0x5cdc, 0x8d63}, //峜
{0x5cdd, 0x8d64}, //峝
{0x5cde, 0x8d65}, //峞
{0x5cdf, 0x8d66}, //峟
{0x5ce0, 0x8d67}, //峠
{0x5ce1, 0xcfbf}, //峡
{0x5ce2, 0x8d68}, //峢
{0x5ce3, 0x8d69}, //峣
{0x5ce4, 0xe1bd}, //峤
{0x5ce5, 0xe1bf}, //峥
{0x5ce6, 0xc2cd}, //峦
{0x5ce7, 0x8d6a}, //峧
{0x5ce8, 0xb6eb}, //峨
{0x5ce9, 0x8d6b}, //峩
{0x5cea, 0xd3f8}, //峪
{0x5ceb, 0x8d6c}, //峫
{0x5cec, 0x8d6d}, //峬
{0x5ced, 0xc7cd}, //峭
{0x5cee, 0x8d6e}, //峮
{0x5cef, 0x8d6f}, //峯
{0x5cf0, 0xb7e5}, //峰
{0x5cf1, 0x8d70}, //峱
{0x5cf2, 0x8d71}, //峲
{0x5cf3, 0x8d72}, //峳
{0x5cf4, 0x8d73}, //峴
{0x5cf5, 0x8d74}, //峵
{0x5cf6, 0x8d75}, //島
{0x5cf7, 0x8d76}, //峷
{0x5cf8, 0x8d77}, //峸
{0x5cf9, 0x8d78}, //峹
{0x5cfa, 0x8d79}, //峺
{0x5cfb, 0xbefe}, //峻
{0x5cfc, 0x8d7a}, //峼
{0x5cfd, 0x8d7b}, //峽
{0x5cfe, 0x8d7c}, //峾
{0x5cff, 0x8d7d}, //峿
{0x5d00, 0x8d7e}, //崀
{0x5d01, 0x8d80}, //崁
{0x5d02, 0xe1c0}, //崂
{0x5d03, 0xe1c1}, //崃
{0x5d04, 0x8d81}, //崄
{0x5d05, 0x8d82}, //崅
{0x5d06, 0xe1c7}, //崆
{0x5d07, 0xb3e7}, //崇
{0x5d08, 0x8d83}, //崈
{0x5d09, 0x8d84}, //崉
{0x5d0a, 0x8d85}, //崊
{0x5d0b, 0x8d86}, //崋
{0x5d0c, 0x8d87}, //崌
{0x5d0d, 0x8d88}, //崍
{0x5d0e, 0xc6e9}, //崎
{0x5d0f, 0x8d89}, //崏
{0x5d10, 0x8d8a}, //崐
{0x5d11, 0x8d8b}, //崑
{0x5d12, 0x8d8c}, //崒
{0x5d13, 0x8d8d}, //崓
{0x5d14, 0xb4de}, //崔
{0x5d15, 0x8d8e}, //崕
{0x5d16, 0xd1c2}, //崖
{0x5d17, 0x8d8f}, //崗
{0x5d18, 0x8d90}, //崘
{0x5d19, 0x8d91}, //崙
{0x5d1a, 0x8d92}, //崚
{0x5d1b, 0xe1c8}, //崛
{0x5d1c, 0x8d93}, //崜
{0x5d1d, 0x8d94}, //崝
{0x5d1e, 0xe1c6}, //崞
{0x5d1f, 0x8d95}, //崟
{0x5d20, 0x8d96}, //崠
{0x5d21, 0x8d97}, //崡
{0x5d22, 0x8d98}, //崢
{0x5d23, 0x8d99}, //崣
{0x5d24, 0xe1c5}, //崤
{0x5d25, 0x8d9a}, //崥
{0x5d26, 0xe1c3}, //崦
{0x5d27, 0xe1c2}, //崧
{0x5d28, 0x8d9b}, //崨
{0x5d29, 0xb1c0}, //崩
{0x5d2a, 0x8d9c}, //崪
{0x5d2b, 0x8d9d}, //崫
{0x5d2c, 0x8d9e}, //崬
{0x5d2d, 0xd5b8}, //崭
{0x5d2e, 0xe1c4}, //崮
{0x5d2f, 0x8d9f}, //崯
{0x5d30, 0x8da0}, //崰
{0x5d31, 0x8da1}, //崱
{0x5d32, 0x8da2}, //崲
{0x5d33, 0x8da3}, //崳
{0x5d34, 0xe1cb}, //崴
{0x5d35, 0x8da4}, //崵
{0x5d36, 0x8da5}, //崶
{0x5d37, 0x8da6}, //崷
{0x5d38, 0x8da7}, //崸
{0x5d39, 0x8da8}, //崹
{0x5d3a, 0x8da9}, //崺
{0x5d3b, 0x8daa}, //崻
{0x5d3c, 0x8dab}, //崼
{0x5d3d, 0xe1cc}, //崽
{0x5d3e, 0xe1ca}, //崾
{0x5d3f, 0x8dac}, //崿
{0x5d40, 0x8dad}, //嵀
{0x5d41, 0x8dae}, //嵁
{0x5d42, 0x8daf}, //嵂
{0x5d43, 0x8db0}, //嵃
{0x5d44, 0x8db1}, //嵄
{0x5d45, 0x8db2}, //嵅
{0x5d46, 0x8db3}, //嵆
{0x5d47, 0xeffa}, //嵇
{0x5d48, 0x8db4}, //嵈
{0x5d49, 0x8db5}, //嵉
{0x5d4a, 0xe1d3}, //嵊
{0x5d4b, 0xe1d2}, //嵋
{0x5d4c, 0xc7b6}, //嵌
{0x5d4d, 0x8db6}, //嵍
{0x5d4e, 0x8db7}, //嵎
{0x5d4f, 0x8db8}, //嵏
{0x5d50, 0x8db9}, //嵐
{0x5d51, 0x8dba}, //嵑
{0x5d52, 0x8dbb}, //嵒
{0x5d53, 0x8dbc}, //嵓
{0x5d54, 0x8dbd}, //嵔
{0x5d55, 0x8dbe}, //嵕
{0x5d56, 0x8dbf}, //嵖
{0x5d57, 0x8dc0}, //嵗
{0x5d58, 0xe1c9}, //嵘
{0x5d59, 0x8dc1}, //嵙
{0x5d5a, 0x8dc2}, //嵚
{0x5d5b, 0xe1ce}, //嵛
{0x5d5c, 0x8dc3}, //嵜
{0x5d5d, 0xe1d0}, //嵝
{0x5d5e, 0x8dc4}, //嵞
{0x5d5f, 0x8dc5}, //嵟
{0x5d60, 0x8dc6}, //嵠
{0x5d61, 0x8dc7}, //嵡
{0x5d62, 0x8dc8}, //嵢
{0x5d63, 0x8dc9}, //嵣
{0x5d64, 0x8dca}, //嵤
{0x5d65, 0x8dcb}, //嵥
{0x5d66, 0x8dcc}, //嵦
{0x5d67, 0x8dcd}, //嵧
{0x5d68, 0x8dce}, //嵨
{0x5d69, 0xe1d4}, //嵩
{0x5d6a, 0x8dcf}, //嵪
{0x5d6b, 0xe1d1}, //嵫
{0x5d6c, 0xe1cd}, //嵬
{0x5d6d, 0x8dd0}, //嵭
{0x5d6e, 0x8dd1}, //嵮
{0x5d6f, 0xe1cf}, //嵯
{0x5d70, 0x8dd2}, //嵰
{0x5d71, 0x8dd3}, //嵱
{0x5d72, 0x8dd4}, //嵲
{0x5d73, 0x8dd5}, //嵳
{0x5d74, 0xe1d5}, //嵴
{0x5d75, 0x8dd6}, //嵵
{0x5d76, 0x8dd7}, //嵶
{0x5d77, 0x8dd8}, //嵷
{0x5d78, 0x8dd9}, //嵸
{0x5d79, 0x8dda}, //嵹
{0x5d7a, 0x8ddb}, //嵺
{0x5d7b, 0x8ddc}, //嵻
{0x5d7c, 0x8ddd}, //嵼
{0x5d7d, 0x8dde}, //嵽
{0x5d7e, 0x8ddf}, //嵾
{0x5d7f, 0x8de0}, //嵿
{0x5d80, 0x8de1}, //嶀
{0x5d81, 0x8de2}, //嶁
{0x5d82, 0xe1d6}, //嶂
{0x5d83, 0x8de3}, //嶃
{0x5d84, 0x8de4}, //嶄
{0x5d85, 0x8de5}, //嶅
{0x5d86, 0x8de6}, //嶆
{0x5d87, 0x8de7}, //嶇
{0x5d88, 0x8de8}, //嶈
{0x5d89, 0x8de9}, //嶉
{0x5d8a, 0x8dea}, //嶊
{0x5d8b, 0x8deb}, //嶋
{0x5d8c, 0x8dec}, //嶌
{0x5d8d, 0x8ded}, //嶍
{0x5d8e, 0x8dee}, //嶎
{0x5d8f, 0x8def}, //嶏
{0x5d90, 0x8df0}, //嶐
{0x5d91, 0x8df1}, //嶑
{0x5d92, 0x8df2}, //嶒
{0x5d93, 0x8df3}, //嶓
{0x5d94, 0x8df4}, //嶔
{0x5d95, 0x8df5}, //嶕
{0x5d96, 0x8df6}, //嶖
{0x5d97, 0x8df7}, //嶗
{0x5d98, 0x8df8}, //嶘
{0x5d99, 0xe1d7}, //嶙
{0x5d9a, 0x8df9}, //嶚
{0x5d9b, 0x8dfa}, //嶛
{0x5d9c, 0x8dfb}, //嶜
{0x5d9d, 0xe1d8}, //嶝
{0x5d9e, 0x8dfc}, //嶞
{0x5d9f, 0x8dfd}, //嶟
{0x5da0, 0x8dfe}, //嶠
{0x5da1, 0x8e40}, //嶡
{0x5da2, 0x8e41}, //嶢
{0x5da3, 0x8e42}, //嶣
{0x5da4, 0x8e43}, //嶤
{0x5da5, 0x8e44}, //嶥
{0x5da6, 0x8e45}, //嶦
{0x5da7, 0x8e46}, //嶧
{0x5da8, 0x8e47}, //嶨
{0x5da9, 0x8e48}, //嶩
{0x5daa, 0x8e49}, //嶪
{0x5dab, 0x8e4a}, //嶫
{0x5dac, 0x8e4b}, //嶬
{0x5dad, 0x8e4c}, //嶭
{0x5dae, 0x8e4d}, //嶮
{0x5daf, 0x8e4e}, //嶯
{0x5db0, 0x8e4f}, //嶰
{0x5db1, 0x8e50}, //嶱
{0x5db2, 0x8e51}, //嶲
{0x5db3, 0x8e52}, //嶳
{0x5db4, 0x8e53}, //嶴
{0x5db5, 0x8e54}, //嶵
{0x5db6, 0x8e55}, //嶶
{0x5db7, 0xe1da}, //嶷
{0x5db8, 0x8e56}, //嶸
{0x5db9, 0x8e57}, //嶹
{0x5dba, 0x8e58}, //嶺
{0x5dbb, 0x8e59}, //嶻
{0x5dbc, 0x8e5a}, //嶼
{0x5dbd, 0x8e5b}, //嶽
{0x5dbe, 0x8e5c}, //嶾
{0x5dbf, 0x8e5d}, //嶿
{0x5dc0, 0x8e5e}, //巀
{0x5dc1, 0x8e5f}, //巁
{0x5dc2, 0x8e60}, //巂
{0x5dc3, 0x8e61}, //巃
{0x5dc4, 0x8e62}, //巄
{0x5dc5, 0xe1db}, //巅
{0x5dc6, 0x8e63}, //巆
{0x5dc7, 0x8e64}, //巇
{0x5dc8, 0x8e65}, //巈
{0x5dc9, 0x8e66}, //巉
{0x5dca, 0x8e67}, //巊
{0x5dcb, 0x8e68}, //巋
{0x5dcc, 0x8e69}, //巌
{0x5dcd, 0xcea1}, //巍
{0x5dce, 0x8e6a}, //巎
{0x5dcf, 0x8e6b}, //巏
{0x5dd0, 0x8e6c}, //巐
{0x5dd1, 0x8e6d}, //巑
{0x5dd2, 0x8e6e}, //巒
{0x5dd3, 0x8e6f}, //巓
{0x5dd4, 0x8e70}, //巔
{0x5dd5, 0x8e71}, //巕
{0x5dd6, 0x8e72}, //巖
{0x5dd7, 0x8e73}, //巗
{0x5dd8, 0x8e74}, //巘
{0x5dd9, 0x8e75}, //巙
{0x5dda, 0x8e76}, //巚
{0x5ddb, 0xe7dd}, //巛
{0x5ddc, 0x8e77}, //巜
{0x5ddd, 0xb4a8}, //川
{0x5dde, 0xd6dd}, //州
{0x5ddf, 0x8e78}, //巟
{0x5de0, 0x8e79}, //巠
{0x5de1, 0xd1b2}, //巡
{0x5de2, 0xb3b2}, //巢
{0x5de3, 0x8e7a}, //巣
{0x5de4, 0x8e7b}, //巤
{0x5de5, 0xb9a4}, //工
{0x5de6, 0xd7f3}, //左
{0x5de7, 0xc7c9}, //巧
{0x5de8, 0xbede}, //巨
{0x5de9, 0xb9ae}, //巩
{0x5dea, 0x8e7c}, //巪
{0x5deb, 0xced7}, //巫
{0x5dec, 0x8e7d}, //巬
{0x5ded, 0x8e7e}, //巭
{0x5dee, 0xb2ee}, //差
{0x5def, 0xdbcf}, //巯
{0x5df0, 0x8e80}, //巰
{0x5df1, 0xbcba}, //己
{0x5df2, 0xd2d1}, //已
{0x5df3, 0xcbc8}, //巳
{0x5df4, 0xb0cd}, //巴
{0x5df5, 0x8e81}, //巵
{0x5df6, 0x8e82}, //巶
{0x5df7, 0xcfef}, //巷
{0x5df8, 0x8e83}, //巸
{0x5df9, 0x8e84}, //巹
{0x5dfa, 0x8e85}, //巺
{0x5dfb, 0x8e86}, //巻
{0x5dfc, 0x8e87}, //巼
{0x5dfd, 0xd9e3}, //巽
{0x5dfe, 0xbded}, //巾
{0x5dff, 0x8e88}, //巿
{0x5e00, 0x8e89}, //帀
{0x5e01, 0xb1d2}, //币
{0x5e02, 0xcad0}, //市
{0x5e03, 0xb2bc}, //布
{0x5e04, 0x8e8a}, //帄
{0x5e05, 0xcba7}, //帅
{0x5e06, 0xb7ab}, //帆
{0x5e07, 0x8e8b}, //帇
{0x5e08, 0xcaa6}, //师
{0x5e09, 0x8e8c}, //帉
{0x5e0a, 0x8e8d}, //帊
{0x5e0b, 0x8e8e}, //帋
{0x5e0c, 0xcfa3}, //希
{0x5e0d, 0x8e8f}, //帍
{0x5e0e, 0x8e90}, //帎
{0x5e0f, 0xe0f8}, //帏
{0x5e10, 0xd5ca}, //帐
{0x5e11, 0xe0fb}, //帑
{0x5e12, 0x8e91}, //帒
{0x5e13, 0x8e92}, //帓
{0x5e14, 0xe0fa}, //帔
{0x5e15, 0xc5c1}, //帕
{0x5e16, 0xccfb}, //帖
{0x5e17, 0x8e93}, //帗
{0x5e18, 0xc1b1}, //帘
{0x5e19, 0xe0f9}, //帙
{0x5e1a, 0xd6e3}, //帚
{0x5e1b, 0xb2af}, //帛
{0x5e1c, 0xd6c4}, //帜
{0x5e1d, 0xb5db}, //帝
{0x5e1e, 0x8e94}, //帞
{0x5e1f, 0x8e95}, //帟
{0x5e20, 0x8e96}, //帠
{0x5e21, 0x8e97}, //帡
{0x5e22, 0x8e98}, //帢
{0x5e23, 0x8e99}, //帣
{0x5e24, 0x8e9a}, //帤
{0x5e25, 0x8e9b}, //帥
{0x5e26, 0xb4f8}, //带
{0x5e27, 0xd6a1}, //帧
{0x5e28, 0x8e9c}, //帨
{0x5e29, 0x8e9d}, //帩
{0x5e2a, 0x8e9e}, //帪
{0x5e2b, 0x8e9f}, //師
{0x5e2c, 0x8ea0}, //帬
{0x5e2d, 0xcfaf}, //席
{0x5e2e, 0xb0ef}, //帮
{0x5e2f, 0x8ea1}, //帯
{0x5e30, 0x8ea2}, //帰
{0x5e31, 0xe0fc}, //帱
{0x5e32, 0x8ea3}, //帲
{0x5e33, 0x8ea4}, //帳
{0x5e34, 0x8ea5}, //帴
{0x5e35, 0x8ea6}, //帵
{0x5e36, 0x8ea7}, //帶
{0x5e37, 0xe1a1}, //帷
{0x5e38, 0xb3a3}, //常
{0x5e39, 0x8ea8}, //帹
{0x5e3a, 0x8ea9}, //帺
{0x5e3b, 0xe0fd}, //帻
{0x5e3c, 0xe0fe}, //帼
{0x5e3d, 0xc3b1}, //帽
{0x5e3e, 0x8eaa}, //帾
{0x5e3f, 0x8eab}, //帿
{0x5e40, 0x8eac}, //幀
{0x5e41, 0x8ead}, //幁
{0x5e42, 0xc3dd}, //幂
{0x5e43, 0x8eae}, //幃
{0x5e44, 0xe1a2}, //幄
{0x5e45, 0xb7f9}, //幅
{0x5e46, 0x8eaf}, //幆
{0x5e47, 0x8eb0}, //幇
{0x5e48, 0x8eb1}, //幈
{0x5e49, 0x8eb2}, //幉
{0x5e4a, 0x8eb3}, //幊
{0x5e4b, 0x8eb4}, //幋
{0x5e4c, 0xbbcf}, //幌
{0x5e4d, 0x8eb5}, //幍
{0x5e4e, 0x8eb6}, //幎
{0x5e4f, 0x8eb7}, //幏
{0x5e50, 0x8eb8}, //幐
{0x5e51, 0x8eb9}, //幑
{0x5e52, 0x8eba}, //幒
{0x5e53, 0x8ebb}, //幓
{0x5e54, 0xe1a3}, //幔
{0x5e55, 0xc4bb}, //幕
{0x5e56, 0x8ebc}, //幖
{0x5e57, 0x8ebd}, //幗
{0x5e58, 0x8ebe}, //幘
{0x5e59, 0x8ebf}, //幙
{0x5e5a, 0x8ec0}, //幚
{0x5e5b, 0xe1a4}, //幛
{0x5e5c, 0x8ec1}, //幜
{0x5e5d, 0x8ec2}, //幝
{0x5e5e, 0xe1a5}, //幞
{0x5e5f, 0x8ec3}, //幟
{0x5e60, 0x8ec4}, //幠
{0x5e61, 0xe1a6}, //幡
{0x5e62, 0xb4b1}, //幢
{0x5e63, 0x8ec5}, //幣
{0x5e64, 0x8ec6}, //幤
{0x5e65, 0x8ec7}, //幥
{0x5e66, 0x8ec8}, //幦
{0x5e67, 0x8ec9}, //幧
{0x5e68, 0x8eca}, //幨
{0x5e69, 0x8ecb}, //幩
{0x5e6a, 0x8ecc}, //幪
{0x5e6b, 0x8ecd}, //幫
{0x5e6c, 0x8ece}, //幬
{0x5e6d, 0x8ecf}, //幭
{0x5e6e, 0x8ed0}, //幮
{0x5e6f, 0x8ed1}, //幯
{0x5e70, 0x8ed2}, //幰
{0x5e71, 0x8ed3}, //幱
{0x5e72, 0xb8c9}, //干
{0x5e73, 0xc6bd}, //平
{0x5e74, 0xc4ea}, //年
{0x5e75, 0x8ed4}, //幵
{0x5e76, 0xb2a2}, //并
{0x5e77, 0x8ed5}, //幷
{0x5e78, 0xd0d2}, //幸
{0x5e79, 0x8ed6}, //幹
{0x5e7a, 0xe7db}, //幺
{0x5e7b, 0xbbc3}, //幻
{0x5e7c, 0xd3d7}, //幼
{0x5e7d, 0xd3c4}, //幽
{0x5e7e, 0x8ed7}, //幾
{0x5e7f, 0xb9e3}, //广
{0x5e80, 0xe2cf}, //庀
{0x5e81, 0x8ed8}, //庁
{0x5e82, 0x8ed9}, //庂
{0x5e83, 0x8eda}, //広
{0x5e84, 0xd7af}, //庄
{0x5e85, 0x8edb}, //庅
{0x5e86, 0xc7ec}, //庆
{0x5e87, 0xb1d3}, //庇
{0x5e88, 0x8edc}, //庈
{0x5e89, 0x8edd}, //庉
{0x5e8a, 0xb4b2}, //床
{0x5e8b, 0xe2d1}, //庋
{0x5e8c, 0x8ede}, //庌
{0x5e8d, 0x8edf}, //庍
{0x5e8e, 0x8ee0}, //庎
{0x5e8f, 0xd0f2}, //序
{0x5e90, 0xc2ae}, //庐
{0x5e91, 0xe2d0}, //庑
{0x5e92, 0x8ee1}, //庒
{0x5e93, 0xbfe2}, //库
{0x5e94, 0xd3a6}, //应
{0x5e95, 0xb5d7}, //底
{0x5e96, 0xe2d2}, //庖
{0x5e97, 0xb5ea}, //店
{0x5e98, 0x8ee2}, //庘
{0x5e99, 0xc3ed}, //庙
{0x5e9a, 0xb8fd}, //庚
{0x5e9b, 0x8ee3}, //庛
{0x5e9c, 0xb8ae}, //府
{0x5e9d, 0x8ee4}, //庝
{0x5e9e, 0xc5d3}, //庞
{0x5e9f, 0xb7cf}, //废
{0x5ea0, 0xe2d4}, //庠
{0x5ea1, 0x8ee5}, //庡
{0x5ea2, 0x8ee6}, //庢
{0x5ea3, 0x8ee7}, //庣
{0x5ea4, 0x8ee8}, //庤
{0x5ea5, 0xe2d3}, //庥
{0x5ea6, 0xb6c8}, //度
{0x5ea7, 0xd7f9}, //座
{0x5ea8, 0x8ee9}, //庨
{0x5ea9, 0x8eea}, //庩
{0x5eaa, 0x8eeb}, //庪
{0x5eab, 0x8eec}, //庫
{0x5eac, 0x8eed}, //庬
{0x5ead, 0xcda5}, //庭
{0x5eae, 0x8eee}, //庮
{0x5eaf, 0x8eef}, //庯
{0x5eb0, 0x8ef0}, //庰
{0x5eb1, 0x8ef1}, //庱
{0x5eb2, 0x8ef2}, //庲
{0x5eb3, 0xe2d8}, //庳
{0x5eb4, 0x8ef3}, //庴
{0x5eb5, 0xe2d6}, //庵
{0x5eb6, 0xcafc}, //庶
{0x5eb7, 0xbfb5}, //康
{0x5eb8, 0xd3b9}, //庸
{0x5eb9, 0xe2d5}, //庹
{0x5eba, 0x8ef4}, //庺
{0x5ebb, 0x8ef5}, //庻
{0x5ebc, 0x8ef6}, //庼
{0x5ebd, 0x8ef7}, //庽
{0x5ebe, 0xe2d7}, //庾
{0x5ebf, 0x8ef8}, //庿
{0x5ec0, 0x8ef9}, //廀
{0x5ec1, 0x8efa}, //廁
{0x5ec2, 0x8efb}, //廂
{0x5ec3, 0x8efc}, //廃
{0x5ec4, 0x8efd}, //廄
{0x5ec5, 0x8efe}, //廅
{0x5ec6, 0x8f40}, //廆
{0x5ec7, 0x8f41}, //廇
{0x5ec8, 0x8f42}, //廈
{0x5ec9, 0xc1ae}, //廉
{0x5eca, 0xc0c8}, //廊
{0x5ecb, 0x8f43}, //廋
{0x5ecc, 0x8f44}, //廌
{0x5ecd, 0x8f45}, //廍
{0x5ece, 0x8f46}, //廎
{0x5ecf, 0x8f47}, //廏
{0x5ed0, 0x8f48}, //廐
{0x5ed1, 0xe2db}, //廑
{0x5ed2, 0xe2da}, //廒
{0x5ed3, 0xc0aa}, //廓
{0x5ed4, 0x8f49}, //廔
{0x5ed5, 0x8f4a}, //廕
{0x5ed6, 0xc1ce}, //廖
{0x5ed7, 0x8f4b}, //廗
{0x5ed8, 0x8f4c}, //廘
{0x5ed9, 0x8f4d}, //廙
{0x5eda, 0x8f4e}, //廚
{0x5edb, 0xe2dc}, //廛
{0x5edc, 0x8f4f}, //廜
{0x5edd, 0x8f50}, //廝
{0x5ede, 0x8f51}, //廞
{0x5edf, 0x8f52}, //廟
{0x5ee0, 0x8f53}, //廠
{0x5ee1, 0x8f54}, //廡
{0x5ee2, 0x8f55}, //廢
{0x5ee3, 0x8f56}, //廣
{0x5ee4, 0x8f57}, //廤
{0x5ee5, 0x8f58}, //廥
{0x5ee6, 0x8f59}, //廦
{0x5ee7, 0x8f5a}, //廧
{0x5ee8, 0xe2dd}, //廨
{0x5ee9, 0x8f5b}, //廩
{0x5eea, 0xe2de}, //廪
{0x5eeb, 0x8f5c}, //廫
{0x5eec, 0x8f5d}, //廬
{0x5eed, 0x8f5e}, //廭
{0x5eee, 0x8f5f}, //廮
{0x5eef, 0x8f60}, //廯
{0x5ef0, 0x8f61}, //廰
{0x5ef1, 0x8f62}, //廱
{0x5ef2, 0x8f63}, //廲
{0x5ef3, 0x8f64}, //廳
{0x5ef4, 0xdbc8}, //廴
{0x5ef5, 0x8f65}, //廵
{0x5ef6, 0xd1d3}, //延
{0x5ef7, 0xcda2}, //廷
{0x5ef8, 0x8f66}, //廸
{0x5ef9, 0x8f67}, //廹
{0x5efa, 0xbda8}, //建
{0x5efb, 0x8f68}, //廻
{0x5efc, 0x8f69}, //廼
{0x5efd, 0x8f6a}, //廽
{0x5efe, 0xdec3}, //廾
{0x5eff, 0xd8a5}, //廿
{0x5f00, 0xbfaa}, //开
{0x5f01, 0xdbcd}, //弁
{0x5f02, 0xd2ec}, //异
{0x5f03, 0xc6fa}, //弃
{0x5f04, 0xc5aa}, //弄
{0x5f05, 0x8f6b}, //弅
{0x5f06, 0x8f6c}, //弆
{0x5f07, 0x8f6d}, //弇
{0x5f08, 0xdec4}, //弈
{0x5f09, 0x8f6e}, //弉
{0x5f0a, 0xb1d7}, //弊
{0x5f0b, 0xdfae}, //弋
{0x5f0c, 0x8f6f}, //弌
{0x5f0d, 0x8f70}, //弍
{0x5f0e, 0x8f71}, //弎
{0x5f0f, 0xcabd}, //式
{0x5f10, 0x8f72}, //弐
{0x5f11, 0xdfb1}, //弑
{0x5f12, 0x8f73}, //弒
{0x5f13, 0xb9ad}, //弓
{0x5f14, 0x8f74}, //弔
{0x5f15, 0xd2fd}, //引
{0x5f16, 0x8f75}, //弖
{0x5f17, 0xb8a5}, //弗
{0x5f18, 0xbaeb}, //弘
{0x5f19, 0x8f76}, //弙
{0x5f1a, 0x8f77}, //弚
{0x5f1b, 0xb3da}, //弛
{0x5f1c, 0x8f78}, //弜
{0x5f1d, 0x8f79}, //弝
{0x5f1e, 0x8f7a}, //弞
{0x5f1f, 0xb5dc}, //弟
{0x5f20, 0xd5c5}, //张
{0x5f21, 0x8f7b}, //弡
{0x5f22, 0x8f7c}, //弢
{0x5f23, 0x8f7d}, //弣
{0x5f24, 0x8f7e}, //弤
{0x5f25, 0xc3d6}, //弥
{0x5f26, 0xcfd2}, //弦
{0x5f27, 0xbba1}, //弧
{0x5f28, 0x8f80}, //弨
{0x5f29, 0xe5f3}, //弩
{0x5f2a, 0xe5f2}, //弪
{0x5f2b, 0x8f81}, //弫
{0x5f2c, 0x8f82}, //弬
{0x5f2d, 0xe5f4}, //弭
{0x5f2e, 0x8f83}, //弮
{0x5f2f, 0xcde4}, //弯
{0x5f30, 0x8f84}, //弰
{0x5f31, 0xc8f5}, //弱
{0x5f32, 0x8f85}, //弲
{0x5f33, 0x8f86}, //弳
{0x5f34, 0x8f87}, //弴
{0x5f35, 0x8f88}, //張
{0x5f36, 0x8f89}, //弶
{0x5f37, 0x8f8a}, //強
{0x5f38, 0x8f8b}, //弸
{0x5f39, 0xb5af}, //弹
{0x5f3a, 0xc7bf}, //强
{0x5f3b, 0x8f8c}, //弻
{0x5f3c, 0xe5f6}, //弼
{0x5f3d, 0x8f8d}, //弽
{0x5f3e, 0x8f8e}, //弾
{0x5f3f, 0x8f8f}, //弿
{0x5f40, 0xecb0}, //彀
{0x5f41, 0x8f90}, //彁
{0x5f42, 0x8f91}, //彂
{0x5f43, 0x8f92}, //彃
{0x5f44, 0x8f93}, //彄
{0x5f45, 0x8f94}, //彅
{0x5f46, 0x8f95}, //彆
{0x5f47, 0x8f96}, //彇
{0x5f48, 0x8f97}, //彈
{0x5f49, 0x8f98}, //彉
{0x5f4a, 0x8f99}, //彊
{0x5f4b, 0x8f9a}, //彋
{0x5f4c, 0x8f9b}, //彌
{0x5f4d, 0x8f9c}, //彍
{0x5f4e, 0x8f9d}, //彎
{0x5f4f, 0x8f9e}, //彏
{0x5f50, 0xe5e6}, //彐
{0x5f51, 0x8f9f}, //彑
{0x5f52, 0xb9e9}, //归
{0x5f53, 0xb5b1}, //当
{0x5f54, 0x8fa0}, //彔
{0x5f55, 0xc2bc}, //录
{0x5f56, 0xe5e8}, //彖
{0x5f57, 0xe5e7}, //彗
{0x5f58, 0xe5e9}, //彘
{0x5f59, 0x8fa1}, //彙
{0x5f5a, 0x8fa2}, //彚
{0x5f5b, 0x8fa3}, //彛
{0x5f5c, 0x8fa4}, //彜
{0x5f5d, 0xd2cd}, //彝
{0x5f5e, 0x8fa5}, //彞
{0x5f5f, 0x8fa6}, //彟
{0x5f60, 0x8fa7}, //彠
{0x5f61, 0xe1ea}, //彡
{0x5f62, 0xd0ce}, //形
{0x5f63, 0x8fa8}, //彣
{0x5f64, 0xcdae}, //彤
{0x5f65, 0x8fa9}, //彥
{0x5f66, 0xd1e5}, //彦
{0x5f67, 0x8faa}, //彧
{0x5f68, 0x8fab}, //彨
{0x5f69, 0xb2ca}, //彩
{0x5f6a, 0xb1eb}, //彪
{0x5f6b, 0x8fac}, //彫
{0x5f6c, 0xb1f2}, //彬
{0x5f6d, 0xc5ed}, //彭
{0x5f6e, 0x8fad}, //彮
{0x5f6f, 0x8fae}, //彯
{0x5f70, 0xd5c3}, //彰
{0x5f71, 0xd3b0}, //影
{0x5f72, 0x8faf}, //彲
{0x5f73, 0xe1dc}, //彳
{0x5f74, 0x8fb0}, //彴
{0x5f75, 0x8fb1}, //彵
{0x5f76, 0x8fb2}, //彶
{0x5f77, 0xe1dd}, //彷
{0x5f78, 0x8fb3}, //彸
{0x5f79, 0xd2db}, //役
{0x5f7a, 0x8fb4}, //彺
{0x5f7b, 0xb3b9}, //彻
{0x5f7c, 0xb1cb}, //彼
{0x5f7d, 0x8fb5}, //彽
{0x5f7e, 0x8fb6}, //彾
{0x5f7f, 0x8fb7}, //彿
{0x5f80, 0xcdf9}, //往
{0x5f81, 0xd5f7}, //征
{0x5f82, 0xe1de}, //徂
{0x5f83, 0x8fb8}, //徃
{0x5f84, 0xbeb6}, //径
{0x5f85, 0xb4fd}, //待
{0x5f86, 0x8fb9}, //徆
{0x5f87, 0xe1df}, //徇
{0x5f88, 0xbadc}, //很
{0x5f89, 0xe1e0}, //徉
{0x5f8a, 0xbbb2}, //徊
{0x5f8b, 0xc2c9}, //律
{0x5f8c, 0xe1e1}, //後
{0x5f8d, 0x8fba}, //徍
{0x5f8e, 0x8fbb}, //徎
{0x5f8f, 0x8fbc}, //徏
{0x5f90, 0xd0ec}, //徐
{0x5f91, 0x8fbd}, //徑
{0x5f92, 0xcdbd}, //徒
{0x5f93, 0x8fbe}, //従
{0x5f94, 0x8fbf}, //徔
{0x5f95, 0xe1e2}, //徕
{0x5f96, 0x8fc0}, //徖
{0x5f97, 0xb5c3}, //得
{0x5f98, 0xc5c7}, //徘
{0x5f99, 0xe1e3}, //徙
{0x5f9a, 0x8fc1}, //徚
{0x5f9b, 0x8fc2}, //徛
{0x5f9c, 0xe1e4}, //徜
{0x5f9d, 0x8fc3}, //徝
{0x5f9e, 0x8fc4}, //從
{0x5f9f, 0x8fc5}, //徟
{0x5fa0, 0x8fc6}, //徠
{0x5fa1, 0xd3f9}, //御
{0x5fa2, 0x8fc7}, //徢
{0x5fa3, 0x8fc8}, //徣
{0x5fa4, 0x8fc9}, //徤
{0x5fa5, 0x8fca}, //徥
{0x5fa6, 0x8fcb}, //徦
{0x5fa7, 0x8fcc}, //徧
{0x5fa8, 0xe1e5}, //徨
{0x5fa9, 0x8fcd}, //復
{0x5faa, 0xd1ad}, //循
{0x5fab, 0x8fce}, //徫
{0x5fac, 0x8fcf}, //徬
{0x5fad, 0xe1e6}, //徭
{0x5fae, 0xcea2}, //微
{0x5faf, 0x8fd0}, //徯
{0x5fb0, 0x8fd1}, //徰
{0x5fb1, 0x8fd2}, //徱
{0x5fb2, 0x8fd3}, //徲
{0x5fb3, 0x8fd4}, //徳
{0x5fb4, 0x8fd5}, //徴
{0x5fb5, 0xe1e7}, //徵
{0x5fb6, 0x8fd6}, //徶
{0x5fb7, 0xb5c2}, //德
{0x5fb8, 0x8fd7}, //徸
{0x5fb9, 0x8fd8}, //徹
{0x5fba, 0x8fd9}, //徺
{0x5fbb, 0x8fda}, //徻
{0x5fbc, 0xe1e8}, //徼
{0x5fbd, 0xbbd5}, //徽
{0x5fbe, 0x8fdb}, //徾
{0x5fbf, 0x8fdc}, //徿
{0x5fc0, 0x8fdd}, //忀
{0x5fc1, 0x8fde}, //忁
{0x5fc2, 0x8fdf}, //忂
{0x5fc3, 0xd0c4}, //心
{0x5fc4, 0xe2e0}, //忄
{0x5fc5, 0xb1d8}, //必
{0x5fc6, 0xd2e4}, //忆
{0x5fc7, 0x8fe0}, //忇
{0x5fc8, 0x8fe1}, //忈
{0x5fc9, 0xe2e1}, //忉
{0x5fca, 0x8fe2}, //忊
{0x5fcb, 0x8fe3}, //忋
{0x5fcc, 0xbcc9}, //忌
{0x5fcd, 0xc8cc}, //忍
{0x5fce, 0x8fe4}, //忎
{0x5fcf, 0xe2e3}, //忏
{0x5fd0, 0xecfe}, //忐
{0x5fd1, 0xecfd}, //忑
{0x5fd2, 0xdfaf}, //忒
{0x5fd3, 0x8fe5}, //忓
{0x5fd4, 0x8fe6}, //忔
{0x5fd5, 0x8fe7}, //忕
{0x5fd6, 0xe2e2}, //忖
{0x5fd7, 0xd6be}, //志
{0x5fd8, 0xcdfc}, //忘
{0x5fd9, 0xc3a6}, //忙
{0x5fda, 0x8fe8}, //忚
{0x5fdb, 0x8fe9}, //忛
{0x5fdc, 0x8fea}, //応
{0x5fdd, 0xe3c3}, //忝
{0x5fde, 0x8feb}, //忞
{0x5fdf, 0x8fec}, //忟
{0x5fe0, 0xd6d2}, //忠
{0x5fe1, 0xe2e7}, //忡
{0x5fe2, 0x8fed}, //忢
{0x5fe3, 0x8fee}, //忣
{0x5fe4, 0xe2e8}, //忤
{0x5fe5, 0x8fef}, //忥
{0x5fe6, 0x8ff0}, //忦
{0x5fe7, 0xd3c7}, //忧
{0x5fe8, 0x8ff1}, //忨
{0x5fe9, 0x8ff2}, //忩
{0x5fea, 0xe2ec}, //忪
{0x5feb, 0xbfec}, //快
{0x5fec, 0x8ff3}, //忬
{0x5fed, 0xe2ed}, //忭
{0x5fee, 0xe2e5}, //忮
{0x5fef, 0x8ff4}, //忯
{0x5ff0, 0x8ff5}, //忰
{0x5ff1, 0xb3c0}, //忱
{0x5ff2, 0x8ff6}, //忲
{0x5ff3, 0x8ff7}, //忳
{0x5ff4, 0x8ff8}, //忴
{0x5ff5, 0xc4ee}, //念
{0x5ff6, 0x8ff9}, //忶
{0x5ff7, 0x8ffa}, //忷
{0x5ff8, 0xe2ee}, //忸
{0x5ff9, 0x8ffb}, //忹
{0x5ffa, 0x8ffc}, //忺
{0x5ffb, 0xd0c3}, //忻
{0x5ffc, 0x8ffd}, //忼
{0x5ffd, 0xbaf6}, //忽
{0x5ffe, 0xe2e9}, //忾
{0x5fff, 0xb7de}, //忿
{0x6000, 0xbbb3}, //怀
{0x6001, 0xccac}, //态
{0x6002, 0xcbcb}, //怂
{0x6003, 0xe2e4}, //怃
{0x6004, 0xe2e6}, //怄
{0x6005, 0xe2ea}, //怅
{0x6006, 0xe2eb}, //怆
{0x6007, 0x8ffe}, //怇
{0x6008, 0x9040}, //怈
{0x6009, 0x9041}, //怉
{0x600a, 0xe2f7}, //怊
{0x600b, 0x9042}, //怋
{0x600c, 0x9043}, //怌
{0x600d, 0xe2f4}, //怍
{0x600e, 0xd4f5}, //怎
{0x600f, 0xe2f3}, //怏
{0x6010, 0x9044}, //怐
{0x6011, 0x9045}, //怑
{0x6012, 0xc5ad}, //怒
{0x6013, 0x9046}, //怓
{0x6014, 0xd5fa}, //怔
{0x6015, 0xc5c2}, //怕
{0x6016, 0xb2c0}, //怖
{0x6017, 0x9047}, //怗
{0x6018, 0x9048}, //怘
{0x6019, 0xe2ef}, //怙
{0x601a, 0x9049}, //怚
{0x601b, 0xe2f2}, //怛
{0x601c, 0xc1af}, //怜
{0x601d, 0xcbbc}, //思
{0x601e, 0x904a}, //怞
{0x601f, 0x904b}, //怟
{0x6020, 0xb5a1}, //怠
{0x6021, 0xe2f9}, //怡
{0x6022, 0x904c}, //怢
{0x6023, 0x904d}, //怣
{0x6024, 0x904e}, //怤
{0x6025, 0xbcb1}, //急
{0x6026, 0xe2f1}, //怦
{0x6027, 0xd0d4}, //性
{0x6028, 0xd4b9}, //怨
{0x6029, 0xe2f5}, //怩
{0x602a, 0xb9d6}, //怪
{0x602b, 0xe2f6}, //怫
{0x602c, 0x904f}, //怬
{0x602d, 0x9050}, //怭
{0x602e, 0x9051}, //怮
{0x602f, 0xc7d3}, //怯
{0x6030, 0x9052}, //怰
{0x6031, 0x9053}, //怱
{0x6032, 0x9054}, //怲
{0x6033, 0x9055}, //怳
{0x6034, 0x9056}, //怴
{0x6035, 0xe2f0}, //怵
{0x6036, 0x9057}, //怶
{0x6037, 0x9058}, //怷
{0x6038, 0x9059}, //怸
{0x6039, 0x905a}, //怹
{0x603a, 0x905b}, //怺
{0x603b, 0xd7dc}, //总
{0x603c, 0xeda1}, //怼
{0x603d, 0x905c}, //怽
{0x603e, 0x905d}, //怾
{0x603f, 0xe2f8}, //怿
{0x6040, 0x905e}, //恀
{0x6041, 0xeda5}, //恁
{0x6042, 0xe2fe}, //恂
{0x6043, 0xcad1}, //恃
{0x6044, 0x905f}, //恄
{0x6045, 0x9060}, //恅
{0x6046, 0x9061}, //恆
{0x6047, 0x9062}, //恇
{0x6048, 0x9063}, //恈
{0x6049, 0x9064}, //恉
{0x604a, 0x9065}, //恊
{0x604b, 0xc1b5}, //恋
{0x604c, 0x9066}, //恌
{0x604d, 0xbbd0}, //恍
{0x604e, 0x9067}, //恎
{0x604f, 0x9068}, //恏
{0x6050, 0xbfd6}, //恐
{0x6051, 0x9069}, //恑
{0x6052, 0xbae3}, //恒
{0x6053, 0x906a}, //恓
{0x6054, 0x906b}, //恔
{0x6055, 0xcba1}, //恕
{0x6056, 0x906c}, //恖
{0x6057, 0x906d}, //恗
{0x6058, 0x906e}, //恘
{0x6059, 0xeda6}, //恙
{0x605a, 0xeda3}, //恚
{0x605b, 0x906f}, //恛
{0x605c, 0x9070}, //恜
{0x605d, 0xeda2}, //恝
{0x605e, 0x9071}, //恞
{0x605f, 0x9072}, //恟
{0x6060, 0x9073}, //恠
{0x6061, 0x9074}, //恡
{0x6062, 0xbbd6}, //恢
{0x6063, 0xeda7}, //恣
{0x6064, 0xd0f4}, //恤
{0x6065, 0x9075}, //恥
{0x6066, 0x9076}, //恦
{0x6067, 0xeda4}, //恧
{0x6068, 0xbade}, //恨
{0x6069, 0xb6f7}, //恩
{0x606a, 0xe3a1}, //恪
{0x606b, 0xb6b2}, //恫
{0x606c, 0xccf1}, //恬
{0x606d, 0xb9a7}, //恭
{0x606e, 0x9077}, //恮
{0x606f, 0xcfa2}, //息
{0x6070, 0xc7a1}, //恰
{0x6071, 0x9078}, //恱
{0x6072, 0x9079}, //恲
{0x6073, 0xbfd2}, //恳
{0x6074, 0x907a}, //恴
{0x6075, 0x907b}, //恵
{0x6076, 0xb6f1}, //恶
{0x6077, 0x907c}, //恷
{0x6078, 0xe2fa}, //恸
{0x6079, 0xe2fb}, //恹
{0x607a, 0xe2fd}, //恺
{0x607b, 0xe2fc}, //恻
{0x607c, 0xc4d5}, //恼
{0x607d, 0xe3a2}, //恽
{0x607e, 0x907d}, //恾
{0x607f, 0xd3c1}, //恿
{0x6080, 0x907e}, //悀
{0x6081, 0x9080}, //悁
{0x6082, 0x9081}, //悂
{0x6083, 0xe3a7}, //悃
{0x6084, 0xc7c4}, //悄
{0x6085, 0x9082}, //悅
{0x6086, 0x9083}, //悆
{0x6087, 0x9084}, //悇
{0x6088, 0x9085}, //悈
{0x6089, 0xcfa4}, //悉
{0x608a, 0x9086}, //悊
{0x608b, 0x9087}, //悋
{0x608c, 0xe3a9}, //悌
{0x608d, 0xbab7}, //悍
{0x608e, 0x9088}, //悎
{0x608f, 0x9089}, //悏
{0x6090, 0x908a}, //悐
{0x6091, 0x908b}, //悑
{0x6092, 0xe3a8}, //悒
{0x6093, 0x908c}, //悓
{0x6094, 0xbbda}, //悔
{0x6095, 0x908d}, //悕
{0x6096, 0xe3a3}, //悖
{0x6097, 0x908e}, //悗
{0x6098, 0x908f}, //悘
{0x6099, 0x9090}, //悙
{0x609a, 0xe3a4}, //悚
{0x609b, 0xe3aa}, //悛
{0x609c, 0x9091}, //悜
{0x609d, 0xe3a6}, //悝
{0x609e, 0x9092}, //悞
{0x609f, 0xcef2}, //悟
{0x60a0, 0xd3c6}, //悠
{0x60a1, 0x9093}, //悡
{0x60a2, 0x9094}, //悢
{0x60a3, 0xbbbc}, //患
{0x60a4, 0x9095}, //悤
{0x60a5, 0x9096}, //悥
{0x60a6, 0xd4c3}, //悦
{0x60a7, 0x9097}, //悧
{0x60a8, 0xc4fa}, //您
{0x60a9, 0x9098}, //悩
{0x60aa, 0x9099}, //悪
{0x60ab, 0xeda8}, //悫
{0x60ac, 0xd0fc}, //悬
{0x60ad, 0xe3a5}, //悭
{0x60ae, 0x909a}, //悮
{0x60af, 0xc3f5}, //悯
{0x60b0, 0x909b}, //悰
{0x60b1, 0xe3ad}, //悱
{0x60b2, 0xb1af}, //悲
{0x60b3, 0x909c}, //悳
{0x60b4, 0xe3b2}, //悴
{0x60b5, 0x909d}, //悵
{0x60b6, 0x909e}, //悶
{0x60b7, 0x909f}, //悷
{0x60b8, 0xbcc2}, //悸
{0x60b9, 0x90a0}, //悹
{0x60ba, 0x90a1}, //悺
{0x60bb, 0xe3ac}, //悻
{0x60bc, 0xb5bf}, //悼
{0x60bd, 0x90a2}, //悽
{0x60be, 0x90a3}, //悾
{0x60bf, 0x90a4}, //悿
{0x60c0, 0x90a5}, //惀
{0x60c1, 0x90a6}, //惁
{0x60c2, 0x90a7}, //惂
{0x60c3, 0x90a8}, //惃
{0x60c4, 0x90a9}, //惄
{0x60c5, 0xc7e9}, //情
{0x60c6, 0xe3b0}, //惆
{0x60c7, 0x90aa}, //惇
{0x60c8, 0x90ab}, //惈
{0x60c9, 0x90ac}, //惉
{0x60ca, 0xbeaa}, //惊
{0x60cb, 0xcdef}, //惋
{0x60cc, 0x90ad}, //惌
{0x60cd, 0x90ae}, //惍
{0x60ce, 0x90af}, //惎
{0x60cf, 0x90b0}, //惏
{0x60d0, 0x90b1}, //惐
{0x60d1, 0xbbf3}, //惑
{0x60d2, 0x90b2}, //惒
{0x60d3, 0x90b3}, //惓
{0x60d4, 0x90b4}, //惔
{0x60d5, 0xcce8}, //惕
{0x60d6, 0x90b5}, //惖
{0x60d7, 0x90b6}, //惗
{0x60d8, 0xe3af}, //惘
{0x60d9, 0x90b7}, //惙
{0x60da, 0xe3b1}, //惚
{0x60db, 0x90b8}, //惛
{0x60dc, 0xcfa7}, //惜
{0x60dd, 0xe3ae}, //惝
{0x60de, 0x90b9}, //惞
{0x60df, 0xcea9}, //惟
{0x60e0, 0xbbdd}, //惠
{0x60e1, 0x90ba}, //惡
{0x60e2, 0x90bb}, //惢
{0x60e3, 0x90bc}, //惣
{0x60e4, 0x90bd}, //惤
{0x60e5, 0x90be}, //惥
{0x60e6, 0xb5eb}, //惦
{0x60e7, 0xbee5}, //惧
{0x60e8, 0xb2d2}, //惨
{0x60e9, 0xb3cd}, //惩
{0x60ea, 0x90bf}, //惪
{0x60eb, 0xb1b9}, //惫
{0x60ec, 0xe3ab}, //惬
{0x60ed, 0xb2d1}, //惭
{0x60ee, 0xb5ac}, //惮
{0x60ef, 0xb9df}, //惯
{0x60f0, 0xb6e8}, //惰
{0x60f1, 0x90c0}, //惱
{0x60f2, 0x90c1}, //惲
{0x60f3, 0xcfeb}, //想
{0x60f4, 0xe3b7}, //惴
{0x60f5, 0x90c2}, //惵
{0x60f6, 0xbbcc}, //惶
{0x60f7, 0x90c3}, //惷
{0x60f8, 0x90c4}, //惸
{0x60f9, 0xc8c7}, //惹
{0x60fa, 0xd0ca}, //惺
{0x60fb, 0x90c5}, //惻
{0x60fc, 0x90c6}, //惼
{0x60fd, 0x90c7}, //惽
{0x60fe, 0x90c8}, //惾
{0x60ff, 0x90c9}, //惿
{0x6100, 0xe3b8}, //愀
{0x6101, 0xb3ee}, //愁
{0x6102, 0x90ca}, //愂
{0x6103, 0x90cb}, //愃
{0x6104, 0x90cc}, //愄
{0x6105, 0x90cd}, //愅
{0x6106, 0xeda9}, //愆
{0x6107, 0x90ce}, //愇
{0x6108, 0xd3fa}, //愈
{0x6109, 0xd3e4}, //愉
{0x610a, 0x90cf}, //愊
{0x610b, 0x90d0}, //愋
{0x610c, 0x90d1}, //愌
{0x610d, 0xedaa}, //愍
{0x610e, 0xe3b9}, //愎
{0x610f, 0xd2e2}, //意
{0x6110, 0x90d2}, //愐
{0x6111, 0x90d3}, //愑
{0x6112, 0x90d4}, //愒
{0x6113, 0x90d5}, //愓
{0x6114, 0x90d6}, //愔
{0x6115, 0xe3b5}, //愕
{0x6116, 0x90d7}, //愖
{0x6117, 0x90d8}, //愗
{0x6118, 0x90d9}, //愘
{0x6119, 0x90da}, //愙
{0x611a, 0xd3de}, //愚
{0x611b, 0x90db}, //愛
{0x611c, 0x90dc}, //愜
{0x611d, 0x90dd}, //愝
{0x611e, 0x90de}, //愞
{0x611f, 0xb8d0}, //感
{0x6120, 0xe3b3}, //愠
{0x6121, 0x90df}, //愡
{0x6122, 0x90e0}, //愢
{0x6123, 0xe3b6}, //愣
{0x6124, 0xb7df}, //愤
{0x6125, 0x90e1}, //愥
{0x6126, 0xe3b4}, //愦
{0x6127, 0xc0a2}, //愧
{0x6128, 0x90e2}, //愨
{0x6129, 0x90e3}, //愩
{0x612a, 0x90e4}, //愪
{0x612b, 0xe3ba}, //愫
{0x612c, 0x90e5}, //愬
{0x612d, 0x90e6}, //愭
{0x612e, 0x90e7}, //愮
{0x612f, 0x90e8}, //愯
{0x6130, 0x90e9}, //愰
{0x6131, 0x90ea}, //愱
{0x6132, 0x90eb}, //愲
{0x6133, 0x90ec}, //愳
{0x6134, 0x90ed}, //愴
{0x6135, 0x90ee}, //愵
{0x6136, 0x90ef}, //愶
{0x6137, 0x90f0}, //愷
{0x6138, 0x90f1}, //愸
{0x6139, 0x90f2}, //愹
{0x613a, 0x90f3}, //愺
{0x613b, 0x90f4}, //愻
{0x613c, 0x90f5}, //愼
{0x613d, 0x90f6}, //愽
{0x613e, 0x90f7}, //愾
{0x613f, 0xd4b8}, //愿
{0x6140, 0x90f8}, //慀
{0x6141, 0x90f9}, //慁
{0x6142, 0x90fa}, //慂
{0x6143, 0x90fb}, //慃
{0x6144, 0x90fc}, //慄
{0x6145, 0x90fd}, //慅
{0x6146, 0x90fe}, //慆
{0x6147, 0x9140}, //慇
{0x6148, 0xb4c8}, //慈
{0x6149, 0x9141}, //慉
{0x614a, 0xe3bb}, //慊
{0x614b, 0x9142}, //態
{0x614c, 0xbbc5}, //慌
{0x614d, 0x9143}, //慍
{0x614e, 0xc9f7}, //慎
{0x614f, 0x9144}, //慏
{0x6150, 0x9145}, //慐
{0x6151, 0xc9e5}, //慑
{0x6152, 0x9146}, //慒
{0x6153, 0x9147}, //慓
{0x6154, 0x9148}, //慔
{0x6155, 0xc4bd}, //慕
{0x6156, 0x9149}, //慖
{0x6157, 0x914a}, //慗
{0x6158, 0x914b}, //慘
{0x6159, 0x914c}, //慙
{0x615a, 0x914d}, //慚
{0x615b, 0x914e}, //慛
{0x615c, 0x914f}, //慜
{0x615d, 0xedab}, //慝
{0x615e, 0x9150}, //慞
{0x615f, 0x9151}, //慟
{0x6160, 0x9152}, //慠
{0x6161, 0x9153}, //慡
{0x6162, 0xc2fd}, //慢
{0x6163, 0x9154}, //慣
{0x6164, 0x9155}, //慤
{0x6165, 0x9156}, //慥
{0x6166, 0x9157}, //慦
{0x6167, 0xbbdb}, //慧
{0x6168, 0xbfae}, //慨
{0x6169, 0x9158}, //慩
{0x616a, 0x9159}, //慪
{0x616b, 0x915a}, //慫
{0x616c, 0x915b}, //慬
{0x616d, 0x915c}, //慭
{0x616e, 0x915d}, //慮
{0x616f, 0x915e}, //慯
{0x6170, 0xcebf}, //慰
{0x6171, 0x915f}, //慱
{0x6172, 0x9160}, //慲
{0x6173, 0x9161}, //慳
{0x6174, 0x9162}, //慴
{0x6175, 0xe3bc}, //慵
{0x6176, 0x9163}, //慶
{0x6177, 0xbfb6}, //慷
{0x6178, 0x9164}, //慸
{0x6179, 0x9165}, //慹
{0x617a, 0x9166}, //慺
{0x617b, 0x9167}, //慻
{0x617c, 0x9168}, //慼
{0x617d, 0x9169}, //慽
{0x617e, 0x916a}, //慾
{0x617f, 0x916b}, //慿
{0x6180, 0x916c}, //憀
{0x6181, 0x916d}, //憁
{0x6182, 0x916e}, //憂
{0x6183, 0x916f}, //憃
{0x6184, 0x9170}, //憄
{0x6185, 0x9171}, //憅
{0x6186, 0x9172}, //憆
{0x6187, 0x9173}, //憇
{0x6188, 0x9174}, //憈
{0x6189, 0x9175}, //憉
{0x618a, 0x9176}, //憊
{0x618b, 0xb1ef}, //憋
{0x618c, 0x9177}, //憌
{0x618d, 0x9178}, //憍
{0x618e, 0xd4f7}, //憎
{0x618f, 0x9179}, //憏
{0x6190, 0x917a}, //憐
{0x6191, 0x917b}, //憑
{0x6192, 0x917c}, //憒
{0x6193, 0x917d}, //憓
{0x6194, 0xe3be}, //憔
{0x6195, 0x917e}, //憕
{0x6196, 0x9180}, //憖
{0x6197, 0x9181}, //憗
{0x6198, 0x9182}, //憘
{0x6199, 0x9183}, //憙
{0x619a, 0x9184}, //憚
{0x619b, 0x9185}, //憛
{0x619c, 0x9186}, //憜
{0x619d, 0xedad}, //憝
{0x619e, 0x9187}, //憞
{0x619f, 0x9188}, //憟
{0x61a0, 0x9189}, //憠
{0x61a1, 0x918a}, //憡
{0x61a2, 0x918b}, //憢
{0x61a3, 0x918c}, //憣
{0x61a4, 0x918d}, //憤
{0x61a5, 0x918e}, //憥
{0x61a6, 0x918f}, //憦
{0x61a7, 0xe3bf}, //憧
{0x61a8, 0xbaa9}, //憨
{0x61a9, 0xedac}, //憩
{0x61aa, 0x9190}, //憪
{0x61ab, 0x9191}, //憫
{0x61ac, 0xe3bd}, //憬
{0x61ad, 0x9192}, //憭
{0x61ae, 0x9193}, //憮
{0x61af, 0x9194}, //憯
{0x61b0, 0x9195}, //憰
{0x61b1, 0x9196}, //憱
{0x61b2, 0x9197}, //憲
{0x61b3, 0x9198}, //憳
{0x61b4, 0x9199}, //憴
{0x61b5, 0x919a}, //憵
{0x61b6, 0x919b}, //憶
{0x61b7, 0xe3c0}, //憷
{0x61b8, 0x919c}, //憸
{0x61b9, 0x919d}, //憹
{0x61ba, 0x919e}, //憺
{0x61bb, 0x919f}, //憻
{0x61bc, 0x91a0}, //憼
{0x61bd, 0x91a1}, //憽
{0x61be, 0xbab6}, //憾
{0x61bf, 0x91a2}, //憿
{0x61c0, 0x91a3}, //懀
{0x61c1, 0x91a4}, //懁
{0x61c2, 0xb6ae}, //懂
{0x61c3, 0x91a5}, //懃
{0x61c4, 0x91a6}, //懄
{0x61c5, 0x91a7}, //懅
{0x61c6, 0x91a8}, //懆
{0x61c7, 0x91a9}, //懇
{0x61c8, 0xd0b8}, //懈
{0x61c9, 0x91aa}, //應
{0x61ca, 0xb0c3}, //懊
{0x61cb, 0xedae}, //懋
{0x61cc, 0x91ab}, //懌
{0x61cd, 0x91ac}, //懍
{0x61ce, 0x91ad}, //懎
{0x61cf, 0x91ae}, //懏
{0x61d0, 0x91af}, //懐
{0x61d1, 0xedaf}, //懑
{0x61d2, 0xc0c1}, //懒
{0x61d3, 0x91b0}, //懓
{0x61d4, 0xe3c1}, //懔
{0x61d5, 0x91b1}, //懕
{0x61d6, 0x91b2}, //懖
{0x61d7, 0x91b3}, //懗
{0x61d8, 0x91b4}, //懘
{0x61d9, 0x91b5}, //懙
{0x61da, 0x91b6}, //懚
{0x61db, 0x91b7}, //懛
{0x61dc, 0x91b8}, //懜
{0x61dd, 0x91b9}, //懝
{0x61de, 0x91ba}, //懞
{0x61df, 0x91bb}, //懟
{0x61e0, 0x91bc}, //懠
{0x61e1, 0x91bd}, //懡
{0x61e2, 0x91be}, //懢
{0x61e3, 0x91bf}, //懣
{0x61e4, 0x91c0}, //懤
{0x61e5, 0x91c1}, //懥
{0x61e6, 0xc5b3}, //懦
{0x61e7, 0x91c2}, //懧
{0x61e8, 0x91c3}, //懨
{0x61e9, 0x91c4}, //懩
{0x61ea, 0x91c5}, //懪
{0x61eb, 0x91c6}, //懫
{0x61ec, 0x91c7}, //懬
{0x61ed, 0x91c8}, //懭
{0x61ee, 0x91c9}, //懮
{0x61ef, 0x91ca}, //懯
{0x61f0, 0x91cb}, //懰
{0x61f1, 0x91cc}, //懱
{0x61f2, 0x91cd}, //懲
{0x61f3, 0x91ce}, //懳
{0x61f4, 0x91cf}, //懴
{0x61f5, 0xe3c2}, //懵
{0x61f6, 0x91d0}, //懶
{0x61f7, 0x91d1}, //懷
{0x61f8, 0x91d2}, //懸
{0x61f9, 0x91d3}, //懹
{0x61fa, 0x91d4}, //懺
{0x61fb, 0x91d5}, //懻
{0x61fc, 0x91d6}, //懼
{0x61fd, 0x91d7}, //懽
{0x61fe, 0x91d8}, //懾
{0x61ff, 0xdcb2}, //懿
{0x6200, 0x91d9}, //戀
{0x6201, 0x91da}, //戁
{0x6202, 0x91db}, //戂
{0x6203, 0x91dc}, //戃
{0x6204, 0x91dd}, //戄
{0x6205, 0x91de}, //戅
{0x6206, 0xedb0}, //戆
{0x6207, 0x91df}, //戇
{0x6208, 0xb8ea}, //戈
{0x6209, 0x91e0}, //戉
{0x620a, 0xceec}, //戊
{0x620b, 0xeaa7}, //戋
{0x620c, 0xd0e7}, //戌
{0x620d, 0xcaf9}, //戍
{0x620e, 0xc8d6}, //戎
{0x620f, 0xcfb7}, //戏
{0x6210, 0xb3c9}, //成
{0x6211, 0xced2}, //我
{0x6212, 0xbde4}, //戒
{0x6213, 0x91e1}, //戓
{0x6214, 0x91e2}, //戔
{0x6215, 0xe3de}, //戕
{0x6216, 0xbbf2}, //或
{0x6217, 0xeaa8}, //戗
{0x6218, 0xd5bd}, //战
{0x6219, 0x91e3}, //戙
{0x621a, 0xc6dd}, //戚
{0x621b, 0xeaa9}, //戛
{0x621c, 0x91e4}, //戜
{0x621d, 0x91e5}, //戝
{0x621e, 0x91e6}, //戞
{0x621f, 0xeaaa}, //戟
{0x6220, 0x91e7}, //戠
{0x6221, 0xeaac}, //戡
{0x6222, 0xeaab}, //戢
{0x6223, 0x91e8}, //戣
{0x6224, 0xeaae}, //戤
{0x6225, 0xeaad}, //戥
{0x6226, 0x91e9}, //戦
{0x6227, 0x91ea}, //戧
{0x6228, 0x91eb}, //戨
{0x6229, 0x91ec}, //戩
{0x622a, 0xbdd8}, //截
{0x622b, 0x91ed}, //戫
{0x622c, 0xeaaf}, //戬
{0x622d, 0x91ee}, //戭
{0x622e, 0xc2be}, //戮
{0x622f, 0x91ef}, //戯
{0x6230, 0x91f0}, //戰
{0x6231, 0x91f1}, //戱
{0x6232, 0x91f2}, //戲
{0x6233, 0xb4c1}, //戳
{0x6234, 0xb4f7}, //戴
{0x6235, 0x91f3}, //戵
{0x6236, 0x91f4}, //戶
{0x6237, 0xbba7}, //户
{0x6238, 0x91f5}, //戸
{0x6239, 0x91f6}, //戹
{0x623a, 0x91f7}, //戺
{0x623b, 0x91f8}, //戻
{0x623c, 0x91f9}, //戼
{0x623d, 0xece6}, //戽
{0x623e, 0xece5}, //戾
{0x623f, 0xb7bf}, //房
{0x6240, 0xcbf9}, //所
{0x6241, 0xb1e2}, //扁
{0x6242, 0x91fa}, //扂
{0x6243, 0xece7}, //扃
{0x6244, 0x91fb}, //扄
{0x6245, 0x91fc}, //扅
{0x6246, 0x91fd}, //扆
{0x6247, 0xc9c8}, //扇
{0x6248, 0xece8}, //扈
{0x6249, 0xece9}, //扉
{0x624a, 0x91fe}, //扊
{0x624b, 0xcad6}, //手
{0x624c, 0xded0}, //扌
{0x624d, 0xb2c5}, //才
{0x624e, 0xd4fa}, //扎
{0x624f, 0x9240}, //扏
{0x6250, 0x9241}, //扐
{0x6251, 0xc6cb}, //扑
{0x6252, 0xb0c7}, //扒
{0x6253, 0xb4f2}, //打
{0x6254, 0xc8d3}, //扔
{0x6255, 0x9242}, //払
{0x6256, 0x9243}, //扖
{0x6257, 0x9244}, //扗
{0x6258, 0xcdd0}, //托
{0x6259, 0x9245}, //扙
{0x625a, 0x9246}, //扚
{0x625b, 0xbfb8}, //扛
{0x625c, 0x9247}, //扜
{0x625d, 0x9248}, //扝
{0x625e, 0x9249}, //扞
{0x625f, 0x924a}, //扟
{0x6260, 0x924b}, //扠
{0x6261, 0x924c}, //扡
{0x6262, 0x924d}, //扢
{0x6263, 0xbfdb}, //扣
{0x6264, 0x924e}, //扤
{0x6265, 0x924f}, //扥
{0x6266, 0xc7a4}, //扦
{0x6267, 0xd6b4}, //执
{0x6268, 0x9250}, //扨
{0x6269, 0xc0a9}, //扩
{0x626a, 0xded1}, //扪
{0x626b, 0xc9a8}, //扫
{0x626c, 0xd1ef}, //扬
{0x626d, 0xc5a4}, //扭
{0x626e, 0xb0e7}, //扮
{0x626f, 0xb3b6}, //扯
{0x6270, 0xc8c5}, //扰
{0x6271, 0x9251}, //扱
{0x6272, 0x9252}, //扲
{0x6273, 0xb0e2}, //扳
{0x6274, 0x9253}, //扴
{0x6275, 0x9254}, //扵
{0x6276, 0xb7f6}, //扶
{0x6277, 0x9255}, //扷
{0x6278, 0x9256}, //扸
{0x6279, 0xc5fa}, //批
{0x627a, 0x9257}, //扺
{0x627b, 0x9258}, //扻
{0x627c, 0xb6f3}, //扼
{0x627d, 0x9259}, //扽
{0x627e, 0xd5d2}, //找
{0x627f, 0xb3d0}, //承
{0x6280, 0xbcbc}, //技
{0x6281, 0x925a}, //抁
{0x6282, 0x925b}, //抂
{0x6283, 0x925c}, //抃
{0x6284, 0xb3ad}, //抄
{0x6285, 0x925d}, //抅
{0x6286, 0x925e}, //抆
{0x6287, 0x925f}, //抇
{0x6288, 0x9260}, //抈
{0x6289, 0xbef1}, //抉
{0x628a, 0xb0d1}, //把
{0x628b, 0x9261}, //抋
{0x628c, 0x9262}, //抌
{0x628d, 0x9263}, //抍
{0x628e, 0x9264}, //抎
{0x628f, 0x9265}, //抏
{0x6290, 0x9266}, //抐
{0x6291, 0xd2d6}, //抑
{0x6292, 0xcae3}, //抒
{0x6293, 0xd7a5}, //抓
{0x6294, 0x9267}, //抔
{0x6295, 0xcdb6}, //投
{0x6296, 0xb6b6}, //抖
{0x6297, 0xbfb9}, //抗
{0x6298, 0xd5db}, //折
{0x6299, 0x9268}, //抙
{0x629a, 0xb8a7}, //抚
{0x629b, 0xc5d7}, //抛
{0x629c, 0x9269}, //抜
{0x629d, 0x926a}, //抝
{0x629e, 0x926b}, //択
{0x629f, 0xded2}, //抟
{0x62a0, 0xbfd9}, //抠
{0x62a1, 0xc2d5}, //抡
{0x62a2, 0xc7c0}, //抢
{0x62a3, 0x926c}, //抣
{0x62a4, 0xbba4}, //护
{0x62a5, 0xb1a8}, //报
{0x62a6, 0x926d}, //抦
{0x62a7, 0x926e}, //抧
{0x62a8, 0xc5ea}, //抨
{0x62a9, 0x926f}, //抩
{0x62aa, 0x9270}, //抪
{0x62ab, 0xc5fb}, //披
{0x62ac, 0xcca7}, //抬
{0x62ad, 0x9271}, //抭
{0x62ae, 0x9272}, //抮
{0x62af, 0x9273}, //抯
{0x62b0, 0x9274}, //抰
{0x62b1, 0xb1a7}, //抱
{0x62b2, 0x9275}, //抲
{0x62b3, 0x9276}, //抳
{0x62b4, 0x9277}, //抴
{0x62b5, 0xb5d6}, //抵
{0x62b6, 0x9278}, //抶
{0x62b7, 0x9279}, //抷
{0x62b8, 0x927a}, //抸
{0x62b9, 0xc4a8}, //抹
{0x62ba, 0x927b}, //抺
{0x62bb, 0xded3}, //抻
{0x62bc, 0xd1ba}, //押
{0x62bd, 0xb3e9}, //抽
{0x62be, 0x927c}, //抾
{0x62bf, 0xc3f2}, //抿
{0x62c0, 0x927d}, //拀
{0x62c1, 0x927e}, //拁
{0x62c2, 0xb7f7}, //拂
{0x62c3, 0x9280}, //拃
{0x62c4, 0xd6f4}, //拄
{0x62c5, 0xb5a3}, //担
{0x62c6, 0xb2f0}, //拆
{0x62c7, 0xc4b4}, //拇
{0x62c8, 0xc4e9}, //拈
{0x62c9, 0xc0ad}, //拉
{0x62ca, 0xded4}, //拊
{0x62cb, 0x9281}, //拋
{0x62cc, 0xb0e8}, //拌
{0x62cd, 0xc5c4}, //拍
{0x62ce, 0xc1e0}, //拎
{0x62cf, 0x9282}, //拏
{0x62d0, 0xb9d5}, //拐
{0x62d1, 0x9283}, //拑
{0x62d2, 0xbedc}, //拒
{0x62d3, 0xcdd8}, //拓
{0x62d4, 0xb0ce}, //拔
{0x62d5, 0x9284}, //拕
{0x62d6, 0xcdcf}, //拖
{0x62d7, 0xded6}, //拗
{0x62d8, 0xbed0}, //拘
{0x62d9, 0xd7be}, //拙
{0x62da, 0xded5}, //拚
{0x62db, 0xd5d0}, //招
{0x62dc, 0xb0dd}, //拜
{0x62dd, 0x9285}, //拝
{0x62de, 0x9286}, //拞
{0x62df, 0xc4e2}, //拟
{0x62e0, 0x9287}, //拠
{0x62e1, 0x9288}, //拡
{0x62e2, 0xc2a3}, //拢
{0x62e3, 0xbcf0}, //拣
{0x62e4, 0x9289}, //拤
{0x62e5, 0xd3b5}, //拥
{0x62e6, 0xc0b9}, //拦
{0x62e7, 0xc5a1}, //拧
{0x62e8, 0xb2a6}, //拨
{0x62e9, 0xd4f1}, //择
{0x62ea, 0x928a}, //拪
{0x62eb, 0x928b}, //拫
{0x62ec, 0xc0a8}, //括
{0x62ed, 0xcac3}, //拭
{0x62ee, 0xded7}, //拮
{0x62ef, 0xd5fc}, //拯
{0x62f0, 0x928c}, //拰
{0x62f1, 0xb9b0}, //拱
{0x62f2, 0x928d}, //拲
{0x62f3, 0xc8ad}, //拳
{0x62f4, 0xcba9}, //拴
{0x62f5, 0x928e}, //拵
{0x62f6, 0xded9}, //拶
{0x62f7, 0xbfbd}, //拷
{0x62f8, 0x928f}, //拸
{0x62f9, 0x9290}, //拹
{0x62fa, 0x9291}, //拺
{0x62fb, 0x9292}, //拻
{0x62fc, 0xc6b4}, //拼
{0x62fd, 0xd7a7}, //拽
{0x62fe, 0xcab0}, //拾
{0x62ff, 0xc4c3}, //拿
{0x6300, 0x9293}, //挀
{0x6301, 0xb3d6}, //持
{0x6302, 0xb9d2}, //挂
{0x6303, 0x9294}, //挃
{0x6304, 0x9295}, //挄
{0x6305, 0x9296}, //挅
{0x6306, 0x9297}, //挆
{0x6307, 0xd6b8}, //指
{0x6308, 0xeafc}, //挈
{0x6309, 0xb0b4}, //按
{0x630a, 0x9298}, //挊
{0x630b, 0x9299}, //挋
{0x630c, 0x929a}, //挌
{0x630d, 0x929b}, //挍
{0x630e, 0xbfe6}, //挎
{0x630f, 0x929c}, //挏
{0x6310, 0x929d}, //挐
{0x6311, 0xccf4}, //挑
{0x6312, 0x929e}, //挒
{0x6313, 0x929f}, //挓
{0x6314, 0x92a0}, //挔
{0x6315, 0x92a1}, //挕
{0x6316, 0xcdda}, //挖
{0x6317, 0x92a2}, //挗
{0x6318, 0x92a3}, //挘
{0x6319, 0x92a4}, //挙
{0x631a, 0xd6bf}, //挚
{0x631b, 0xc2ce}, //挛
{0x631c, 0x92a5}, //挜
{0x631d, 0xcece}, //挝
{0x631e, 0xcca2}, //挞
{0x631f, 0xd0ae}, //挟
{0x6320, 0xc4d3}, //挠
{0x6321, 0xb5b2}, //挡
{0x6322, 0xded8}, //挢
{0x6323, 0xd5f5}, //挣
{0x6324, 0xbcb7}, //挤
{0x6325, 0xbbd3}, //挥
{0x6326, 0x92a6}, //挦
{0x6327, 0x92a7}, //挧
{0x6328, 0xb0a4}, //挨
{0x6329, 0x92a8}, //挩
{0x632a, 0xc5b2}, //挪
{0x632b, 0xb4ec}, //挫
{0x632c, 0x92a9}, //挬
{0x632d, 0x92aa}, //挭
{0x632e, 0x92ab}, //挮
{0x632f, 0xd5f1}, //振
{0x6330, 0x92ac}, //挰
{0x6331, 0x92ad}, //挱
{0x6332, 0xeafd}, //挲
{0x6333, 0x92ae}, //挳
{0x6334, 0x92af}, //挴
{0x6335, 0x92b0}, //挵
{0x6336, 0x92b1}, //挶
{0x6337, 0x92b2}, //挷
{0x6338, 0x92b3}, //挸
{0x6339, 0xdeda}, //挹
{0x633a, 0xcda6}, //挺
{0x633b, 0x92b4}, //挻
{0x633c, 0x92b5}, //挼
{0x633d, 0xcdec}, //挽
{0x633e, 0x92b6}, //挾
{0x633f, 0x92b7}, //挿
{0x6340, 0x92b8}, //捀
{0x6341, 0x92b9}, //捁
{0x6342, 0xcee6}, //捂
{0x6343, 0xdedc}, //捃
{0x6344, 0x92ba}, //捄
{0x6345, 0xcdb1}, //捅
{0x6346, 0xc0a6}, //捆
{0x6347, 0x92bb}, //捇
{0x6348, 0x92bc}, //捈
{0x6349, 0xd7bd}, //捉
{0x634a, 0x92bd}, //捊
{0x634b, 0xdedb}, //捋
{0x634c, 0xb0c6}, //捌
{0x634d, 0xbab4}, //捍
{0x634e, 0xc9d3}, //捎
{0x634f, 0xc4f3}, //捏
{0x6350, 0xbee8}, //捐
{0x6351, 0x92be}, //捑
{0x6352, 0x92bf}, //捒
{0x6353, 0x92c0}, //捓
{0x6354, 0x92c1}, //捔
{0x6355, 0xb2b6}, //捕
{0x6356, 0x92c2}, //捖
{0x6357, 0x92c3}, //捗
{0x6358, 0x92c4}, //捘
{0x6359, 0x92c5}, //捙
{0x635a, 0x92c6}, //捚
{0x635b, 0x92c7}, //捛
{0x635c, 0x92c8}, //捜
{0x635d, 0x92c9}, //捝
{0x635e, 0xc0cc}, //捞
{0x635f, 0xcbf0}, //损
{0x6360, 0x92ca}, //捠
{0x6361, 0xbcf1}, //捡
{0x6362, 0xbbbb}, //换
{0x6363, 0xb5b7}, //捣
{0x6364, 0x92cb}, //捤
{0x6365, 0x92cc}, //捥
{0x6366, 0x92cd}, //捦
{0x6367, 0xc5f5}, //捧
{0x6368, 0x92ce}, //捨
{0x6369, 0xdee6}, //捩
{0x636a, 0x92cf}, //捪
{0x636b, 0x92d0}, //捫
{0x636c, 0x92d1}, //捬
{0x636d, 0xdee3}, //捭
{0x636e, 0xbedd}, //据
{0x636f, 0x92d2}, //捯
{0x6370, 0x92d3}, //捰
{0x6371, 0xdedf}, //捱
{0x6372, 0x92d4}, //捲
{0x6373, 0x92d5}, //捳
{0x6374, 0x92d6}, //捴
{0x6375, 0x92d7}, //捵
{0x6376, 0xb4b7}, //捶
{0x6377, 0xbddd}, //捷
{0x6378, 0x92d8}, //捸
{0x6379, 0x92d9}, //捹
{0x637a, 0xdee0}, //捺
{0x637b, 0xc4ed}, //捻
{0x637c, 0x92da}, //捼
{0x637d, 0x92db}, //捽
{0x637e, 0x92dc}, //捾
{0x637f, 0x92dd}, //捿
{0x6380, 0xcfc6}, //掀
{0x6381, 0x92de}, //掁
{0x6382, 0xb5e0}, //掂
{0x6383, 0x92df}, //掃
{0x6384, 0x92e0}, //掄
{0x6385, 0x92e1}, //掅
{0x6386, 0x92e2}, //掆
{0x6387, 0xb6de}, //掇
{0x6388, 0xcada}, //授
{0x6389, 0xb5f4}, //掉
{0x638a, 0xdee5}, //掊
{0x638b, 0x92e3}, //掋
{0x638c, 0xd5c6}, //掌
{0x638d, 0x92e4}, //掍
{0x638e, 0xdee1}, //掎
{0x638f, 0xcccd}, //掏
{0x6390, 0xc6fe}, //掐
{0x6391, 0x92e5}, //掑
{0x6392, 0xc5c5}, //排
{0x6393, 0x92e6}, //掓
{0x6394, 0x92e7}, //掔
{0x6395, 0x92e8}, //掕
{0x6396, 0xd2b4}, //掖
{0x6397, 0x92e9}, //掗
{0x6398, 0xbef2}, //掘
{0x6399, 0x92ea}, //掙
{0x639a, 0x92eb}, //掚
{0x639b, 0x92ec}, //掛
{0x639c, 0x92ed}, //掜
{0x639d, 0x92ee}, //掝
{0x639e, 0x92ef}, //掞
{0x639f, 0x92f0}, //掟
{0x63a0, 0xc2d3}, //掠
{0x63a1, 0x92f1}, //採
{0x63a2, 0xccbd}, //探
{0x63a3, 0xb3b8}, //掣
{0x63a4, 0x92f2}, //掤
{0x63a5, 0xbdd3}, //接
{0x63a6, 0x92f3}, //掦
{0x63a7, 0xbfd8}, //控
{0x63a8, 0xcdc6}, //推
{0x63a9, 0xd1da}, //掩
{0x63aa, 0xb4eb}, //措
{0x63ab, 0x92f4}, //掫
{0x63ac, 0xdee4}, //掬
{0x63ad, 0xdedd}, //掭
{0x63ae, 0xdee7}, //掮
{0x63af, 0x92f5}, //掯
{0x63b0, 0xeafe}, //掰
{0x63b1, 0x92f6}, //掱
{0x63b2, 0x92f7}, //掲
{0x63b3, 0xc2b0}, //掳
{0x63b4, 0xdee2}, //掴
{0x63b5, 0x92f8}, //掵
{0x63b6, 0x92f9}, //掶
{0x63b7, 0xd6c0}, //掷
{0x63b8, 0xb5a7}, //掸
{0x63b9, 0x92fa}, //掹
{0x63ba, 0xb2f4}, //掺
{0x63bb, 0x92fb}, //掻
{0x63bc, 0xdee8}, //掼
{0x63bd, 0x92fc}, //掽
{0x63be, 0xdef2}, //掾
{0x63bf, 0x92fd}, //掿
{0x63c0, 0x92fe}, //揀
{0x63c1, 0x9340}, //揁
{0x63c2, 0x9341}, //揂
{0x63c3, 0x9342}, //揃
{0x63c4, 0xdeed}, //揄
{0x63c5, 0x9343}, //揅
{0x63c6, 0xdef1}, //揆
{0x63c7, 0x9344}, //揇
{0x63c8, 0x9345}, //揈
{0x63c9, 0xc8e0}, //揉
{0x63ca, 0x9346}, //揊
{0x63cb, 0x9347}, //揋
{0x63cc, 0x9348}, //揌
{0x63cd, 0xd7e1}, //揍
{0x63ce, 0xdeef}, //揎
{0x63cf, 0xc3e8}, //描
{0x63d0, 0xcce1}, //提
{0x63d1, 0x9349}, //揑
{0x63d2, 0xb2e5}, //插
{0x63d3, 0x934a}, //揓
{0x63d4, 0x934b}, //揔
{0x63d5, 0x934c}, //揕
{0x63d6, 0xd2be}, //揖
{0x63d7, 0x934d}, //揗
{0x63d8, 0x934e}, //揘
{0x63d9, 0x934f}, //揙
{0x63da, 0x9350}, //揚
{0x63db, 0x9351}, //換
{0x63dc, 0x9352}, //揜
{0x63dd, 0x9353}, //揝
{0x63de, 0xdeee}, //揞
{0x63df, 0x9354}, //揟
{0x63e0, 0xdeeb}, //揠
{0x63e1, 0xced5}, //握
{0x63e2, 0x9355}, //揢
{0x63e3, 0xb4a7}, //揣
{0x63e4, 0x9356}, //揤
{0x63e5, 0x9357}, //揥
{0x63e6, 0x9358}, //揦
{0x63e7, 0x9359}, //揧
{0x63e8, 0x935a}, //揨
{0x63e9, 0xbfab}, //揩
{0x63ea, 0xbebe}, //揪
{0x63eb, 0x935b}, //揫
{0x63ec, 0x935c}, //揬
{0x63ed, 0xbdd2}, //揭
{0x63ee, 0x935d}, //揮
{0x63ef, 0x935e}, //揯
{0x63f0, 0x935f}, //揰
{0x63f1, 0x9360}, //揱
{0x63f2, 0xdee9}, //揲
{0x63f3, 0x9361}, //揳
{0x63f4, 0xd4ae}, //援
{0x63f5, 0x9362}, //揵
{0x63f6, 0xdede}, //揶
{0x63f7, 0x9363}, //揷
{0x63f8, 0xdeea}, //揸
{0x63f9, 0x9364}, //揹
{0x63fa, 0x9365}, //揺
{0x63fb, 0x9366}, //揻
{0x63fc, 0x9367}, //揼
{0x63fd, 0xc0bf}, //揽
{0x63fe, 0x9368}, //揾
{0x63ff, 0xdeec}, //揿
{0x6400, 0xb2f3}, //搀
{0x6401, 0xb8e9}, //搁
{0x6402, 0xc2a7}, //搂
{0x6403, 0x9369}, //搃
{0x6404, 0x936a}, //搄
{0x6405, 0xbdc1}, //搅
{0x6406, 0x936b}, //搆
{0x6407, 0x936c}, //搇
{0x6408, 0x936d}, //搈
{0x6409, 0x936e}, //搉
{0x640a, 0x936f}, //搊
{0x640b, 0xdef5}, //搋
{0x640c, 0xdef8}, //搌
{0x640d, 0x9370}, //損
{0x640e, 0x9371}, //搎
{0x640f, 0xb2ab}, //搏
{0x6410, 0xb4a4}, //搐
{0x6411, 0x9372}, //搑
{0x6412, 0x9373}, //搒
{0x6413, 0xb4ea}, //搓
{0x6414, 0xc9a6}, //搔
{0x6415, 0x9374}, //搕
{0x6416, 0x9375}, //搖
{0x6417, 0x9376}, //搗
{0x6418, 0x9377}, //搘
{0x6419, 0x9378}, //搙
{0x641a, 0x9379}, //搚
{0x641b, 0xdef6}, //搛
{0x641c, 0xcbd1}, //搜
{0x641d, 0x937a}, //搝
{0x641e, 0xb8e3}, //搞
{0x641f, 0x937b}, //搟
{0x6420, 0xdef7}, //搠
{0x6421, 0xdefa}, //搡
{0x6422, 0x937c}, //搢
{0x6423, 0x937d}, //搣
{0x6424, 0x937e}, //搤
{0x6425, 0x9380}, //搥
{0x6426, 0xdef9}, //搦
{0x6427, 0x9381}, //搧
{0x6428, 0x9382}, //搨
{0x6429, 0x9383}, //搩
{0x642a, 0xccc2}, //搪
{0x642b, 0x9384}, //搫
{0x642c, 0xb0e1}, //搬
{0x642d, 0xb4ee}, //搭
{0x642e, 0x9385}, //搮
{0x642f, 0x9386}, //搯
{0x6430, 0x9387}, //搰
{0x6431, 0x9388}, //搱
{0x6432, 0x9389}, //搲
{0x6433, 0x938a}, //搳
{0x6434, 0xe5ba}, //搴
{0x6435, 0x938b}, //搵
{0x6436, 0x938c}, //搶
{0x6437, 0x938d}, //搷
{0x6438, 0x938e}, //搸
{0x6439, 0x938f}, //搹
{0x643a, 0xd0af}, //携
{0x643b, 0x9390}, //搻
{0x643c, 0x9391}, //搼
{0x643d, 0xb2eb}, //搽
{0x643e, 0x9392}, //搾
{0x643f, 0xeba1}, //搿
{0x6440, 0x9393}, //摀
{0x6441, 0xdef4}, //摁
{0x6442, 0x9394}, //摂
{0x6443, 0x9395}, //摃
{0x6444, 0xc9e3}, //摄
{0x6445, 0xdef3}, //摅
{0x6446, 0xb0da}, //摆
{0x6447, 0xd2a1}, //摇
{0x6448, 0xb1f7}, //摈
{0x6449, 0x9396}, //摉
{0x644a, 0xccaf}, //摊
{0x644b, 0x9397}, //摋
{0x644c, 0x9398}, //摌
{0x644d, 0x9399}, //摍
{0x644e, 0x939a}, //摎
{0x644f, 0x939b}, //摏
{0x6450, 0x939c}, //摐
{0x6451, 0x939d}, //摑
{0x6452, 0xdef0}, //摒
{0x6453, 0x939e}, //摓
{0x6454, 0xcba4}, //摔
{0x6455, 0x939f}, //摕
{0x6456, 0x93a0}, //摖
{0x6457, 0x93a1}, //摗
{0x6458, 0xd5aa}, //摘
{0x6459, 0x93a2}, //摙
{0x645a, 0x93a3}, //摚
{0x645b, 0x93a4}, //摛
{0x645c, 0x93a5}, //摜
{0x645d, 0x93a6}, //摝
{0x645e, 0xdefb}, //摞
{0x645f, 0x93a7}, //摟
{0x6460, 0x93a8}, //摠
{0x6461, 0x93a9}, //摡
{0x6462, 0x93aa}, //摢
{0x6463, 0x93ab}, //摣
{0x6464, 0x93ac}, //摤
{0x6465, 0x93ad}, //摥
{0x6466, 0x93ae}, //摦
{0x6467, 0xb4dd}, //摧
{0x6468, 0x93af}, //摨
{0x6469, 0xc4a6}, //摩
{0x646a, 0x93b0}, //摪
{0x646b, 0x93b1}, //摫
{0x646c, 0x93b2}, //摬
{0x646d, 0xdefd}, //摭
{0x646e, 0x93b3}, //摮
{0x646f, 0x93b4}, //摯
{0x6470, 0x93b5}, //摰
{0x6471, 0x93b6}, //摱
{0x6472, 0x93b7}, //摲
{0x6473, 0x93b8}, //摳
{0x6474, 0x93b9}, //摴
{0x6475, 0x93ba}, //摵
{0x6476, 0x93bb}, //摶
{0x6477, 0x93bc}, //摷
{0x6478, 0xc3fe}, //摸
{0x6479, 0xc4a1}, //摹
{0x647a, 0xdfa1}, //摺
{0x647b, 0x93bd}, //摻
{0x647c, 0x93be}, //摼
{0x647d, 0x93bf}, //摽
{0x647e, 0x93c0}, //摾
{0x647f, 0x93c1}, //摿
{0x6480, 0x93c2}, //撀
{0x6481, 0x93c3}, //撁
{0x6482, 0xc1cc}, //撂
{0x6483, 0x93c4}, //撃
{0x6484, 0xdefc}, //撄
{0x6485, 0xbeef}, //撅
{0x6486, 0x93c5}, //撆
{0x6487, 0xc6b2}, //撇
{0x6488, 0x93c6}, //撈
{0x6489, 0x93c7}, //撉
{0x648a, 0x93c8}, //撊
{0x648b, 0x93c9}, //撋
{0x648c, 0x93ca}, //撌
{0x648d, 0x93cb}, //撍
{0x648e, 0x93cc}, //撎
{0x648f, 0x93cd}, //撏
{0x6490, 0x93ce}, //撐
{0x6491, 0xb3c5}, //撑
{0x6492, 0xc8f6}, //撒
{0x6493, 0x93cf}, //撓
{0x6494, 0x93d0}, //撔
{0x6495, 0xcbba}, //撕
{0x6496, 0xdefe}, //撖
{0x6497, 0x93d1}, //撗
{0x6498, 0x93d2}, //撘
{0x6499, 0xdfa4}, //撙
{0x649a, 0x93d3}, //撚
{0x649b, 0x93d4}, //撛
{0x649c, 0x93d5}, //撜
{0x649d, 0x93d6}, //撝
{0x649e, 0xd7b2}, //撞
{0x649f, 0x93d7}, //撟
{0x64a0, 0x93d8}, //撠
{0x64a1, 0x93d9}, //撡
{0x64a2, 0x93da}, //撢
{0x64a3, 0x93db}, //撣
{0x64a4, 0xb3b7}, //撤
{0x64a5, 0x93dc}, //撥
{0x64a6, 0x93dd}, //撦
{0x64a7, 0x93de}, //撧
{0x64a8, 0x93df}, //撨
{0x64a9, 0xc1c3}, //撩
{0x64aa, 0x93e0}, //撪
{0x64ab, 0x93e1}, //撫
{0x64ac, 0xc7cb}, //撬
{0x64ad, 0xb2a5}, //播
{0x64ae, 0xb4e9}, //撮
{0x64af, 0x93e2}, //撯
{0x64b0, 0xd7ab}, //撰
{0x64b1, 0x93e3}, //撱
{0x64b2, 0x93e4}, //撲
{0x64b3, 0x93e5}, //撳
{0x64b4, 0x93e6}, //撴
{0x64b5, 0xc4ec}, //撵
{0x64b6, 0x93e7}, //撶
{0x64b7, 0xdfa2}, //撷
{0x64b8, 0xdfa3}, //撸
{0x64b9, 0x93e8}, //撹
{0x64ba, 0xdfa5}, //撺
{0x64bb, 0x93e9}, //撻
{0x64bc, 0xbab3}, //撼
{0x64bd, 0x93ea}, //撽
{0x64be, 0x93eb}, //撾
{0x64bf, 0x93ec}, //撿
{0x64c0, 0xdfa6}, //擀
{0x64c1, 0x93ed}, //擁
{0x64c2, 0xc0de}, //擂
{0x64c3, 0x93ee}, //擃
{0x64c4, 0x93ef}, //擄
{0x64c5, 0xc9c3}, //擅
{0x64c6, 0x93f0}, //擆
{0x64c7, 0x93f1}, //擇
{0x64c8, 0x93f2}, //擈
{0x64c9, 0x93f3}, //擉
{0x64ca, 0x93f4}, //擊
{0x64cb, 0x93f5}, //擋
{0x64cc, 0x93f6}, //擌
{0x64cd, 0xb2d9}, //操
{0x64ce, 0xc7e6}, //擎
{0x64cf, 0x93f7}, //擏
{0x64d0, 0xdfa7}, //擐
{0x64d1, 0x93f8}, //擑
{0x64d2, 0xc7dc}, //擒
{0x64d3, 0x93f9}, //擓
{0x64d4, 0x93fa}, //擔
{0x64d5, 0x93fb}, //擕
{0x64d6, 0x93fc}, //擖
{0x64d7, 0xdfa8}, //擗
{0x64d8, 0xeba2}, //擘
{0x64d9, 0x93fd}, //擙
{0x64da, 0x93fe}, //據
{0x64db, 0x9440}, //擛
{0x64dc, 0x9441}, //擜
{0x64dd, 0x9442}, //擝
{0x64de, 0xcbd3}, //擞
{0x64df, 0x9443}, //擟
{0x64e0, 0x9444}, //擠
{0x64e1, 0x9445}, //擡
{0x64e2, 0xdfaa}, //擢
{0x64e3, 0x9446}, //擣
{0x64e4, 0xdfa9}, //擤
{0x64e5, 0x9447}, //擥
{0x64e6, 0xb2c1}, //擦
{0x64e7, 0x9448}, //擧
{0x64e8, 0x9449}, //擨
{0x64e9, 0x944a}, //擩
{0x64ea, 0x944b}, //擪
{0x64eb, 0x944c}, //擫
{0x64ec, 0x944d}, //擬
{0x64ed, 0x944e}, //擭
{0x64ee, 0x944f}, //擮
{0x64ef, 0x9450}, //擯
{0x64f0, 0x9451}, //擰
{0x64f1, 0x9452}, //擱
{0x64f2, 0x9453}, //擲
{0x64f3, 0x9454}, //擳
{0x64f4, 0x9455}, //擴
{0x64f5, 0x9456}, //擵
{0x64f6, 0x9457}, //擶
{0x64f7, 0x9458}, //擷
{0x64f8, 0x9459}, //擸
{0x64f9, 0x945a}, //擹
{0x64fa, 0x945b}, //擺
{0x64fb, 0x945c}, //擻
{0x64fc, 0x945d}, //擼
{0x64fd, 0x945e}, //擽
{0x64fe, 0x945f}, //擾
{0x64ff, 0x9460}, //擿
{0x6500, 0xc5ca}, //攀
{0x6501, 0x9461}, //攁
{0x6502, 0x9462}, //攂
{0x6503, 0x9463}, //攃
{0x6504, 0x9464}, //攄
{0x6505, 0x9465}, //攅
{0x6506, 0x9466}, //攆
{0x6507, 0x9467}, //攇
{0x6508, 0x9468}, //攈
{0x6509, 0xdfab}, //攉
{0x650a, 0x9469}, //攊
{0x650b, 0x946a}, //攋
{0x650c, 0x946b}, //攌
{0x650d, 0x946c}, //攍
{0x650e, 0x946d}, //攎
{0x650f, 0x946e}, //攏
{0x6510, 0x946f}, //攐
{0x6511, 0x9470}, //攑
{0x6512, 0xd4dc}, //攒
{0x6513, 0x9471}, //攓
{0x6514, 0x9472}, //攔
{0x6515, 0x9473}, //攕
{0x6516, 0x9474}, //攖
{0x6517, 0x9475}, //攗
{0x6518, 0xc8c1}, //攘
{0x6519, 0x9476}, //攙
{0x651a, 0x9477}, //攚
{0x651b, 0x9478}, //攛
{0x651c, 0x9479}, //攜
{0x651d, 0x947a}, //攝
{0x651e, 0x947b}, //攞
{0x651f, 0x947c}, //攟
{0x6520, 0x947d}, //攠
{0x6521, 0x947e}, //攡
{0x6522, 0x9480}, //攢
{0x6523, 0x9481}, //攣
{0x6524, 0x9482}, //攤
{0x6525, 0xdfac}, //攥
{0x6526, 0x9483}, //攦
{0x6527, 0x9484}, //攧
{0x6528, 0x9485}, //攨
{0x6529, 0x9486}, //攩
{0x652a, 0x9487}, //攪
{0x652b, 0xbef0}, //攫
{0x652c, 0x9488}, //攬
{0x652d, 0x9489}, //攭
{0x652e, 0xdfad}, //攮
{0x652f, 0xd6a7}, //支
{0x6530, 0x948a}, //攰
{0x6531, 0x948b}, //攱
{0x6532, 0x948c}, //攲
{0x6533, 0x948d}, //攳
{0x6534, 0xeab7}, //攴
{0x6535, 0xebb6}, //攵
{0x6536, 0xcad5}, //收
{0x6537, 0x948e}, //攷
{0x6538, 0xd8fc}, //攸
{0x6539, 0xb8c4}, //改
{0x653a, 0x948f}, //攺
{0x653b, 0xb9a5}, //攻
{0x653c, 0x9490}, //攼
{0x653d, 0x9491}, //攽
{0x653e, 0xb7c5}, //放
{0x653f, 0xd5fe}, //政
{0x6540, 0x9492}, //敀
{0x6541, 0x9493}, //敁
{0x6542, 0x9494}, //敂
{0x6543, 0x9495}, //敃
{0x6544, 0x9496}, //敄
{0x6545, 0xb9ca}, //故
{0x6546, 0x9497}, //敆
{0x6547, 0x9498}, //敇
{0x6548, 0xd0a7}, //效
{0x6549, 0xf4cd}, //敉
{0x654a, 0x9499}, //敊
{0x654b, 0x949a}, //敋
{0x654c, 0xb5d0}, //敌
{0x654d, 0x949b}, //敍
{0x654e, 0x949c}, //敎
{0x654f, 0xc3f4}, //敏
{0x6550, 0x949d}, //敐
{0x6551, 0xbec8}, //救
{0x6552, 0x949e}, //敒
{0x6553, 0x949f}, //敓
{0x6554, 0x94a0}, //敔
{0x6555, 0xebb7}, //敕
{0x6556, 0xb0bd}, //敖
{0x6557, 0x94a1}, //敗
{0x6558, 0x94a2}, //敘
{0x6559, 0xbdcc}, //教
{0x655a, 0x94a3}, //敚
{0x655b, 0xc1b2}, //敛
{0x655c, 0x94a4}, //敜
{0x655d, 0xb1d6}, //敝
{0x655e, 0xb3a8}, //敞
{0x655f, 0x94a5}, //敟
{0x6560, 0x94a6}, //敠
{0x6561, 0x94a7}, //敡
{0x6562, 0xb8d2}, //敢
{0x6563, 0xc9a2}, //散
{0x6564, 0x94a8}, //敤
{0x6565, 0x94a9}, //敥
{0x6566, 0xb6d8}, //敦
{0x6567, 0x94aa}, //敧
{0x6568, 0x94ab}, //敨
{0x6569, 0x94ac}, //敩
{0x656a, 0x94ad}, //敪
{0x656b, 0xebb8}, //敫
{0x656c, 0xbeb4}, //敬
{0x656d, 0x94ae}, //敭
{0x656e, 0x94af}, //敮
{0x656f, 0x94b0}, //敯
{0x6570, 0xcafd}, //数
{0x6571, 0x94b1}, //敱
{0x6572, 0xc7c3}, //敲
{0x6573, 0x94b2}, //敳
{0x6574, 0xd5fb}, //整
{0x6575, 0x94b3}, //敵
{0x6576, 0x94b4}, //敶
{0x6577, 0xb7f3}, //敷
{0x6578, 0x94b5}, //數
{0x6579, 0x94b6}, //敹
{0x657a, 0x94b7}, //敺
{0x657b, 0x94b8}, //敻
{0x657c, 0x94b9}, //敼
{0x657d, 0x94ba}, //敽
{0x657e, 0x94bb}, //敾
{0x657f, 0x94bc}, //敿
{0x6580, 0x94bd}, //斀
{0x6581, 0x94be}, //斁
{0x6582, 0x94bf}, //斂
{0x6583, 0x94c0}, //斃
{0x6584, 0x94c1}, //斄
{0x6585, 0x94c2}, //斅
{0x6586, 0x94c3}, //斆
{0x6587, 0xcec4}, //文
{0x6588, 0x94c4}, //斈
{0x6589, 0x94c5}, //斉
{0x658a, 0x94c6}, //斊
{0x658b, 0xd5ab}, //斋
{0x658c, 0xb1f3}, //斌
{0x658d, 0x94c7}, //斍
{0x658e, 0x94c8}, //斎
{0x658f, 0x94c9}, //斏
{0x6590, 0xecb3}, //斐
{0x6591, 0xb0df}, //斑
{0x6592, 0x94ca}, //斒
{0x6593, 0xecb5}, //斓
{0x6594, 0x94cb}, //斔
{0x6595, 0x94cc}, //斕
{0x6596, 0x94cd}, //斖
{0x6597, 0xb6b7}, //斗
{0x6598, 0x94ce}, //斘
{0x6599, 0xc1cf}, //料
{0x659a, 0x94cf}, //斚
{0x659b, 0xf5fa}, //斛
{0x659c, 0xd0b1}, //斜
{0x659d, 0x94d0}, //斝
{0x659e, 0x94d1}, //斞
{0x659f, 0xd5e5}, //斟
{0x65a0, 0x94d2}, //斠
{0x65a1, 0xced3}, //斡
{0x65a2, 0x94d3}, //斢
{0x65a3, 0x94d4}, //斣
{0x65a4, 0xbdef}, //斤
{0x65a5, 0xb3e2}, //斥
{0x65a6, 0x94d5}, //斦
{0x65a7, 0xb8ab}, //斧
{0x65a8, 0x94d6}, //斨
{0x65a9, 0xd5b6}, //斩
{0x65aa, 0x94d7}, //斪
{0x65ab, 0xedbd}, //斫
{0x65ac, 0x94d8}, //斬
{0x65ad, 0xb6cf}, //断
{0x65ae, 0x94d9}, //斮
{0x65af, 0xcbb9}, //斯
{0x65b0, 0xd0c2}, //新
{0x65b1, 0x94da}, //斱
{0x65b2, 0x94db}, //斲
{0x65b3, 0x94dc}, //斳
{0x65b4, 0x94dd}, //斴
{0x65b5, 0x94de}, //斵
{0x65b6, 0x94df}, //斶
{0x65b7, 0x94e0}, //斷
{0x65b8, 0x94e1}, //斸
{0x65b9, 0xb7bd}, //方
{0x65ba, 0x94e2}, //斺
{0x65bb, 0x94e3}, //斻
{0x65bc, 0xecb6}, //於
{0x65bd, 0xcaa9}, //施
{0x65be, 0x94e4}, //斾
{0x65bf, 0x94e5}, //斿
{0x65c0, 0x94e6}, //旀
{0x65c1, 0xc5d4}, //旁
{0x65c2, 0x94e7}, //旂
{0x65c3, 0xecb9}, //旃
{0x65c4, 0xecb8}, //旄
{0x65c5, 0xc2c3}, //旅
{0x65c6, 0xecb7}, //旆
{0x65c7, 0x94e8}, //旇
{0x65c8, 0x94e9}, //旈
{0x65c9, 0x94ea}, //旉
{0x65ca, 0x94eb}, //旊
{0x65cb, 0xd0fd}, //旋
{0x65cc, 0xecba}, //旌
{0x65cd, 0x94ec}, //旍
{0x65ce, 0xecbb}, //旎
{0x65cf, 0xd7e5}, //族
{0x65d0, 0x94ed}, //旐
{0x65d1, 0x94ee}, //旑
{0x65d2, 0xecbc}, //旒
{0x65d3, 0x94ef}, //旓
{0x65d4, 0x94f0}, //旔
{0x65d5, 0x94f1}, //旕
{0x65d6, 0xecbd}, //旖
{0x65d7, 0xc6ec}, //旗
{0x65d8, 0x94f2}, //旘
{0x65d9, 0x94f3}, //旙
{0x65da, 0x94f4}, //旚
{0x65db, 0x94f5}, //旛
{0x65dc, 0x94f6}, //旜
{0x65dd, 0x94f7}, //旝
{0x65de, 0x94f8}, //旞
{0x65df, 0x94f9}, //旟
{0x65e0, 0xcede}, //无
{0x65e1, 0x94fa}, //旡
{0x65e2, 0xbcc8}, //既
{0x65e3, 0x94fb}, //旣
{0x65e4, 0x94fc}, //旤
{0x65e5, 0xc8d5}, //日
{0x65e6, 0xb5a9}, //旦
{0x65e7, 0xbec9}, //旧
{0x65e8, 0xd6bc}, //旨
{0x65e9, 0xd4e7}, //早
{0x65ea, 0x94fd}, //旪
{0x65eb, 0x94fe}, //旫
{0x65ec, 0xd1ae}, //旬
{0x65ed, 0xd0f1}, //旭
{0x65ee, 0xeab8}, //旮
{0x65ef, 0xeab9}, //旯
{0x65f0, 0xeaba}, //旰
{0x65f1, 0xbab5}, //旱
{0x65f2, 0x9540}, //旲
{0x65f3, 0x9541}, //旳
{0x65f4, 0x9542}, //旴
{0x65f5, 0x9543}, //旵
{0x65f6, 0xcab1}, //时
{0x65f7, 0xbff5}, //旷
{0x65f8, 0x9544}, //旸
{0x65f9, 0x9545}, //旹
{0x65fa, 0xcdfa}, //旺
{0x65fb, 0x9546}, //旻
{0x65fc, 0x9547}, //旼
{0x65fd, 0x9548}, //旽
{0x65fe, 0x9549}, //旾
{0x65ff, 0x954a}, //旿
{0x6600, 0xeac0}, //昀
{0x6601, 0x954b}, //昁
{0x6602, 0xb0ba}, //昂
{0x6603, 0xeabe}, //昃
{0x6604, 0x954c}, //昄
{0x6605, 0x954d}, //昅
{0x6606, 0xc0a5}, //昆
{0x6607, 0x954e}, //昇
{0x6608, 0x954f}, //昈
{0x6609, 0x9550}, //昉
{0x660a, 0xeabb}, //昊
{0x660b, 0x9551}, //昋
{0x660c, 0xb2fd}, //昌
{0x660d, 0x9552}, //昍
{0x660e, 0xc3f7}, //明
{0x660f, 0xbbe8}, //昏
{0x6610, 0x9553}, //昐
{0x6611, 0x9554}, //昑
{0x6612, 0x9555}, //昒
{0x6613, 0xd2d7}, //易
{0x6614, 0xcef4}, //昔
{0x6615, 0xeabf}, //昕
{0x6616, 0x9556}, //昖
{0x6617, 0x9557}, //昗
{0x6618, 0x9558}, //昘
{0x6619, 0xeabc}, //昙
{0x661a, 0x9559}, //昚
{0x661b, 0x955a}, //昛
{0x661c, 0x955b}, //昜
{0x661d, 0xeac3}, //昝
{0x661e, 0x955c}, //昞
{0x661f, 0xd0c7}, //星
{0x6620, 0xd3b3}, //映
{0x6621, 0x955d}, //昡
{0x6622, 0x955e}, //昢
{0x6623, 0x955f}, //昣
{0x6624, 0x9560}, //昤
{0x6625, 0xb4ba}, //春
{0x6626, 0x9561}, //昦
{0x6627, 0xc3c1}, //昧
{0x6628, 0xd7f2}, //昨
{0x6629, 0x9562}, //昩
{0x662a, 0x9563}, //昪
{0x662b, 0x9564}, //昫
{0x662c, 0x9565}, //昬
{0x662d, 0xd5d1}, //昭
{0x662e, 0x9566}, //昮
{0x662f, 0xcac7}, //是
{0x6630, 0x9567}, //昰
{0x6631, 0xeac5}, //昱
{0x6632, 0x9568}, //昲
{0x6633, 0x9569}, //昳
{0x6634, 0xeac4}, //昴
{0x6635, 0xeac7}, //昵
{0x6636, 0xeac6}, //昶
{0x6637, 0x956a}, //昷
{0x6638, 0x956b}, //昸
{0x6639, 0x956c}, //昹
{0x663a, 0x956d}, //昺
{0x663b, 0x956e}, //昻
{0x663c, 0xd6e7}, //昼
{0x663d, 0x956f}, //昽
{0x663e, 0xcfd4}, //显
{0x663f, 0x9570}, //昿
{0x6640, 0x9571}, //晀
{0x6641, 0xeacb}, //晁
{0x6642, 0x9572}, //時
{0x6643, 0xbbce}, //晃
{0x6644, 0x9573}, //晄
{0x6645, 0x9574}, //晅
{0x6646, 0x9575}, //晆
{0x6647, 0x9576}, //晇
{0x6648, 0x9577}, //晈
{0x6649, 0x9578}, //晉
{0x664a, 0x9579}, //晊
{0x664b, 0xbdfa}, //晋
{0x664c, 0xc9ce}, //晌
{0x664d, 0x957a}, //晍
{0x664e, 0x957b}, //晎
{0x664f, 0xeacc}, //晏
{0x6650, 0x957c}, //晐
{0x6651, 0x957d}, //晑
{0x6652, 0xc9b9}, //晒
{0x6653, 0xcffe}, //晓
{0x6654, 0xeaca}, //晔
{0x6655, 0xd4ce}, //晕
{0x6656, 0xeacd}, //晖
{0x6657, 0xeacf}, //晗
{0x6658, 0x957e}, //晘
{0x6659, 0x9580}, //晙
{0x665a, 0xcded}, //晚
{0x665b, 0x9581}, //晛
{0x665c, 0x9582}, //晜
{0x665d, 0x9583}, //晝
{0x665e, 0x9584}, //晞
{0x665f, 0xeac9}, //晟
{0x6660, 0x9585}, //晠
{0x6661, 0xeace}, //晡
{0x6662, 0x9586}, //晢
{0x6663, 0x9587}, //晣
{0x6664, 0xceee}, //晤
{0x6665, 0x9588}, //晥
{0x6666, 0xbbde}, //晦
{0x6667, 0x9589}, //晧
{0x6668, 0xb3bf}, //晨
{0x6669, 0x958a}, //晩
{0x666a, 0x958b}, //晪
{0x666b, 0x958c}, //晫
{0x666c, 0x958d}, //晬
{0x666d, 0x958e}, //晭
{0x666e, 0xc6d5}, //普
{0x666f, 0xbeb0}, //景
{0x6670, 0xcefa}, //晰
{0x6671, 0x958f}, //晱
{0x6672, 0x9590}, //晲
{0x6673, 0x9591}, //晳
{0x6674, 0xc7e7}, //晴
{0x6675, 0x9592}, //晵
{0x6676, 0xbea7}, //晶
{0x6677, 0xead0}, //晷
{0x6678, 0x9593}, //晸
{0x6679, 0x9594}, //晹
{0x667a, 0xd6c7}, //智
{0x667b, 0x9595}, //晻
{0x667c, 0x9596}, //晼
{0x667d, 0x9597}, //晽
{0x667e, 0xc1c0}, //晾
{0x667f, 0x9598}, //晿
{0x6680, 0x9599}, //暀
{0x6681, 0x959a}, //暁
{0x6682, 0xd4dd}, //暂
{0x6683, 0x959b}, //暃
{0x6684, 0xead1}, //暄
{0x6685, 0x959c}, //暅
{0x6686, 0x959d}, //暆
{0x6687, 0xcfbe}, //暇
{0x6688, 0x959e}, //暈
{0x6689, 0x959f}, //暉
{0x668a, 0x95a0}, //暊
{0x668b, 0x95a1}, //暋
{0x668c, 0xead2}, //暌
{0x668d, 0x95a2}, //暍
{0x668e, 0x95a3}, //暎
{0x668f, 0x95a4}, //暏
{0x6690, 0x95a5}, //暐
{0x6691, 0xcaee}, //暑
{0x6692, 0x95a6}, //暒
{0x6693, 0x95a7}, //暓
{0x6694, 0x95a8}, //暔
{0x6695, 0x95a9}, //暕
{0x6696, 0xc5af}, //暖
{0x6697, 0xb0b5}, //暗
{0x6698, 0x95aa}, //暘
{0x6699, 0x95ab}, //暙
{0x669a, 0x95ac}, //暚
{0x669b, 0x95ad}, //暛
{0x669c, 0x95ae}, //暜
{0x669d, 0xead4}, //暝
{0x669e, 0x95af}, //暞
{0x669f, 0x95b0}, //暟
{0x66a0, 0x95b1}, //暠
{0x66a1, 0x95b2}, //暡
{0x66a2, 0x95b3}, //暢
{0x66a3, 0x95b4}, //暣
{0x66a4, 0x95b5}, //暤
{0x66a5, 0x95b6}, //暥
{0x66a6, 0x95b7}, //暦
{0x66a7, 0xead3}, //暧
{0x66a8, 0xf4df}, //暨
{0x66a9, 0x95b8}, //暩
{0x66aa, 0x95b9}, //暪
{0x66ab, 0x95ba}, //暫
{0x66ac, 0x95bb}, //暬
{0x66ad, 0x95bc}, //暭
{0x66ae, 0xc4ba}, //暮
{0x66af, 0x95bd}, //暯
{0x66b0, 0x95be}, //暰
{0x66b1, 0x95bf}, //暱
{0x66b2, 0x95c0}, //暲
{0x66b3, 0x95c1}, //暳
{0x66b4, 0xb1a9}, //暴
{0x66b5, 0x95c2}, //暵
{0x66b6, 0x95c3}, //暶
{0x66b7, 0x95c4}, //暷
{0x66b8, 0x95c5}, //暸
{0x66b9, 0xe5df}, //暹
{0x66ba, 0x95c6}, //暺
{0x66bb, 0x95c7}, //暻
{0x66bc, 0x95c8}, //暼
{0x66bd, 0x95c9}, //暽
{0x66be, 0xead5}, //暾
{0x66bf, 0x95ca}, //暿
{0x66c0, 0x95cb}, //曀
{0x66c1, 0x95cc}, //曁
{0x66c2, 0x95cd}, //曂
{0x66c3, 0x95ce}, //曃
{0x66c4, 0x95cf}, //曄
{0x66c5, 0x95d0}, //曅
{0x66c6, 0x95d1}, //曆
{0x66c7, 0x95d2}, //曇
{0x66c8, 0x95d3}, //曈
{0x66c9, 0x95d4}, //曉
{0x66ca, 0x95d5}, //曊
{0x66cb, 0x95d6}, //曋
{0x66cc, 0x95d7}, //曌
{0x66cd, 0x95d8}, //曍
{0x66ce, 0x95d9}, //曎
{0x66cf, 0x95da}, //曏
{0x66d0, 0x95db}, //曐
{0x66d1, 0x95dc}, //曑
{0x66d2, 0x95dd}, //曒
{0x66d3, 0x95de}, //曓
{0x66d4, 0x95df}, //曔
{0x66d5, 0x95e0}, //曕
{0x66d6, 0x95e1}, //曖
{0x66d7, 0x95e2}, //曗
{0x66d8, 0x95e3}, //曘
{0x66d9, 0xcaef}, //曙
{0x66da, 0x95e4}, //曚
{0x66db, 0xead6}, //曛
{0x66dc, 0xead7}, //曜
{0x66dd, 0xc6d8}, //曝
{0x66de, 0x95e5}, //曞
{0x66df, 0x95e6}, //曟
{0x66e0, 0x95e7}, //曠
{0x66e1, 0x95e8}, //曡
{0x66e2, 0x95e9}, //曢
{0x66e3, 0x95ea}, //曣
{0x66e4, 0x95eb}, //曤
{0x66e5, 0x95ec}, //曥
{0x66e6, 0xead8}, //曦
{0x66e7, 0x95ed}, //曧
{0x66e8, 0x95ee}, //曨
{0x66e9, 0xead9}, //曩
{0x66ea, 0x95ef}, //曪
{0x66eb, 0x95f0}, //曫
{0x66ec, 0x95f1}, //曬
{0x66ed, 0x95f2}, //曭
{0x66ee, 0x95f3}, //曮
{0x66ef, 0x95f4}, //曯
{0x66f0, 0xd4bb}, //曰
{0x66f1, 0x95f5}, //曱
{0x66f2, 0xc7fa}, //曲
{0x66f3, 0xd2b7}, //曳
{0x66f4, 0xb8fc}, //更
{0x66f5, 0x95f6}, //曵
{0x66f6, 0x95f7}, //曶
{0x66f7, 0xeac2}, //曷
{0x66f8, 0x95f8}, //書
{0x66f9, 0xb2dc}, //曹
{0x66fa, 0x95f9}, //曺
{0x66fb, 0x95fa}, //曻
{0x66fc, 0xc2fc}, //曼
{0x66fd, 0x95fb}, //曽
{0x66fe, 0xd4f8}, //曾
{0x66ff, 0xcce6}, //替
{0x6700, 0xd7ee}, //最
{0x6701, 0x95fc}, //朁
{0x6702, 0x95fd}, //朂
{0x6703, 0x95fe}, //會
{0x6704, 0x9640}, //朄
{0x6705, 0x9641}, //朅
{0x6706, 0x9642}, //朆
{0x6707, 0x9643}, //朇
{0x6708, 0xd4c2}, //月
{0x6709, 0xd3d0}, //有
{0x670a, 0xebc3}, //朊
{0x670b, 0xc5f3}, //朋
{0x670c, 0x9644}, //朌
{0x670d, 0xb7fe}, //服
{0x670e, 0x9645}, //朎
{0x670f, 0x9646}, //朏
{0x6710, 0xebd4}, //朐
{0x6711, 0x9647}, //朑
{0x6712, 0x9648}, //朒
{0x6713, 0x9649}, //朓
{0x6714, 0xcbb7}, //朔
{0x6715, 0xebde}, //朕
{0x6716, 0x964a}, //朖
{0x6717, 0xc0ca}, //朗
{0x6718, 0x964b}, //朘
{0x6719, 0x964c}, //朙
{0x671a, 0x964d}, //朚
{0x671b, 0xcdfb}, //望
{0x671c, 0x964e}, //朜
{0x671d, 0xb3af}, //朝
{0x671e, 0x964f}, //朞
{0x671f, 0xc6da}, //期
{0x6720, 0x9650}, //朠
{0x6721, 0x9651}, //朡
{0x6722, 0x9652}, //朢
{0x6723, 0x9653}, //朣
{0x6724, 0x9654}, //朤
{0x6725, 0x9655}, //朥
{0x6726, 0xebfc}, //朦
{0x6727, 0x9656}, //朧
{0x6728, 0xc4be}, //木
{0x6729, 0x9657}, //朩
{0x672a, 0xceb4}, //未
{0x672b, 0xc4a9}, //末
{0x672c, 0xb1be}, //本
{0x672d, 0xd4fd}, //札
{0x672e, 0x9658}, //朮
{0x672f, 0xcaf5}, //术
{0x6730, 0x9659}, //朰
{0x6731, 0xd6ec}, //朱
{0x6732, 0x965a}, //朲
{0x6733, 0x965b}, //朳
{0x6734, 0xc6d3}, //朴
{0x6735, 0xb6e4}, //朵
{0x6736, 0x965c}, //朶
{0x6737, 0x965d}, //朷
{0x6738, 0x965e}, //朸
{0x6739, 0x965f}, //朹
{0x673a, 0xbbfa}, //机
{0x673b, 0x9660}, //朻
{0x673c, 0x9661}, //朼
{0x673d, 0xd0e0}, //朽
{0x673e, 0x9662}, //朾
{0x673f, 0x9663}, //朿
{0x6740, 0xc9b1}, //杀
{0x6741, 0x9664}, //杁
{0x6742, 0xd4d3}, //杂
{0x6743, 0xc8a8}, //权
{0x6744, 0x9665}, //杄
{0x6745, 0x9666}, //杅
{0x6746, 0xb8cb}, //杆
{0x6747, 0x9667}, //杇
{0x6748, 0xe8be}, //杈
{0x6749, 0xc9bc}, //杉
{0x674a, 0x9668}, //杊
{0x674b, 0x9669}, //杋
{0x674c, 0xe8bb}, //杌
{0x674d, 0x966a}, //杍
{0x674e, 0xc0ee}, //李
{0x674f, 0xd0d3}, //杏
{0x6750, 0xb2c4}, //材
{0x6751, 0xb4e5}, //村
{0x6752, 0x966b}, //杒
{0x6753, 0xe8bc}, //杓
{0x6754, 0x966c}, //杔
{0x6755, 0x966d}, //杕
{0x6756, 0xd5c8}, //杖
{0x6757, 0x966e}, //杗
{0x6758, 0x966f}, //杘
{0x6759, 0x9670}, //杙
{0x675a, 0x9671}, //杚
{0x675b, 0x9672}, //杛
{0x675c, 0xb6c5}, //杜
{0x675d, 0x9673}, //杝
{0x675e, 0xe8bd}, //杞
{0x675f, 0xcaf8}, //束
{0x6760, 0xb8dc}, //杠
{0x6761, 0xccf5}, //条
{0x6762, 0x9674}, //杢
{0x6763, 0x9675}, //杣
{0x6764, 0x9676}, //杤
{0x6765, 0xc0b4}, //来
{0x6766, 0x9677}, //杦
{0x6767, 0x9678}, //杧
{0x6768, 0xd1ee}, //杨
{0x6769, 0xe8bf}, //杩
{0x676a, 0xe8c2}, //杪
{0x676b, 0x9679}, //杫
{0x676c, 0x967a}, //杬
{0x676d, 0xbabc}, //杭
{0x676e, 0x967b}, //杮
{0x676f, 0xb1ad}, //杯
{0x6770, 0xbddc}, //杰
{0x6771, 0x967c}, //東
{0x6772, 0xeabd}, //杲
{0x6773, 0xe8c3}, //杳
{0x6774, 0x967d}, //杴
{0x6775, 0xe8c6}, //杵
{0x6776, 0x967e}, //杶
{0x6777, 0xe8cb}, //杷
{0x6778, 0x9680}, //杸
{0x6779, 0x9681}, //杹
{0x677a, 0x9682}, //杺
{0x677b, 0x9683}, //杻
{0x677c, 0xe8cc}, //杼
{0x677d, 0x9684}, //杽
{0x677e, 0xcbc9}, //松
{0x677f, 0xb0e5}, //板
{0x6780, 0x9685}, //枀
{0x6781, 0xbcab}, //极
{0x6782, 0x9686}, //枂
{0x6783, 0x9687}, //枃
{0x6784, 0xb9b9}, //构
{0x6785, 0x9688}, //枅
{0x6786, 0x9689}, //枆
{0x6787, 0xe8c1}, //枇
{0x6788, 0x968a}, //枈
{0x6789, 0xcdf7}, //枉
{0x678a, 0x968b}, //枊
{0x678b, 0xe8ca}, //枋
{0x678c, 0x968c}, //枌
{0x678d, 0x968d}, //枍
{0x678e, 0x968e}, //枎
{0x678f, 0x968f}, //枏
{0x6790, 0xcef6}, //析
{0x6791, 0x9690}, //枑
{0x6792, 0x9691}, //枒
{0x6793, 0x9692}, //枓
{0x6794, 0x9693}, //枔
{0x6795, 0xd5ed}, //枕
{0x6796, 0x9694}, //枖
{0x6797, 0xc1d6}, //林
{0x6798, 0xe8c4}, //枘
{0x6799, 0x9695}, //枙
{0x679a, 0xc3b6}, //枚
{0x679b, 0x9696}, //枛
{0x679c, 0xb9fb}, //果
{0x679d, 0xd6a6}, //枝
{0x679e, 0xe8c8}, //枞
{0x679f, 0x9697}, //枟
{0x67a0, 0x9698}, //枠
{0x67a1, 0x9699}, //枡
{0x67a2, 0xcae0}, //枢
{0x67a3, 0xd4e6}, //枣
{0x67a4, 0x969a}, //枤
{0x67a5, 0xe8c0}, //枥
{0x67a6, 0x969b}, //枦
{0x67a7, 0xe8c5}, //枧
{0x67a8, 0xe8c7}, //枨
{0x67a9, 0x969c}, //枩
{0x67aa, 0xc7b9}, //枪
{0x67ab, 0xb7e3}, //枫
{0x67ac, 0x969d}, //枬
{0x67ad, 0xe8c9}, //枭
{0x67ae, 0x969e}, //枮
{0x67af, 0xbfdd}, //枯
{0x67b0, 0xe8d2}, //枰
{0x67b1, 0x969f}, //枱
{0x67b2, 0x96a0}, //枲
{0x67b3, 0xe8d7}, //枳
{0x67b4, 0x96a1}, //枴
{0x67b5, 0xe8d5}, //枵
{0x67b6, 0xbcdc}, //架
{0x67b7, 0xbccf}, //枷
{0x67b8, 0xe8db}, //枸
{0x67b9, 0x96a2}, //枹
{0x67ba, 0x96a3}, //枺
{0x67bb, 0x96a4}, //枻
{0x67bc, 0x96a5}, //枼
{0x67bd, 0x96a6}, //枽
{0x67be, 0x96a7}, //枾
{0x67bf, 0x96a8}, //枿
{0x67c0, 0x96a9}, //柀
{0x67c1, 0xe8de}, //柁
{0x67c2, 0x96aa}, //柂
{0x67c3, 0xe8da}, //柃
{0x67c4, 0xb1fa}, //柄
{0x67c5, 0x96ab}, //柅
{0x67c6, 0x96ac}, //柆
{0x67c7, 0x96ad}, //柇
{0x67c8, 0x96ae}, //柈
{0x67c9, 0x96af}, //柉
{0x67ca, 0x96b0}, //柊
{0x67cb, 0x96b1}, //柋
{0x67cc, 0x96b2}, //柌
{0x67cd, 0x96b3}, //柍
{0x67ce, 0x96b4}, //柎
{0x67cf, 0xb0d8}, //柏
{0x67d0, 0xc4b3}, //某
{0x67d1, 0xb8cc}, //柑
{0x67d2, 0xc6e2}, //柒
{0x67d3, 0xc8be}, //染
{0x67d4, 0xc8e1}, //柔
{0x67d5, 0x96b5}, //柕
{0x67d6, 0x96b6}, //柖
{0x67d7, 0x96b7}, //柗
{0x67d8, 0xe8cf}, //柘
{0x67d9, 0xe8d4}, //柙
{0x67da, 0xe8d6}, //柚
{0x67db, 0x96b8}, //柛
{0x67dc, 0xb9f1}, //柜
{0x67dd, 0xe8d8}, //柝
{0x67de, 0xd7f5}, //柞
{0x67df, 0x96b9}, //柟
{0x67e0, 0xc4fb}, //柠
{0x67e1, 0x96ba}, //柡
{0x67e2, 0xe8dc}, //柢
{0x67e3, 0x96bb}, //柣
{0x67e4, 0x96bc}, //柤
{0x67e5, 0xb2e9}, //查
{0x67e6, 0x96bd}, //柦
{0x67e7, 0x96be}, //柧
{0x67e8, 0x96bf}, //柨
{0x67e9, 0xe8d1}, //柩
{0x67ea, 0x96c0}, //柪
{0x67eb, 0x96c1}, //柫
{0x67ec, 0xbced}, //柬
{0x67ed, 0x96c2}, //柭
{0x67ee, 0x96c3}, //柮
{0x67ef, 0xbfc2}, //柯
{0x67f0, 0xe8cd}, //柰
{0x67f1, 0xd6f9}, //柱
{0x67f2, 0x96c4}, //柲
{0x67f3, 0xc1f8}, //柳
{0x67f4, 0xb2f1}, //柴
{0x67f5, 0x96c5}, //柵
{0x67f6, 0x96c6}, //柶
{0x67f7, 0x96c7}, //柷
{0x67f8, 0x96c8}, //柸
{0x67f9, 0x96c9}, //柹
{0x67fa, 0x96ca}, //柺
{0x67fb, 0x96cb}, //査
{0x67fc, 0x96cc}, //柼
{0x67fd, 0xe8df}, //柽
{0x67fe, 0x96cd}, //柾
{0x67ff, 0xcac1}, //柿
{0x6800, 0xe8d9}, //栀
{0x6801, 0x96ce}, //栁
{0x6802, 0x96cf}, //栂
{0x6803, 0x96d0}, //栃
{0x6804, 0x96d1}, //栄
{0x6805, 0xd5a4}, //栅
{0x6806, 0x96d2}, //栆
{0x6807, 0xb1ea}, //标
{0x6808, 0xd5bb}, //栈
{0x6809, 0xe8ce}, //栉
{0x680a, 0xe8d0}, //栊
{0x680b, 0xb6b0}, //栋
{0x680c, 0xe8d3}, //栌
{0x680d, 0x96d3}, //栍
{0x680e, 0xe8dd}, //栎
{0x680f, 0xc0b8}, //栏
{0x6810, 0x96d4}, //栐
{0x6811, 0xcaf7}, //树
{0x6812, 0x96d5}, //栒
{0x6813, 0xcba8}, //栓
{0x6814, 0x96d6}, //栔
{0x6815, 0x96d7}, //栕
{0x6816, 0xc6dc}, //栖
{0x6817, 0xc0f5}, //栗
{0x6818, 0x96d8}, //栘
{0x6819, 0x96d9}, //栙
{0x681a, 0x96da}, //栚
{0x681b, 0x96db}, //栛
{0x681c, 0x96dc}, //栜
{0x681d, 0xe8e9}, //栝
{0x681e, 0x96dd}, //栞
{0x681f, 0x96de}, //栟
{0x6820, 0x96df}, //栠
{0x6821, 0xd0a3}, //校
{0x6822, 0x96e0}, //栢
{0x6823, 0x96e1}, //栣
{0x6824, 0x96e2}, //栤
{0x6825, 0x96e3}, //栥
{0x6826, 0x96e4}, //栦
{0x6827, 0x96e5}, //栧
{0x6828, 0x96e6}, //栨
{0x6829, 0xe8f2}, //栩
{0x682a, 0xd6ea}, //株
{0x682b, 0x96e7}, //栫
{0x682c, 0x96e8}, //栬
{0x682d, 0x96e9}, //栭
{0x682e, 0x96ea}, //栮
{0x682f, 0x96eb}, //栯
{0x6830, 0x96ec}, //栰
{0x6831, 0x96ed}, //栱
{0x6832, 0xe8e0}, //栲
{0x6833, 0xe8e1}, //栳
{0x6834, 0x96ee}, //栴
{0x6835, 0x96ef}, //栵
{0x6836, 0x96f0}, //栶
{0x6837, 0xd1f9}, //样
{0x6838, 0xbacb}, //核
{0x6839, 0xb8f9}, //根
{0x683a, 0x96f1}, //栺
{0x683b, 0x96f2}, //栻
{0x683c, 0xb8f1}, //格
{0x683d, 0xd4d4}, //栽
{0x683e, 0xe8ef}, //栾
{0x683f, 0x96f3}, //栿
{0x6840, 0xe8ee}, //桀
{0x6841, 0xe8ec}, //桁
{0x6842, 0xb9f0}, //桂
{0x6843, 0xccd2}, //桃
{0x6844, 0xe8e6}, //桄
{0x6845, 0xcea6}, //桅
{0x6846, 0xbff2}, //框
{0x6847, 0x96f4}, //桇
{0x6848, 0xb0b8}, //案
{0x6849, 0xe8f1}, //桉
{0x684a, 0xe8f0}, //桊
{0x684b, 0x96f5}, //桋
{0x684c, 0xd7c0}, //桌
{0x684d, 0x96f6}, //桍
{0x684e, 0xe8e4}, //桎
{0x684f, 0x96f7}, //桏
{0x6850, 0xcda9}, //桐
{0x6851, 0xc9a3}, //桑
{0x6852, 0x96f8}, //桒
{0x6853, 0xbbb8}, //桓
{0x6854, 0xbddb}, //桔
{0x6855, 0xe8ea}, //桕
{0x6856, 0x96f9}, //桖
{0x6857, 0x96fa}, //桗
{0x6858, 0x96fb}, //桘
{0x6859, 0x96fc}, //桙
{0x685a, 0x96fd}, //桚
{0x685b, 0x96fe}, //桛
{0x685c, 0x9740}, //桜
{0x685d, 0x9741}, //桝
{0x685e, 0x9742}, //桞
{0x685f, 0x9743}, //桟
{0x6860, 0xe8e2}, //桠
{0x6861, 0xe8e3}, //桡
{0x6862, 0xe8e5}, //桢
{0x6863, 0xb5b5}, //档
{0x6864, 0xe8e7}, //桤
{0x6865, 0xc7c5}, //桥
{0x6866, 0xe8eb}, //桦
{0x6867, 0xe8ed}, //桧
{0x6868, 0xbdb0}, //桨
{0x6869, 0xd7ae}, //桩
{0x686a, 0x9744}, //桪
{0x686b, 0xe8f8}, //桫
{0x686c, 0x9745}, //桬
{0x686d, 0x9746}, //桭
{0x686e, 0x9747}, //桮
{0x686f, 0x9748}, //桯
{0x6870, 0x9749}, //桰
{0x6871, 0x974a}, //桱
{0x6872, 0x974b}, //桲
{0x6873, 0x974c}, //桳
{0x6874, 0xe8f5}, //桴
{0x6875, 0x974d}, //桵
{0x6876, 0xcdb0}, //桶
{0x6877, 0xe8f6}, //桷
{0x6878, 0x974e}, //桸
{0x6879, 0x974f}, //桹
{0x687a, 0x9750}, //桺
{0x687b, 0x9751}, //桻
{0x687c, 0x9752}, //桼
{0x687d, 0x9753}, //桽
{0x687e, 0x9754}, //桾
{0x687f, 0x9755}, //桿
{0x6880, 0x9756}, //梀
{0x6881, 0xc1ba}, //梁
{0x6882, 0x9757}, //梂
{0x6883, 0xe8e8}, //梃
{0x6884, 0x9758}, //梄
{0x6885, 0xc3b7}, //梅
{0x6886, 0xb0f0}, //梆
{0x6887, 0x9759}, //梇
{0x6888, 0x975a}, //梈
{0x6889, 0x975b}, //梉
{0x688a, 0x975c}, //梊
{0x688b, 0x975d}, //梋
{0x688c, 0x975e}, //梌
{0x688d, 0x975f}, //梍
{0x688e, 0x9760}, //梎
{0x688f, 0xe8f4}, //梏
{0x6890, 0x9761}, //梐
{0x6891, 0x9762}, //梑
{0x6892, 0x9763}, //梒
{0x6893, 0xe8f7}, //梓
{0x6894, 0x9764}, //梔
{0x6895, 0x9765}, //梕
{0x6896, 0x9766}, //梖
{0x6897, 0xb9a3}, //梗
{0x6898, 0x9767}, //梘
{0x6899, 0x9768}, //梙
{0x689a, 0x9769}, //梚
{0x689b, 0x976a}, //梛
{0x689c, 0x976b}, //梜
{0x689d, 0x976c}, //條
{0x689e, 0x976d}, //梞
{0x689f, 0x976e}, //梟
{0x68a0, 0x976f}, //梠
{0x68a1, 0x9770}, //梡
{0x68a2, 0xc9d2}, //梢
{0x68a3, 0x9771}, //梣
{0x68a4, 0x9772}, //梤
{0x68a5, 0x9773}, //梥
{0x68a6, 0xc3ce}, //梦
{0x68a7, 0xcee0}, //梧
{0x68a8, 0xc0e6}, //梨
{0x68a9, 0x9774}, //梩
{0x68aa, 0x9775}, //梪
{0x68ab, 0x9776}, //梫
{0x68ac, 0x9777}, //梬
{0x68ad, 0xcbf3}, //梭
{0x68ae, 0x9778}, //梮
{0x68af, 0xccdd}, //梯
{0x68b0, 0xd0b5}, //械
{0x68b1, 0x9779}, //梱
{0x68b2, 0x977a}, //梲
{0x68b3, 0xcae1}, //梳
{0x68b4, 0x977b}, //梴
{0x68b5, 0xe8f3}, //梵
{0x68b6, 0x977c}, //梶
{0x68b7, 0x977d}, //梷
{0x68b8, 0x977e}, //梸
{0x68b9, 0x9780}, //梹
{0x68ba, 0x9781}, //梺
{0x68bb, 0x9782}, //梻
{0x68bc, 0x9783}, //梼
{0x68bd, 0x9784}, //梽
{0x68be, 0x9785}, //梾
{0x68bf, 0x9786}, //梿
{0x68c0, 0xbcec}, //检
{0x68c1, 0x9787}, //棁
{0x68c2, 0xe8f9}, //棂
{0x68c3, 0x9788}, //棃
{0x68c4, 0x9789}, //棄
{0x68c5, 0x978a}, //棅
{0x68c6, 0x978b}, //棆
{0x68c7, 0x978c}, //棇
{0x68c8, 0x978d}, //棈
{0x68c9, 0xc3de}, //棉
{0x68ca, 0x978e}, //棊
{0x68cb, 0xc6e5}, //棋
{0x68cc, 0x978f}, //棌
{0x68cd, 0xb9f7}, //棍
{0x68ce, 0x9790}, //棎
{0x68cf, 0x9791}, //棏
{0x68d0, 0x9792}, //棐
{0x68d1, 0x9793}, //棑
{0x68d2, 0xb0f4}, //棒
{0x68d3, 0x9794}, //棓
{0x68d4, 0x9795}, //棔
{0x68d5, 0xd7d8}, //棕
{0x68d6, 0x9796}, //棖
{0x68d7, 0x9797}, //棗
{0x68d8, 0xbcac}, //棘
{0x68d9, 0x9798}, //棙
{0x68da, 0xc5ef}, //棚
{0x68db, 0x9799}, //棛
{0x68dc, 0x979a}, //棜
{0x68dd, 0x979b}, //棝
{0x68de, 0x979c}, //棞
{0x68df, 0x979d}, //棟
{0x68e0, 0xccc4}, //棠
{0x68e1, 0x979e}, //棡
{0x68e2, 0x979f}, //棢
{0x68e3, 0xe9a6}, //棣
{0x68e4, 0x97a0}, //棤
{0x68e5, 0x97a1}, //棥
{0x68e6, 0x97a2}, //棦
{0x68e7, 0x97a3}, //棧
{0x68e8, 0x97a4}, //棨
{0x68e9, 0x97a5}, //棩
{0x68ea, 0x97a6}, //棪
{0x68eb, 0x97a7}, //棫
{0x68ec, 0x97a8}, //棬
{0x68ed, 0x97a9}, //棭
{0x68ee, 0xc9ad}, //森
{0x68ef, 0x97aa}, //棯
{0x68f0, 0xe9a2}, //棰
{0x68f1, 0xc0e2}, //棱
{0x68f2, 0x97ab}, //棲
{0x68f3, 0x97ac}, //棳
{0x68f4, 0x97ad}, //棴
{0x68f5, 0xbfc3}, //棵
{0x68f6, 0x97ae}, //棶
{0x68f7, 0x97af}, //棷
{0x68f8, 0x97b0}, //棸
{0x68f9, 0xe8fe}, //棹
{0x68fa, 0xb9d7}, //棺
{0x68fb, 0x97b1}, //棻
{0x68fc, 0xe8fb}, //棼
{0x68fd, 0x97b2}, //棽
{0x68fe, 0x97b3}, //棾
{0x68ff, 0x97b4}, //棿
{0x6900, 0x97b5}, //椀
{0x6901, 0xe9a4}, //椁
{0x6902, 0x97b6}, //椂
{0x6903, 0x97b7}, //椃
{0x6904, 0x97b8}, //椄
{0x6905, 0xd2ce}, //椅
{0x6906, 0x97b9}, //椆
{0x6907, 0x97ba}, //椇
{0x6908, 0x97bb}, //椈
{0x6909, 0x97bc}, //椉
{0x690a, 0x97bd}, //椊
{0x690b, 0xe9a3}, //椋
{0x690c, 0x97be}, //椌
{0x690d, 0xd6b2}, //植
{0x690e, 0xd7b5}, //椎
{0x690f, 0x97bf}, //椏
{0x6910, 0xe9a7}, //椐
{0x6911, 0x97c0}, //椑
{0x6912, 0xbdb7}, //椒
{0x6913, 0x97c1}, //椓
{0x6914, 0x97c2}, //椔
{0x6915, 0x97c3}, //椕
{0x6916, 0x97c4}, //椖
{0x6917, 0x97c5}, //椗
{0x6918, 0x97c6}, //椘
{0x6919, 0x97c7}, //椙
{0x691a, 0x97c8}, //椚
{0x691b, 0x97c9}, //椛
{0x691c, 0x97ca}, //検
{0x691d, 0x97cb}, //椝
{0x691e, 0x97cc}, //椞
{0x691f, 0xe8fc}, //椟
{0x6920, 0xe8fd}, //椠
{0x6921, 0x97cd}, //椡
{0x6922, 0x97ce}, //椢
{0x6923, 0x97cf}, //椣
{0x6924, 0xe9a1}, //椤
{0x6925, 0x97d0}, //椥
{0x6926, 0x97d1}, //椦
{0x6927, 0x97d2}, //椧
{0x6928, 0x97d3}, //椨
{0x6929, 0x97d4}, //椩
{0x692a, 0x97d5}, //椪
{0x692b, 0x97d6}, //椫
{0x692c, 0x97d7}, //椬
{0x692d, 0xcdd6}, //椭
{0x692e, 0x97d8}, //椮
{0x692f, 0x97d9}, //椯
{0x6930, 0xd2ac}, //椰
{0x6931, 0x97da}, //椱
{0x6932, 0x97db}, //椲
{0x6933, 0x97dc}, //椳
{0x6934, 0xe9b2}, //椴
{0x6935, 0x97dd}, //椵
{0x6936, 0x97de}, //椶
{0x6937, 0x97df}, //椷
{0x6938, 0x97e0}, //椸
{0x6939, 0xe9a9}, //椹
{0x693a, 0x97e1}, //椺
{0x693b, 0x97e2}, //椻
{0x693c, 0x97e3}, //椼
{0x693d, 0xb4aa}, //椽
{0x693e, 0x97e4}, //椾
{0x693f, 0xb4bb}, //椿
{0x6940, 0x97e5}, //楀
{0x6941, 0x97e6}, //楁
{0x6942, 0xe9ab}, //楂
{0x6943, 0x97e7}, //楃
{0x6944, 0x97e8}, //楄
{0x6945, 0x97e9}, //楅
{0x6946, 0x97ea}, //楆
{0x6947, 0x97eb}, //楇
{0x6948, 0x97ec}, //楈
{0x6949, 0x97ed}, //楉
{0x694a, 0x97ee}, //楊
{0x694b, 0x97ef}, //楋
{0x694c, 0x97f0}, //楌
{0x694d, 0x97f1}, //楍
{0x694e, 0x97f2}, //楎
{0x694f, 0x97f3}, //楏
{0x6950, 0x97f4}, //楐
{0x6951, 0x97f5}, //楑
{0x6952, 0x97f6}, //楒
{0x6953, 0x97f7}, //楓
{0x6954, 0xd0a8}, //楔
{0x6955, 0x97f8}, //楕
{0x6956, 0x97f9}, //楖
{0x6957, 0xe9a5}, //楗
{0x6958, 0x97fa}, //楘
{0x6959, 0x97fb}, //楙
{0x695a, 0xb3fe}, //楚
{0x695b, 0x97fc}, //楛
{0x695c, 0x97fd}, //楜
{0x695d, 0xe9ac}, //楝
{0x695e, 0xc0e3}, //楞
{0x695f, 0x97fe}, //楟
{0x6960, 0xe9aa}, //楠
{0x6961, 0x9840}, //楡
{0x6962, 0x9841}, //楢
{0x6963, 0xe9b9}, //楣
{0x6964, 0x9842}, //楤
{0x6965, 0x9843}, //楥
{0x6966, 0xe9b8}, //楦
{0x6967, 0x9844}, //楧
{0x6968, 0x9845}, //楨
{0x6969, 0x9846}, //楩
{0x696a, 0x9847}, //楪
{0x696b, 0xe9ae}, //楫
{0x696c, 0x9848}, //楬
{0x696d, 0x9849}, //業
{0x696e, 0xe8fa}, //楮
{0x696f, 0x984a}, //楯
{0x6970, 0x984b}, //楰
{0x6971, 0xe9a8}, //楱
{0x6972, 0x984c}, //楲
{0x6973, 0x984d}, //楳
{0x6974, 0x984e}, //楴
{0x6975, 0x984f}, //極
{0x6976, 0x9850}, //楶
{0x6977, 0xbfac}, //楷
{0x6978, 0xe9b1}, //楸
{0x6979, 0xe9ba}, //楹
{0x697a, 0x9851}, //楺
{0x697b, 0x9852}, //楻
{0x697c, 0xc2a5}, //楼
{0x697d, 0x9853}, //楽
{0x697e, 0x9854}, //楾
{0x697f, 0x9855}, //楿
{0x6980, 0xe9af}, //榀
{0x6981, 0x9856}, //榁
{0x6982, 0xb8c5}, //概
{0x6983, 0x9857}, //榃
{0x6984, 0xe9ad}, //榄
{0x6985, 0x9858}, //榅
{0x6986, 0xd3dc}, //榆
{0x6987, 0xe9b4}, //榇
{0x6988, 0xe9b5}, //榈
{0x6989, 0xe9b7}, //榉
{0x698a, 0x9859}, //榊
{0x698b, 0x985a}, //榋
{0x698c, 0x985b}, //榌
{0x698d, 0xe9c7}, //榍
{0x698e, 0x985c}, //榎
{0x698f, 0x985d}, //榏
{0x6990, 0x985e}, //榐
{0x6991, 0x985f}, //榑
{0x6992, 0x9860}, //榒
{0x6993, 0x9861}, //榓
{0x6994, 0xc0c6}, //榔
{0x6995, 0xe9c5}, //榕
{0x6996, 0x9862}, //榖
{0x6997, 0x9863}, //榗
{0x6998, 0xe9b0}, //榘
{0x6999, 0x9864}, //榙
{0x699a, 0x9865}, //榚
{0x699b, 0xe9bb}, //榛
{0x699c, 0xb0f1}, //榜
{0x699d, 0x9866}, //榝
{0x699e, 0x9867}, //榞
{0x699f, 0x9868}, //榟
{0x69a0, 0x9869}, //榠
{0x69a1, 0x986a}, //榡
{0x69a2, 0x986b}, //榢
{0x69a3, 0x986c}, //榣
{0x69a4, 0x986d}, //榤
{0x69a5, 0x986e}, //榥
{0x69a6, 0x986f}, //榦
{0x69a7, 0xe9bc}, //榧
{0x69a8, 0xd5a5}, //榨
{0x69a9, 0x9870}, //榩
{0x69aa, 0x9871}, //榪
{0x69ab, 0xe9be}, //榫
{0x69ac, 0x9872}, //榬
{0x69ad, 0xe9bf}, //榭
{0x69ae, 0x9873}, //榮
{0x69af, 0x9874}, //榯
{0x69b0, 0x9875}, //榰
{0x69b1, 0xe9c1}, //榱
{0x69b2, 0x9876}, //榲
{0x69b3, 0x9877}, //榳
{0x69b4, 0xc1f1}, //榴
{0x69b5, 0x9878}, //榵
{0x69b6, 0x9879}, //榶
{0x69b7, 0xc8b6}, //榷
{0x69b8, 0x987a}, //榸
{0x69b9, 0x987b}, //榹
{0x69ba, 0x987c}, //榺
{0x69bb, 0xe9bd}, //榻
{0x69bc, 0x987d}, //榼
{0x69bd, 0x987e}, //榽
{0x69be, 0x9880}, //榾
{0x69bf, 0x9881}, //榿
{0x69c0, 0x9882}, //槀
{0x69c1, 0xe9c2}, //槁
{0x69c2, 0x9883}, //槂
{0x69c3, 0x9884}, //槃
{0x69c4, 0x9885}, //槄
{0x69c5, 0x9886}, //槅
{0x69c6, 0x9887}, //槆
{0x69c7, 0x9888}, //槇
{0x69c8, 0x9889}, //槈
{0x69c9, 0x988a}, //槉
{0x69ca, 0xe9c3}, //槊
{0x69cb, 0x988b}, //構
{0x69cc, 0xe9b3}, //槌
{0x69cd, 0x988c}, //槍
{0x69ce, 0xe9b6}, //槎
{0x69cf, 0x988d}, //槏
{0x69d0, 0xbbb1}, //槐
{0x69d1, 0x988e}, //槑
{0x69d2, 0x988f}, //槒
{0x69d3, 0x9890}, //槓
{0x69d4, 0xe9c0}, //槔
{0x69d5, 0x9891}, //槕
{0x69d6, 0x9892}, //槖
{0x69d7, 0x9893}, //槗
{0x69d8, 0x9894}, //様
{0x69d9, 0x9895}, //槙
{0x69da, 0x9896}, //槚
{0x69db, 0xbcf7}, //槛
{0x69dc, 0x9897}, //槜
{0x69dd, 0x9898}, //槝
{0x69de, 0x9899}, //槞
{0x69df, 0xe9c4}, //槟
{0x69e0, 0xe9c6}, //槠
{0x69e1, 0x989a}, //槡
{0x69e2, 0x989b}, //槢
{0x69e3, 0x989c}, //槣
{0x69e4, 0x989d}, //槤
{0x69e5, 0x989e}, //槥
{0x69e6, 0x989f}, //槦
{0x69e7, 0x98a0}, //槧
{0x69e8, 0x98a1}, //槨
{0x69e9, 0x98a2}, //槩
{0x69ea, 0x98a3}, //槪
{0x69eb, 0x98a4}, //槫
{0x69ec, 0x98a5}, //槬
{0x69ed, 0xe9ca}, //槭
{0x69ee, 0x98a6}, //槮
{0x69ef, 0x98a7}, //槯
{0x69f0, 0x98a8}, //槰
{0x69f1, 0x98a9}, //槱
{0x69f2, 0xe9ce}, //槲
{0x69f3, 0x98aa}, //槳
{0x69f4, 0x98ab}, //槴
{0x69f5, 0x98ac}, //槵
{0x69f6, 0x98ad}, //槶
{0x69f7, 0x98ae}, //槷
{0x69f8, 0x98af}, //槸
{0x69f9, 0x98b0}, //槹
{0x69fa, 0x98b1}, //槺
{0x69fb, 0x98b2}, //槻
{0x69fc, 0x98b3}, //槼
{0x69fd, 0xb2db}, //槽
{0x69fe, 0x98b4}, //槾
{0x69ff, 0xe9c8}, //槿
{0x6a00, 0x98b5}, //樀
{0x6a01, 0x98b6}, //樁
{0x6a02, 0x98b7}, //樂
{0x6a03, 0x98b8}, //樃
{0x6a04, 0x98b9}, //樄
{0x6a05, 0x98ba}, //樅
{0x6a06, 0x98bb}, //樆
{0x6a07, 0x98bc}, //樇
{0x6a08, 0x98bd}, //樈
{0x6a09, 0x98be}, //樉
{0x6a0a, 0xb7ae}, //樊
{0x6a0b, 0x98bf}, //樋
{0x6a0c, 0x98c0}, //樌
{0x6a0d, 0x98c1}, //樍
{0x6a0e, 0x98c2}, //樎
{0x6a0f, 0x98c3}, //樏
{0x6a10, 0x98c4}, //樐
{0x6a11, 0x98c5}, //樑
{0x6a12, 0x98c6}, //樒
{0x6a13, 0x98c7}, //樓
{0x6a14, 0x98c8}, //樔
{0x6a15, 0x98c9}, //樕
{0x6a16, 0x98ca}, //樖
{0x6a17, 0xe9cb}, //樗
{0x6a18, 0xe9cc}, //樘
{0x6a19, 0x98cb}, //標
{0x6a1a, 0x98cc}, //樚
{0x6a1b, 0x98cd}, //樛
{0x6a1c, 0x98ce}, //樜
{0x6a1d, 0x98cf}, //樝
{0x6a1e, 0x98d0}, //樞
{0x6a1f, 0xd5c1}, //樟
{0x6a20, 0x98d1}, //樠
{0x6a21, 0xc4a3}, //模
{0x6a22, 0x98d2}, //樢
{0x6a23, 0x98d3}, //樣
{0x6a24, 0x98d4}, //樤
{0x6a25, 0x98d5}, //樥
{0x6a26, 0x98d6}, //樦
{0x6a27, 0x98d7}, //樧
{0x6a28, 0xe9d8}, //樨
{0x6a29, 0x98d8}, //権
{0x6a2a, 0xbae1}, //横
{0x6a2b, 0x98d9}, //樫
{0x6a2c, 0x98da}, //樬
{0x6a2d, 0x98db}, //樭
{0x6a2e, 0x98dc}, //樮
{0x6a2f, 0xe9c9}, //樯
{0x6a30, 0x98dd}, //樰
{0x6a31, 0xd3a3}, //樱
{0x6a32, 0x98de}, //樲
{0x6a33, 0x98df}, //樳
{0x6a34, 0x98e0}, //樴
{0x6a35, 0xe9d4}, //樵
{0x6a36, 0x98e1}, //樶
{0x6a37, 0x98e2}, //樷
{0x6a38, 0x98e3}, //樸
{0x6a39, 0x98e4}, //樹
{0x6a3a, 0x98e5}, //樺
{0x6a3b, 0x98e6}, //樻
{0x6a3c, 0x98e7}, //樼
{0x6a3d, 0xe9d7}, //樽
{0x6a3e, 0xe9d0}, //樾
{0x6a3f, 0x98e8}, //樿
{0x6a40, 0x98e9}, //橀
{0x6a41, 0x98ea}, //橁
{0x6a42, 0x98eb}, //橂
{0x6a43, 0x98ec}, //橃
{0x6a44, 0xe9cf}, //橄
{0x6a45, 0x98ed}, //橅
{0x6a46, 0x98ee}, //橆
{0x6a47, 0xc7c1}, //橇
{0x6a48, 0x98ef}, //橈
{0x6a49, 0x98f0}, //橉
{0x6a4a, 0x98f1}, //橊
{0x6a4b, 0x98f2}, //橋
{0x6a4c, 0x98f3}, //橌
{0x6a4d, 0x98f4}, //橍
{0x6a4e, 0x98f5}, //橎
{0x6a4f, 0x98f6}, //橏
{0x6a50, 0xe9d2}, //橐
{0x6a51, 0x98f7}, //橑
{0x6a52, 0x98f8}, //橒
{0x6a53, 0x98f9}, //橓
{0x6a54, 0x98fa}, //橔
{0x6a55, 0x98fb}, //橕
{0x6a56, 0x98fc}, //橖
{0x6a57, 0x98fd}, //橗
{0x6a58, 0xe9d9}, //橘
{0x6a59, 0xb3c8}, //橙
{0x6a5a, 0x98fe}, //橚
{0x6a5b, 0xe9d3}, //橛
{0x6a5c, 0x9940}, //橜
{0x6a5d, 0x9941}, //橝
{0x6a5e, 0x9942}, //橞
{0x6a5f, 0x9943}, //機
{0x6a60, 0x9944}, //橠
{0x6a61, 0xcff0}, //橡
{0x6a62, 0x9945}, //橢
{0x6a63, 0x9946}, //橣
{0x6a64, 0x9947}, //橤
{0x6a65, 0xe9cd}, //橥
{0x6a66, 0x9948}, //橦
{0x6a67, 0x9949}, //橧
{0x6a68, 0x994a}, //橨
{0x6a69, 0x994b}, //橩
{0x6a6a, 0x994c}, //橪
{0x6a6b, 0x994d}, //橫
{0x6a6c, 0x994e}, //橬
{0x6a6d, 0x994f}, //橭
{0x6a6e, 0x9950}, //橮
{0x6a6f, 0x9951}, //橯
{0x6a70, 0x9952}, //橰
{0x6a71, 0xb3f7}, //橱
{0x6a72, 0x9953}, //橲
{0x6a73, 0x9954}, //橳
{0x6a74, 0x9955}, //橴
{0x6a75, 0x9956}, //橵
{0x6a76, 0x9957}, //橶
{0x6a77, 0x9958}, //橷
{0x6a78, 0x9959}, //橸
{0x6a79, 0xe9d6}, //橹
{0x6a7a, 0x995a}, //橺
{0x6a7b, 0x995b}, //橻
{0x6a7c, 0xe9da}, //橼
{0x6a7d, 0x995c}, //橽
{0x6a7e, 0x995d}, //橾
{0x6a7f, 0x995e}, //橿
{0x6a80, 0xccb4}, //檀
{0x6a81, 0x995f}, //檁
{0x6a82, 0x9960}, //檂
{0x6a83, 0x9961}, //檃
{0x6a84, 0xcfad}, //檄
{0x6a85, 0x9962}, //檅
{0x6a86, 0x9963}, //檆
{0x6a87, 0x9964}, //檇
{0x6a88, 0x9965}, //檈
{0x6a89, 0x9966}, //檉
{0x6a8a, 0x9967}, //檊
{0x6a8b, 0x9968}, //檋
{0x6a8c, 0x9969}, //檌
{0x6a8d, 0x996a}, //檍
{0x6a8e, 0xe9d5}, //檎
{0x6a8f, 0x996b}, //檏
{0x6a90, 0xe9dc}, //檐
{0x6a91, 0xe9db}, //檑
{0x6a92, 0x996c}, //檒
{0x6a93, 0x996d}, //檓
{0x6a94, 0x996e}, //檔
{0x6a95, 0x996f}, //檕
{0x6a96, 0x9970}, //檖
{0x6a97, 0xe9de}, //檗
{0x6a98, 0x9971}, //檘
{0x6a99, 0x9972}, //檙
{0x6a9a, 0x9973}, //檚
{0x6a9b, 0x9974}, //檛
{0x6a9c, 0x9975}, //檜
{0x6a9d, 0x9976}, //檝
{0x6a9e, 0x9977}, //檞
{0x6a9f, 0x9978}, //檟
{0x6aa0, 0xe9d1}, //檠
{0x6aa1, 0x9979}, //檡
{0x6aa2, 0x997a}, //檢
{0x6aa3, 0x997b}, //檣
{0x6aa4, 0x997c}, //檤
{0x6aa5, 0x997d}, //檥
{0x6aa6, 0x997e}, //檦
{0x6aa7, 0x9980}, //檧
{0x6aa8, 0x9981}, //檨
{0x6aa9, 0xe9dd}, //檩
{0x6aaa, 0x9982}, //檪
{0x6aab, 0xe9df}, //檫
{0x6aac, 0xc3ca}, //檬
{0x6aad, 0x9983}, //檭
{0x6aae, 0x9984}, //檮
{0x6aaf, 0x9985}, //檯
{0x6ab0, 0x9986}, //檰
{0x6ab1, 0x9987}, //檱
{0x6ab2, 0x9988}, //檲
{0x6ab3, 0x9989}, //檳
{0x6ab4, 0x998a}, //檴
{0x6ab5, 0x998b}, //檵
{0x6ab6, 0x998c}, //檶
{0x6ab7, 0x998d}, //檷
{0x6ab8, 0x998e}, //檸
{0x6ab9, 0x998f}, //檹
{0x6aba, 0x9990}, //檺
{0x6abb, 0x9991}, //檻
{0x6abc, 0x9992}, //檼
{0x6abd, 0x9993}, //檽
{0x6abe, 0x9994}, //檾
{0x6abf, 0x9995}, //檿
{0x6ac0, 0x9996}, //櫀
{0x6ac1, 0x9997}, //櫁
{0x6ac2, 0x9998}, //櫂
{0x6ac3, 0x9999}, //櫃
{0x6ac4, 0x999a}, //櫄
{0x6ac5, 0x999b}, //櫅
{0x6ac6, 0x999c}, //櫆
{0x6ac7, 0x999d}, //櫇
{0x6ac8, 0x999e}, //櫈
{0x6ac9, 0x999f}, //櫉
{0x6aca, 0x99a0}, //櫊
{0x6acb, 0x99a1}, //櫋
{0x6acc, 0x99a2}, //櫌
{0x6acd, 0x99a3}, //櫍
{0x6ace, 0x99a4}, //櫎
{0x6acf, 0x99a5}, //櫏
{0x6ad0, 0x99a6}, //櫐
{0x6ad1, 0x99a7}, //櫑
{0x6ad2, 0x99a8}, //櫒
{0x6ad3, 0x99a9}, //櫓
{0x6ad4, 0x99aa}, //櫔
{0x6ad5, 0x99ab}, //櫕
{0x6ad6, 0x99ac}, //櫖
{0x6ad7, 0x99ad}, //櫗
{0x6ad8, 0x99ae}, //櫘
{0x6ad9, 0x99af}, //櫙
{0x6ada, 0x99b0}, //櫚
{0x6adb, 0x99b1}, //櫛
{0x6adc, 0x99b2}, //櫜
{0x6add, 0x99b3}, //櫝
{0x6ade, 0x99b4}, //櫞
{0x6adf, 0x99b5}, //櫟
{0x6ae0, 0x99b6}, //櫠
{0x6ae1, 0x99b7}, //櫡
{0x6ae2, 0x99b8}, //櫢
{0x6ae3, 0x99b9}, //櫣
{0x6ae4, 0x99ba}, //櫤
{0x6ae5, 0x99bb}, //櫥
{0x6ae6, 0x99bc}, //櫦
{0x6ae7, 0x99bd}, //櫧
{0x6ae8, 0x99be}, //櫨
{0x6ae9, 0x99bf}, //櫩
{0x6aea, 0x99c0}, //櫪
{0x6aeb, 0x99c1}, //櫫
{0x6aec, 0x99c2}, //櫬
{0x6aed, 0x99c3}, //櫭
{0x6aee, 0x99c4}, //櫮
{0x6aef, 0x99c5}, //櫯
{0x6af0, 0x99c6}, //櫰
{0x6af1, 0x99c7}, //櫱
{0x6af2, 0x99c8}, //櫲
{0x6af3, 0x99c9}, //櫳
{0x6af4, 0x99ca}, //櫴
{0x6af5, 0x99cb}, //櫵
{0x6af6, 0x99cc}, //櫶
{0x6af7, 0x99cd}, //櫷
{0x6af8, 0x99ce}, //櫸
{0x6af9, 0x99cf}, //櫹
{0x6afa, 0x99d0}, //櫺
{0x6afb, 0x99d1}, //櫻
{0x6afc, 0x99d2}, //櫼
{0x6afd, 0x99d3}, //櫽
{0x6afe, 0x99d4}, //櫾
{0x6aff, 0x99d5}, //櫿
{0x6b00, 0x99d6}, //欀
{0x6b01, 0x99d7}, //欁
{0x6b02, 0x99d8}, //欂
{0x6b03, 0x99d9}, //欃
{0x6b04, 0x99da}, //欄
{0x6b05, 0x99db}, //欅
{0x6b06, 0x99dc}, //欆
{0x6b07, 0x99dd}, //欇
{0x6b08, 0x99de}, //欈
{0x6b09, 0x99df}, //欉
{0x6b0a, 0x99e0}, //權
{0x6b0b, 0x99e1}, //欋
{0x6b0c, 0x99e2}, //欌
{0x6b0d, 0x99e3}, //欍
{0x6b0e, 0x99e4}, //欎
{0x6b0f, 0x99e5}, //欏
{0x6b10, 0x99e6}, //欐
{0x6b11, 0x99e7}, //欑
{0x6b12, 0x99e8}, //欒
{0x6b13, 0x99e9}, //欓
{0x6b14, 0x99ea}, //欔
{0x6b15, 0x99eb}, //欕
{0x6b16, 0x99ec}, //欖
{0x6b17, 0x99ed}, //欗
{0x6b18, 0x99ee}, //欘
{0x6b19, 0x99ef}, //欙
{0x6b1a, 0x99f0}, //欚
{0x6b1b, 0x99f1}, //欛
{0x6b1c, 0x99f2}, //欜
{0x6b1d, 0x99f3}, //欝
{0x6b1e, 0x99f4}, //欞
{0x6b1f, 0x99f5}, //欟
{0x6b20, 0xc7b7}, //欠
{0x6b21, 0xb4ce}, //次
{0x6b22, 0xbbb6}, //欢
{0x6b23, 0xd0c0}, //欣
{0x6b24, 0xeca3}, //欤
{0x6b25, 0x99f6}, //欥
{0x6b26, 0x99f7}, //欦
{0x6b27, 0xc5b7}, //欧
{0x6b28, 0x99f8}, //欨
{0x6b29, 0x99f9}, //欩
{0x6b2a, 0x99fa}, //欪
{0x6b2b, 0x99fb}, //欫
{0x6b2c, 0x99fc}, //欬
{0x6b2d, 0x99fd}, //欭
{0x6b2e, 0x99fe}, //欮
{0x6b2f, 0x9a40}, //欯
{0x6b30, 0x9a41}, //欰
{0x6b31, 0x9a42}, //欱
{0x6b32, 0xd3fb}, //欲
{0x6b33, 0x9a43}, //欳
{0x6b34, 0x9a44}, //欴
{0x6b35, 0x9a45}, //欵
{0x6b36, 0x9a46}, //欶
{0x6b37, 0xeca4}, //欷
{0x6b38, 0x9a47}, //欸
{0x6b39, 0xeca5}, //欹
{0x6b3a, 0xc6db}, //欺
{0x6b3b, 0x9a48}, //欻
{0x6b3c, 0x9a49}, //欼
{0x6b3d, 0x9a4a}, //欽
{0x6b3e, 0xbfee}, //款
{0x6b3f, 0x9a4b}, //欿
{0x6b40, 0x9a4c}, //歀
{0x6b41, 0x9a4d}, //歁
{0x6b42, 0x9a4e}, //歂
{0x6b43, 0xeca6}, //歃
{0x6b44, 0x9a4f}, //歄
{0x6b45, 0x9a50}, //歅
{0x6b46, 0xeca7}, //歆
{0x6b47, 0xd0aa}, //歇
{0x6b48, 0x9a51}, //歈
{0x6b49, 0xc7b8}, //歉
{0x6b4a, 0x9a52}, //歊
{0x6b4b, 0x9a53}, //歋
{0x6b4c, 0xb8e8}, //歌
{0x6b4d, 0x9a54}, //歍
{0x6b4e, 0x9a55}, //歎
{0x6b4f, 0x9a56}, //歏
{0x6b50, 0x9a57}, //歐
{0x6b51, 0x9a58}, //歑
{0x6b52, 0x9a59}, //歒
{0x6b53, 0x9a5a}, //歓
{0x6b54, 0x9a5b}, //歔
{0x6b55, 0x9a5c}, //歕
{0x6b56, 0x9a5d}, //歖
{0x6b57, 0x9a5e}, //歗
{0x6b58, 0x9a5f}, //歘
{0x6b59, 0xeca8}, //歙
{0x6b5a, 0x9a60}, //歚
{0x6b5b, 0x9a61}, //歛
{0x6b5c, 0x9a62}, //歜
{0x6b5d, 0x9a63}, //歝
{0x6b5e, 0x9a64}, //歞
{0x6b5f, 0x9a65}, //歟
{0x6b60, 0x9a66}, //歠
{0x6b61, 0x9a67}, //歡
{0x6b62, 0xd6b9}, //止
{0x6b63, 0xd5fd}, //正
{0x6b64, 0xb4cb}, //此
{0x6b65, 0xb2bd}, //步
{0x6b66, 0xcee4}, //武
{0x6b67, 0xc6e7}, //歧
{0x6b68, 0x9a68}, //歨
{0x6b69, 0x9a69}, //歩
{0x6b6a, 0xcde1}, //歪
{0x6b6b, 0x9a6a}, //歫
{0x6b6c, 0x9a6b}, //歬
{0x6b6d, 0x9a6c}, //歭
{0x6b6e, 0x9a6d}, //歮
{0x6b6f, 0x9a6e}, //歯
{0x6b70, 0x9a6f}, //歰
{0x6b71, 0x9a70}, //歱
{0x6b72, 0x9a71}, //歲
{0x6b73, 0x9a72}, //歳
{0x6b74, 0x9a73}, //歴
{0x6b75, 0x9a74}, //歵
{0x6b76, 0x9a75}, //歶
{0x6b77, 0x9a76}, //歷
{0x6b78, 0x9a77}, //歸
{0x6b79, 0xb4f5}, //歹
{0x6b7a, 0x9a78}, //歺
{0x6b7b, 0xcbc0}, //死
{0x6b7c, 0xbcdf}, //歼
{0x6b7d, 0x9a79}, //歽
{0x6b7e, 0x9a7a}, //歾
{0x6b7f, 0x9a7b}, //歿
{0x6b80, 0x9a7c}, //殀
{0x6b81, 0xe9e2}, //殁
{0x6b82, 0xe9e3}, //殂
{0x6b83, 0xd1ea}, //殃
{0x6b84, 0xe9e5}, //殄
{0x6b85, 0x9a7d}, //殅
{0x6b86, 0xb4f9}, //殆
{0x6b87, 0xe9e4}, //殇
{0x6b88, 0x9a7e}, //殈
{0x6b89, 0xd1b3}, //殉
{0x6b8a, 0xcae2}, //殊
{0x6b8b, 0xb2d0}, //残
{0x6b8c, 0x9a80}, //殌
{0x6b8d, 0xe9e8}, //殍
{0x6b8e, 0x9a81}, //殎
{0x6b8f, 0x9a82}, //殏
{0x6b90, 0x9a83}, //殐
{0x6b91, 0x9a84}, //殑
{0x6b92, 0xe9e6}, //殒
{0x6b93, 0xe9e7}, //殓
{0x6b94, 0x9a85}, //殔
{0x6b95, 0x9a86}, //殕
{0x6b96, 0xd6b3}, //殖
{0x6b97, 0x9a87}, //殗
{0x6b98, 0x9a88}, //殘
{0x6b99, 0x9a89}, //殙
{0x6b9a, 0xe9e9}, //殚
{0x6b9b, 0xe9ea}, //殛
{0x6b9c, 0x9a8a}, //殜
{0x6b9d, 0x9a8b}, //殝
{0x6b9e, 0x9a8c}, //殞
{0x6b9f, 0x9a8d}, //殟
{0x6ba0, 0x9a8e}, //殠
{0x6ba1, 0xe9eb}, //殡
{0x6ba2, 0x9a8f}, //殢
{0x6ba3, 0x9a90}, //殣
{0x6ba4, 0x9a91}, //殤
{0x6ba5, 0x9a92}, //殥
{0x6ba6, 0x9a93}, //殦
{0x6ba7, 0x9a94}, //殧
{0x6ba8, 0x9a95}, //殨
{0x6ba9, 0x9a96}, //殩
{0x6baa, 0xe9ec}, //殪
{0x6bab, 0x9a97}, //殫
{0x6bac, 0x9a98}, //殬
{0x6bad, 0x9a99}, //殭
{0x6bae, 0x9a9a}, //殮
{0x6baf, 0x9a9b}, //殯
{0x6bb0, 0x9a9c}, //殰
{0x6bb1, 0x9a9d}, //殱
{0x6bb2, 0x9a9e}, //殲
{0x6bb3, 0xecaf}, //殳
{0x6bb4, 0xc5b9}, //殴
{0x6bb5, 0xb6ce}, //段
{0x6bb6, 0x9a9f}, //殶
{0x6bb7, 0xd2f3}, //殷
{0x6bb8, 0x9aa0}, //殸
{0x6bb9, 0x9aa1}, //殹
{0x6bba, 0x9aa2}, //殺
{0x6bbb, 0x9aa3}, //殻
{0x6bbc, 0x9aa4}, //殼
{0x6bbd, 0x9aa5}, //殽
{0x6bbe, 0x9aa6}, //殾
{0x6bbf, 0xb5ee}, //殿
{0x6bc0, 0x9aa7}, //毀
{0x6bc1, 0xbbd9}, //毁
{0x6bc2, 0xecb1}, //毂
{0x6bc3, 0x9aa8}, //毃
{0x6bc4, 0x9aa9}, //毄
{0x6bc5, 0xd2e3}, //毅
{0x6bc6, 0x9aaa}, //毆
{0x6bc7, 0x9aab}, //毇
{0x6bc8, 0x9aac}, //毈
{0x6bc9, 0x9aad}, //毉
{0x6bca, 0x9aae}, //毊
{0x6bcb, 0xcee3}, //毋
{0x6bcc, 0x9aaf}, //毌
{0x6bcd, 0xc4b8}, //母
{0x6bce, 0x9ab0}, //毎
{0x6bcf, 0xc3bf}, //每
{0x6bd0, 0x9ab1}, //毐
{0x6bd1, 0x9ab2}, //毑
{0x6bd2, 0xb6be}, //毒
{0x6bd3, 0xd8b9}, //毓
{0x6bd4, 0xb1c8}, //比
{0x6bd5, 0xb1cf}, //毕
{0x6bd6, 0xb1d1}, //毖
{0x6bd7, 0xc5fe}, //毗
{0x6bd8, 0x9ab3}, //毘
{0x6bd9, 0xb1d0}, //毙
{0x6bda, 0x9ab4}, //毚
{0x6bdb, 0xc3ab}, //毛
{0x6bdc, 0x9ab5}, //毜
{0x6bdd, 0x9ab6}, //毝
{0x6bde, 0x9ab7}, //毞
{0x6bdf, 0x9ab8}, //毟
{0x6be0, 0x9ab9}, //毠
{0x6be1, 0xd5b1}, //毡
{0x6be2, 0x9aba}, //毢
{0x6be3, 0x9abb}, //毣
{0x6be4, 0x9abc}, //毤
{0x6be5, 0x9abd}, //毥
{0x6be6, 0x9abe}, //毦
{0x6be7, 0x9abf}, //毧
{0x6be8, 0x9ac0}, //毨
{0x6be9, 0x9ac1}, //毩
{0x6bea, 0xeba4}, //毪
{0x6beb, 0xbac1}, //毫
{0x6bec, 0x9ac2}, //毬
{0x6bed, 0x9ac3}, //毭
{0x6bee, 0x9ac4}, //毮
{0x6bef, 0xccba}, //毯
{0x6bf0, 0x9ac5}, //毰
{0x6bf1, 0x9ac6}, //毱
{0x6bf2, 0x9ac7}, //毲
{0x6bf3, 0xeba5}, //毳
{0x6bf4, 0x9ac8}, //毴
{0x6bf5, 0xeba7}, //毵
{0x6bf6, 0x9ac9}, //毶
{0x6bf7, 0x9aca}, //毷
{0x6bf8, 0x9acb}, //毸
{0x6bf9, 0xeba8}, //毹
{0x6bfa, 0x9acc}, //毺
{0x6bfb, 0x9acd}, //毻
{0x6bfc, 0x9ace}, //毼
{0x6bfd, 0xeba6}, //毽
{0x6bfe, 0x9acf}, //毾
{0x6bff, 0x9ad0}, //毿
{0x6c00, 0x9ad1}, //氀
{0x6c01, 0x9ad2}, //氁
{0x6c02, 0x9ad3}, //氂
{0x6c03, 0x9ad4}, //氃
{0x6c04, 0x9ad5}, //氄
{0x6c05, 0xeba9}, //氅
{0x6c06, 0xebab}, //氆
{0x6c07, 0xebaa}, //氇
{0x6c08, 0x9ad6}, //氈
{0x6c09, 0x9ad7}, //氉
{0x6c0a, 0x9ad8}, //氊
{0x6c0b, 0x9ad9}, //氋
{0x6c0c, 0x9ada}, //氌
{0x6c0d, 0xebac}, //氍
{0x6c0e, 0x9adb}, //氎
{0x6c0f, 0xcacf}, //氏
{0x6c10, 0xd8b5}, //氐
{0x6c11, 0xc3f1}, //民
{0x6c12, 0x9adc}, //氒
{0x6c13, 0xc3a5}, //氓
{0x6c14, 0xc6f8}, //气
{0x6c15, 0xebad}, //氕
{0x6c16, 0xc4ca}, //氖
{0x6c17, 0x9add}, //気
{0x6c18, 0xebae}, //氘
{0x6c19, 0xebaf}, //氙
{0x6c1a, 0xebb0}, //氚
{0x6c1b, 0xb7d5}, //氛
{0x6c1c, 0x9ade}, //氜
{0x6c1d, 0x9adf}, //氝
{0x6c1e, 0x9ae0}, //氞
{0x6c1f, 0xb7fa}, //氟
{0x6c20, 0x9ae1}, //氠
{0x6c21, 0xebb1}, //氡
{0x6c22, 0xc7e2}, //氢
{0x6c23, 0x9ae2}, //氣
{0x6c24, 0xebb3}, //氤
{0x6c25, 0x9ae3}, //氥
{0x6c26, 0xbaa4}, //氦
{0x6c27, 0xd1f5}, //氧
{0x6c28, 0xb0b1}, //氨
{0x6c29, 0xebb2}, //氩
{0x6c2a, 0xebb4}, //氪
{0x6c2b, 0x9ae4}, //氫
{0x6c2c, 0x9ae5}, //氬
{0x6c2d, 0x9ae6}, //氭
{0x6c2e, 0xb5aa}, //氮
{0x6c2f, 0xc2c8}, //氯
{0x6c30, 0xc7e8}, //氰
{0x6c31, 0x9ae7}, //氱
{0x6c32, 0xebb5}, //氲
{0x6c33, 0x9ae8}, //氳
{0x6c34, 0xcbae}, //水
{0x6c35, 0xe3df}, //氵
{0x6c36, 0x9ae9}, //氶
{0x6c37, 0x9aea}, //氷
{0x6c38, 0xd3c0}, //永
{0x6c39, 0x9aeb}, //氹
{0x6c3a, 0x9aec}, //氺
{0x6c3b, 0x9aed}, //氻
{0x6c3c, 0x9aee}, //氼
{0x6c3d, 0xd9db}, //氽
{0x6c3e, 0x9aef}, //氾
{0x6c3f, 0x9af0}, //氿
{0x6c40, 0xcda1}, //汀
{0x6c41, 0xd6ad}, //汁
{0x6c42, 0xc7f3}, //求
{0x6c43, 0x9af1}, //汃
{0x6c44, 0x9af2}, //汄
{0x6c45, 0x9af3}, //汅
{0x6c46, 0xd9e0}, //汆
{0x6c47, 0xbbe3}, //汇
{0x6c48, 0x9af4}, //汈
{0x6c49, 0xbaba}, //汉
{0x6c4a, 0xe3e2}, //汊
{0x6c4b, 0x9af5}, //汋
{0x6c4c, 0x9af6}, //汌
{0x6c4d, 0x9af7}, //汍
{0x6c4e, 0x9af8}, //汎
{0x6c4f, 0x9af9}, //汏
{0x6c50, 0xcfab}, //汐
{0x6c51, 0x9afa}, //汑
{0x6c52, 0x9afb}, //汒
{0x6c53, 0x9afc}, //汓
{0x6c54, 0xe3e0}, //汔
{0x6c55, 0xc9c7}, //汕
{0x6c56, 0x9afd}, //汖
{0x6c57, 0xbab9}, //汗
{0x6c58, 0x9afe}, //汘
{0x6c59, 0x9b40}, //汙
{0x6c5a, 0x9b41}, //汚
{0x6c5b, 0xd1b4}, //汛
{0x6c5c, 0xe3e1}, //汜
{0x6c5d, 0xc8ea}, //汝
{0x6c5e, 0xb9af}, //汞
{0x6c5f, 0xbdad}, //江
{0x6c60, 0xb3d8}, //池
{0x6c61, 0xcedb}, //污
{0x6c62, 0x9b42}, //汢
{0x6c63, 0x9b43}, //汣
{0x6c64, 0xccc0}, //汤
{0x6c65, 0x9b44}, //汥
{0x6c66, 0x9b45}, //汦
{0x6c67, 0x9b46}, //汧
{0x6c68, 0xe3e8}, //汨
{0x6c69, 0xe3e9}, //汩
{0x6c6a, 0xcdf4}, //汪
{0x6c6b, 0x9b47}, //汫
{0x6c6c, 0x9b48}, //汬
{0x6c6d, 0x9b49}, //汭
{0x6c6e, 0x9b4a}, //汮
{0x6c6f, 0x9b4b}, //汯
{0x6c70, 0xccad}, //汰
{0x6c71, 0x9b4c}, //汱
{0x6c72, 0xbcb3}, //汲
{0x6c73, 0x9b4d}, //汳
{0x6c74, 0xe3ea}, //汴
{0x6c75, 0x9b4e}, //汵
{0x6c76, 0xe3eb}, //汶
{0x6c77, 0x9b4f}, //汷
{0x6c78, 0x9b50}, //汸
{0x6c79, 0xd0da}, //汹
{0x6c7a, 0x9b51}, //決
{0x6c7b, 0x9b52}, //汻
{0x6c7c, 0x9b53}, //汼
{0x6c7d, 0xc6fb}, //汽
{0x6c7e, 0xb7da}, //汾
{0x6c7f, 0x9b54}, //汿
{0x6c80, 0x9b55}, //沀
{0x6c81, 0xc7df}, //沁
{0x6c82, 0xd2ca}, //沂
{0x6c83, 0xced6}, //沃
{0x6c84, 0x9b56}, //沄
{0x6c85, 0xe3e4}, //沅
{0x6c86, 0xe3ec}, //沆
{0x6c87, 0x9b57}, //沇
{0x6c88, 0xc9f2}, //沈
{0x6c89, 0xb3c1}, //沉
{0x6c8a, 0x9b58}, //沊
{0x6c8b, 0x9b59}, //沋
{0x6c8c, 0xe3e7}, //沌
{0x6c8d, 0x9b5a}, //沍
{0x6c8e, 0x9b5b}, //沎
{0x6c8f, 0xc6e3}, //沏
{0x6c90, 0xe3e5}, //沐
{0x6c91, 0x9b5c}, //沑
{0x6c92, 0x9b5d}, //沒
{0x6c93, 0xedb3}, //沓
{0x6c94, 0xe3e6}, //沔
{0x6c95, 0x9b5e}, //沕
{0x6c96, 0x9b5f}, //沖
{0x6c97, 0x9b60}, //沗
{0x6c98, 0x9b61}, //沘
{0x6c99, 0xc9b3}, //沙
{0x6c9a, 0x9b62}, //沚
{0x6c9b, 0xc5e6}, //沛
{0x6c9c, 0x9b63}, //沜
{0x6c9d, 0x9b64}, //沝
{0x6c9e, 0x9b65}, //沞
{0x6c9f, 0xb9b5}, //沟
{0x6ca0, 0x9b66}, //沠
{0x6ca1, 0xc3bb}, //没
{0x6ca2, 0x9b67}, //沢
{0x6ca3, 0xe3e3}, //沣
{0x6ca4, 0xc5bd}, //沤
{0x6ca5, 0xc1a4}, //沥
{0x6ca6, 0xc2d9}, //沦
{0x6ca7, 0xb2d7}, //沧
{0x6ca8, 0x9b68}, //沨
{0x6ca9, 0xe3ed}, //沩
{0x6caa, 0xbba6}, //沪
{0x6cab, 0xc4ad}, //沫
{0x6cac, 0x9b69}, //沬
{0x6cad, 0xe3f0}, //沭
{0x6cae, 0xbeda}, //沮
{0x6caf, 0x9b6a}, //沯
{0x6cb0, 0x9b6b}, //沰
{0x6cb1, 0xe3fb}, //沱
{0x6cb2, 0xe3f5}, //沲
{0x6cb3, 0xbad3}, //河
{0x6cb4, 0x9b6c}, //沴
{0x6cb5, 0x9b6d}, //沵
{0x6cb6, 0x9b6e}, //沶
{0x6cb7, 0x9b6f}, //沷
{0x6cb8, 0xb7d0}, //沸
{0x6cb9, 0xd3cd}, //油
{0x6cba, 0x9b70}, //沺
{0x6cbb, 0xd6ce}, //治
{0x6cbc, 0xd5d3}, //沼
{0x6cbd, 0xb9c1}, //沽
{0x6cbe, 0xd5b4}, //沾
{0x6cbf, 0xd1d8}, //沿
{0x6cc0, 0x9b71}, //泀
{0x6cc1, 0x9b72}, //況
{0x6cc2, 0x9b73}, //泂
{0x6cc3, 0x9b74}, //泃
{0x6cc4, 0xd0b9}, //泄
{0x6cc5, 0xc7f6}, //泅
{0x6cc6, 0x9b75}, //泆
{0x6cc7, 0x9b76}, //泇
{0x6cc8, 0x9b77}, //泈
{0x6cc9, 0xc8aa}, //泉
{0x6cca, 0xb2b4}, //泊
{0x6ccb, 0x9b78}, //泋
{0x6ccc, 0xc3da}, //泌
{0x6ccd, 0x9b79}, //泍
{0x6cce, 0x9b7a}, //泎
{0x6ccf, 0x9b7b}, //泏
{0x6cd0, 0xe3ee}, //泐
{0x6cd1, 0x9b7c}, //泑
{0x6cd2, 0x9b7d}, //泒
{0x6cd3, 0xe3fc}, //泓
{0x6cd4, 0xe3ef}, //泔
{0x6cd5, 0xb7a8}, //法
{0x6cd6, 0xe3f7}, //泖
{0x6cd7, 0xe3f4}, //泗
{0x6cd8, 0x9b7e}, //泘
{0x6cd9, 0x9b80}, //泙
{0x6cda, 0x9b81}, //泚
{0x6cdb, 0xb7ba}, //泛
{0x6cdc, 0x9b82}, //泜
{0x6cdd, 0x9b83}, //泝
{0x6cde, 0xc5a2}, //泞
{0x6cdf, 0x9b84}, //泟
{0x6ce0, 0xe3f6}, //泠
{0x6ce1, 0xc5dd}, //泡
{0x6ce2, 0xb2a8}, //波
{0x6ce3, 0xc6fc}, //泣
{0x6ce4, 0x9b85}, //泤
{0x6ce5, 0xc4e0}, //泥
{0x6ce6, 0x9b86}, //泦
{0x6ce7, 0x9b87}, //泧
{0x6ce8, 0xd7a2}, //注
{0x6ce9, 0x9b88}, //泩
{0x6cea, 0xc0e1}, //泪
{0x6ceb, 0xe3f9}, //泫
{0x6cec, 0x9b89}, //泬
{0x6ced, 0x9b8a}, //泭
{0x6cee, 0xe3fa}, //泮
{0x6cef, 0xe3fd}, //泯
{0x6cf0, 0xcca9}, //泰
{0x6cf1, 0xe3f3}, //泱
{0x6cf2, 0x9b8b}, //泲
{0x6cf3, 0xd3be}, //泳
{0x6cf4, 0x9b8c}, //泴
{0x6cf5, 0xb1c3}, //泵
{0x6cf6, 0xedb4}, //泶
{0x6cf7, 0xe3f1}, //泷
{0x6cf8, 0xe3f2}, //泸
{0x6cf9, 0x9b8d}, //泹
{0x6cfa, 0xe3f8}, //泺
{0x6cfb, 0xd0ba}, //泻
{0x6cfc, 0xc6c3}, //泼
{0x6cfd, 0xd4f3}, //泽
{0x6cfe, 0xe3fe}, //泾
{0x6cff, 0x9b8e}, //泿
{0x6d00, 0x9b8f}, //洀
{0x6d01, 0xbde0}, //洁
{0x6d02, 0x9b90}, //洂
{0x6d03, 0x9b91}, //洃
{0x6d04, 0xe4a7}, //洄
{0x6d05, 0x9b92}, //洅
{0x6d06, 0x9b93}, //洆
{0x6d07, 0xe4a6}, //洇
{0x6d08, 0x9b94}, //洈
{0x6d09, 0x9b95}, //洉
{0x6d0a, 0x9b96}, //洊
{0x6d0b, 0xd1f3}, //洋
{0x6d0c, 0xe4a3}, //洌
{0x6d0d, 0x9b97}, //洍
{0x6d0e, 0xe4a9}, //洎
{0x6d0f, 0x9b98}, //洏
{0x6d10, 0x9b99}, //洐
{0x6d11, 0x9b9a}, //洑
{0x6d12, 0xc8f7}, //洒
{0x6d13, 0x9b9b}, //洓
{0x6d14, 0x9b9c}, //洔
{0x6d15, 0x9b9d}, //洕
{0x6d16, 0x9b9e}, //洖
{0x6d17, 0xcfb4}, //洗
{0x6d18, 0x9b9f}, //洘
{0x6d19, 0xe4a8}, //洙
{0x6d1a, 0xe4ae}, //洚
{0x6d1b, 0xc2e5}, //洛
{0x6d1c, 0x9ba0}, //洜
{0x6d1d, 0x9ba1}, //洝
{0x6d1e, 0xb6b4}, //洞
{0x6d1f, 0x9ba2}, //洟
{0x6d20, 0x9ba3}, //洠
{0x6d21, 0x9ba4}, //洡
{0x6d22, 0x9ba5}, //洢
{0x6d23, 0x9ba6}, //洣
{0x6d24, 0x9ba7}, //洤
{0x6d25, 0xbdf2}, //津
{0x6d26, 0x9ba8}, //洦
{0x6d27, 0xe4a2}, //洧
{0x6d28, 0x9ba9}, //洨
{0x6d29, 0x9baa}, //洩
{0x6d2a, 0xbae9}, //洪
{0x6d2b, 0xe4aa}, //洫
{0x6d2c, 0x9bab}, //洬
{0x6d2d, 0x9bac}, //洭
{0x6d2e, 0xe4ac}, //洮
{0x6d2f, 0x9bad}, //洯
{0x6d30, 0x9bae}, //洰
{0x6d31, 0xb6fd}, //洱
{0x6d32, 0xd6de}, //洲
{0x6d33, 0xe4b2}, //洳
{0x6d34, 0x9baf}, //洴
{0x6d35, 0xe4ad}, //洵
{0x6d36, 0x9bb0}, //洶
{0x6d37, 0x9bb1}, //洷
{0x6d38, 0x9bb2}, //洸
{0x6d39, 0xe4a1}, //洹
{0x6d3a, 0x9bb3}, //洺
{0x6d3b, 0xbbee}, //活
{0x6d3c, 0xcddd}, //洼
{0x6d3d, 0xc7a2}, //洽
{0x6d3e, 0xc5c9}, //派
{0x6d3f, 0x9bb4}, //洿
{0x6d40, 0x9bb5}, //浀
{0x6d41, 0xc1f7}, //流
{0x6d42, 0x9bb6}, //浂
{0x6d43, 0xe4a4}, //浃
{0x6d44, 0x9bb7}, //浄
{0x6d45, 0xc7b3}, //浅
{0x6d46, 0xbdac}, //浆
{0x6d47, 0xbdbd}, //浇
{0x6d48, 0xe4a5}, //浈
{0x6d49, 0x9bb8}, //浉
{0x6d4a, 0xd7c7}, //浊
{0x6d4b, 0xb2e2}, //测
{0x6d4c, 0x9bb9}, //浌
{0x6d4d, 0xe4ab}, //浍
{0x6d4e, 0xbcc3}, //济
{0x6d4f, 0xe4af}, //浏
{0x6d50, 0x9bba}, //浐
{0x6d51, 0xbbeb}, //浑
{0x6d52, 0xe4b0}, //浒
{0x6d53, 0xc5a8}, //浓
{0x6d54, 0xe4b1}, //浔
{0x6d55, 0x9bbb}, //浕
{0x6d56, 0x9bbc}, //浖
{0x6d57, 0x9bbd}, //浗
{0x6d58, 0x9bbe}, //浘
{0x6d59, 0xd5e3}, //浙
{0x6d5a, 0xbfa3}, //浚
{0x6d5b, 0x9bbf}, //浛
{0x6d5c, 0xe4ba}, //浜
{0x6d5d, 0x9bc0}, //浝
{0x6d5e, 0xe4b7}, //浞
{0x6d5f, 0x9bc1}, //浟
{0x6d60, 0xe4bb}, //浠
{0x6d61, 0x9bc2}, //浡
{0x6d62, 0x9bc3}, //浢
{0x6d63, 0xe4bd}, //浣
{0x6d64, 0x9bc4}, //浤
{0x6d65, 0x9bc5}, //浥
{0x6d66, 0xc6d6}, //浦
{0x6d67, 0x9bc6}, //浧
{0x6d68, 0x9bc7}, //浨
{0x6d69, 0xbac6}, //浩
{0x6d6a, 0xc0cb}, //浪
{0x6d6b, 0x9bc8}, //浫
{0x6d6c, 0x9bc9}, //浬
{0x6d6d, 0x9bca}, //浭
{0x6d6e, 0xb8a1}, //浮
{0x6d6f, 0xe4b4}, //浯
{0x6d70, 0x9bcb}, //浰
{0x6d71, 0x9bcc}, //浱
{0x6d72, 0x9bcd}, //浲
{0x6d73, 0x9bce}, //浳
{0x6d74, 0xd4a1}, //浴
{0x6d75, 0x9bcf}, //浵
{0x6d76, 0x9bd0}, //浶
{0x6d77, 0xbaa3}, //海
{0x6d78, 0xbdfe}, //浸
{0x6d79, 0x9bd1}, //浹
{0x6d7a, 0x9bd2}, //浺
{0x6d7b, 0x9bd3}, //浻
{0x6d7c, 0xe4bc}, //浼
{0x6d7d, 0x9bd4}, //浽
{0x6d7e, 0x9bd5}, //浾
{0x6d7f, 0x9bd6}, //浿
{0x6d80, 0x9bd7}, //涀
{0x6d81, 0x9bd8}, //涁
{0x6d82, 0xcdbf}, //涂
{0x6d83, 0x9bd9}, //涃
{0x6d84, 0x9bda}, //涄
{0x6d85, 0xc4f9}, //涅
{0x6d86, 0x9bdb}, //涆
{0x6d87, 0x9bdc}, //涇
{0x6d88, 0xcffb}, //消
{0x6d89, 0xc9e6}, //涉
{0x6d8a, 0x9bdd}, //涊
{0x6d8b, 0x9bde}, //涋
{0x6d8c, 0xd3bf}, //涌
{0x6d8d, 0x9bdf}, //涍
{0x6d8e, 0xcfd1}, //涎
{0x6d8f, 0x9be0}, //涏
{0x6d90, 0x9be1}, //涐
{0x6d91, 0xe4b3}, //涑
{0x6d92, 0x9be2}, //涒
{0x6d93, 0xe4b8}, //涓
{0x6d94, 0xe4b9}, //涔
{0x6d95, 0xcce9}, //涕
{0x6d96, 0x9be3}, //涖
{0x6d97, 0x9be4}, //涗
{0x6d98, 0x9be5}, //涘
{0x6d99, 0x9be6}, //涙
{0x6d9a, 0x9be7}, //涚
{0x6d9b, 0xccce}, //涛
{0x6d9c, 0x9be8}, //涜
{0x6d9d, 0xc0d4}, //涝
{0x6d9e, 0xe4b5}, //涞
{0x6d9f, 0xc1b0}, //涟
{0x6da0, 0xe4b6}, //涠
{0x6da1, 0xced0}, //涡
{0x6da2, 0x9be9}, //涢
{0x6da3, 0xbbc1}, //涣
{0x6da4, 0xb5d3}, //涤
{0x6da5, 0x9bea}, //涥
{0x6da6, 0xc8f3}, //润
{0x6da7, 0xbda7}, //涧
{0x6da8, 0xd5c7}, //涨
{0x6da9, 0xc9ac}, //涩
{0x6daa, 0xb8a2}, //涪
{0x6dab, 0xe4ca}, //涫
{0x6dac, 0x9beb}, //涬
{0x6dad, 0x9bec}, //涭
{0x6dae, 0xe4cc}, //涮
{0x6daf, 0xd1c4}, //涯
{0x6db0, 0x9bed}, //涰
{0x6db1, 0x9bee}, //涱
{0x6db2, 0xd2ba}, //液
{0x6db3, 0x9bef}, //涳
{0x6db4, 0x9bf0}, //涴
{0x6db5, 0xbaad}, //涵
{0x6db6, 0x9bf1}, //涶
{0x6db7, 0x9bf2}, //涷
{0x6db8, 0xbad4}, //涸
{0x6db9, 0x9bf3}, //涹
{0x6dba, 0x9bf4}, //涺
{0x6dbb, 0x9bf5}, //涻
{0x6dbc, 0x9bf6}, //涼
{0x6dbd, 0x9bf7}, //涽
{0x6dbe, 0x9bf8}, //涾
{0x6dbf, 0xe4c3}, //涿
{0x6dc0, 0xb5ed}, //淀
{0x6dc1, 0x9bf9}, //淁
{0x6dc2, 0x9bfa}, //淂
{0x6dc3, 0x9bfb}, //淃
{0x6dc4, 0xd7cd}, //淄
{0x6dc5, 0xe4c0}, //淅
{0x6dc6, 0xcffd}, //淆
{0x6dc7, 0xe4bf}, //淇
{0x6dc8, 0x9bfc}, //淈
{0x6dc9, 0x9bfd}, //淉
{0x6dca, 0x9bfe}, //淊
{0x6dcb, 0xc1dc}, //淋
{0x6dcc, 0xccca}, //淌
{0x6dcd, 0x9c40}, //淍
{0x6dce, 0x9c41}, //淎
{0x6dcf, 0x9c42}, //淏
{0x6dd0, 0x9c43}, //淐
{0x6dd1, 0xcae7}, //淑
{0x6dd2, 0x9c44}, //淒
{0x6dd3, 0x9c45}, //淓
{0x6dd4, 0x9c46}, //淔
{0x6dd5, 0x9c47}, //淕
{0x6dd6, 0xc4d7}, //淖
{0x6dd7, 0x9c48}, //淗
{0x6dd8, 0xccd4}, //淘
{0x6dd9, 0xe4c8}, //淙
{0x6dda, 0x9c49}, //淚
{0x6ddb, 0x9c4a}, //淛
{0x6ddc, 0x9c4b}, //淜
{0x6ddd, 0xe4c7}, //淝
{0x6dde, 0xe4c1}, //淞
{0x6ddf, 0x9c4c}, //淟
{0x6de0, 0xe4c4}, //淠
{0x6de1, 0xb5ad}, //淡
{0x6de2, 0x9c4d}, //淢
{0x6de3, 0x9c4e}, //淣
{0x6de4, 0xd3d9}, //淤
{0x6de5, 0x9c4f}, //淥
{0x6de6, 0xe4c6}, //淦
{0x6de7, 0x9c50}, //淧
{0x6de8, 0x9c51}, //淨
{0x6de9, 0x9c52}, //淩
{0x6dea, 0x9c53}, //淪
{0x6deb, 0xd2f9}, //淫
{0x6dec, 0xb4e3}, //淬
{0x6ded, 0x9c54}, //淭
{0x6dee, 0xbbb4}, //淮
{0x6def, 0x9c55}, //淯
{0x6df0, 0x9c56}, //淰
{0x6df1, 0xc9ee}, //深
{0x6df2, 0x9c57}, //淲
{0x6df3, 0xb4be}, //淳
{0x6df4, 0x9c58}, //淴
{0x6df5, 0x9c59}, //淵
{0x6df6, 0x9c5a}, //淶
{0x6df7, 0xbbec}, //混
{0x6df8, 0x9c5b}, //淸
{0x6df9, 0xd1cd}, //淹
{0x6dfa, 0x9c5c}, //淺
{0x6dfb, 0xcced}, //添
{0x6dfc, 0xedb5}, //淼
{0x6dfd, 0x9c5d}, //淽
{0x6dfe, 0x9c5e}, //淾
{0x6dff, 0x9c5f}, //淿
{0x6e00, 0x9c60}, //渀
{0x6e01, 0x9c61}, //渁
{0x6e02, 0x9c62}, //渂
{0x6e03, 0x9c63}, //渃
{0x6e04, 0x9c64}, //渄
{0x6e05, 0xc7e5}, //清
{0x6e06, 0x9c65}, //渆
{0x6e07, 0x9c66}, //渇
{0x6e08, 0x9c67}, //済
{0x6e09, 0x9c68}, //渉
{0x6e0a, 0xd4a8}, //渊
{0x6e0b, 0x9c69}, //渋
{0x6e0c, 0xe4cb}, //渌
{0x6e0d, 0xd7d5}, //渍
{0x6e0e, 0xe4c2}, //渎
{0x6e0f, 0x9c6a}, //渏
{0x6e10, 0xbda5}, //渐
{0x6e11, 0xe4c5}, //渑
{0x6e12, 0x9c6b}, //渒
{0x6e13, 0x9c6c}, //渓
{0x6e14, 0xd3e6}, //渔
{0x6e15, 0x9c6d}, //渕
{0x6e16, 0xe4c9}, //渖
{0x6e17, 0xc9f8}, //渗
{0x6e18, 0x9c6e}, //渘
{0x6e19, 0x9c6f}, //渙
{0x6e1a, 0xe4be}, //渚
{0x6e1b, 0x9c70}, //減
{0x6e1c, 0x9c71}, //渜
{0x6e1d, 0xd3e5}, //渝
{0x6e1e, 0x9c72}, //渞
{0x6e1f, 0x9c73}, //渟
{0x6e20, 0xc7fe}, //渠
{0x6e21, 0xb6c9}, //渡
{0x6e22, 0x9c74}, //渢
{0x6e23, 0xd4fc}, //渣
{0x6e24, 0xb2b3}, //渤
{0x6e25, 0xe4d7}, //渥
{0x6e26, 0x9c75}, //渦
{0x6e27, 0x9c76}, //渧
{0x6e28, 0x9c77}, //渨
{0x6e29, 0xcec2}, //温
{0x6e2a, 0x9c78}, //渪
{0x6e2b, 0xe4cd}, //渫
{0x6e2c, 0x9c79}, //測
{0x6e2d, 0xcebc}, //渭
{0x6e2e, 0x9c7a}, //渮
{0x6e2f, 0xb8db}, //港
{0x6e30, 0x9c7b}, //渰
{0x6e31, 0x9c7c}, //渱
{0x6e32, 0xe4d6}, //渲
{0x6e33, 0x9c7d}, //渳
{0x6e34, 0xbfca}, //渴
{0x6e35, 0x9c7e}, //渵
{0x6e36, 0x9c80}, //渶
{0x6e37, 0x9c81}, //渷
{0x6e38, 0xd3ce}, //游
{0x6e39, 0x9c82}, //渹
{0x6e3a, 0xc3ec}, //渺
{0x6e3b, 0x9c83}, //渻
{0x6e3c, 0x9c84}, //渼
{0x6e3d, 0x9c85}, //渽
{0x6e3e, 0x9c86}, //渾
{0x6e3f, 0x9c87}, //渿
{0x6e40, 0x9c88}, //湀
{0x6e41, 0x9c89}, //湁
{0x6e42, 0x9c8a}, //湂
{0x6e43, 0xc5c8}, //湃
{0x6e44, 0xe4d8}, //湄
{0x6e45, 0x9c8b}, //湅
{0x6e46, 0x9c8c}, //湆
{0x6e47, 0x9c8d}, //湇
{0x6e48, 0x9c8e}, //湈
{0x6e49, 0x9c8f}, //湉
{0x6e4a, 0x9c90}, //湊
{0x6e4b, 0x9c91}, //湋
{0x6e4c, 0x9c92}, //湌
{0x6e4d, 0xcdc4}, //湍
{0x6e4e, 0xe4cf}, //湎
{0x6e4f, 0x9c93}, //湏
{0x6e50, 0x9c94}, //湐
{0x6e51, 0x9c95}, //湑
{0x6e52, 0x9c96}, //湒
{0x6e53, 0xe4d4}, //湓
{0x6e54, 0xe4d5}, //湔
{0x6e55, 0x9c97}, //湕
{0x6e56, 0xbafe}, //湖
{0x6e57, 0x9c98}, //湗
{0x6e58, 0xcfe6}, //湘
{0x6e59, 0x9c99}, //湙
{0x6e5a, 0x9c9a}, //湚
{0x6e5b, 0xd5bf}, //湛
{0x6e5c, 0x9c9b}, //湜
{0x6e5d, 0x9c9c}, //湝
{0x6e5e, 0x9c9d}, //湞
{0x6e5f, 0xe4d2}, //湟
{0x6e60, 0x9c9e}, //湠
{0x6e61, 0x9c9f}, //湡
{0x6e62, 0x9ca0}, //湢
{0x6e63, 0x9ca1}, //湣
{0x6e64, 0x9ca2}, //湤
{0x6e65, 0x9ca3}, //湥
{0x6e66, 0x9ca4}, //湦
{0x6e67, 0x9ca5}, //湧
{0x6e68, 0x9ca6}, //湨
{0x6e69, 0x9ca7}, //湩
{0x6e6a, 0x9ca8}, //湪
{0x6e6b, 0xe4d0}, //湫
{0x6e6c, 0x9ca9}, //湬
{0x6e6d, 0x9caa}, //湭
{0x6e6e, 0xe4ce}, //湮
{0x6e6f, 0x9cab}, //湯
{0x6e70, 0x9cac}, //湰
{0x6e71, 0x9cad}, //湱
{0x6e72, 0x9cae}, //湲
{0x6e73, 0x9caf}, //湳
{0x6e74, 0x9cb0}, //湴
{0x6e75, 0x9cb1}, //湵
{0x6e76, 0x9cb2}, //湶
{0x6e77, 0x9cb3}, //湷
{0x6e78, 0x9cb4}, //湸
{0x6e79, 0x9cb5}, //湹
{0x6e7a, 0x9cb6}, //湺
{0x6e7b, 0x9cb7}, //湻
{0x6e7c, 0x9cb8}, //湼
{0x6e7d, 0x9cb9}, //湽
{0x6e7e, 0xcde5}, //湾
{0x6e7f, 0xcaaa}, //湿
{0x6e80, 0x9cba}, //満
{0x6e81, 0x9cbb}, //溁
{0x6e82, 0x9cbc}, //溂
{0x6e83, 0xc0a3}, //溃
{0x6e84, 0x9cbd}, //溄
{0x6e85, 0xbda6}, //溅
{0x6e86, 0xe4d3}, //溆
{0x6e87, 0x9cbe}, //溇
{0x6e88, 0x9cbf}, //溈
{0x6e89, 0xb8c8}, //溉
{0x6e8a, 0x9cc0}, //溊
{0x6e8b, 0x9cc1}, //溋
{0x6e8c, 0x9cc2}, //溌
{0x6e8d, 0x9cc3}, //溍
{0x6e8e, 0x9cc4}, //溎
{0x6e8f, 0xe4e7}, //溏
{0x6e90, 0xd4b4}, //源
{0x6e91, 0x9cc5}, //溑
{0x6e92, 0x9cc6}, //溒
{0x6e93, 0x9cc7}, //溓
{0x6e94, 0x9cc8}, //溔
{0x6e95, 0x9cc9}, //溕
{0x6e96, 0x9cca}, //準
{0x6e97, 0x9ccb}, //溗
{0x6e98, 0xe4db}, //溘
{0x6e99, 0x9ccc}, //溙
{0x6e9a, 0x9ccd}, //溚
{0x6e9b, 0x9cce}, //溛
{0x6e9c, 0xc1ef}, //溜
{0x6e9d, 0x9ccf}, //溝
{0x6e9e, 0x9cd0}, //溞
{0x6e9f, 0xe4e9}, //溟
{0x6ea0, 0x9cd1}, //溠
{0x6ea1, 0x9cd2}, //溡
{0x6ea2, 0xd2e7}, //溢
{0x6ea3, 0x9cd3}, //溣
{0x6ea4, 0x9cd4}, //溤
{0x6ea5, 0xe4df}, //溥
{0x6ea6, 0x9cd5}, //溦
{0x6ea7, 0xe4e0}, //溧
{0x6ea8, 0x9cd6}, //溨
{0x6ea9, 0x9cd7}, //溩
{0x6eaa, 0xcfaa}, //溪
{0x6eab, 0x9cd8}, //溫
{0x6eac, 0x9cd9}, //溬
{0x6ead, 0x9cda}, //溭
{0x6eae, 0x9cdb}, //溮
{0x6eaf, 0xcbdd}, //溯
{0x6eb0, 0x9cdc}, //溰
{0x6eb1, 0xe4da}, //溱
{0x6eb2, 0xe4d1}, //溲
{0x6eb3, 0x9cdd}, //溳
{0x6eb4, 0xe4e5}, //溴
{0x6eb5, 0x9cde}, //溵
{0x6eb6, 0xc8dc}, //溶
{0x6eb7, 0xe4e3}, //溷
{0x6eb8, 0x9cdf}, //溸
{0x6eb9, 0x9ce0}, //溹
{0x6eba, 0xc4e7}, //溺
{0x6ebb, 0xe4e2}, //溻
{0x6ebc, 0x9ce1}, //溼
{0x6ebd, 0xe4e1}, //溽
{0x6ebe, 0x9ce2}, //溾
{0x6ebf, 0x9ce3}, //溿
{0x6ec0, 0x9ce4}, //滀
{0x6ec1, 0xb3fc}, //滁
{0x6ec2, 0xe4e8}, //滂
{0x6ec3, 0x9ce5}, //滃
{0x6ec4, 0x9ce6}, //滄
{0x6ec5, 0x9ce7}, //滅
{0x6ec6, 0x9ce8}, //滆
{0x6ec7, 0xb5e1}, //滇
{0x6ec8, 0x9ce9}, //滈
{0x6ec9, 0x9cea}, //滉
{0x6eca, 0x9ceb}, //滊
{0x6ecb, 0xd7cc}, //滋
{0x6ecc, 0x9cec}, //滌
{0x6ecd, 0x9ced}, //滍
{0x6ece, 0x9cee}, //滎
{0x6ecf, 0xe4e6}, //滏
{0x6ed0, 0x9cef}, //滐
{0x6ed1, 0xbbac}, //滑
{0x6ed2, 0x9cf0}, //滒
{0x6ed3, 0xd7d2}, //滓
{0x6ed4, 0xcccf}, //滔
{0x6ed5, 0xebf8}, //滕
{0x6ed6, 0x9cf1}, //滖
{0x6ed7, 0xe4e4}, //滗
{0x6ed8, 0x9cf2}, //滘
{0x6ed9, 0x9cf3}, //滙
{0x6eda, 0xb9f6}, //滚
{0x6edb, 0x9cf4}, //滛
{0x6edc, 0x9cf5}, //滜
{0x6edd, 0x9cf6}, //滝
{0x6ede, 0xd6cd}, //滞
{0x6edf, 0xe4d9}, //滟
{0x6ee0, 0xe4dc}, //滠
{0x6ee1, 0xc2fa}, //满
{0x6ee2, 0xe4de}, //滢
{0x6ee3, 0x9cf7}, //滣
{0x6ee4, 0xc2cb}, //滤
{0x6ee5, 0xc0c4}, //滥
{0x6ee6, 0xc2d0}, //滦
{0x6ee7, 0x9cf8}, //滧
{0x6ee8, 0xb1f5}, //滨
{0x6ee9, 0xccb2}, //滩
{0x6eea, 0x9cf9}, //滪
{0x6eeb, 0x9cfa}, //滫
{0x6eec, 0x9cfb}, //滬
{0x6eed, 0x9cfc}, //滭
{0x6eee, 0x9cfd}, //滮
{0x6eef, 0x9cfe}, //滯
{0x6ef0, 0x9d40}, //滰
{0x6ef1, 0x9d41}, //滱
{0x6ef2, 0x9d42}, //滲
{0x6ef3, 0x9d43}, //滳
{0x6ef4, 0xb5ce}, //滴
{0x6ef5, 0x9d44}, //滵
{0x6ef6, 0x9d45}, //滶
{0x6ef7, 0x9d46}, //滷
{0x6ef8, 0x9d47}, //滸
{0x6ef9, 0xe4ef}, //滹
{0x6efa, 0x9d48}, //滺
{0x6efb, 0x9d49}, //滻
{0x6efc, 0x9d4a}, //滼
{0x6efd, 0x9d4b}, //滽
{0x6efe, 0x9d4c}, //滾
{0x6eff, 0x9d4d}, //滿
{0x6f00, 0x9d4e}, //漀
{0x6f01, 0x9d4f}, //漁
{0x6f02, 0xc6af}, //漂
{0x6f03, 0x9d50}, //漃
{0x6f04, 0x9d51}, //漄
{0x6f05, 0x9d52}, //漅
{0x6f06, 0xc6e1}, //漆
{0x6f07, 0x9d53}, //漇
{0x6f08, 0x9d54}, //漈
{0x6f09, 0xe4f5}, //漉
{0x6f0a, 0x9d55}, //漊
{0x6f0b, 0x9d56}, //漋
{0x6f0c, 0x9d57}, //漌
{0x6f0d, 0x9d58}, //漍
{0x6f0e, 0x9d59}, //漎
{0x6f0f, 0xc2a9}, //漏
{0x6f10, 0x9d5a}, //漐
{0x6f11, 0x9d5b}, //漑
{0x6f12, 0x9d5c}, //漒
{0x6f13, 0xc0ec}, //漓
{0x6f14, 0xd1dd}, //演
{0x6f15, 0xe4ee}, //漕
{0x6f16, 0x9d5d}, //漖
{0x6f17, 0x9d5e}, //漗
{0x6f18, 0x9d5f}, //漘
{0x6f19, 0x9d60}, //漙
{0x6f1a, 0x9d61}, //漚
{0x6f1b, 0x9d62}, //漛
{0x6f1c, 0x9d63}, //漜
{0x6f1d, 0x9d64}, //漝
{0x6f1e, 0x9d65}, //漞
{0x6f1f, 0x9d66}, //漟
{0x6f20, 0xc4ae}, //漠
{0x6f21, 0x9d67}, //漡
{0x6f22, 0x9d68}, //漢
{0x6f23, 0x9d69}, //漣
{0x6f24, 0xe4ed}, //漤
{0x6f25, 0x9d6a}, //漥
{0x6f26, 0x9d6b}, //漦
{0x6f27, 0x9d6c}, //漧
{0x6f28, 0x9d6d}, //漨
{0x6f29, 0xe4f6}, //漩
{0x6f2a, 0xe4f4}, //漪
{0x6f2b, 0xc2fe}, //漫
{0x6f2c, 0x9d6e}, //漬
{0x6f2d, 0xe4dd}, //漭
{0x6f2e, 0x9d6f}, //漮
{0x6f2f, 0xe4f0}, //漯
{0x6f30, 0x9d70}, //漰
{0x6f31, 0xcafe}, //漱
{0x6f32, 0x9d71}, //漲
{0x6f33, 0xd5c4}, //漳
{0x6f34, 0x9d72}, //漴
{0x6f35, 0x9d73}, //漵
{0x6f36, 0xe4f1}, //漶
{0x6f37, 0x9d74}, //漷
{0x6f38, 0x9d75}, //漸
{0x6f39, 0x9d76}, //漹
{0x6f3a, 0x9d77}, //漺
{0x6f3b, 0x9d78}, //漻
{0x6f3c, 0x9d79}, //漼
{0x6f3d, 0x9d7a}, //漽
{0x6f3e, 0xd1fa}, //漾
{0x6f3f, 0x9d7b}, //漿
{0x6f40, 0x9d7c}, //潀
{0x6f41, 0x9d7d}, //潁
{0x6f42, 0x9d7e}, //潂
{0x6f43, 0x9d80}, //潃
{0x6f44, 0x9d81}, //潄
{0x6f45, 0x9d82}, //潅
{0x6f46, 0xe4eb}, //潆
{0x6f47, 0xe4ec}, //潇
{0x6f48, 0x9d83}, //潈
{0x6f49, 0x9d84}, //潉
{0x6f4a, 0x9d85}, //潊
{0x6f4b, 0xe4f2}, //潋
{0x6f4c, 0x9d86}, //潌
{0x6f4d, 0xceab}, //潍
{0x6f4e, 0x9d87}, //潎
{0x6f4f, 0x9d88}, //潏
{0x6f50, 0x9d89}, //潐
{0x6f51, 0x9d8a}, //潑
{0x6f52, 0x9d8b}, //潒
{0x6f53, 0x9d8c}, //潓
{0x6f54, 0x9d8d}, //潔
{0x6f55, 0x9d8e}, //潕
{0x6f56, 0x9d8f}, //潖
{0x6f57, 0x9d90}, //潗
{0x6f58, 0xc5cb}, //潘
{0x6f59, 0x9d91}, //潙
{0x6f5a, 0x9d92}, //潚
{0x6f5b, 0x9d93}, //潛
{0x6f5c, 0xc7b1}, //潜
{0x6f5d, 0x9d94}, //潝
{0x6f5e, 0xc2ba}, //潞
{0x6f5f, 0x9d95}, //潟
{0x6f60, 0x9d96}, //潠
{0x6f61, 0x9d97}, //潡
{0x6f62, 0xe4ea}, //潢
{0x6f63, 0x9d98}, //潣
{0x6f64, 0x9d99}, //潤
{0x6f65, 0x9d9a}, //潥
{0x6f66, 0xc1ca}, //潦
{0x6f67, 0x9d9b}, //潧
{0x6f68, 0x9d9c}, //潨
{0x6f69, 0x9d9d}, //潩
{0x6f6a, 0x9d9e}, //潪
{0x6f6b, 0x9d9f}, //潫
{0x6f6c, 0x9da0}, //潬
{0x6f6d, 0xccb6}, //潭
{0x6f6e, 0xb3b1}, //潮
{0x6f6f, 0x9da1}, //潯
{0x6f70, 0x9da2}, //潰
{0x6f71, 0x9da3}, //潱
{0x6f72, 0xe4fb}, //潲
{0x6f73, 0x9da4}, //潳
{0x6f74, 0xe4f3}, //潴
{0x6f75, 0x9da5}, //潵
{0x6f76, 0x9da6}, //潶
{0x6f77, 0x9da7}, //潷
{0x6f78, 0xe4fa}, //潸
{0x6f79, 0x9da8}, //潹
{0x6f7a, 0xe4fd}, //潺
{0x6f7b, 0x9da9}, //潻
{0x6f7c, 0xe4fc}, //潼
{0x6f7d, 0x9daa}, //潽
{0x6f7e, 0x9dab}, //潾
{0x6f7f, 0x9dac}, //潿
{0x6f80, 0x9dad}, //澀
{0x6f81, 0x9dae}, //澁
{0x6f82, 0x9daf}, //澂
{0x6f83, 0x9db0}, //澃
{0x6f84, 0xb3ce}, //澄
{0x6f85, 0x9db1}, //澅
{0x6f86, 0x9db2}, //澆
{0x6f87, 0x9db3}, //澇
{0x6f88, 0xb3ba}, //澈
{0x6f89, 0xe4f7}, //澉
{0x6f8a, 0x9db4}, //澊
{0x6f8b, 0x9db5}, //澋
{0x6f8c, 0xe4f9}, //澌
{0x6f8d, 0xe4f8}, //澍
{0x6f8e, 0xc5ec}, //澎
{0x6f8f, 0x9db6}, //澏
{0x6f90, 0x9db7}, //澐
{0x6f91, 0x9db8}, //澑
{0x6f92, 0x9db9}, //澒
{0x6f93, 0x9dba}, //澓
{0x6f94, 0x9dbb}, //澔
{0x6f95, 0x9dbc}, //澕
{0x6f96, 0x9dbd}, //澖
{0x6f97, 0x9dbe}, //澗
{0x6f98, 0x9dbf}, //澘
{0x6f99, 0x9dc0}, //澙
{0x6f9a, 0x9dc1}, //澚
{0x6f9b, 0x9dc2}, //澛
{0x6f9c, 0xc0bd}, //澜
{0x6f9d, 0x9dc3}, //澝
{0x6f9e, 0x9dc4}, //澞
{0x6f9f, 0x9dc5}, //澟
{0x6fa0, 0x9dc6}, //澠
{0x6fa1, 0xd4e8}, //澡
{0x6fa2, 0x9dc7}, //澢
{0x6fa3, 0x9dc8}, //澣
{0x6fa4, 0x9dc9}, //澤
{0x6fa5, 0x9dca}, //澥
{0x6fa6, 0x9dcb}, //澦
{0x6fa7, 0xe5a2}, //澧
{0x6fa8, 0x9dcc}, //澨
{0x6fa9, 0x9dcd}, //澩
{0x6faa, 0x9dce}, //澪
{0x6fab, 0x9dcf}, //澫
{0x6fac, 0x9dd0}, //澬
{0x6fad, 0x9dd1}, //澭
{0x6fae, 0x9dd2}, //澮
{0x6faf, 0x9dd3}, //澯
{0x6fb0, 0x9dd4}, //澰
{0x6fb1, 0x9dd5}, //澱
{0x6fb2, 0x9dd6}, //澲
{0x6fb3, 0xb0c4}, //澳
{0x6fb4, 0x9dd7}, //澴
{0x6fb5, 0x9dd8}, //澵
{0x6fb6, 0xe5a4}, //澶
{0x6fb7, 0x9dd9}, //澷
{0x6fb8, 0x9dda}, //澸
{0x6fb9, 0xe5a3}, //澹
{0x6fba, 0x9ddb}, //澺
{0x6fbb, 0x9ddc}, //澻
{0x6fbc, 0x9ddd}, //澼
{0x6fbd, 0x9dde}, //澽
{0x6fbe, 0x9ddf}, //澾
{0x6fbf, 0x9de0}, //澿
{0x6fc0, 0xbca4}, //激
{0x6fc1, 0x9de1}, //濁
{0x6fc2, 0xe5a5}, //濂
{0x6fc3, 0x9de2}, //濃
{0x6fc4, 0x9de3}, //濄
{0x6fc5, 0x9de4}, //濅
{0x6fc6, 0x9de5}, //濆
{0x6fc7, 0x9de6}, //濇
{0x6fc8, 0x9de7}, //濈
{0x6fc9, 0xe5a1}, //濉
{0x6fca, 0x9de8}, //濊
{0x6fcb, 0x9de9}, //濋
{0x6fcc, 0x9dea}, //濌
{0x6fcd, 0x9deb}, //濍
{0x6fce, 0x9dec}, //濎
{0x6fcf, 0x9ded}, //濏
{0x6fd0, 0x9dee}, //濐
{0x6fd1, 0xe4fe}, //濑
{0x6fd2, 0xb1f4}, //濒
{0x6fd3, 0x9def}, //濓
{0x6fd4, 0x9df0}, //濔
{0x6fd5, 0x9df1}, //濕
{0x6fd6, 0x9df2}, //濖
{0x6fd7, 0x9df3}, //濗
{0x6fd8, 0x9df4}, //濘
{0x6fd9, 0x9df5}, //濙
{0x6fda, 0x9df6}, //濚
{0x6fdb, 0x9df7}, //濛
{0x6fdc, 0x9df8}, //濜
{0x6fdd, 0x9df9}, //濝
{0x6fde, 0xe5a8}, //濞
{0x6fdf, 0x9dfa}, //濟
{0x6fe0, 0xe5a9}, //濠
{0x6fe1, 0xe5a6}, //濡
{0x6fe2, 0x9dfb}, //濢
{0x6fe3, 0x9dfc}, //濣
{0x6fe4, 0x9dfd}, //濤
{0x6fe5, 0x9dfe}, //濥
{0x6fe6, 0x9e40}, //濦
{0x6fe7, 0x9e41}, //濧
{0x6fe8, 0x9e42}, //濨
{0x6fe9, 0x9e43}, //濩
{0x6fea, 0x9e44}, //濪
{0x6feb, 0x9e45}, //濫
{0x6fec, 0x9e46}, //濬
{0x6fed, 0x9e47}, //濭
{0x6fee, 0xe5a7}, //濮
{0x6fef, 0xe5aa}, //濯
{0x6ff0, 0x9e48}, //濰
{0x6ff1, 0x9e49}, //濱
{0x6ff2, 0x9e4a}, //濲
{0x6ff3, 0x9e4b}, //濳
{0x6ff4, 0x9e4c}, //濴
{0x6ff5, 0x9e4d}, //濵
{0x6ff6, 0x9e4e}, //濶
{0x6ff7, 0x9e4f}, //濷
{0x6ff8, 0x9e50}, //濸
{0x6ff9, 0x9e51}, //濹
{0x6ffa, 0x9e52}, //濺
{0x6ffb, 0x9e53}, //濻
{0x6ffc, 0x9e54}, //濼
{0x6ffd, 0x9e55}, //濽
{0x6ffe, 0x9e56}, //濾
{0x6fff, 0x9e57}, //濿
{0x7000, 0x9e58}, //瀀
{0x7001, 0x9e59}, //瀁
{0x7002, 0x9e5a}, //瀂
{0x7003, 0x9e5b}, //瀃
{0x7004, 0x9e5c}, //瀄
{0x7005, 0x9e5d}, //瀅
{0x7006, 0x9e5e}, //瀆
{0x7007, 0x9e5f}, //瀇
{0x7008, 0x9e60}, //瀈
{0x7009, 0x9e61}, //瀉
{0x700a, 0x9e62}, //瀊
{0x700b, 0x9e63}, //瀋
{0x700c, 0x9e64}, //瀌
{0x700d, 0x9e65}, //瀍
{0x700e, 0x9e66}, //瀎
{0x700f, 0x9e67}, //瀏
{0x7010, 0x9e68}, //瀐
{0x7011, 0xc6d9}, //瀑
{0x7012, 0x9e69}, //瀒
{0x7013, 0x9e6a}, //瀓
{0x7014, 0x9e6b}, //瀔
{0x7015, 0x9e6c}, //瀕
{0x7016, 0x9e6d}, //瀖
{0x7017, 0x9e6e}, //瀗
{0x7018, 0x9e6f}, //瀘
{0x7019, 0x9e70}, //瀙
{0x701a, 0xe5ab}, //瀚
{0x701b, 0xe5ad}, //瀛
{0x701c, 0x9e71}, //瀜
{0x701d, 0x9e72}, //瀝
{0x701e, 0x9e73}, //瀞
{0x701f, 0x9e74}, //瀟
{0x7020, 0x9e75}, //瀠
{0x7021, 0x9e76}, //瀡
{0x7022, 0x9e77}, //瀢
{0x7023, 0xe5ac}, //瀣
{0x7024, 0x9e78}, //瀤
{0x7025, 0x9e79}, //瀥
{0x7026, 0x9e7a}, //瀦
{0x7027, 0x9e7b}, //瀧
{0x7028, 0x9e7c}, //瀨
{0x7029, 0x9e7d}, //瀩
{0x702a, 0x9e7e}, //瀪
{0x702b, 0x9e80}, //瀫
{0x702c, 0x9e81}, //瀬
{0x702d, 0x9e82}, //瀭
{0x702e, 0x9e83}, //瀮
{0x702f, 0x9e84}, //瀯
{0x7030, 0x9e85}, //瀰
{0x7031, 0x9e86}, //瀱
{0x7032, 0x9e87}, //瀲
{0x7033, 0x9e88}, //瀳
{0x7034, 0x9e89}, //瀴
{0x7035, 0xe5af}, //瀵
{0x7036, 0x9e8a}, //瀶
{0x7037, 0x9e8b}, //瀷
{0x7038, 0x9e8c}, //瀸
{0x7039, 0xe5ae}, //瀹
{0x703a, 0x9e8d}, //瀺
{0x703b, 0x9e8e}, //瀻
{0x703c, 0x9e8f}, //瀼
{0x703d, 0x9e90}, //瀽
{0x703e, 0x9e91}, //瀾
{0x703f, 0x9e92}, //瀿
{0x7040, 0x9e93}, //灀
{0x7041, 0x9e94}, //灁
{0x7042, 0x9e95}, //灂
{0x7043, 0x9e96}, //灃
{0x7044, 0x9e97}, //灄
{0x7045, 0x9e98}, //灅
{0x7046, 0x9e99}, //灆
{0x7047, 0x9e9a}, //灇
{0x7048, 0x9e9b}, //灈
{0x7049, 0x9e9c}, //灉
{0x704a, 0x9e9d}, //灊
{0x704b, 0x9e9e}, //灋
{0x704c, 0xb9e0}, //灌
{0x704d, 0x9e9f}, //灍
{0x704e, 0x9ea0}, //灎
{0x704f, 0xe5b0}, //灏
{0x7050, 0x9ea1}, //灐
{0x7051, 0x9ea2}, //灑
{0x7052, 0x9ea3}, //灒
{0x7053, 0x9ea4}, //灓
{0x7054, 0x9ea5}, //灔
{0x7055, 0x9ea6}, //灕
{0x7056, 0x9ea7}, //灖
{0x7057, 0x9ea8}, //灗
{0x7058, 0x9ea9}, //灘
{0x7059, 0x9eaa}, //灙
{0x705a, 0x9eab}, //灚
{0x705b, 0x9eac}, //灛
{0x705c, 0x9ead}, //灜
{0x705d, 0x9eae}, //灝
{0x705e, 0xe5b1}, //灞
{0x705f, 0x9eaf}, //灟
{0x7060, 0x9eb0}, //灠
{0x7061, 0x9eb1}, //灡
{0x7062, 0x9eb2}, //灢
{0x7063, 0x9eb3}, //灣
{0x7064, 0x9eb4}, //灤
{0x7065, 0x9eb5}, //灥
{0x7066, 0x9eb6}, //灦
{0x7067, 0x9eb7}, //灧
{0x7068, 0x9eb8}, //灨
{0x7069, 0x9eb9}, //灩
{0x706a, 0x9eba}, //灪
{0x706b, 0xbbf0}, //火
{0x706c, 0xece1}, //灬
{0x706d, 0xc3f0}, //灭
{0x706e, 0x9ebb}, //灮
{0x706f, 0xb5c6}, //灯
{0x7070, 0xbbd2}, //灰
{0x7071, 0x9ebc}, //灱
{0x7072, 0x9ebd}, //灲
{0x7073, 0x9ebe}, //灳
{0x7074, 0x9ebf}, //灴
{0x7075, 0xc1e9}, //灵
{0x7076, 0xd4ee}, //灶
{0x7077, 0x9ec0}, //灷
{0x7078, 0xbec4}, //灸
{0x7079, 0x9ec1}, //灹
{0x707a, 0x9ec2}, //灺
{0x707b, 0x9ec3}, //灻
{0x707c, 0xd7c6}, //灼
{0x707d, 0x9ec4}, //災
{0x707e, 0xd4d6}, //灾
{0x707f, 0xb2d3}, //灿
{0x7080, 0xecbe}, //炀
{0x7081, 0x9ec5}, //炁
{0x7082, 0x9ec6}, //炂
{0x7083, 0x9ec7}, //炃
{0x7084, 0x9ec8}, //炄
{0x7085, 0xeac1}, //炅
{0x7086, 0x9ec9}, //炆
{0x7087, 0x9eca}, //炇
{0x7088, 0x9ecb}, //炈
{0x7089, 0xc2af}, //炉
{0x708a, 0xb4b6}, //炊
{0x708b, 0x9ecc}, //炋
{0x708c, 0x9ecd}, //炌
{0x708d, 0x9ece}, //炍
{0x708e, 0xd1d7}, //炎
{0x708f, 0x9ecf}, //炏
{0x7090, 0x9ed0}, //炐
{0x7091, 0x9ed1}, //炑
{0x7092, 0xb3b4}, //炒
{0x7093, 0x9ed2}, //炓
{0x7094, 0xc8b2}, //炔
{0x7095, 0xbfbb}, //炕
{0x7096, 0xecc0}, //炖
{0x7097, 0x9ed3}, //炗
{0x7098, 0x9ed4}, //炘
{0x7099, 0xd6cb}, //炙
{0x709a, 0x9ed5}, //炚
{0x709b, 0x9ed6}, //炛
{0x709c, 0xecbf}, //炜
{0x709d, 0xecc1}, //炝
{0x709e, 0x9ed7}, //炞
{0x709f, 0x9ed8}, //炟
{0x70a0, 0x9ed9}, //炠
{0x70a1, 0x9eda}, //炡
{0x70a2, 0x9edb}, //炢
{0x70a3, 0x9edc}, //炣
{0x70a4, 0x9edd}, //炤
{0x70a5, 0x9ede}, //炥
{0x70a6, 0x9edf}, //炦
{0x70a7, 0x9ee0}, //炧
{0x70a8, 0x9ee1}, //炨
{0x70a9, 0x9ee2}, //炩
{0x70aa, 0x9ee3}, //炪
{0x70ab, 0xecc5}, //炫
{0x70ac, 0xbee6}, //炬
{0x70ad, 0xccbf}, //炭
{0x70ae, 0xc5da}, //炮
{0x70af, 0xbebc}, //炯
{0x70b0, 0x9ee4}, //炰
{0x70b1, 0xecc6}, //炱
{0x70b2, 0x9ee5}, //炲
{0x70b3, 0xb1fe}, //炳
{0x70b4, 0x9ee6}, //炴
{0x70b5, 0x9ee7}, //炵
{0x70b6, 0x9ee8}, //炶
{0x70b7, 0xecc4}, //炷
{0x70b8, 0xd5a8}, //炸
{0x70b9, 0xb5e3}, //点
{0x70ba, 0x9ee9}, //為
{0x70bb, 0xecc2}, //炻
{0x70bc, 0xc1b6}, //炼
{0x70bd, 0xb3e3}, //炽
{0x70be, 0x9eea}, //炾
{0x70bf, 0x9eeb}, //炿
{0x70c0, 0xecc3}, //烀
{0x70c1, 0xcbb8}, //烁
{0x70c2, 0xc0c3}, //烂
{0x70c3, 0xccfe}, //烃
{0x70c4, 0x9eec}, //烄
{0x70c5, 0x9eed}, //烅
{0x70c6, 0x9eee}, //烆
{0x70c7, 0x9eef}, //烇
{0x70c8, 0xc1d2}, //烈
{0x70c9, 0x9ef0}, //烉
{0x70ca, 0xecc8}, //烊
{0x70cb, 0x9ef1}, //烋
{0x70cc, 0x9ef2}, //烌
{0x70cd, 0x9ef3}, //烍
{0x70ce, 0x9ef4}, //烎
{0x70cf, 0x9ef5}, //烏
{0x70d0, 0x9ef6}, //烐
{0x70d1, 0x9ef7}, //烑
{0x70d2, 0x9ef8}, //烒
{0x70d3, 0x9ef9}, //烓
{0x70d4, 0x9efa}, //烔
{0x70d5, 0x9efb}, //烕
{0x70d6, 0x9efc}, //烖
{0x70d7, 0x9efd}, //烗
{0x70d8, 0xbae6}, //烘
{0x70d9, 0xc0d3}, //烙
{0x70da, 0x9efe}, //烚
{0x70db, 0xd6f2}, //烛
{0x70dc, 0x9f40}, //烜
{0x70dd, 0x9f41}, //烝
{0x70de, 0x9f42}, //烞
{0x70df, 0xd1cc}, //烟
{0x70e0, 0x9f43}, //烠
{0x70e1, 0x9f44}, //烡
{0x70e2, 0x9f45}, //烢
{0x70e3, 0x9f46}, //烣
{0x70e4, 0xbfbe}, //烤
{0x70e5, 0x9f47}, //烥
{0x70e6, 0xb7b3}, //烦
{0x70e7, 0xc9d5}, //烧
{0x70e8, 0xecc7}, //烨
{0x70e9, 0xbbe2}, //烩
{0x70ea, 0x9f48}, //烪
{0x70eb, 0xcccc}, //烫
{0x70ec, 0xbdfd}, //烬
{0x70ed, 0xc8c8}, //热
{0x70ee, 0x9f49}, //烮
{0x70ef, 0xcfa9}, //烯
{0x70f0, 0x9f4a}, //烰
{0x70f1, 0x9f4b}, //烱
{0x70f2, 0x9f4c}, //烲
{0x70f3, 0x9f4d}, //烳
{0x70f4, 0x9f4e}, //烴
{0x70f5, 0x9f4f}, //烵
{0x70f6, 0x9f50}, //烶
{0x70f7, 0xcde9}, //烷
{0x70f8, 0x9f51}, //烸
{0x70f9, 0xc5eb}, //烹
{0x70fa, 0x9f52}, //烺
{0x70fb, 0x9f53}, //烻
{0x70fc, 0x9f54}, //烼
{0x70fd, 0xb7e9}, //烽
{0x70fe, 0x9f55}, //烾
{0x70ff, 0x9f56}, //烿
{0x7100, 0x9f57}, //焀
{0x7101, 0x9f58}, //焁
{0x7102, 0x9f59}, //焂
{0x7103, 0x9f5a}, //焃
{0x7104, 0x9f5b}, //焄
{0x7105, 0x9f5c}, //焅
{0x7106, 0x9f5d}, //焆
{0x7107, 0x9f5e}, //焇
{0x7108, 0x9f5f}, //焈
{0x7109, 0xd1c9}, //焉
{0x710a, 0xbab8}, //焊
{0x710b, 0x9f60}, //焋
{0x710c, 0x9f61}, //焌
{0x710d, 0x9f62}, //焍
{0x710e, 0x9f63}, //焎
{0x710f, 0x9f64}, //焏
{0x7110, 0xecc9}, //焐
{0x7111, 0x9f65}, //焑
{0x7112, 0x9f66}, //焒
{0x7113, 0xecca}, //焓
{0x7114, 0x9f67}, //焔
{0x7115, 0xbbc0}, //焕
{0x7116, 0xeccb}, //焖
{0x7117, 0x9f68}, //焗
{0x7118, 0xece2}, //焘
{0x7119, 0xb1ba}, //焙
{0x711a, 0xb7d9}, //焚
{0x711b, 0x9f69}, //焛
{0x711c, 0x9f6a}, //焜
{0x711d, 0x9f6b}, //焝
{0x711e, 0x9f6c}, //焞
{0x711f, 0x9f6d}, //焟
{0x7120, 0x9f6e}, //焠
{0x7121, 0x9f6f}, //無
{0x7122, 0x9f70}, //焢
{0x7123, 0x9f71}, //焣
{0x7124, 0x9f72}, //焤
{0x7125, 0x9f73}, //焥
{0x7126, 0xbdb9}, //焦
{0x7127, 0x9f74}, //焧
{0x7128, 0x9f75}, //焨
{0x7129, 0x9f76}, //焩
{0x712a, 0x9f77}, //焪
{0x712b, 0x9f78}, //焫
{0x712c, 0x9f79}, //焬
{0x712d, 0x9f7a}, //焭
{0x712e, 0x9f7b}, //焮
{0x712f, 0xeccc}, //焯
{0x7130, 0xd1e6}, //焰
{0x7131, 0xeccd}, //焱
{0x7132, 0x9f7c}, //焲
{0x7133, 0x9f7d}, //焳
{0x7134, 0x9f7e}, //焴
{0x7135, 0x9f80}, //焵
{0x7136, 0xc8bb}, //然
{0x7137, 0x9f81}, //焷
{0x7138, 0x9f82}, //焸
{0x7139, 0x9f83}, //焹
{0x713a, 0x9f84}, //焺
{0x713b, 0x9f85}, //焻
{0x713c, 0x9f86}, //焼
{0x713d, 0x9f87}, //焽
{0x713e, 0x9f88}, //焾
{0x713f, 0x9f89}, //焿
{0x7140, 0x9f8a}, //煀
{0x7141, 0x9f8b}, //煁
{0x7142, 0x9f8c}, //煂
{0x7143, 0x9f8d}, //煃
{0x7144, 0x9f8e}, //煄
{0x7145, 0xecd1}, //煅
{0x7146, 0x9f8f}, //煆
{0x7147, 0x9f90}, //煇
{0x7148, 0x9f91}, //煈
{0x7149, 0x9f92}, //煉
{0x714a, 0xecd3}, //煊
{0x714b, 0x9f93}, //煋
{0x714c, 0xbbcd}, //煌
{0x714d, 0x9f94}, //煍
{0x714e, 0xbce5}, //煎
{0x714f, 0x9f95}, //煏
{0x7150, 0x9f96}, //煐
{0x7151, 0x9f97}, //煑
{0x7152, 0x9f98}, //煒
{0x7153, 0x9f99}, //煓
{0x7154, 0x9f9a}, //煔
{0x7155, 0x9f9b}, //煕
{0x7156, 0x9f9c}, //煖
{0x7157, 0x9f9d}, //煗
{0x7158, 0x9f9e}, //煘
{0x7159, 0x9f9f}, //煙
{0x715a, 0x9fa0}, //煚
{0x715b, 0x9fa1}, //煛
{0x715c, 0xeccf}, //煜
{0x715d, 0x9fa2}, //煝
{0x715e, 0xc9b7}, //煞
{0x715f, 0x9fa3}, //煟
{0x7160, 0x9fa4}, //煠
{0x7161, 0x9fa5}, //煡
{0x7162, 0x9fa6}, //煢
{0x7163, 0x9fa7}, //煣
{0x7164, 0xc3ba}, //煤
{0x7165, 0x9fa8}, //煥
{0x7166, 0xece3}, //煦
{0x7167, 0xd5d5}, //照
{0x7168, 0xecd0}, //煨
{0x7169, 0x9fa9}, //煩
{0x716a, 0x9faa}, //煪
{0x716b, 0x9fab}, //煫
{0x716c, 0x9fac}, //煬
{0x716d, 0x9fad}, //煭
{0x716e, 0xd6f3}, //煮
{0x716f, 0x9fae}, //煯
{0x7170, 0x9faf}, //煰
{0x7171, 0x9fb0}, //煱
{0x7172, 0xecd2}, //煲
{0x7173, 0xecce}, //煳
{0x7174, 0x9fb1}, //煴
{0x7175, 0x9fb2}, //煵
{0x7176, 0x9fb3}, //煶
{0x7177, 0x9fb4}, //煷
{0x7178, 0xecd4}, //煸
{0x7179, 0x9fb5}, //煹
{0x717a, 0xecd5}, //煺
{0x717b, 0x9fb6}, //煻
{0x717c, 0x9fb7}, //煼
{0x717d, 0xc9bf}, //煽
{0x717e, 0x9fb8}, //煾
{0x717f, 0x9fb9}, //煿
{0x7180, 0x9fba}, //熀
{0x7181, 0x9fbb}, //熁
{0x7182, 0x9fbc}, //熂
{0x7183, 0x9fbd}, //熃
{0x7184, 0xcfa8}, //熄
{0x7185, 0x9fbe}, //熅
{0x7186, 0x9fbf}, //熆
{0x7187, 0x9fc0}, //熇
{0x7188, 0x9fc1}, //熈
{0x7189, 0x9fc2}, //熉
{0x718a, 0xd0dc}, //熊
{0x718b, 0x9fc3}, //熋
{0x718c, 0x9fc4}, //熌
{0x718d, 0x9fc5}, //熍
{0x718e, 0x9fc6}, //熎
{0x718f, 0xd1ac}, //熏
{0x7190, 0x9fc7}, //熐
{0x7191, 0x9fc8}, //熑
{0x7192, 0x9fc9}, //熒
{0x7193, 0x9fca}, //熓
{0x7194, 0xc8db}, //熔
{0x7195, 0x9fcb}, //熕
{0x7196, 0x9fcc}, //熖
{0x7197, 0x9fcd}, //熗
{0x7198, 0xecd6}, //熘
{0x7199, 0xcef5}, //熙
{0x719a, 0x9fce}, //熚
{0x719b, 0x9fcf}, //熛
{0x719c, 0x9fd0}, //熜
{0x719d, 0x9fd1}, //熝
{0x719e, 0x9fd2}, //熞
{0x719f, 0xcaec}, //熟
{0x71a0, 0xecda}, //熠
{0x71a1, 0x9fd3}, //熡
{0x71a2, 0x9fd4}, //熢
{0x71a3, 0x9fd5}, //熣
{0x71a4, 0x9fd6}, //熤
{0x71a5, 0x9fd7}, //熥
{0x71a6, 0x9fd8}, //熦
{0x71a7, 0x9fd9}, //熧
{0x71a8, 0xecd9}, //熨
{0x71a9, 0x9fda}, //熩
{0x71aa, 0x9fdb}, //熪
{0x71ab, 0x9fdc}, //熫
{0x71ac, 0xb0be}, //熬
{0x71ad, 0x9fdd}, //熭
{0x71ae, 0x9fde}, //熮
{0x71af, 0x9fdf}, //熯
{0x71b0, 0x9fe0}, //熰
{0x71b1, 0x9fe1}, //熱
{0x71b2, 0x9fe2}, //熲
{0x71b3, 0xecd7}, //熳
{0x71b4, 0x9fe3}, //熴
{0x71b5, 0xecd8}, //熵
{0x71b6, 0x9fe4}, //熶
{0x71b7, 0x9fe5}, //熷
{0x71b8, 0x9fe6}, //熸
{0x71b9, 0xece4}, //熹
{0x71ba, 0x9fe7}, //熺
{0x71bb, 0x9fe8}, //熻
{0x71bc, 0x9fe9}, //熼
{0x71bd, 0x9fea}, //熽
{0x71be, 0x9feb}, //熾
{0x71bf, 0x9fec}, //熿
{0x71c0, 0x9fed}, //燀
{0x71c1, 0x9fee}, //燁
{0x71c2, 0x9fef}, //燂
{0x71c3, 0xc8bc}, //燃
{0x71c4, 0x9ff0}, //燄
{0x71c5, 0x9ff1}, //燅
{0x71c6, 0x9ff2}, //燆
{0x71c7, 0x9ff3}, //燇
{0x71c8, 0x9ff4}, //燈
{0x71c9, 0x9ff5}, //燉
{0x71ca, 0x9ff6}, //燊
{0x71cb, 0x9ff7}, //燋
{0x71cc, 0x9ff8}, //燌
{0x71cd, 0x9ff9}, //燍
{0x71ce, 0xc1c7}, //燎
{0x71cf, 0x9ffa}, //燏
{0x71d0, 0x9ffb}, //燐
{0x71d1, 0x9ffc}, //燑
{0x71d2, 0x9ffd}, //燒
{0x71d3, 0x9ffe}, //燓
{0x71d4, 0xecdc}, //燔
{0x71d5, 0xd1e0}, //燕
{0x71d6, 0xa040}, //燖
{0x71d7, 0xa041}, //燗
{0x71d8, 0xa042}, //燘
{0x71d9, 0xa043}, //燙
{0x71da, 0xa044}, //燚
{0x71db, 0xa045}, //燛
{0x71dc, 0xa046}, //燜
{0x71dd, 0xa047}, //燝
{0x71de, 0xa048}, //燞
{0x71df, 0xa049}, //營
{0x71e0, 0xecdb}, //燠
{0x71e1, 0xa04a}, //燡
{0x71e2, 0xa04b}, //燢
{0x71e3, 0xa04c}, //燣
{0x71e4, 0xa04d}, //燤
{0x71e5, 0xd4ef}, //燥
{0x71e6, 0xa04e}, //燦
{0x71e7, 0xecdd}, //燧
{0x71e8, 0xa04f}, //燨
{0x71e9, 0xa050}, //燩
{0x71ea, 0xa051}, //燪
{0x71eb, 0xa052}, //燫
{0x71ec, 0xa053}, //燬
{0x71ed, 0xa054}, //燭
{0x71ee, 0xdbc6}, //燮
{0x71ef, 0xa055}, //燯
{0x71f0, 0xa056}, //燰
{0x71f1, 0xa057}, //燱
{0x71f2, 0xa058}, //燲
{0x71f3, 0xa059}, //燳
{0x71f4, 0xa05a}, //燴
{0x71f5, 0xa05b}, //燵
{0x71f6, 0xa05c}, //燶
{0x71f7, 0xa05d}, //燷
{0x71f8, 0xa05e}, //燸
{0x71f9, 0xecde}, //燹
{0x71fa, 0xa05f}, //燺
{0x71fb, 0xa060}, //燻
{0x71fc, 0xa061}, //燼
{0x71fd, 0xa062}, //燽
{0x71fe, 0xa063}, //燾
{0x71ff, 0xa064}, //燿
{0x7200, 0xa065}, //爀
{0x7201, 0xa066}, //爁
{0x7202, 0xa067}, //爂
{0x7203, 0xa068}, //爃
{0x7204, 0xa069}, //爄
{0x7205, 0xa06a}, //爅
{0x7206, 0xb1ac}, //爆
{0x7207, 0xa06b}, //爇
{0x7208, 0xa06c}, //爈
{0x7209, 0xa06d}, //爉
{0x720a, 0xa06e}, //爊
{0x720b, 0xa06f}, //爋
{0x720c, 0xa070}, //爌
{0x720d, 0xa071}, //爍
{0x720e, 0xa072}, //爎
{0x720f, 0xa073}, //爏
{0x7210, 0xa074}, //爐
{0x7211, 0xa075}, //爑
{0x7212, 0xa076}, //爒
{0x7213, 0xa077}, //爓
{0x7214, 0xa078}, //爔
{0x7215, 0xa079}, //爕
{0x7216, 0xa07a}, //爖
{0x7217, 0xa07b}, //爗
{0x7218, 0xa07c}, //爘
{0x7219, 0xa07d}, //爙
{0x721a, 0xa07e}, //爚
{0x721b, 0xa080}, //爛
{0x721c, 0xa081}, //爜
{0x721d, 0xecdf}, //爝
{0x721e, 0xa082}, //爞
{0x721f, 0xa083}, //爟
{0x7220, 0xa084}, //爠
{0x7221, 0xa085}, //爡
{0x7222, 0xa086}, //爢
{0x7223, 0xa087}, //爣
{0x7224, 0xa088}, //爤
{0x7225, 0xa089}, //爥
{0x7226, 0xa08a}, //爦
{0x7227, 0xa08b}, //爧
{0x7228, 0xece0}, //爨
{0x7229, 0xa08c}, //爩
{0x722a, 0xd7a6}, //爪
{0x722b, 0xa08d}, //爫
{0x722c, 0xc5c0}, //爬
{0x722d, 0xa08e}, //爭
{0x722e, 0xa08f}, //爮
{0x722f, 0xa090}, //爯
{0x7230, 0xebbc}, //爰
{0x7231, 0xb0ae}, //爱
{0x7232, 0xa091}, //爲
{0x7233, 0xa092}, //爳
{0x7234, 0xa093}, //爴
{0x7235, 0xbef4}, //爵
{0x7236, 0xb8b8}, //父
{0x7237, 0xd2af}, //爷
{0x7238, 0xb0d6}, //爸
{0x7239, 0xb5f9}, //爹
{0x723a, 0xa094}, //爺
{0x723b, 0xd8b3}, //爻
{0x723c, 0xa095}, //爼
{0x723d, 0xcbac}, //爽
{0x723e, 0xa096}, //爾
{0x723f, 0xe3dd}, //爿
{0x7240, 0xa097}, //牀
{0x7241, 0xa098}, //牁
{0x7242, 0xa099}, //牂
{0x7243, 0xa09a}, //牃
{0x7244, 0xa09b}, //牄
{0x7245, 0xa09c}, //牅
{0x7246, 0xa09d}, //牆
{0x7247, 0xc6ac}, //片
{0x7248, 0xb0e6}, //版
{0x7249, 0xa09e}, //牉
{0x724a, 0xa09f}, //牊
{0x724b, 0xa0a0}, //牋
{0x724c, 0xc5c6}, //牌
{0x724d, 0xebb9}, //牍
{0x724e, 0xa0a1}, //牎
{0x724f, 0xa0a2}, //牏
{0x7250, 0xa0a3}, //牐
{0x7251, 0xa0a4}, //牑
{0x7252, 0xebba}, //牒
{0x7253, 0xa0a5}, //牓
{0x7254, 0xa0a6}, //牔
{0x7255, 0xa0a7}, //牕
{0x7256, 0xebbb}, //牖
{0x7257, 0xa0a8}, //牗
{0x7258, 0xa0a9}, //牘
{0x7259, 0xd1c0}, //牙
{0x725a, 0xa0aa}, //牚
{0x725b, 0xc5a3}, //牛
{0x725c, 0xa0ab}, //牜
{0x725d, 0xeaf2}, //牝
{0x725e, 0xa0ac}, //牞
{0x725f, 0xc4b2}, //牟
{0x7260, 0xa0ad}, //牠
{0x7261, 0xc4b5}, //牡
{0x7262, 0xc0ce}, //牢
{0x7263, 0xa0ae}, //牣
{0x7264, 0xa0af}, //牤
{0x7265, 0xa0b0}, //牥
{0x7266, 0xeaf3}, //牦
{0x7267, 0xc4c1}, //牧
{0x7268, 0xa0b1}, //牨
{0x7269, 0xceef}, //物
{0x726a, 0xa0b2}, //牪
{0x726b, 0xa0b3}, //牫
{0x726c, 0xa0b4}, //牬
{0x726d, 0xa0b5}, //牭
{0x726e, 0xeaf0}, //牮
{0x726f, 0xeaf4}, //牯
{0x7270, 0xa0b6}, //牰
{0x7271, 0xa0b7}, //牱
{0x7272, 0xc9fc}, //牲
{0x7273, 0xa0b8}, //牳
{0x7274, 0xa0b9}, //牴
{0x7275, 0xc7a3}, //牵
{0x7276, 0xa0ba}, //牶
{0x7277, 0xa0bb}, //牷
{0x7278, 0xa0bc}, //牸
{0x7279, 0xccd8}, //特
{0x727a, 0xcefe}, //牺
{0x727b, 0xa0bd}, //牻
{0x727c, 0xa0be}, //牼
{0x727d, 0xa0bf}, //牽
{0x727e, 0xeaf5}, //牾
{0x727f, 0xeaf6}, //牿
{0x7280, 0xcfac}, //犀
{0x7281, 0xc0e7}, //犁
{0x7282, 0xa0c0}, //犂
{0x7283, 0xa0c1}, //犃
{0x7284, 0xeaf7}, //犄
{0x7285, 0xa0c2}, //犅
{0x7286, 0xa0c3}, //犆
{0x7287, 0xa0c4}, //犇
{0x7288, 0xa0c5}, //犈
{0x7289, 0xa0c6}, //犉
{0x728a, 0xb6bf}, //犊
{0x728b, 0xeaf8}, //犋
{0x728c, 0xa0c7}, //犌
{0x728d, 0xeaf9}, //犍
{0x728e, 0xa0c8}, //犎
{0x728f, 0xeafa}, //犏
{0x7290, 0xa0c9}, //犐
{0x7291, 0xa0ca}, //犑
{0x7292, 0xeafb}, //犒
{0x7293, 0xa0cb}, //犓
{0x7294, 0xa0cc}, //犔
{0x7295, 0xa0cd}, //犕
{0x7296, 0xa0ce}, //犖
{0x7297, 0xa0cf}, //犗
{0x7298, 0xa0d0}, //犘
{0x7299, 0xa0d1}, //犙
{0x729a, 0xa0d2}, //犚
{0x729b, 0xa0d3}, //犛
{0x729c, 0xa0d4}, //犜
{0x729d, 0xa0d5}, //犝
{0x729e, 0xa0d6}, //犞
{0x729f, 0xeaf1}, //犟
{0x72a0, 0xa0d7}, //犠
{0x72a1, 0xa0d8}, //犡
{0x72a2, 0xa0d9}, //犢
{0x72a3, 0xa0da}, //犣
{0x72a4, 0xa0db}, //犤
{0x72a5, 0xa0dc}, //犥
{0x72a6, 0xa0dd}, //犦
{0x72a7, 0xa0de}, //犧
{0x72a8, 0xa0df}, //犨
{0x72a9, 0xa0e0}, //犩
{0x72aa, 0xa0e1}, //犪
{0x72ab, 0xa0e2}, //犫
{0x72ac, 0xc8ae}, //犬
{0x72ad, 0xe1eb}, //犭
{0x72ae, 0xa0e3}, //犮
{0x72af, 0xb7b8}, //犯
{0x72b0, 0xe1ec}, //犰
{0x72b1, 0xa0e4}, //犱
{0x72b2, 0xa0e5}, //犲
{0x72b3, 0xa0e6}, //犳
{0x72b4, 0xe1ed}, //犴
{0x72b5, 0xa0e7}, //犵
{0x72b6, 0xd7b4}, //状
{0x72b7, 0xe1ee}, //犷
{0x72b8, 0xe1ef}, //犸
{0x72b9, 0xd3cc}, //犹
{0x72ba, 0xa0e8}, //犺
{0x72bb, 0xa0e9}, //犻
{0x72bc, 0xa0ea}, //犼
{0x72bd, 0xa0eb}, //犽
{0x72be, 0xa0ec}, //犾
{0x72bf, 0xa0ed}, //犿
{0x72c0, 0xa0ee}, //狀
{0x72c1, 0xe1f1}, //狁
{0x72c2, 0xbff1}, //狂
{0x72c3, 0xe1f0}, //狃
{0x72c4, 0xb5d2}, //狄
{0x72c5, 0xa0ef}, //狅
{0x72c6, 0xa0f0}, //狆
{0x72c7, 0xa0f1}, //狇
{0x72c8, 0xb1b7}, //狈
{0x72c9, 0xa0f2}, //狉
{0x72ca, 0xa0f3}, //狊
{0x72cb, 0xa0f4}, //狋
{0x72cc, 0xa0f5}, //狌
{0x72cd, 0xe1f3}, //狍
{0x72ce, 0xe1f2}, //狎
{0x72cf, 0xa0f6}, //狏
{0x72d0, 0xbafc}, //狐
{0x72d1, 0xa0f7}, //狑
{0x72d2, 0xe1f4}, //狒
{0x72d3, 0xa0f8}, //狓
{0x72d4, 0xa0f9}, //狔
{0x72d5, 0xa0fa}, //狕
{0x72d6, 0xa0fb}, //狖
{0x72d7, 0xb9b7}, //狗
{0x72d8, 0xa0fc}, //狘
{0x72d9, 0xbed1}, //狙
{0x72da, 0xa0fd}, //狚
{0x72db, 0xa0fe}, //狛
{0x72dc, 0xaa40}, //狜
{0x72dd, 0xaa41}, //狝
{0x72de, 0xc4fc}, //狞
{0x72df, 0xaa42}, //狟
{0x72e0, 0xbadd}, //狠
{0x72e1, 0xbdc6}, //狡
{0x72e2, 0xaa43}, //狢
{0x72e3, 0xaa44}, //狣
{0x72e4, 0xaa45}, //狤
{0x72e5, 0xaa46}, //狥
{0x72e6, 0xaa47}, //狦
{0x72e7, 0xaa48}, //狧
{0x72e8, 0xe1f5}, //狨
{0x72e9, 0xe1f7}, //狩
{0x72ea, 0xaa49}, //狪
{0x72eb, 0xaa4a}, //狫
{0x72ec, 0xb6c0}, //独
{0x72ed, 0xcfc1}, //狭
{0x72ee, 0xcaa8}, //狮
{0x72ef, 0xe1f6}, //狯
{0x72f0, 0xd5f8}, //狰
{0x72f1, 0xd3fc}, //狱
{0x72f2, 0xe1f8}, //狲
{0x72f3, 0xe1fc}, //狳
{0x72f4, 0xe1f9}, //狴
{0x72f5, 0xaa4b}, //狵
{0x72f6, 0xaa4c}, //狶
{0x72f7, 0xe1fa}, //狷
{0x72f8, 0xc0ea}, //狸
{0x72f9, 0xaa4d}, //狹
{0x72fa, 0xe1fe}, //狺
{0x72fb, 0xe2a1}, //狻
{0x72fc, 0xc0c7}, //狼
{0x72fd, 0xaa4e}, //狽
{0x72fe, 0xaa4f}, //狾
{0x72ff, 0xaa50}, //狿
{0x7300, 0xaa51}, //猀
{0x7301, 0xe1fb}, //猁
{0x7302, 0xaa52}, //猂
{0x7303, 0xe1fd}, //猃
{0x7304, 0xaa53}, //猄
{0x7305, 0xaa54}, //猅
{0x7306, 0xaa55}, //猆
{0x7307, 0xaa56}, //猇
{0x7308, 0xaa57}, //猈
{0x7309, 0xaa58}, //猉
{0x730a, 0xe2a5}, //猊
{0x730b, 0xaa59}, //猋
{0x730c, 0xaa5a}, //猌
{0x730d, 0xaa5b}, //猍
{0x730e, 0xc1d4}, //猎
{0x730f, 0xaa5c}, //猏
{0x7310, 0xaa5d}, //猐
{0x7311, 0xaa5e}, //猑
{0x7312, 0xaa5f}, //猒
{0x7313, 0xe2a3}, //猓
{0x7314, 0xaa60}, //猔
{0x7315, 0xe2a8}, //猕
{0x7316, 0xb2fe}, //猖
{0x7317, 0xe2a2}, //猗
{0x7318, 0xaa61}, //猘
{0x7319, 0xaa62}, //猙
{0x731a, 0xaa63}, //猚
{0x731b, 0xc3cd}, //猛
{0x731c, 0xb2c2}, //猜
{0x731d, 0xe2a7}, //猝
{0x731e, 0xe2a6}, //猞
{0x731f, 0xaa64}, //猟
{0x7320, 0xaa65}, //猠
{0x7321, 0xe2a4}, //猡
{0x7322, 0xe2a9}, //猢
{0x7323, 0xaa66}, //猣
{0x7324, 0xaa67}, //猤
{0x7325, 0xe2ab}, //猥
{0x7326, 0xaa68}, //猦
{0x7327, 0xaa69}, //猧
{0x7328, 0xaa6a}, //猨
{0x7329, 0xd0c9}, //猩
{0x732a, 0xd6ed}, //猪
{0x732b, 0xc3a8}, //猫
{0x732c, 0xe2ac}, //猬
{0x732d, 0xaa6b}, //猭
{0x732e, 0xcfd7}, //献
{0x732f, 0xaa6c}, //猯
{0x7330, 0xaa6d}, //猰
{0x7331, 0xe2ae}, //猱
{0x7332, 0xaa6e}, //猲
{0x7333, 0xaa6f}, //猳
{0x7334, 0xbaef}, //猴
{0x7335, 0xaa70}, //猵
{0x7336, 0xaa71}, //猶
{0x7337, 0xe9e0}, //猷
{0x7338, 0xe2ad}, //猸
{0x7339, 0xe2aa}, //猹
{0x733a, 0xaa72}, //猺
{0x733b, 0xaa73}, //猻
{0x733c, 0xaa74}, //猼
{0x733d, 0xaa75}, //猽
{0x733e, 0xbbab}, //猾
{0x733f, 0xd4b3}, //猿
{0x7340, 0xaa76}, //獀
{0x7341, 0xaa77}, //獁
{0x7342, 0xaa78}, //獂
{0x7343, 0xaa79}, //獃
{0x7344, 0xaa7a}, //獄
{0x7345, 0xaa7b}, //獅
{0x7346, 0xaa7c}, //獆
{0x7347, 0xaa7d}, //獇
{0x7348, 0xaa7e}, //獈
{0x7349, 0xaa80}, //獉
{0x734a, 0xaa81}, //獊
{0x734b, 0xaa82}, //獋
{0x734c, 0xaa83}, //獌
{0x734d, 0xe2b0}, //獍
{0x734e, 0xaa84}, //獎
{0x734f, 0xaa85}, //獏
{0x7350, 0xe2af}, //獐
{0x7351, 0xaa86}, //獑
{0x7352, 0xe9e1}, //獒
{0x7353, 0xaa87}, //獓
{0x7354, 0xaa88}, //獔
{0x7355, 0xaa89}, //獕
{0x7356, 0xaa8a}, //獖
{0x7357, 0xe2b1}, //獗
{0x7358, 0xaa8b}, //獘
{0x7359, 0xaa8c}, //獙
{0x735a, 0xaa8d}, //獚
{0x735b, 0xaa8e}, //獛
{0x735c, 0xaa8f}, //獜
{0x735d, 0xaa90}, //獝
{0x735e, 0xaa91}, //獞
{0x735f, 0xaa92}, //獟
{0x7360, 0xe2b2}, //獠
{0x7361, 0xaa93}, //獡
{0x7362, 0xaa94}, //獢
{0x7363, 0xaa95}, //獣
{0x7364, 0xaa96}, //獤
{0x7365, 0xaa97}, //獥
{0x7366, 0xaa98}, //獦
{0x7367, 0xaa99}, //獧
{0x7368, 0xaa9a}, //獨
{0x7369, 0xaa9b}, //獩
{0x736a, 0xaa9c}, //獪
{0x736b, 0xaa9d}, //獫
{0x736c, 0xe2b3}, //獬
{0x736d, 0xcca1}, //獭
{0x736e, 0xaa9e}, //獮
{0x736f, 0xe2b4}, //獯
{0x7370, 0xaa9f}, //獰
{0x7371, 0xaaa0}, //獱
{0x7372, 0xab40}, //獲
{0x7373, 0xab41}, //獳
{0x7374, 0xab42}, //獴
{0x7375, 0xab43}, //獵
{0x7376, 0xab44}, //獶
{0x7377, 0xab45}, //獷
{0x7378, 0xab46}, //獸
{0x7379, 0xab47}, //獹
{0x737a, 0xab48}, //獺
{0x737b, 0xab49}, //獻
{0x737c, 0xab4a}, //獼
{0x737d, 0xab4b}, //獽
{0x737e, 0xe2b5}, //獾
{0x737f, 0xab4c}, //獿
{0x7380, 0xab4d}, //玀
{0x7381, 0xab4e}, //玁
{0x7382, 0xab4f}, //玂
{0x7383, 0xab50}, //玃
{0x7384, 0xd0fe}, //玄
{0x7385, 0xab51}, //玅
{0x7386, 0xab52}, //玆
{0x7387, 0xc2ca}, //率
{0x7388, 0xab53}, //玈
{0x7389, 0xd3f1}, //玉
{0x738a, 0xab54}, //玊
{0x738b, 0xcdf5}, //王
{0x738c, 0xab55}, //玌
{0x738d, 0xab56}, //玍
{0x738e, 0xe7e0}, //玎
{0x738f, 0xab57}, //玏
{0x7390, 0xab58}, //玐
{0x7391, 0xe7e1}, //玑
{0x7392, 0xab59}, //玒
{0x7393, 0xab5a}, //玓
{0x7394, 0xab5b}, //玔
{0x7395, 0xab5c}, //玕
{0x7396, 0xbec1}, //玖
{0x7397, 0xab5d}, //玗
{0x7398, 0xab5e}, //玘
{0x7399, 0xab5f}, //玙
{0x739a, 0xab60}, //玚
{0x739b, 0xc2ea}, //玛
{0x739c, 0xab61}, //玜
{0x739d, 0xab62}, //玝
{0x739e, 0xab63}, //玞
{0x739f, 0xe7e4}, //玟
{0x73a0, 0xab64}, //玠
{0x73a1, 0xab65}, //玡
{0x73a2, 0xe7e3}, //玢
{0x73a3, 0xab66}, //玣
{0x73a4, 0xab67}, //玤
{0x73a5, 0xab68}, //玥
{0x73a6, 0xab69}, //玦
{0x73a7, 0xab6a}, //玧
{0x73a8, 0xab6b}, //玨
{0x73a9, 0xcde6}, //玩
{0x73aa, 0xab6c}, //玪
{0x73ab, 0xc3b5}, //玫
{0x73ac, 0xab6d}, //玬
{0x73ad, 0xab6e}, //玭
{0x73ae, 0xe7e2}, //玮
{0x73af, 0xbbb7}, //环
{0x73b0, 0xcfd6}, //现
{0x73b1, 0xab6f}, //玱
{0x73b2, 0xc1e1}, //玲
{0x73b3, 0xe7e9}, //玳
{0x73b4, 0xab70}, //玴
{0x73b5, 0xab71}, //玵
{0x73b6, 0xab72}, //玶
{0x73b7, 0xe7e8}, //玷
{0x73b8, 0xab73}, //玸
{0x73b9, 0xab74}, //玹
{0x73ba, 0xe7f4}, //玺
{0x73bb, 0xb2a3}, //玻
{0x73bc, 0xab75}, //玼
{0x73bd, 0xab76}, //玽
{0x73be, 0xab77}, //玾
{0x73bf, 0xab78}, //玿
{0x73c0, 0xe7ea}, //珀
{0x73c1, 0xab79}, //珁
{0x73c2, 0xe7e6}, //珂
{0x73c3, 0xab7a}, //珃
{0x73c4, 0xab7b}, //珄
{0x73c5, 0xab7c}, //珅
{0x73c6, 0xab7d}, //珆
{0x73c7, 0xab7e}, //珇
{0x73c8, 0xe7ec}, //珈
{0x73c9, 0xe7eb}, //珉
{0x73ca, 0xc9ba}, //珊
{0x73cb, 0xab80}, //珋
{0x73cc, 0xab81}, //珌
{0x73cd, 0xd5e4}, //珍
{0x73ce, 0xab82}, //珎
{0x73cf, 0xe7e5}, //珏
{0x73d0, 0xb7a9}, //珐
{0x73d1, 0xe7e7}, //珑
{0x73d2, 0xab83}, //珒
{0x73d3, 0xab84}, //珓
{0x73d4, 0xab85}, //珔
{0x73d5, 0xab86}, //珕
{0x73d6, 0xab87}, //珖
{0x73d7, 0xab88}, //珗
{0x73d8, 0xab89}, //珘
{0x73d9, 0xe7ee}, //珙
{0x73da, 0xab8a}, //珚
{0x73db, 0xab8b}, //珛
{0x73dc, 0xab8c}, //珜
{0x73dd, 0xab8d}, //珝
{0x73de, 0xe7f3}, //珞
{0x73df, 0xab8e}, //珟
{0x73e0, 0xd6e9}, //珠
{0x73e1, 0xab8f}, //珡
{0x73e2, 0xab90}, //珢
{0x73e3, 0xab91}, //珣
{0x73e4, 0xab92}, //珤
{0x73e5, 0xe7ed}, //珥
{0x73e6, 0xab93}, //珦
{0x73e7, 0xe7f2}, //珧
{0x73e8, 0xab94}, //珨
{0x73e9, 0xe7f1}, //珩
{0x73ea, 0xab95}, //珪
{0x73eb, 0xab96}, //珫
{0x73ec, 0xab97}, //珬
{0x73ed, 0xb0e0}, //班
{0x73ee, 0xab98}, //珮
{0x73ef, 0xab99}, //珯
{0x73f0, 0xab9a}, //珰
{0x73f1, 0xab9b}, //珱
{0x73f2, 0xe7f5}, //珲
{0x73f3, 0xab9c}, //珳
{0x73f4, 0xab9d}, //珴
{0x73f5, 0xab9e}, //珵
{0x73f6, 0xab9f}, //珶
{0x73f7, 0xaba0}, //珷
{0x73f8, 0xac40}, //珸
{0x73f9, 0xac41}, //珹
{0x73fa, 0xac42}, //珺
{0x73fb, 0xac43}, //珻
{0x73fc, 0xac44}, //珼
{0x73fd, 0xac45}, //珽
{0x73fe, 0xac46}, //現
{0x73ff, 0xac47}, //珿
{0x7400, 0xac48}, //琀
{0x7401, 0xac49}, //琁
{0x7402, 0xac4a}, //琂
{0x7403, 0xc7f2}, //球
{0x7404, 0xac4b}, //琄
{0x7405, 0xc0c5}, //琅
{0x7406, 0xc0ed}, //理
{0x7407, 0xac4c}, //琇
{0x7408, 0xac4d}, //琈
{0x7409, 0xc1f0}, //琉
{0x740a, 0xe7f0}, //琊
{0x740b, 0xac4e}, //琋
{0x740c, 0xac4f}, //琌
{0x740d, 0xac50}, //琍
{0x740e, 0xac51}, //琎
{0x740f, 0xe7f6}, //琏
{0x7410, 0xcbf6}, //琐
{0x7411, 0xac52}, //琑
{0x7412, 0xac53}, //琒
{0x7413, 0xac54}, //琓
{0x7414, 0xac55}, //琔
{0x7415, 0xac56}, //琕
{0x7416, 0xac57}, //琖
{0x7417, 0xac58}, //琗
{0x7418, 0xac59}, //琘
{0x7419, 0xac5a}, //琙
{0x741a, 0xe8a2}, //琚
{0x741b, 0xe8a1}, //琛
{0x741c, 0xac5b}, //琜
{0x741d, 0xac5c}, //琝
{0x741e, 0xac5d}, //琞
{0x741f, 0xac5e}, //琟
{0x7420, 0xac5f}, //琠
{0x7421, 0xac60}, //琡
{0x7422, 0xd7c1}, //琢
{0x7423, 0xac61}, //琣
{0x7424, 0xac62}, //琤
{0x7425, 0xe7fa}, //琥
{0x7426, 0xe7f9}, //琦
{0x7427, 0xac63}, //琧
{0x7428, 0xe7fb}, //琨
{0x7429, 0xac64}, //琩
{0x742a, 0xe7f7}, //琪
{0x742b, 0xac65}, //琫
{0x742c, 0xe7fe}, //琬
{0x742d, 0xac66}, //琭
{0x742e, 0xe7fd}, //琮
{0x742f, 0xac67}, //琯
{0x7430, 0xe7fc}, //琰
{0x7431, 0xac68}, //琱
{0x7432, 0xac69}, //琲
{0x7433, 0xc1d5}, //琳
{0x7434, 0xc7d9}, //琴
{0x7435, 0xc5fd}, //琵
{0x7436, 0xc5c3}, //琶
{0x7437, 0xac6a}, //琷
{0x7438, 0xac6b}, //琸
{0x7439, 0xac6c}, //琹
{0x743a, 0xac6d}, //琺
{0x743b, 0xac6e}, //琻
{0x743c, 0xc7ed}, //琼
{0x743d, 0xac6f}, //琽
{0x743e, 0xac70}, //琾
{0x743f, 0xac71}, //琿
{0x7440, 0xac72}, //瑀
{0x7441, 0xe8a3}, //瑁
{0x7442, 0xac73}, //瑂
{0x7443, 0xac74}, //瑃
{0x7444, 0xac75}, //瑄
{0x7445, 0xac76}, //瑅
{0x7446, 0xac77}, //瑆
{0x7447, 0xac78}, //瑇
{0x7448, 0xac79}, //瑈
{0x7449, 0xac7a}, //瑉
{0x744a, 0xac7b}, //瑊
{0x744b, 0xac7c}, //瑋
{0x744c, 0xac7d}, //瑌
{0x744d, 0xac7e}, //瑍
{0x744e, 0xac80}, //瑎
{0x744f, 0xac81}, //瑏
{0x7450, 0xac82}, //瑐
{0x7451, 0xac83}, //瑑
{0x7452, 0xac84}, //瑒
{0x7453, 0xac85}, //瑓
{0x7454, 0xac86}, //瑔
{0x7455, 0xe8a6}, //瑕
{0x7456, 0xac87}, //瑖
{0x7457, 0xe8a5}, //瑗
{0x7458, 0xac88}, //瑘
{0x7459, 0xe8a7}, //瑙
{0x745a, 0xbaf7}, //瑚
{0x745b, 0xe7f8}, //瑛
{0x745c, 0xe8a4}, //瑜
{0x745d, 0xac89}, //瑝
{0x745e, 0xc8f0}, //瑞
{0x745f, 0xc9aa}, //瑟
{0x7460, 0xac8a}, //瑠
{0x7461, 0xac8b}, //瑡
{0x7462, 0xac8c}, //瑢
{0x7463, 0xac8d}, //瑣
{0x7464, 0xac8e}, //瑤
{0x7465, 0xac8f}, //瑥
{0x7466, 0xac90}, //瑦
{0x7467, 0xac91}, //瑧
{0x7468, 0xac92}, //瑨
{0x7469, 0xac93}, //瑩
{0x746a, 0xac94}, //瑪
{0x746b, 0xac95}, //瑫
{0x746c, 0xac96}, //瑬
{0x746d, 0xe8a9}, //瑭
{0x746e, 0xac97}, //瑮
{0x746f, 0xac98}, //瑯
{0x7470, 0xb9e5}, //瑰
{0x7471, 0xac99}, //瑱
{0x7472, 0xac9a}, //瑲
{0x7473, 0xac9b}, //瑳
{0x7474, 0xac9c}, //瑴
{0x7475, 0xac9d}, //瑵
{0x7476, 0xd1fe}, //瑶
{0x7477, 0xe8a8}, //瑷
{0x7478, 0xac9e}, //瑸
{0x7479, 0xac9f}, //瑹
{0x747a, 0xaca0}, //瑺
{0x747b, 0xad40}, //瑻
{0x747c, 0xad41}, //瑼
{0x747d, 0xad42}, //瑽
{0x747e, 0xe8aa}, //瑾
{0x747f, 0xad43}, //瑿
{0x7480, 0xe8ad}, //璀
{0x7481, 0xe8ae}, //璁
{0x7482, 0xad44}, //璂
{0x7483, 0xc1a7}, //璃
{0x7484, 0xad45}, //璄
{0x7485, 0xad46}, //璅
{0x7486, 0xad47}, //璆
{0x7487, 0xe8af}, //璇
{0x7488, 0xad48}, //璈
{0x7489, 0xad49}, //璉
{0x748a, 0xad4a}, //璊
{0x748b, 0xe8b0}, //璋
{0x748c, 0xad4b}, //璌
{0x748d, 0xad4c}, //璍
{0x748e, 0xe8ac}, //璎
{0x748f, 0xad4d}, //璏
{0x7490, 0xe8b4}, //璐
{0x7491, 0xad4e}, //璑
{0x7492, 0xad4f}, //璒
{0x7493, 0xad50}, //璓
{0x7494, 0xad51}, //璔
{0x7495, 0xad52}, //璕
{0x7496, 0xad53}, //璖
{0x7497, 0xad54}, //璗
{0x7498, 0xad55}, //璘
{0x7499, 0xad56}, //璙
{0x749a, 0xad57}, //璚
{0x749b, 0xad58}, //璛
{0x749c, 0xe8ab}, //璜
{0x749d, 0xad59}, //璝
{0x749e, 0xe8b1}, //璞
{0x749f, 0xad5a}, //璟
{0x74a0, 0xad5b}, //璠
{0x74a1, 0xad5c}, //璡
{0x74a2, 0xad5d}, //璢
{0x74a3, 0xad5e}, //璣
{0x74a4, 0xad5f}, //璤
{0x74a5, 0xad60}, //璥
{0x74a6, 0xad61}, //璦
{0x74a7, 0xe8b5}, //璧
{0x74a8, 0xe8b2}, //璨
{0x74a9, 0xe8b3}, //璩
{0x74aa, 0xad62}, //璪
{0x74ab, 0xad63}, //璫
{0x74ac, 0xad64}, //璬
{0x74ad, 0xad65}, //璭
{0x74ae, 0xad66}, //璮
{0x74af, 0xad67}, //璯
{0x74b0, 0xad68}, //環
{0x74b1, 0xad69}, //璱
{0x74b2, 0xad6a}, //璲
{0x74b3, 0xad6b}, //璳
{0x74b4, 0xad6c}, //璴
{0x74b5, 0xad6d}, //璵
{0x74b6, 0xad6e}, //璶
{0x74b7, 0xad6f}, //璷
{0x74b8, 0xad70}, //璸
{0x74b9, 0xad71}, //璹
{0x74ba, 0xe8b7}, //璺
{0x74bb, 0xad72}, //璻
{0x74bc, 0xad73}, //璼
{0x74bd, 0xad74}, //璽
{0x74be, 0xad75}, //璾
{0x74bf, 0xad76}, //璿
{0x74c0, 0xad77}, //瓀
{0x74c1, 0xad78}, //瓁
{0x74c2, 0xad79}, //瓂
{0x74c3, 0xad7a}, //瓃
{0x74c4, 0xad7b}, //瓄
{0x74c5, 0xad7c}, //瓅
{0x74c6, 0xad7d}, //瓆
{0x74c7, 0xad7e}, //瓇
{0x74c8, 0xad80}, //瓈
{0x74c9, 0xad81}, //瓉
{0x74ca, 0xad82}, //瓊
{0x74cb, 0xad83}, //瓋
{0x74cc, 0xad84}, //瓌
{0x74cd, 0xad85}, //瓍
{0x74ce, 0xad86}, //瓎
{0x74cf, 0xad87}, //瓏
{0x74d0, 0xad88}, //瓐
{0x74d1, 0xad89}, //瓑
{0x74d2, 0xe8b6}, //瓒
{0x74d3, 0xad8a}, //瓓
{0x74d4, 0xad8b}, //瓔
{0x74d5, 0xad8c}, //瓕
{0x74d6, 0xad8d}, //瓖
{0x74d7, 0xad8e}, //瓗
{0x74d8, 0xad8f}, //瓘
{0x74d9, 0xad90}, //瓙
{0x74da, 0xad91}, //瓚
{0x74db, 0xad92}, //瓛
{0x74dc, 0xb9cf}, //瓜
{0x74dd, 0xad93}, //瓝
{0x74de, 0xf0ac}, //瓞
{0x74df, 0xad94}, //瓟
{0x74e0, 0xf0ad}, //瓠
{0x74e1, 0xad95}, //瓡
{0x74e2, 0xc6b0}, //瓢
{0x74e3, 0xb0ea}, //瓣
{0x74e4, 0xc8bf}, //瓤
{0x74e5, 0xad96}, //瓥
{0x74e6, 0xcddf}, //瓦
{0x74e7, 0xad97}, //瓧
{0x74e8, 0xad98}, //瓨
{0x74e9, 0xad99}, //瓩
{0x74ea, 0xad9a}, //瓪
{0x74eb, 0xad9b}, //瓫
{0x74ec, 0xad9c}, //瓬
{0x74ed, 0xad9d}, //瓭
{0x74ee, 0xcecd}, //瓮
{0x74ef, 0xeab1}, //瓯
{0x74f0, 0xad9e}, //瓰
{0x74f1, 0xad9f}, //瓱
{0x74f2, 0xada0}, //瓲
{0x74f3, 0xae40}, //瓳
{0x74f4, 0xeab2}, //瓴
{0x74f5, 0xae41}, //瓵
{0x74f6, 0xc6bf}, //瓶
{0x74f7, 0xb4c9}, //瓷
{0x74f8, 0xae42}, //瓸
{0x74f9, 0xae43}, //瓹
{0x74fa, 0xae44}, //瓺
{0x74fb, 0xae45}, //瓻
{0x74fc, 0xae46}, //瓼
{0x74fd, 0xae47}, //瓽
{0x74fe, 0xae48}, //瓾
{0x74ff, 0xeab3}, //瓿
{0x7500, 0xae49}, //甀
{0x7501, 0xae4a}, //甁
{0x7502, 0xae4b}, //甂
{0x7503, 0xae4c}, //甃
{0x7504, 0xd5e7}, //甄
{0x7505, 0xae4d}, //甅
{0x7506, 0xae4e}, //甆
{0x7507, 0xae4f}, //甇
{0x7508, 0xae50}, //甈
{0x7509, 0xae51}, //甉
{0x750a, 0xae52}, //甊
{0x750b, 0xae53}, //甋
{0x750c, 0xae54}, //甌
{0x750d, 0xddf9}, //甍
{0x750e, 0xae55}, //甎
{0x750f, 0xeab4}, //甏
{0x7510, 0xae56}, //甐
{0x7511, 0xeab5}, //甑
{0x7512, 0xae57}, //甒
{0x7513, 0xeab6}, //甓
{0x7514, 0xae58}, //甔
{0x7515, 0xae59}, //甕
{0x7516, 0xae5a}, //甖
{0x7517, 0xae5b}, //甗
{0x7518, 0xb8ca}, //甘
{0x7519, 0xdfb0}, //甙
{0x751a, 0xc9f5}, //甚
{0x751b, 0xae5c}, //甛
{0x751c, 0xccf0}, //甜
{0x751d, 0xae5d}, //甝
{0x751e, 0xae5e}, //甞
{0x751f, 0xc9fa}, //生
{0x7520, 0xae5f}, //甠
{0x7521, 0xae60}, //甡
{0x7522, 0xae61}, //產
{0x7523, 0xae62}, //産
{0x7524, 0xae63}, //甤
{0x7525, 0xc9fb}, //甥
{0x7526, 0xae64}, //甦
{0x7527, 0xae65}, //甧
{0x7528, 0xd3c3}, //用
{0x7529, 0xcba6}, //甩
{0x752a, 0xae66}, //甪
{0x752b, 0xb8a6}, //甫
{0x752c, 0xf0ae}, //甬
{0x752d, 0xb1c2}, //甭
{0x752e, 0xae67}, //甮
{0x752f, 0xe5b8}, //甯
{0x7530, 0xccef}, //田
{0x7531, 0xd3c9}, //由
{0x7532, 0xbcd7}, //甲
{0x7533, 0xc9ea}, //申
{0x7534, 0xae68}, //甴
{0x7535, 0xb5e7}, //电
{0x7536, 0xae69}, //甶
{0x7537, 0xc4d0}, //男
{0x7538, 0xb5e9}, //甸
{0x7539, 0xae6a}, //甹
{0x753a, 0xeeae}, //町
{0x753b, 0xbbad}, //画
{0x753c, 0xae6b}, //甼
{0x753d, 0xae6c}, //甽
{0x753e, 0xe7de}, //甾
{0x753f, 0xae6d}, //甿
{0x7540, 0xeeaf}, //畀
{0x7541, 0xae6e}, //畁
{0x7542, 0xae6f}, //畂
{0x7543, 0xae70}, //畃
{0x7544, 0xae71}, //畄
{0x7545, 0xb3a9}, //畅
{0x7546, 0xae72}, //畆
{0x7547, 0xae73}, //畇
{0x7548, 0xeeb2}, //畈
{0x7549, 0xae74}, //畉
{0x754a, 0xae75}, //畊
{0x754b, 0xeeb1}, //畋
{0x754c, 0xbde7}, //界
{0x754d, 0xae76}, //畍
{0x754e, 0xeeb0}, //畎
{0x754f, 0xceb7}, //畏
{0x7550, 0xae77}, //畐
{0x7551, 0xae78}, //畑
{0x7552, 0xae79}, //畒
{0x7553, 0xae7a}, //畓
{0x7554, 0xc5cf}, //畔
{0x7555, 0xae7b}, //畕
{0x7556, 0xae7c}, //畖
{0x7557, 0xae7d}, //畗
{0x7558, 0xae7e}, //畘
{0x7559, 0xc1f4}, //留
{0x755a, 0xdbce}, //畚
{0x755b, 0xeeb3}, //畛
{0x755c, 0xd0f3}, //畜
{0x755d, 0xae80}, //畝
{0x755e, 0xae81}, //畞
{0x755f, 0xae82}, //畟
{0x7560, 0xae83}, //畠
{0x7561, 0xae84}, //畡
{0x7562, 0xae85}, //畢
{0x7563, 0xae86}, //畣
{0x7564, 0xae87}, //畤
{0x7565, 0xc2d4}, //略
{0x7566, 0xc6e8}, //畦
{0x7567, 0xae88}, //畧
{0x7568, 0xae89}, //畨
{0x7569, 0xae8a}, //畩
{0x756a, 0xb7ac}, //番
{0x756b, 0xae8b}, //畫
{0x756c, 0xae8c}, //畬
{0x756d, 0xae8d}, //畭
{0x756e, 0xae8e}, //畮
{0x756f, 0xae8f}, //畯
{0x7570, 0xae90}, //異
{0x7571, 0xae91}, //畱
{0x7572, 0xeeb4}, //畲
{0x7573, 0xae92}, //畳
{0x7574, 0xb3eb}, //畴
{0x7575, 0xae93}, //畵
{0x7576, 0xae94}, //當
{0x7577, 0xae95}, //畷
{0x7578, 0xbbfb}, //畸
{0x7579, 0xeeb5}, //畹
{0x757a, 0xae96}, //畺
{0x757b, 0xae97}, //畻
{0x757c, 0xae98}, //畼
{0x757d, 0xae99}, //畽
{0x757e, 0xae9a}, //畾
{0x757f, 0xe7dc}, //畿
{0x7580, 0xae9b}, //疀
{0x7581, 0xae9c}, //疁
{0x7582, 0xae9d}, //疂
{0x7583, 0xeeb6}, //疃
{0x7584, 0xae9e}, //疄
{0x7585, 0xae9f}, //疅
{0x7586, 0xbdae}, //疆
{0x7587, 0xaea0}, //疇
{0x7588, 0xaf40}, //疈
{0x7589, 0xaf41}, //疉
{0x758a, 0xaf42}, //疊
{0x758b, 0xf1e2}, //疋
{0x758c, 0xaf43}, //疌
{0x758d, 0xaf44}, //疍
{0x758e, 0xaf45}, //疎
{0x758f, 0xcae8}, //疏
{0x7590, 0xaf46}, //疐
{0x7591, 0xd2c9}, //疑
{0x7592, 0xf0da}, //疒
{0x7593, 0xaf47}, //疓
{0x7594, 0xf0db}, //疔
{0x7595, 0xaf48}, //疕
{0x7596, 0xf0dc}, //疖
{0x7597, 0xc1c6}, //疗
{0x7598, 0xaf49}, //疘
{0x7599, 0xb8ed}, //疙
{0x759a, 0xbece}, //疚
{0x759b, 0xaf4a}, //疛
{0x759c, 0xaf4b}, //疜
{0x759d, 0xf0de}, //疝
{0x759e, 0xaf4c}, //疞
{0x759f, 0xc5b1}, //疟
{0x75a0, 0xf0dd}, //疠
{0x75a1, 0xd1f1}, //疡
{0x75a2, 0xaf4d}, //疢
{0x75a3, 0xf0e0}, //疣
{0x75a4, 0xb0cc}, //疤
{0x75a5, 0xbdea}, //疥
{0x75a6, 0xaf4e}, //疦
{0x75a7, 0xaf4f}, //疧
{0x75a8, 0xaf50}, //疨
{0x75a9, 0xaf51}, //疩
{0x75aa, 0xaf52}, //疪
{0x75ab, 0xd2df}, //疫
{0x75ac, 0xf0df}, //疬
{0x75ad, 0xaf53}, //疭
{0x75ae, 0xb4af}, //疮
{0x75af, 0xb7e8}, //疯
{0x75b0, 0xf0e6}, //疰
{0x75b1, 0xf0e5}, //疱
{0x75b2, 0xc6a3}, //疲
{0x75b3, 0xf0e1}, //疳
{0x75b4, 0xf0e2}, //疴
{0x75b5, 0xb4c3}, //疵
{0x75b6, 0xaf54}, //疶
{0x75b7, 0xaf55}, //疷
{0x75b8, 0xf0e3}, //疸
{0x75b9, 0xd5ee}, //疹
{0x75ba, 0xaf56}, //疺
{0x75bb, 0xaf57}, //疻
{0x75bc, 0xccdb}, //疼
{0x75bd, 0xbed2}, //疽
{0x75be, 0xbcb2}, //疾
{0x75bf, 0xaf58}, //疿
{0x75c0, 0xaf59}, //痀
{0x75c1, 0xaf5a}, //痁
{0x75c2, 0xf0e8}, //痂
{0x75c3, 0xf0e7}, //痃
{0x75c4, 0xf0e4}, //痄
{0x75c5, 0xb2a1}, //病
{0x75c6, 0xaf5b}, //痆
{0x75c7, 0xd6a2}, //症
{0x75c8, 0xd3b8}, //痈
{0x75c9, 0xbeb7}, //痉
{0x75ca, 0xc8ac}, //痊
{0x75cb, 0xaf5c}, //痋
{0x75cc, 0xaf5d}, //痌
{0x75cd, 0xf0ea}, //痍
{0x75ce, 0xaf5e}, //痎
{0x75cf, 0xaf5f}, //痏
{0x75d0, 0xaf60}, //痐
{0x75d1, 0xaf61}, //痑
{0x75d2, 0xd1f7}, //痒
{0x75d3, 0xaf62}, //痓
{0x75d4, 0xd6cc}, //痔
{0x75d5, 0xbadb}, //痕
{0x75d6, 0xf0e9}, //痖
{0x75d7, 0xaf63}, //痗
{0x75d8, 0xb6bb}, //痘
{0x75d9, 0xaf64}, //痙
{0x75da, 0xaf65}, //痚
{0x75db, 0xcdb4}, //痛
{0x75dc, 0xaf66}, //痜
{0x75dd, 0xaf67}, //痝
{0x75de, 0xc6a6}, //痞
{0x75df, 0xaf68}, //痟
{0x75e0, 0xaf69}, //痠
{0x75e1, 0xaf6a}, //痡
{0x75e2, 0xc1a1}, //痢
{0x75e3, 0xf0eb}, //痣
{0x75e4, 0xf0ee}, //痤
{0x75e5, 0xaf6b}, //痥
{0x75e6, 0xf0ed}, //痦
{0x75e7, 0xf0f0}, //痧
{0x75e8, 0xf0ec}, //痨
{0x75e9, 0xaf6c}, //痩
{0x75ea, 0xbbbe}, //痪
{0x75eb, 0xf0ef}, //痫
{0x75ec, 0xaf6d}, //痬
{0x75ed, 0xaf6e}, //痭
{0x75ee, 0xaf6f}, //痮
{0x75ef, 0xaf70}, //痯
{0x75f0, 0xccb5}, //痰
{0x75f1, 0xf0f2}, //痱
{0x75f2, 0xaf71}, //痲
{0x75f3, 0xaf72}, //痳
{0x75f4, 0xb3d5}, //痴
{0x75f5, 0xaf73}, //痵
{0x75f6, 0xaf74}, //痶
{0x75f7, 0xaf75}, //痷
{0x75f8, 0xaf76}, //痸
{0x75f9, 0xb1d4}, //痹
{0x75fa, 0xaf77}, //痺
{0x75fb, 0xaf78}, //痻
{0x75fc, 0xf0f3}, //痼
{0x75fd, 0xaf79}, //痽
{0x75fe, 0xaf7a}, //痾
{0x75ff, 0xf0f4}, //痿
{0x7600, 0xf0f6}, //瘀
{0x7601, 0xb4e1}, //瘁
{0x7602, 0xaf7b}, //瘂
{0x7603, 0xf0f1}, //瘃
{0x7604, 0xaf7c}, //瘄
{0x7605, 0xf0f7}, //瘅
{0x7606, 0xaf7d}, //瘆
{0x7607, 0xaf7e}, //瘇
{0x7608, 0xaf80}, //瘈
{0x7609, 0xaf81}, //瘉
{0x760a, 0xf0fa}, //瘊
{0x760b, 0xaf82}, //瘋
{0x760c, 0xf0f8}, //瘌
{0x760d, 0xaf83}, //瘍
{0x760e, 0xaf84}, //瘎
{0x760f, 0xaf85}, //瘏
{0x7610, 0xf0f5}, //瘐
{0x7611, 0xaf86}, //瘑
{0x7612, 0xaf87}, //瘒
{0x7613, 0xaf88}, //瘓
{0x7614, 0xaf89}, //瘔
{0x7615, 0xf0fd}, //瘕
{0x7616, 0xaf8a}, //瘖
{0x7617, 0xf0f9}, //瘗
{0x7618, 0xf0fc}, //瘘
{0x7619, 0xf0fe}, //瘙
{0x761a, 0xaf8b}, //瘚
{0x761b, 0xf1a1}, //瘛
{0x761c, 0xaf8c}, //瘜
{0x761d, 0xaf8d}, //瘝
{0x761e, 0xaf8e}, //瘞
{0x761f, 0xcec1}, //瘟
{0x7620, 0xf1a4}, //瘠
{0x7621, 0xaf8f}, //瘡
{0x7622, 0xf1a3}, //瘢
{0x7623, 0xaf90}, //瘣
{0x7624, 0xc1f6}, //瘤
{0x7625, 0xf0fb}, //瘥
{0x7626, 0xcadd}, //瘦
{0x7627, 0xaf91}, //瘧
{0x7628, 0xaf92}, //瘨
{0x7629, 0xb4f1}, //瘩
{0x762a, 0xb1f1}, //瘪
{0x762b, 0xccb1}, //瘫
{0x762c, 0xaf93}, //瘬
{0x762d, 0xf1a6}, //瘭
{0x762e, 0xaf94}, //瘮
{0x762f, 0xaf95}, //瘯
{0x7630, 0xf1a7}, //瘰
{0x7631, 0xaf96}, //瘱
{0x7632, 0xaf97}, //瘲
{0x7633, 0xf1ac}, //瘳
{0x7634, 0xd5ce}, //瘴
{0x7635, 0xf1a9}, //瘵
{0x7636, 0xaf98}, //瘶
{0x7637, 0xaf99}, //瘷
{0x7638, 0xc8b3}, //瘸
{0x7639, 0xaf9a}, //瘹
{0x763a, 0xaf9b}, //瘺
{0x763b, 0xaf9c}, //瘻
{0x763c, 0xf1a2}, //瘼
{0x763d, 0xaf9d}, //瘽
{0x763e, 0xf1ab}, //瘾
{0x763f, 0xf1a8}, //瘿
{0x7640, 0xf1a5}, //癀
{0x7641, 0xaf9e}, //癁
{0x7642, 0xaf9f}, //療
{0x7643, 0xf1aa}, //癃
{0x7644, 0xafa0}, //癄
{0x7645, 0xb040}, //癅
{0x7646, 0xb041}, //癆
{0x7647, 0xb042}, //癇
{0x7648, 0xb043}, //癈
{0x7649, 0xb044}, //癉
{0x764a, 0xb045}, //癊
{0x764b, 0xb046}, //癋
{0x764c, 0xb0a9}, //癌
{0x764d, 0xf1ad}, //癍
{0x764e, 0xb047}, //癎
{0x764f, 0xb048}, //癏
{0x7650, 0xb049}, //癐
{0x7651, 0xb04a}, //癑
{0x7652, 0xb04b}, //癒
{0x7653, 0xb04c}, //癓
{0x7654, 0xf1af}, //癔
{0x7655, 0xb04d}, //癕
{0x7656, 0xf1b1}, //癖
{0x7657, 0xb04e}, //癗
{0x7658, 0xb04f}, //癘
{0x7659, 0xb050}, //癙
{0x765a, 0xb051}, //癚
{0x765b, 0xb052}, //癛
{0x765c, 0xf1b0}, //癜
{0x765d, 0xb053}, //癝
{0x765e, 0xf1ae}, //癞
{0x765f, 0xb054}, //癟
{0x7660, 0xb055}, //癠
{0x7661, 0xb056}, //癡
{0x7662, 0xb057}, //癢
{0x7663, 0xd1a2}, //癣
{0x7664, 0xb058}, //癤
{0x7665, 0xb059}, //癥
{0x7666, 0xb05a}, //癦
{0x7667, 0xb05b}, //癧
{0x7668, 0xb05c}, //癨
{0x7669, 0xb05d}, //癩
{0x766a, 0xb05e}, //癪
{0x766b, 0xf1b2}, //癫
{0x766c, 0xb05f}, //癬
{0x766d, 0xb060}, //癭
{0x766e, 0xb061}, //癮
{0x766f, 0xf1b3}, //癯
{0x7670, 0xb062}, //癰
{0x7671, 0xb063}, //癱
{0x7672, 0xb064}, //癲
{0x7673, 0xb065}, //癳
{0x7674, 0xb066}, //癴
{0x7675, 0xb067}, //癵
{0x7676, 0xb068}, //癶
{0x7677, 0xb069}, //癷
{0x7678, 0xb9ef}, //癸
{0x7679, 0xb06a}, //癹
{0x767a, 0xb06b}, //発
{0x767b, 0xb5c7}, //登
{0x767c, 0xb06c}, //發
{0x767d, 0xb0d7}, //白
{0x767e, 0xb0d9}, //百
{0x767f, 0xb06d}, //癿
{0x7680, 0xb06e}, //皀
{0x7681, 0xb06f}, //皁
{0x7682, 0xd4ed}, //皂
{0x7683, 0xb070}, //皃
{0x7684, 0xb5c4}, //的
{0x7685, 0xb071}, //皅
{0x7686, 0xbdd4}, //皆
{0x7687, 0xbbca}, //皇
{0x7688, 0xf0a7}, //皈
{0x7689, 0xb072}, //皉
{0x768a, 0xb073}, //皊
{0x768b, 0xb8de}, //皋
{0x768c, 0xb074}, //皌
{0x768d, 0xb075}, //皍
{0x768e, 0xf0a8}, //皎
{0x768f, 0xb076}, //皏
{0x7690, 0xb077}, //皐
{0x7691, 0xb0a8}, //皑
{0x7692, 0xb078}, //皒
{0x7693, 0xf0a9}, //皓
{0x7694, 0xb079}, //皔
{0x7695, 0xb07a}, //皕
{0x7696, 0xcdee}, //皖
{0x7697, 0xb07b}, //皗
{0x7698, 0xb07c}, //皘
{0x7699, 0xf0aa}, //皙
{0x769a, 0xb07d}, //皚
{0x769b, 0xb07e}, //皛
{0x769c, 0xb080}, //皜
{0x769d, 0xb081}, //皝
{0x769e, 0xb082}, //皞
{0x769f, 0xb083}, //皟
{0x76a0, 0xb084}, //皠
{0x76a1, 0xb085}, //皡
{0x76a2, 0xb086}, //皢
{0x76a3, 0xb087}, //皣
{0x76a4, 0xf0ab}, //皤
{0x76a5, 0xb088}, //皥
{0x76a6, 0xb089}, //皦
{0x76a7, 0xb08a}, //皧
{0x76a8, 0xb08b}, //皨
{0x76a9, 0xb08c}, //皩
{0x76aa, 0xb08d}, //皪
{0x76ab, 0xb08e}, //皫
{0x76ac, 0xb08f}, //皬
{0x76ad, 0xb090}, //皭
{0x76ae, 0xc6a4}, //皮
{0x76af, 0xb091}, //皯
{0x76b0, 0xb092}, //皰
{0x76b1, 0xd6e5}, //皱
{0x76b2, 0xf1e4}, //皲
{0x76b3, 0xb093}, //皳
{0x76b4, 0xf1e5}, //皴
{0x76b5, 0xb094}, //皵
{0x76b6, 0xb095}, //皶
{0x76b7, 0xb096}, //皷
{0x76b8, 0xb097}, //皸
{0x76b9, 0xb098}, //皹
{0x76ba, 0xb099}, //皺
{0x76bb, 0xb09a}, //皻
{0x76bc, 0xb09b}, //皼
{0x76bd, 0xb09c}, //皽
{0x76be, 0xb09d}, //皾
{0x76bf, 0xc3f3}, //皿
{0x76c0, 0xb09e}, //盀
{0x76c1, 0xb09f}, //盁
{0x76c2, 0xd3db}, //盂
{0x76c3, 0xb0a0}, //盃
{0x76c4, 0xb140}, //盄
{0x76c5, 0xd6d1}, //盅
{0x76c6, 0xc5e8}, //盆
{0x76c7, 0xb141}, //盇
{0x76c8, 0xd3af}, //盈
{0x76c9, 0xb142}, //盉
{0x76ca, 0xd2e6}, //益
{0x76cb, 0xb143}, //盋
{0x76cc, 0xb144}, //盌
{0x76cd, 0xeec1}, //盍
{0x76ce, 0xb0bb}, //盎
{0x76cf, 0xd5b5}, //盏
{0x76d0, 0xd1ce}, //盐
{0x76d1, 0xbce0}, //监
{0x76d2, 0xbad0}, //盒
{0x76d3, 0xb145}, //盓
{0x76d4, 0xbff8}, //盔
{0x76d5, 0xb146}, //盕
{0x76d6, 0xb8c7}, //盖
{0x76d7, 0xb5c1}, //盗
{0x76d8, 0xc5cc}, //盘
{0x76d9, 0xb147}, //盙
{0x76da, 0xb148}, //盚
{0x76db, 0xcaa2}, //盛
{0x76dc, 0xb149}, //盜
{0x76dd, 0xb14a}, //盝
{0x76de, 0xb14b}, //盞
{0x76df, 0xc3cb}, //盟
{0x76e0, 0xb14c}, //盠
{0x76e1, 0xb14d}, //盡
{0x76e2, 0xb14e}, //盢
{0x76e3, 0xb14f}, //監
{0x76e4, 0xb150}, //盤
{0x76e5, 0xeec2}, //盥
{0x76e6, 0xb151}, //盦
{0x76e7, 0xb152}, //盧
{0x76e8, 0xb153}, //盨
{0x76e9, 0xb154}, //盩
{0x76ea, 0xb155}, //盪
{0x76eb, 0xb156}, //盫
{0x76ec, 0xb157}, //盬
{0x76ed, 0xb158}, //盭
{0x76ee, 0xc4bf}, //目
{0x76ef, 0xb6a2}, //盯
{0x76f0, 0xb159}, //盰
{0x76f1, 0xedec}, //盱
{0x76f2, 0xc3a4}, //盲
{0x76f3, 0xb15a}, //盳
{0x76f4, 0xd6b1}, //直
{0x76f5, 0xb15b}, //盵
{0x76f6, 0xb15c}, //盶
{0x76f7, 0xb15d}, //盷
{0x76f8, 0xcfe0}, //相
{0x76f9, 0xedef}, //盹
{0x76fa, 0xb15e}, //盺
{0x76fb, 0xb15f}, //盻
{0x76fc, 0xc5ce}, //盼
{0x76fd, 0xb160}, //盽
{0x76fe, 0xb6dc}, //盾
{0x76ff, 0xb161}, //盿
{0x7700, 0xb162}, //眀
{0x7701, 0xcaa1}, //省
{0x7702, 0xb163}, //眂
{0x7703, 0xb164}, //眃
{0x7704, 0xeded}, //眄
{0x7705, 0xb165}, //眅
{0x7706, 0xb166}, //眆
{0x7707, 0xedf0}, //眇
{0x7708, 0xedf1}, //眈
{0x7709, 0xc3bc}, //眉
{0x770a, 0xb167}, //眊
{0x770b, 0xbfb4}, //看
{0x770c, 0xb168}, //県
{0x770d, 0xedee}, //眍
{0x770e, 0xb169}, //眎
{0x770f, 0xb16a}, //眏
{0x7710, 0xb16b}, //眐
{0x7711, 0xb16c}, //眑
{0x7712, 0xb16d}, //眒
{0x7713, 0xb16e}, //眓
{0x7714, 0xb16f}, //眔
{0x7715, 0xb170}, //眕
{0x7716, 0xb171}, //眖
{0x7717, 0xb172}, //眗
{0x7718, 0xb173}, //眘
{0x7719, 0xedf4}, //眙
{0x771a, 0xedf2}, //眚
{0x771b, 0xb174}, //眛
{0x771c, 0xb175}, //眜
{0x771d, 0xb176}, //眝
{0x771e, 0xb177}, //眞
{0x771f, 0xd5e6}, //真
{0x7720, 0xc3df}, //眠
{0x7721, 0xb178}, //眡
{0x7722, 0xedf3}, //眢
{0x7723, 0xb179}, //眣
{0x7724, 0xb17a}, //眤
{0x7725, 0xb17b}, //眥
{0x7726, 0xedf6}, //眦
{0x7727, 0xb17c}, //眧
{0x7728, 0xd5a3}, //眨
{0x7729, 0xd1a3}, //眩
{0x772a, 0xb17d}, //眪
{0x772b, 0xb17e}, //眫
{0x772c, 0xb180}, //眬
{0x772d, 0xedf5}, //眭
{0x772e, 0xb181}, //眮
{0x772f, 0xc3d0}, //眯
{0x7730, 0xb182}, //眰
{0x7731, 0xb183}, //眱
{0x7732, 0xb184}, //眲
{0x7733, 0xb185}, //眳
{0x7734, 0xb186}, //眴
{0x7735, 0xedf7}, //眵
{0x7736, 0xbff4}, //眶
{0x7737, 0xbeec}, //眷
{0x7738, 0xedf8}, //眸
{0x7739, 0xb187}, //眹
{0x773a, 0xccf7}, //眺
{0x773b, 0xb188}, //眻
{0x773c, 0xd1db}, //眼
{0x773d, 0xb189}, //眽
{0x773e, 0xb18a}, //眾
{0x773f, 0xb18b}, //眿
{0x7740, 0xd7c5}, //着
{0x7741, 0xd5f6}, //睁
{0x7742, 0xb18c}, //睂
{0x7743, 0xedfc}, //睃
{0x7744, 0xb18d}, //睄
{0x7745, 0xb18e}, //睅
{0x7746, 0xb18f}, //睆
{0x7747, 0xedfb}, //睇
{0x7748, 0xb190}, //睈
{0x7749, 0xb191}, //睉
{0x774a, 0xb192}, //睊
{0x774b, 0xb193}, //睋
{0x774c, 0xb194}, //睌
{0x774d, 0xb195}, //睍
{0x774e, 0xb196}, //睎
{0x774f, 0xb197}, //睏
{0x7750, 0xedf9}, //睐
{0x7751, 0xedfa}, //睑
{0x7752, 0xb198}, //睒
{0x7753, 0xb199}, //睓
{0x7754, 0xb19a}, //睔
{0x7755, 0xb19b}, //睕
{0x7756, 0xb19c}, //睖
{0x7757, 0xb19d}, //睗
{0x7758, 0xb19e}, //睘
{0x7759, 0xb19f}, //睙
{0x775a, 0xedfd}, //睚
{0x775b, 0xbea6}, //睛
{0x775c, 0xb1a0}, //睜
{0x775d, 0xb240}, //睝
{0x775e, 0xb241}, //睞
{0x775f, 0xb242}, //睟
{0x7760, 0xb243}, //睠
{0x7761, 0xcbaf}, //睡
{0x7762, 0xeea1}, //睢
{0x7763, 0xb6bd}, //督
{0x7764, 0xb244}, //睤
{0x7765, 0xeea2}, //睥
{0x7766, 0xc4c0}, //睦
{0x7767, 0xb245}, //睧
{0x7768, 0xedfe}, //睨
{0x7769, 0xb246}, //睩
{0x776a, 0xb247}, //睪
{0x776b, 0xbdde}, //睫
{0x776c, 0xb2c7}, //睬
{0x776d, 0xb248}, //睭
{0x776e, 0xb249}, //睮
{0x776f, 0xb24a}, //睯
{0x7770, 0xb24b}, //睰
{0x7771, 0xb24c}, //睱
{0x7772, 0xb24d}, //睲
{0x7773, 0xb24e}, //睳
{0x7774, 0xb24f}, //睴
{0x7775, 0xb250}, //睵
{0x7776, 0xb251}, //睶
{0x7777, 0xb252}, //睷
{0x7778, 0xb253}, //睸
{0x7779, 0xb6c3}, //睹
{0x777a, 0xb254}, //睺
{0x777b, 0xb255}, //睻
{0x777c, 0xb256}, //睼
{0x777d, 0xeea5}, //睽
{0x777e, 0xd8ba}, //睾
{0x777f, 0xeea3}, //睿
{0x7780, 0xeea6}, //瞀
{0x7781, 0xb257}, //瞁
{0x7782, 0xb258}, //瞂
{0x7783, 0xb259}, //瞃
{0x7784, 0xc3e9}, //瞄
{0x7785, 0xb3f2}, //瞅
{0x7786, 0xb25a}, //瞆
{0x7787, 0xb25b}, //瞇
{0x7788, 0xb25c}, //瞈
{0x7789, 0xb25d}, //瞉
{0x778a, 0xb25e}, //瞊
{0x778b, 0xb25f}, //瞋
{0x778c, 0xeea7}, //瞌
{0x778d, 0xeea4}, //瞍
{0x778e, 0xcfb9}, //瞎
{0x778f, 0xb260}, //瞏
{0x7790, 0xb261}, //瞐
{0x7791, 0xeea8}, //瞑
{0x7792, 0xc2f7}, //瞒
{0x7793, 0xb262}, //瞓
{0x7794, 0xb263}, //瞔
{0x7795, 0xb264}, //瞕
{0x7796, 0xb265}, //瞖
{0x7797, 0xb266}, //瞗
{0x7798, 0xb267}, //瞘
{0x7799, 0xb268}, //瞙
{0x779a, 0xb269}, //瞚
{0x779b, 0xb26a}, //瞛
{0x779c, 0xb26b}, //瞜
{0x779d, 0xb26c}, //瞝
{0x779e, 0xb26d}, //瞞
{0x779f, 0xeea9}, //瞟
{0x77a0, 0xeeaa}, //瞠
{0x77a1, 0xb26e}, //瞡
{0x77a2, 0xdeab}, //瞢
{0x77a3, 0xb26f}, //瞣
{0x77a4, 0xb270}, //瞤
{0x77a5, 0xc6b3}, //瞥
{0x77a6, 0xb271}, //瞦
{0x77a7, 0xc7c6}, //瞧
{0x77a8, 0xb272}, //瞨
{0x77a9, 0xd6f5}, //瞩
{0x77aa, 0xb5c9}, //瞪
{0x77ab, 0xb273}, //瞫
{0x77ac, 0xcbb2}, //瞬
{0x77ad, 0xb274}, //瞭
{0x77ae, 0xb275}, //瞮
{0x77af, 0xb276}, //瞯
{0x77b0, 0xeeab}, //瞰
{0x77b1, 0xb277}, //瞱
{0x77b2, 0xb278}, //瞲
{0x77b3, 0xcdab}, //瞳
{0x77b4, 0xb279}, //瞴
{0x77b5, 0xeeac}, //瞵
{0x77b6, 0xb27a}, //瞶
{0x77b7, 0xb27b}, //瞷
{0x77b8, 0xb27c}, //瞸
{0x77b9, 0xb27d}, //瞹
{0x77ba, 0xb27e}, //瞺
{0x77bb, 0xd5b0}, //瞻
{0x77bc, 0xb280}, //瞼
{0x77bd, 0xeead}, //瞽
{0x77be, 0xb281}, //瞾
{0x77bf, 0xf6c4}, //瞿
{0x77c0, 0xb282}, //矀
{0x77c1, 0xb283}, //矁
{0x77c2, 0xb284}, //矂
{0x77c3, 0xb285}, //矃
{0x77c4, 0xb286}, //矄
{0x77c5, 0xb287}, //矅
{0x77c6, 0xb288}, //矆
{0x77c7, 0xb289}, //矇
{0x77c8, 0xb28a}, //矈
{0x77c9, 0xb28b}, //矉
{0x77ca, 0xb28c}, //矊
{0x77cb, 0xb28d}, //矋
{0x77cc, 0xb28e}, //矌
{0x77cd, 0xdbc7}, //矍
{0x77ce, 0xb28f}, //矎
{0x77cf, 0xb290}, //矏
{0x77d0, 0xb291}, //矐
{0x77d1, 0xb292}, //矑
{0x77d2, 0xb293}, //矒
{0x77d3, 0xb294}, //矓
{0x77d4, 0xb295}, //矔
{0x77d5, 0xb296}, //矕
{0x77d6, 0xb297}, //矖
{0x77d7, 0xb4a3}, //矗
{0x77d8, 0xb298}, //矘
{0x77d9, 0xb299}, //矙
{0x77da, 0xb29a}, //矚
{0x77db, 0xc3ac}, //矛
{0x77dc, 0xf1e6}, //矜
{0x77dd, 0xb29b}, //矝
{0x77de, 0xb29c}, //矞
{0x77df, 0xb29d}, //矟
{0x77e0, 0xb29e}, //矠
{0x77e1, 0xb29f}, //矡
{0x77e2, 0xcab8}, //矢
{0x77e3, 0xd2d3}, //矣
{0x77e4, 0xb2a0}, //矤
{0x77e5, 0xd6aa}, //知
{0x77e6, 0xb340}, //矦
{0x77e7, 0xeff2}, //矧
{0x77e8, 0xb341}, //矨
{0x77e9, 0xbed8}, //矩
{0x77ea, 0xb342}, //矪
{0x77eb, 0xbdc3}, //矫
{0x77ec, 0xeff3}, //矬
{0x77ed, 0xb6cc}, //短
{0x77ee, 0xb0ab}, //矮
{0x77ef, 0xb343}, //矯
{0x77f0, 0xb344}, //矰
{0x77f1, 0xb345}, //矱
{0x77f2, 0xb346}, //矲
{0x77f3, 0xcaaf}, //石
{0x77f4, 0xb347}, //矴
{0x77f5, 0xb348}, //矵
{0x77f6, 0xedb6}, //矶
{0x77f7, 0xb349}, //矷
{0x77f8, 0xedb7}, //矸
{0x77f9, 0xb34a}, //矹
{0x77fa, 0xb34b}, //矺
{0x77fb, 0xb34c}, //矻
{0x77fc, 0xb34d}, //矼
{0x77fd, 0xcef9}, //矽
{0x77fe, 0xb7af}, //矾
{0x77ff, 0xbff3}, //矿
{0x7800, 0xedb8}, //砀
{0x7801, 0xc2eb}, //码
{0x7802, 0xc9b0}, //砂
{0x7803, 0xb34e}, //砃
{0x7804, 0xb34f}, //砄
{0x7805, 0xb350}, //砅
{0x7806, 0xb351}, //砆
{0x7807, 0xb352}, //砇
{0x7808, 0xb353}, //砈
{0x7809, 0xedb9}, //砉
{0x780a, 0xb354}, //砊
{0x780b, 0xb355}, //砋
{0x780c, 0xc6f6}, //砌
{0x780d, 0xbfb3}, //砍
{0x780e, 0xb356}, //砎
{0x780f, 0xb357}, //砏
{0x7810, 0xb358}, //砐
{0x7811, 0xedbc}, //砑
{0x7812, 0xc5f8}, //砒
{0x7813, 0xb359}, //砓
{0x7814, 0xd1d0}, //研
{0x7815, 0xb35a}, //砕
{0x7816, 0xd7a9}, //砖
{0x7817, 0xedba}, //砗
{0x7818, 0xedbb}, //砘
{0x7819, 0xb35b}, //砙
{0x781a, 0xd1e2}, //砚
{0x781b, 0xb35c}, //砛
{0x781c, 0xedbf}, //砜
{0x781d, 0xedc0}, //砝
{0x781e, 0xb35d}, //砞
{0x781f, 0xedc4}, //砟
{0x7820, 0xb35e}, //砠
{0x7821, 0xb35f}, //砡
{0x7822, 0xb360}, //砢
{0x7823, 0xedc8}, //砣
{0x7824, 0xb361}, //砤
{0x7825, 0xedc6}, //砥
{0x7826, 0xedce}, //砦
{0x7827, 0xd5e8}, //砧
{0x7828, 0xb362}, //砨
{0x7829, 0xedc9}, //砩
{0x782a, 0xb363}, //砪
{0x782b, 0xb364}, //砫
{0x782c, 0xedc7}, //砬
{0x782d, 0xedbe}, //砭
{0x782e, 0xb365}, //砮
{0x782f, 0xb366}, //砯
{0x7830, 0xc5e9}, //砰
{0x7831, 0xb367}, //砱
{0x7832, 0xb368}, //砲
{0x7833, 0xb369}, //砳
{0x7834, 0xc6c6}, //破
{0x7835, 0xb36a}, //砵
{0x7836, 0xb36b}, //砶
{0x7837, 0xc9e9}, //砷
{0x7838, 0xd4d2}, //砸
{0x7839, 0xedc1}, //砹
{0x783a, 0xedc2}, //砺
{0x783b, 0xedc3}, //砻
{0x783c, 0xedc5}, //砼
{0x783d, 0xb36c}, //砽
{0x783e, 0xc0f9}, //砾
{0x783f, 0xb36d}, //砿
{0x7840, 0xb4a1}, //础
{0x7841, 0xb36e}, //硁
{0x7842, 0xb36f}, //硂
{0x7843, 0xb370}, //硃
{0x7844, 0xb371}, //硄
{0x7845, 0xb9e8}, //硅
{0x7846, 0xb372}, //硆
{0x7847, 0xedd0}, //硇
{0x7848, 0xb373}, //硈
{0x7849, 0xb374}, //硉
{0x784a, 0xb375}, //硊
{0x784b, 0xb376}, //硋
{0x784c, 0xedd1}, //硌
{0x784d, 0xb377}, //硍
{0x784e, 0xedca}, //硎
{0x784f, 0xb378}, //硏
{0x7850, 0xedcf}, //硐
{0x7851, 0xb379}, //硑
{0x7852, 0xcef8}, //硒
{0x7853, 0xb37a}, //硓
{0x7854, 0xb37b}, //硔
{0x7855, 0xcbb6}, //硕
{0x7856, 0xedcc}, //硖
{0x7857, 0xedcd}, //硗
{0x7858, 0xb37c}, //硘
{0x7859, 0xb37d}, //硙
{0x785a, 0xb37e}, //硚
{0x785b, 0xb380}, //硛
{0x785c, 0xb381}, //硜
{0x785d, 0xcff5}, //硝
{0x785e, 0xb382}, //硞
{0x785f, 0xb383}, //硟
{0x7860, 0xb384}, //硠
{0x7861, 0xb385}, //硡
{0x7862, 0xb386}, //硢
{0x7863, 0xb387}, //硣
{0x7864, 0xb388}, //硤
{0x7865, 0xb389}, //硥
{0x7866, 0xb38a}, //硦
{0x7867, 0xb38b}, //硧
{0x7868, 0xb38c}, //硨
{0x7869, 0xb38d}, //硩
{0x786a, 0xedd2}, //硪
{0x786b, 0xc1f2}, //硫
{0x786c, 0xd3b2}, //硬
{0x786d, 0xedcb}, //硭
{0x786e, 0xc8b7}, //确
{0x786f, 0xb38e}, //硯
{0x7870, 0xb38f}, //硰
{0x7871, 0xb390}, //硱
{0x7872, 0xb391}, //硲
{0x7873, 0xb392}, //硳
{0x7874, 0xb393}, //硴
{0x7875, 0xb394}, //硵
{0x7876, 0xb395}, //硶
{0x7877, 0xbcef}, //硷
{0x7878, 0xb396}, //硸
{0x7879, 0xb397}, //硹
{0x787a, 0xb398}, //硺
{0x787b, 0xb399}, //硻
{0x787c, 0xc5f0}, //硼
{0x787d, 0xb39a}, //硽
{0x787e, 0xb39b}, //硾
{0x787f, 0xb39c}, //硿
{0x7880, 0xb39d}, //碀
{0x7881, 0xb39e}, //碁
{0x7882, 0xb39f}, //碂
{0x7883, 0xb3a0}, //碃
{0x7884, 0xb440}, //碄
{0x7885, 0xb441}, //碅
{0x7886, 0xb442}, //碆
{0x7887, 0xedd6}, //碇
{0x7888, 0xb443}, //碈
{0x7889, 0xb5ef}, //碉
{0x788a, 0xb444}, //碊
{0x788b, 0xb445}, //碋
{0x788c, 0xc2b5}, //碌
{0x788d, 0xb0ad}, //碍
{0x788e, 0xcbe9}, //碎
{0x788f, 0xb446}, //碏
{0x7890, 0xb447}, //碐
{0x7891, 0xb1ae}, //碑
{0x7892, 0xb448}, //碒
{0x7893, 0xedd4}, //碓
{0x7894, 0xb449}, //碔
{0x7895, 0xb44a}, //碕
{0x7896, 0xb44b}, //碖
{0x7897, 0xcdeb}, //碗
{0x7898, 0xb5e2}, //碘
{0x7899, 0xb44c}, //碙
{0x789a, 0xedd5}, //碚
{0x789b, 0xedd3}, //碛
{0x789c, 0xedd7}, //碜
{0x789d, 0xb44d}, //碝
{0x789e, 0xb44e}, //碞
{0x789f, 0xb5fa}, //碟
{0x78a0, 0xb44f}, //碠
{0x78a1, 0xedd8}, //碡
{0x78a2, 0xb450}, //碢
{0x78a3, 0xedd9}, //碣
{0x78a4, 0xb451}, //碤
{0x78a5, 0xeddc}, //碥
{0x78a6, 0xb452}, //碦
{0x78a7, 0xb1cc}, //碧
{0x78a8, 0xb453}, //碨
{0x78a9, 0xb454}, //碩
{0x78aa, 0xb455}, //碪
{0x78ab, 0xb456}, //碫
{0x78ac, 0xb457}, //碬
{0x78ad, 0xb458}, //碭
{0x78ae, 0xb459}, //碮
{0x78af, 0xb45a}, //碯
{0x78b0, 0xc5f6}, //碰
{0x78b1, 0xbcee}, //碱
{0x78b2, 0xedda}, //碲
{0x78b3, 0xccbc}, //碳
{0x78b4, 0xb2ea}, //碴
{0x78b5, 0xb45b}, //碵
{0x78b6, 0xb45c}, //碶
{0x78b7, 0xb45d}, //碷
{0x78b8, 0xb45e}, //碸
{0x78b9, 0xeddb}, //碹
{0x78ba, 0xb45f}, //確
{0x78bb, 0xb460}, //碻
{0x78bc, 0xb461}, //碼
{0x78bd, 0xb462}, //碽
{0x78be, 0xc4eb}, //碾
{0x78bf, 0xb463}, //碿
{0x78c0, 0xb464}, //磀
{0x78c1, 0xb4c5}, //磁
{0x78c2, 0xb465}, //磂
{0x78c3, 0xb466}, //磃
{0x78c4, 0xb467}, //磄
{0x78c5, 0xb0f5}, //磅
{0x78c6, 0xb468}, //磆
{0x78c7, 0xb469}, //磇
{0x78c8, 0xb46a}, //磈
{0x78c9, 0xeddf}, //磉
{0x78ca, 0xc0da}, //磊
{0x78cb, 0xb4e8}, //磋
{0x78cc, 0xb46b}, //磌
{0x78cd, 0xb46c}, //磍
{0x78ce, 0xb46d}, //磎
{0x78cf, 0xb46e}, //磏
{0x78d0, 0xc5cd}, //磐
{0x78d1, 0xb46f}, //磑
{0x78d2, 0xb470}, //磒
{0x78d3, 0xb471}, //磓
{0x78d4, 0xeddd}, //磔
{0x78d5, 0xbfc4}, //磕
{0x78d6, 0xb472}, //磖
{0x78d7, 0xb473}, //磗
{0x78d8, 0xb474}, //磘
{0x78d9, 0xedde}, //磙
{0x78da, 0xb475}, //磚
{0x78db, 0xb476}, //磛
{0x78dc, 0xb477}, //磜
{0x78dd, 0xb478}, //磝
{0x78de, 0xb479}, //磞
{0x78df, 0xb47a}, //磟
{0x78e0, 0xb47b}, //磠
{0x78e1, 0xb47c}, //磡
{0x78e2, 0xb47d}, //磢
{0x78e3, 0xb47e}, //磣
{0x78e4, 0xb480}, //磤
{0x78e5, 0xb481}, //磥
{0x78e6, 0xb482}, //磦
{0x78e7, 0xb483}, //磧
{0x78e8, 0xc4a5}, //磨
{0x78e9, 0xb484}, //磩
{0x78ea, 0xb485}, //磪
{0x78eb, 0xb486}, //磫
{0x78ec, 0xede0}, //磬
{0x78ed, 0xb487}, //磭
{0x78ee, 0xb488}, //磮
{0x78ef, 0xb489}, //磯
{0x78f0, 0xb48a}, //磰
{0x78f1, 0xb48b}, //磱
{0x78f2, 0xede1}, //磲
{0x78f3, 0xb48c}, //磳
{0x78f4, 0xede3}, //磴
{0x78f5, 0xb48d}, //磵
{0x78f6, 0xb48e}, //磶
{0x78f7, 0xc1d7}, //磷
{0x78f8, 0xb48f}, //磸
{0x78f9, 0xb490}, //磹
{0x78fa, 0xbbc7}, //磺
{0x78fb, 0xb491}, //磻
{0x78fc, 0xb492}, //磼
{0x78fd, 0xb493}, //磽
{0x78fe, 0xb494}, //磾
{0x78ff, 0xb495}, //磿
{0x7900, 0xb496}, //礀
{0x7901, 0xbdb8}, //礁
{0x7902, 0xb497}, //礂
{0x7903, 0xb498}, //礃
{0x7904, 0xb499}, //礄
{0x7905, 0xede2}, //礅
{0x7906, 0xb49a}, //礆
{0x7907, 0xb49b}, //礇
{0x7908, 0xb49c}, //礈
{0x7909, 0xb49d}, //礉
{0x790a, 0xb49e}, //礊
{0x790b, 0xb49f}, //礋
{0x790c, 0xb4a0}, //礌
{0x790d, 0xb540}, //礍
{0x790e, 0xb541}, //礎
{0x790f, 0xb542}, //礏
{0x7910, 0xb543}, //礐
{0x7911, 0xb544}, //礑
{0x7912, 0xb545}, //礒
{0x7913, 0xede4}, //礓
{0x7914, 0xb546}, //礔
{0x7915, 0xb547}, //礕
{0x7916, 0xb548}, //礖
{0x7917, 0xb549}, //礗
{0x7918, 0xb54a}, //礘
{0x7919, 0xb54b}, //礙
{0x791a, 0xb54c}, //礚
{0x791b, 0xb54d}, //礛
{0x791c, 0xb54e}, //礜
{0x791d, 0xb54f}, //礝
{0x791e, 0xede6}, //礞
{0x791f, 0xb550}, //礟
{0x7920, 0xb551}, //礠
{0x7921, 0xb552}, //礡
{0x7922, 0xb553}, //礢
{0x7923, 0xb554}, //礣
{0x7924, 0xede5}, //礤
{0x7925, 0xb555}, //礥
{0x7926, 0xb556}, //礦
{0x7927, 0xb557}, //礧
{0x7928, 0xb558}, //礨
{0x7929, 0xb559}, //礩
{0x792a, 0xb55a}, //礪
{0x792b, 0xb55b}, //礫
{0x792c, 0xb55c}, //礬
{0x792d, 0xb55d}, //礭
{0x792e, 0xb55e}, //礮
{0x792f, 0xb55f}, //礯
{0x7930, 0xb560}, //礰
{0x7931, 0xb561}, //礱
{0x7932, 0xb562}, //礲
{0x7933, 0xb563}, //礳
{0x7934, 0xede7}, //礴
{0x7935, 0xb564}, //礵
{0x7936, 0xb565}, //礶
{0x7937, 0xb566}, //礷
{0x7938, 0xb567}, //礸
{0x7939, 0xb568}, //礹
{0x793a, 0xcabe}, //示
{0x793b, 0xecea}, //礻
{0x793c, 0xc0f1}, //礼
{0x793d, 0xb569}, //礽
{0x793e, 0xc9e7}, //社
{0x793f, 0xb56a}, //礿
{0x7940, 0xeceb}, //祀
{0x7941, 0xc6ee}, //祁
{0x7942, 0xb56b}, //祂
{0x7943, 0xb56c}, //祃
{0x7944, 0xb56d}, //祄
{0x7945, 0xb56e}, //祅
{0x7946, 0xecec}, //祆
{0x7947, 0xb56f}, //祇
{0x7948, 0xc6ed}, //祈
{0x7949, 0xeced}, //祉
{0x794a, 0xb570}, //祊
{0x794b, 0xb571}, //祋
{0x794c, 0xb572}, //祌
{0x794d, 0xb573}, //祍
{0x794e, 0xb574}, //祎
{0x794f, 0xb575}, //祏
{0x7950, 0xb576}, //祐
{0x7951, 0xb577}, //祑
{0x7952, 0xb578}, //祒
{0x7953, 0xecf0}, //祓
{0x7954, 0xb579}, //祔
{0x7955, 0xb57a}, //祕
{0x7956, 0xd7e6}, //祖
{0x7957, 0xecf3}, //祗
{0x7958, 0xb57b}, //祘
{0x7959, 0xb57c}, //祙
{0x795a, 0xecf1}, //祚
{0x795b, 0xecee}, //祛
{0x795c, 0xecef}, //祜
{0x795d, 0xd7a3}, //祝
{0x795e, 0xc9f1}, //神
{0x795f, 0xcbee}, //祟
{0x7960, 0xecf4}, //祠
{0x7961, 0xb57d}, //祡
{0x7962, 0xecf2}, //祢
{0x7963, 0xb57e}, //祣
{0x7964, 0xb580}, //祤
{0x7965, 0xcfe9}, //祥
{0x7966, 0xb581}, //祦
{0x7967, 0xecf6}, //祧
{0x7968, 0xc6b1}, //票
{0x7969, 0xb582}, //祩
{0x796a, 0xb583}, //祪
{0x796b, 0xb584}, //祫
{0x796c, 0xb585}, //祬
{0x796d, 0xbcc0}, //祭
{0x796e, 0xb586}, //祮
{0x796f, 0xecf5}, //祯
{0x7970, 0xb587}, //祰
{0x7971, 0xb588}, //祱
{0x7972, 0xb589}, //祲
{0x7973, 0xb58a}, //祳
{0x7974, 0xb58b}, //祴
{0x7975, 0xb58c}, //祵
{0x7976, 0xb58d}, //祶
{0x7977, 0xb5bb}, //祷
{0x7978, 0xbbf6}, //祸
{0x7979, 0xb58e}, //祹
{0x797a, 0xecf7}, //祺
{0x797b, 0xb58f}, //祻
{0x797c, 0xb590}, //祼
{0x797d, 0xb591}, //祽
{0x797e, 0xb592}, //祾
{0x797f, 0xb593}, //祿
{0x7980, 0xd9f7}, //禀
{0x7981, 0xbdfb}, //禁
{0x7982, 0xb594}, //禂
{0x7983, 0xb595}, //禃
{0x7984, 0xc2bb}, //禄
{0x7985, 0xecf8}, //禅
{0x7986, 0xb596}, //禆
{0x7987, 0xb597}, //禇
{0x7988, 0xb598}, //禈
{0x7989, 0xb599}, //禉
{0x798a, 0xecf9}, //禊
{0x798b, 0xb59a}, //禋
{0x798c, 0xb59b}, //禌
{0x798d, 0xb59c}, //禍
{0x798e, 0xb59d}, //禎
{0x798f, 0xb8a3}, //福
{0x7990, 0xb59e}, //禐
{0x7991, 0xb59f}, //禑
{0x7992, 0xb5a0}, //禒
{0x7993, 0xb640}, //禓
{0x7994, 0xb641}, //禔
{0x7995, 0xb642}, //禕
{0x7996, 0xb643}, //禖
{0x7997, 0xb644}, //禗
{0x7998, 0xb645}, //禘
{0x7999, 0xb646}, //禙
{0x799a, 0xecfa}, //禚
{0x799b, 0xb647}, //禛
{0x799c, 0xb648}, //禜
{0x799d, 0xb649}, //禝
{0x799e, 0xb64a}, //禞
{0x799f, 0xb64b}, //禟
{0x79a0, 0xb64c}, //禠
{0x79a1, 0xb64d}, //禡
{0x79a2, 0xb64e}, //禢
{0x79a3, 0xb64f}, //禣
{0x79a4, 0xb650}, //禤
{0x79a5, 0xb651}, //禥
{0x79a6, 0xb652}, //禦
{0x79a7, 0xecfb}, //禧
{0x79a8, 0xb653}, //禨
{0x79a9, 0xb654}, //禩
{0x79aa, 0xb655}, //禪
{0x79ab, 0xb656}, //禫
{0x79ac, 0xb657}, //禬
{0x79ad, 0xb658}, //禭
{0x79ae, 0xb659}, //禮
{0x79af, 0xb65a}, //禯
{0x79b0, 0xb65b}, //禰
{0x79b1, 0xb65c}, //禱
{0x79b2, 0xb65d}, //禲
{0x79b3, 0xecfc}, //禳
{0x79b4, 0xb65e}, //禴
{0x79b5, 0xb65f}, //禵
{0x79b6, 0xb660}, //禶
{0x79b7, 0xb661}, //禷
{0x79b8, 0xb662}, //禸
{0x79b9, 0xd3ed}, //禹
{0x79ba, 0xd8ae}, //禺
{0x79bb, 0xc0eb}, //离
{0x79bc, 0xb663}, //禼
{0x79bd, 0xc7dd}, //禽
{0x79be, 0xbacc}, //禾
{0x79bf, 0xb664}, //禿
{0x79c0, 0xd0e3}, //秀
{0x79c1, 0xcbbd}, //私
{0x79c2, 0xb665}, //秂
{0x79c3, 0xcdba}, //秃
{0x79c4, 0xb666}, //秄
{0x79c5, 0xb667}, //秅
{0x79c6, 0xb8d1}, //秆
{0x79c7, 0xb668}, //秇
{0x79c8, 0xb669}, //秈
{0x79c9, 0xb1fc}, //秉
{0x79ca, 0xb66a}, //秊
{0x79cb, 0xc7ef}, //秋
{0x79cc, 0xb66b}, //秌
{0x79cd, 0xd6d6}, //种
{0x79ce, 0xb66c}, //秎
{0x79cf, 0xb66d}, //秏
{0x79d0, 0xb66e}, //秐
{0x79d1, 0xbfc6}, //科
{0x79d2, 0xc3eb}, //秒
{0x79d3, 0xb66f}, //秓
{0x79d4, 0xb670}, //秔
{0x79d5, 0xeff5}, //秕
{0x79d6, 0xb671}, //秖
{0x79d7, 0xb672}, //秗
{0x79d8, 0xc3d8}, //秘
{0x79d9, 0xb673}, //秙
{0x79da, 0xb674}, //秚
{0x79db, 0xb675}, //秛
{0x79dc, 0xb676}, //秜
{0x79dd, 0xb677}, //秝
{0x79de, 0xb678}, //秞
{0x79df, 0xd7e2}, //租
{0x79e0, 0xb679}, //秠
{0x79e1, 0xb67a}, //秡
{0x79e2, 0xb67b}, //秢
{0x79e3, 0xeff7}, //秣
{0x79e4, 0xb3d3}, //秤
{0x79e5, 0xb67c}, //秥
{0x79e6, 0xc7d8}, //秦
{0x79e7, 0xd1ed}, //秧
{0x79e8, 0xb67d}, //秨
{0x79e9, 0xd6c8}, //秩
{0x79ea, 0xb67e}, //秪
{0x79eb, 0xeff8}, //秫
{0x79ec, 0xb680}, //秬
{0x79ed, 0xeff6}, //秭
{0x79ee, 0xb681}, //秮
{0x79ef, 0xbbfd}, //积
{0x79f0, 0xb3c6}, //称
{0x79f1, 0xb682}, //秱
{0x79f2, 0xb683}, //秲
{0x79f3, 0xb684}, //秳
{0x79f4, 0xb685}, //秴
{0x79f5, 0xb686}, //秵
{0x79f6, 0xb687}, //秶
{0x79f7, 0xb688}, //秷
{0x79f8, 0xbdd5}, //秸
{0x79f9, 0xb689}, //秹
{0x79fa, 0xb68a}, //秺
{0x79fb, 0xd2c6}, //移
{0x79fc, 0xb68b}, //秼
{0x79fd, 0xbbe0}, //秽
{0x79fe, 0xb68c}, //秾
{0x79ff, 0xb68d}, //秿
{0x7a00, 0xcfa1}, //稀
{0x7a01, 0xb68e}, //稁
{0x7a02, 0xeffc}, //稂
{0x7a03, 0xeffb}, //稃
{0x7a04, 0xb68f}, //稄
{0x7a05, 0xb690}, //稅
{0x7a06, 0xeff9}, //稆
{0x7a07, 0xb691}, //稇
{0x7a08, 0xb692}, //稈
{0x7a09, 0xb693}, //稉
{0x7a0a, 0xb694}, //稊
{0x7a0b, 0xb3cc}, //程
{0x7a0c, 0xb695}, //稌
{0x7a0d, 0xc9d4}, //稍
{0x7a0e, 0xcbb0}, //税
{0x7a0f, 0xb696}, //稏
{0x7a10, 0xb697}, //稐
{0x7a11, 0xb698}, //稑
{0x7a12, 0xb699}, //稒
{0x7a13, 0xb69a}, //稓
{0x7a14, 0xeffe}, //稔
{0x7a15, 0xb69b}, //稕
{0x7a16, 0xb69c}, //稖
{0x7a17, 0xb0de}, //稗
{0x7a18, 0xb69d}, //稘
{0x7a19, 0xb69e}, //稙
{0x7a1a, 0xd6c9}, //稚
{0x7a1b, 0xb69f}, //稛
{0x7a1c, 0xb6a0}, //稜
{0x7a1d, 0xb740}, //稝
{0x7a1e, 0xeffd}, //稞
{0x7a1f, 0xb741}, //稟
{0x7a20, 0xb3ed}, //稠
{0x7a21, 0xb742}, //稡
{0x7a22, 0xb743}, //稢
{0x7a23, 0xf6d5}, //稣
{0x7a24, 0xb744}, //稤
{0x7a25, 0xb745}, //稥
{0x7a26, 0xb746}, //稦
{0x7a27, 0xb747}, //稧
{0x7a28, 0xb748}, //稨
{0x7a29, 0xb749}, //稩
{0x7a2a, 0xb74a}, //稪
{0x7a2b, 0xb74b}, //稫
{0x7a2c, 0xb74c}, //稬
{0x7a2d, 0xb74d}, //稭
{0x7a2e, 0xb74e}, //種
{0x7a2f, 0xb74f}, //稯
{0x7a30, 0xb750}, //稰
{0x7a31, 0xb751}, //稱
{0x7a32, 0xb752}, //稲
{0x7a33, 0xcec8}, //稳
{0x7a34, 0xb753}, //稴
{0x7a35, 0xb754}, //稵
{0x7a36, 0xb755}, //稶
{0x7a37, 0xf0a2}, //稷
{0x7a38, 0xb756}, //稸
{0x7a39, 0xf0a1}, //稹
{0x7a3a, 0xb757}, //稺
{0x7a3b, 0xb5be}, //稻
{0x7a3c, 0xbcda}, //稼
{0x7a3d, 0xbbfc}, //稽
{0x7a3e, 0xb758}, //稾
{0x7a3f, 0xb8e5}, //稿
{0x7a40, 0xb759}, //穀
{0x7a41, 0xb75a}, //穁
{0x7a42, 0xb75b}, //穂
{0x7a43, 0xb75c}, //穃
{0x7a44, 0xb75d}, //穄
{0x7a45, 0xb75e}, //穅
{0x7a46, 0xc4c2}, //穆
{0x7a47, 0xb75f}, //穇
{0x7a48, 0xb760}, //穈
{0x7a49, 0xb761}, //穉
{0x7a4a, 0xb762}, //穊
{0x7a4b, 0xb763}, //穋
{0x7a4c, 0xb764}, //穌
{0x7a4d, 0xb765}, //積
{0x7a4e, 0xb766}, //穎
{0x7a4f, 0xb767}, //穏
{0x7a50, 0xb768}, //穐
{0x7a51, 0xf0a3}, //穑
{0x7a52, 0xb769}, //穒
{0x7a53, 0xb76a}, //穓
{0x7a54, 0xb76b}, //穔
{0x7a55, 0xb76c}, //穕
{0x7a56, 0xb76d}, //穖
{0x7a57, 0xcbeb}, //穗
{0x7a58, 0xb76e}, //穘
{0x7a59, 0xb76f}, //穙
{0x7a5a, 0xb770}, //穚
{0x7a5b, 0xb771}, //穛
{0x7a5c, 0xb772}, //穜
{0x7a5d, 0xb773}, //穝
{0x7a5e, 0xb774}, //穞
{0x7a5f, 0xb775}, //穟
{0x7a60, 0xb776}, //穠
{0x7a61, 0xb777}, //穡
{0x7a62, 0xb778}, //穢
{0x7a63, 0xb779}, //穣
{0x7a64, 0xb77a}, //穤
{0x7a65, 0xb77b}, //穥
{0x7a66, 0xb77c}, //穦
{0x7a67, 0xb77d}, //穧
{0x7a68, 0xb77e}, //穨
{0x7a69, 0xb780}, //穩
{0x7a6a, 0xb781}, //穪
{0x7a6b, 0xb782}, //穫
{0x7a6c, 0xb783}, //穬
{0x7a6d, 0xb784}, //穭
{0x7a6e, 0xb785}, //穮
{0x7a6f, 0xb786}, //穯
{0x7a70, 0xf0a6}, //穰
{0x7a71, 0xb787}, //穱
{0x7a72, 0xb788}, //穲
{0x7a73, 0xb789}, //穳
{0x7a74, 0xd1a8}, //穴
{0x7a75, 0xb78a}, //穵
{0x7a76, 0xbebf}, //究
{0x7a77, 0xc7ee}, //穷
{0x7a78, 0xf1b6}, //穸
{0x7a79, 0xf1b7}, //穹
{0x7a7a, 0xbfd5}, //空
{0x7a7b, 0xb78b}, //穻
{0x7a7c, 0xb78c}, //穼
{0x7a7d, 0xb78d}, //穽
{0x7a7e, 0xb78e}, //穾
{0x7a7f, 0xb4a9}, //穿
{0x7a80, 0xf1b8}, //窀
{0x7a81, 0xcdbb}, //突
{0x7a82, 0xb78f}, //窂
{0x7a83, 0xc7d4}, //窃
{0x7a84, 0xd5ad}, //窄
{0x7a85, 0xb790}, //窅
{0x7a86, 0xf1b9}, //窆
{0x7a87, 0xb791}, //窇
{0x7a88, 0xf1ba}, //窈
{0x7a89, 0xb792}, //窉
{0x7a8a, 0xb793}, //窊
{0x7a8b, 0xb794}, //窋
{0x7a8c, 0xb795}, //窌
{0x7a8d, 0xc7cf}, //窍
{0x7a8e, 0xb796}, //窎
{0x7a8f, 0xb797}, //窏
{0x7a90, 0xb798}, //窐
{0x7a91, 0xd2a4}, //窑
{0x7a92, 0xd6cf}, //窒
{0x7a93, 0xb799}, //窓
{0x7a94, 0xb79a}, //窔
{0x7a95, 0xf1bb}, //窕
{0x7a96, 0xbdd1}, //窖
{0x7a97, 0xb4b0}, //窗
{0x7a98, 0xbebd}, //窘
{0x7a99, 0xb79b}, //窙
{0x7a9a, 0xb79c}, //窚
{0x7a9b, 0xb79d}, //窛
{0x7a9c, 0xb4dc}, //窜
{0x7a9d, 0xced1}, //窝
{0x7a9e, 0xb79e}, //窞
{0x7a9f, 0xbfdf}, //窟
{0x7aa0, 0xf1bd}, //窠
{0x7aa1, 0xb79f}, //窡
{0x7aa2, 0xb7a0}, //窢
{0x7aa3, 0xb840}, //窣
{0x7aa4, 0xb841}, //窤
{0x7aa5, 0xbffa}, //窥
{0x7aa6, 0xf1bc}, //窦
{0x7aa7, 0xb842}, //窧
{0x7aa8, 0xf1bf}, //窨
{0x7aa9, 0xb843}, //窩
{0x7aaa, 0xb844}, //窪
{0x7aab, 0xb845}, //窫
{0x7aac, 0xf1be}, //窬
{0x7aad, 0xf1c0}, //窭
{0x7aae, 0xb846}, //窮
{0x7aaf, 0xb847}, //窯
{0x7ab0, 0xb848}, //窰
{0x7ab1, 0xb849}, //窱
{0x7ab2, 0xb84a}, //窲
{0x7ab3, 0xf1c1}, //窳
{0x7ab4, 0xb84b}, //窴
{0x7ab5, 0xb84c}, //窵
{0x7ab6, 0xb84d}, //窶
{0x7ab7, 0xb84e}, //窷
{0x7ab8, 0xb84f}, //窸
{0x7ab9, 0xb850}, //窹
{0x7aba, 0xb851}, //窺
{0x7abb, 0xb852}, //窻
{0x7abc, 0xb853}, //窼
{0x7abd, 0xb854}, //窽
{0x7abe, 0xb855}, //窾
{0x7abf, 0xc1fe}, //窿
{0x7ac0, 0xb856}, //竀
{0x7ac1, 0xb857}, //竁
{0x7ac2, 0xb858}, //竂
{0x7ac3, 0xb859}, //竃
{0x7ac4, 0xb85a}, //竄
{0x7ac5, 0xb85b}, //竅
{0x7ac6, 0xb85c}, //竆
{0x7ac7, 0xb85d}, //竇
{0x7ac8, 0xb85e}, //竈
{0x7ac9, 0xb85f}, //竉
{0x7aca, 0xb860}, //竊
{0x7acb, 0xc1a2}, //立
{0x7acc, 0xb861}, //竌
{0x7acd, 0xb862}, //竍
{0x7ace, 0xb863}, //竎
{0x7acf, 0xb864}, //竏
{0x7ad0, 0xb865}, //竐
{0x7ad1, 0xb866}, //竑
{0x7ad2, 0xb867}, //竒
{0x7ad3, 0xb868}, //竓
{0x7ad4, 0xb869}, //竔
{0x7ad5, 0xb86a}, //竕
{0x7ad6, 0xcafa}, //竖
{0x7ad7, 0xb86b}, //竗
{0x7ad8, 0xb86c}, //竘
{0x7ad9, 0xd5be}, //站
{0x7ada, 0xb86d}, //竚
{0x7adb, 0xb86e}, //竛
{0x7adc, 0xb86f}, //竜
{0x7add, 0xb870}, //竝
{0x7ade, 0xbeba}, //竞
{0x7adf, 0xbeb9}, //竟
{0x7ae0, 0xd5c2}, //章
{0x7ae1, 0xb871}, //竡
{0x7ae2, 0xb872}, //竢
{0x7ae3, 0xbfa2}, //竣
{0x7ae4, 0xb873}, //竤
{0x7ae5, 0xcdaf}, //童
{0x7ae6, 0xf1b5}, //竦
{0x7ae7, 0xb874}, //竧
{0x7ae8, 0xb875}, //竨
{0x7ae9, 0xb876}, //竩
{0x7aea, 0xb877}, //竪
{0x7aeb, 0xb878}, //竫
{0x7aec, 0xb879}, //竬
{0x7aed, 0xbddf}, //竭
{0x7aee, 0xb87a}, //竮
{0x7aef, 0xb6cb}, //端
{0x7af0, 0xb87b}, //竰
{0x7af1, 0xb87c}, //竱
{0x7af2, 0xb87d}, //竲
{0x7af3, 0xb87e}, //竳
{0x7af4, 0xb880}, //竴
{0x7af5, 0xb881}, //竵
{0x7af6, 0xb882}, //競
{0x7af7, 0xb883}, //竷
{0x7af8, 0xb884}, //竸
{0x7af9, 0xd6f1}, //竹
{0x7afa, 0xf3c3}, //竺
{0x7afb, 0xb885}, //竻
{0x7afc, 0xb886}, //竼
{0x7afd, 0xf3c4}, //竽
{0x7afe, 0xb887}, //竾
{0x7aff, 0xb8cd}, //竿
{0x7b00, 0xb888}, //笀
{0x7b01, 0xb889}, //笁
{0x7b02, 0xb88a}, //笂
{0x7b03, 0xf3c6}, //笃
{0x7b04, 0xf3c7}, //笄
{0x7b05, 0xb88b}, //笅
{0x7b06, 0xb0ca}, //笆
{0x7b07, 0xb88c}, //笇
{0x7b08, 0xf3c5}, //笈
{0x7b09, 0xb88d}, //笉
{0x7b0a, 0xf3c9}, //笊
{0x7b0b, 0xcbf1}, //笋
{0x7b0c, 0xb88e}, //笌
{0x7b0d, 0xb88f}, //笍
{0x7b0e, 0xb890}, //笎
{0x7b0f, 0xf3cb}, //笏
{0x7b10, 0xb891}, //笐
{0x7b11, 0xd0a6}, //笑
{0x7b12, 0xb892}, //笒
{0x7b13, 0xb893}, //笓
{0x7b14, 0xb1ca}, //笔
{0x7b15, 0xf3c8}, //笕
{0x7b16, 0xb894}, //笖
{0x7b17, 0xb895}, //笗
{0x7b18, 0xb896}, //笘
{0x7b19, 0xf3cf}, //笙
{0x7b1a, 0xb897}, //笚
{0x7b1b, 0xb5d1}, //笛
{0x7b1c, 0xb898}, //笜
{0x7b1d, 0xb899}, //笝
{0x7b1e, 0xf3d7}, //笞
{0x7b1f, 0xb89a}, //笟
{0x7b20, 0xf3d2}, //笠
{0x7b21, 0xb89b}, //笡
{0x7b22, 0xb89c}, //笢
{0x7b23, 0xb89d}, //笣
{0x7b24, 0xf3d4}, //笤
{0x7b25, 0xf3d3}, //笥
{0x7b26, 0xb7fb}, //符
{0x7b27, 0xb89e}, //笧
{0x7b28, 0xb1bf}, //笨
{0x7b29, 0xb89f}, //笩
{0x7b2a, 0xf3ce}, //笪
{0x7b2b, 0xf3ca}, //笫
{0x7b2c, 0xb5da}, //第
{0x7b2d, 0xb8a0}, //笭
{0x7b2e, 0xf3d0}, //笮
{0x7b2f, 0xb940}, //笯
{0x7b30, 0xb941}, //笰
{0x7b31, 0xf3d1}, //笱
{0x7b32, 0xb942}, //笲
{0x7b33, 0xf3d5}, //笳
{0x7b34, 0xb943}, //笴
{0x7b35, 0xb944}, //笵
{0x7b36, 0xb945}, //笶
{0x7b37, 0xb946}, //笷
{0x7b38, 0xf3cd}, //笸
{0x7b39, 0xb947}, //笹
{0x7b3a, 0xbce3}, //笺
{0x7b3b, 0xb948}, //笻
{0x7b3c, 0xc1fd}, //笼
{0x7b3d, 0xb949}, //笽
{0x7b3e, 0xf3d6}, //笾
{0x7b3f, 0xb94a}, //笿
{0x7b40, 0xb94b}, //筀
{0x7b41, 0xb94c}, //筁
{0x7b42, 0xb94d}, //筂
{0x7b43, 0xb94e}, //筃
{0x7b44, 0xb94f}, //筄
{0x7b45, 0xf3da}, //筅
{0x7b46, 0xb950}, //筆
{0x7b47, 0xf3cc}, //筇
{0x7b48, 0xb951}, //筈
{0x7b49, 0xb5c8}, //等
{0x7b4a, 0xb952}, //筊
{0x7b4b, 0xbdee}, //筋
{0x7b4c, 0xf3dc}, //筌
{0x7b4d, 0xb953}, //筍
{0x7b4e, 0xb954}, //筎
{0x7b4f, 0xb7a4}, //筏
{0x7b50, 0xbff0}, //筐
{0x7b51, 0xd6fe}, //筑
{0x7b52, 0xcdb2}, //筒
{0x7b53, 0xb955}, //筓
{0x7b54, 0xb4f0}, //答
{0x7b55, 0xb956}, //筕
{0x7b56, 0xb2df}, //策
{0x7b57, 0xb957}, //筗
{0x7b58, 0xf3d8}, //筘
{0x7b59, 0xb958}, //筙
{0x7b5a, 0xf3d9}, //筚
{0x7b5b, 0xc9b8}, //筛
{0x7b5c, 0xb959}, //筜
{0x7b5d, 0xf3dd}, //筝
{0x7b5e, 0xb95a}, //筞
{0x7b5f, 0xb95b}, //筟
{0x7b60, 0xf3de}, //筠
{0x7b61, 0xb95c}, //筡
{0x7b62, 0xf3e1}, //筢
{0x7b63, 0xb95d}, //筣
{0x7b64, 0xb95e}, //筤
{0x7b65, 0xb95f}, //筥
{0x7b66, 0xb960}, //筦
{0x7b67, 0xb961}, //筧
{0x7b68, 0xb962}, //筨
{0x7b69, 0xb963}, //筩
{0x7b6a, 0xb964}, //筪
{0x7b6b, 0xb965}, //筫
{0x7b6c, 0xb966}, //筬
{0x7b6d, 0xb967}, //筭
{0x7b6e, 0xf3df}, //筮
{0x7b6f, 0xb968}, //筯
{0x7b70, 0xb969}, //筰
{0x7b71, 0xf3e3}, //筱
{0x7b72, 0xf3e2}, //筲
{0x7b73, 0xb96a}, //筳
{0x7b74, 0xb96b}, //筴
{0x7b75, 0xf3db}, //筵
{0x7b76, 0xb96c}, //筶
{0x7b77, 0xbfea}, //筷
{0x7b78, 0xb96d}, //筸
{0x7b79, 0xb3ef}, //筹
{0x7b7a, 0xb96e}, //筺
{0x7b7b, 0xf3e0}, //筻
{0x7b7c, 0xb96f}, //筼
{0x7b7d, 0xb970}, //筽
{0x7b7e, 0xc7a9}, //签
{0x7b7f, 0xb971}, //筿
{0x7b80, 0xbcf2}, //简
{0x7b81, 0xb972}, //箁
{0x7b82, 0xb973}, //箂
{0x7b83, 0xb974}, //箃
{0x7b84, 0xb975}, //箄
{0x7b85, 0xf3eb}, //箅
{0x7b86, 0xb976}, //箆
{0x7b87, 0xb977}, //箇
{0x7b88, 0xb978}, //箈
{0x7b89, 0xb979}, //箉
{0x7b8a, 0xb97a}, //箊
{0x7b8b, 0xb97b}, //箋
{0x7b8c, 0xb97c}, //箌
{0x7b8d, 0xb9bf}, //箍
{0x7b8e, 0xb97d}, //箎
{0x7b8f, 0xb97e}, //箏
{0x7b90, 0xf3e4}, //箐
{0x7b91, 0xb980}, //箑
{0x7b92, 0xb981}, //箒
{0x7b93, 0xb982}, //箓
{0x7b94, 0xb2ad}, //箔
{0x7b95, 0xbbfe}, //箕
{0x7b96, 0xb983}, //箖
{0x7b97, 0xcbe3}, //算
{0x7b98, 0xb984}, //箘
{0x7b99, 0xb985}, //箙
{0x7b9a, 0xb986}, //箚
{0x7b9b, 0xb987}, //箛
{0x7b9c, 0xf3ed}, //箜
{0x7b9d, 0xf3e9}, //箝
{0x7b9e, 0xb988}, //箞
{0x7b9f, 0xb989}, //箟
{0x7ba0, 0xb98a}, //箠
{0x7ba1, 0xb9dc}, //管
{0x7ba2, 0xf3ee}, //箢
{0x7ba3, 0xb98b}, //箣
{0x7ba4, 0xb98c}, //箤
{0x7ba5, 0xb98d}, //箥
{0x7ba6, 0xf3e5}, //箦
{0x7ba7, 0xf3e6}, //箧
{0x7ba8, 0xf3ea}, //箨
{0x7ba9, 0xc2e1}, //箩
{0x7baa, 0xf3ec}, //箪
{0x7bab, 0xf3ef}, //箫
{0x7bac, 0xf3e8}, //箬
{0x7bad, 0xbcfd}, //箭
{0x7bae, 0xb98e}, //箮
{0x7baf, 0xb98f}, //箯
{0x7bb0, 0xb990}, //箰
{0x7bb1, 0xcfe4}, //箱
{0x7bb2, 0xb991}, //箲
{0x7bb3, 0xb992}, //箳
{0x7bb4, 0xf3f0}, //箴
{0x7bb5, 0xb993}, //箵
{0x7bb6, 0xb994}, //箶
{0x7bb7, 0xb995}, //箷
{0x7bb8, 0xf3e7}, //箸
{0x7bb9, 0xb996}, //箹
{0x7bba, 0xb997}, //箺
{0x7bbb, 0xb998}, //箻
{0x7bbc, 0xb999}, //箼
{0x7bbd, 0xb99a}, //箽
{0x7bbe, 0xb99b}, //箾
{0x7bbf, 0xb99c}, //箿
{0x7bc0, 0xb99d}, //節
{0x7bc1, 0xf3f2}, //篁
{0x7bc2, 0xb99e}, //篂
{0x7bc3, 0xb99f}, //篃
{0x7bc4, 0xb9a0}, //範
{0x7bc5, 0xba40}, //篅
{0x7bc6, 0xd7ad}, //篆
{0x7bc7, 0xc6aa}, //篇
{0x7bc8, 0xba41}, //篈
{0x7bc9, 0xba42}, //築
{0x7bca, 0xba43}, //篊
{0x7bcb, 0xba44}, //篋
{0x7bcc, 0xf3f3}, //篌
{0x7bcd, 0xba45}, //篍
{0x7bce, 0xba46}, //篎
{0x7bcf, 0xba47}, //篏
{0x7bd0, 0xba48}, //篐
{0x7bd1, 0xf3f1}, //篑
{0x7bd2, 0xba49}, //篒
{0x7bd3, 0xc2a8}, //篓
{0x7bd4, 0xba4a}, //篔
{0x7bd5, 0xba4b}, //篕
{0x7bd6, 0xba4c}, //篖
{0x7bd7, 0xba4d}, //篗
{0x7bd8, 0xba4e}, //篘
{0x7bd9, 0xb8dd}, //篙
{0x7bda, 0xf3f5}, //篚
{0x7bdb, 0xba4f}, //篛
{0x7bdc, 0xba50}, //篜
{0x7bdd, 0xf3f4}, //篝
{0x7bde, 0xba51}, //篞
{0x7bdf, 0xba52}, //篟
{0x7be0, 0xba53}, //篠
{0x7be1, 0xb4db}, //篡
{0x7be2, 0xba54}, //篢
{0x7be3, 0xba55}, //篣
{0x7be4, 0xba56}, //篤
{0x7be5, 0xf3f6}, //篥
{0x7be6, 0xf3f7}, //篦
{0x7be7, 0xba57}, //篧
{0x7be8, 0xba58}, //篨
{0x7be9, 0xba59}, //篩
{0x7bea, 0xf3f8}, //篪
{0x7beb, 0xba5a}, //篫
{0x7bec, 0xba5b}, //篬
{0x7bed, 0xba5c}, //篭
{0x7bee, 0xc0ba}, //篮
{0x7bef, 0xba5d}, //篯
{0x7bf0, 0xba5e}, //篰
{0x7bf1, 0xc0e9}, //篱
{0x7bf2, 0xba5f}, //篲
{0x7bf3, 0xba60}, //篳
{0x7bf4, 0xba61}, //篴
{0x7bf5, 0xba62}, //篵
{0x7bf6, 0xba63}, //篶
{0x7bf7, 0xc5f1}, //篷
{0x7bf8, 0xba64}, //篸
{0x7bf9, 0xba65}, //篹
{0x7bfa, 0xba66}, //篺
{0x7bfb, 0xba67}, //篻
{0x7bfc, 0xf3fb}, //篼
{0x7bfd, 0xba68}, //篽
{0x7bfe, 0xf3fa}, //篾
{0x7bff, 0xba69}, //篿
{0x7c00, 0xba6a}, //簀
{0x7c01, 0xba6b}, //簁
{0x7c02, 0xba6c}, //簂
{0x7c03, 0xba6d}, //簃
{0x7c04, 0xba6e}, //簄
{0x7c05, 0xba6f}, //簅
{0x7c06, 0xba70}, //簆
{0x7c07, 0xb4d8}, //簇
{0x7c08, 0xba71}, //簈
{0x7c09, 0xba72}, //簉
{0x7c0a, 0xba73}, //簊
{0x7c0b, 0xf3fe}, //簋
{0x7c0c, 0xf3f9}, //簌
{0x7c0d, 0xba74}, //簍
{0x7c0e, 0xba75}, //簎
{0x7c0f, 0xf3fc}, //簏
{0x7c10, 0xba76}, //簐
{0x7c11, 0xba77}, //簑
{0x7c12, 0xba78}, //簒
{0x7c13, 0xba79}, //簓
{0x7c14, 0xba7a}, //簔
{0x7c15, 0xba7b}, //簕
{0x7c16, 0xf3fd}, //簖
{0x7c17, 0xba7c}, //簗
{0x7c18, 0xba7d}, //簘
{0x7c19, 0xba7e}, //簙
{0x7c1a, 0xba80}, //簚
{0x7c1b, 0xba81}, //簛
{0x7c1c, 0xba82}, //簜
{0x7c1d, 0xba83}, //簝
{0x7c1e, 0xba84}, //簞
{0x7c1f, 0xf4a1}, //簟
{0x7c20, 0xba85}, //簠
{0x7c21, 0xba86}, //簡
{0x7c22, 0xba87}, //簢
{0x7c23, 0xba88}, //簣
{0x7c24, 0xba89}, //簤
{0x7c25, 0xba8a}, //簥
{0x7c26, 0xf4a3}, //簦
{0x7c27, 0xbbc9}, //簧
{0x7c28, 0xba8b}, //簨
{0x7c29, 0xba8c}, //簩
{0x7c2a, 0xf4a2}, //簪
{0x7c2b, 0xba8d}, //簫
{0x7c2c, 0xba8e}, //簬
{0x7c2d, 0xba8f}, //簭
{0x7c2e, 0xba90}, //簮
{0x7c2f, 0xba91}, //簯
{0x7c30, 0xba92}, //簰
{0x7c31, 0xba93}, //簱
{0x7c32, 0xba94}, //簲
{0x7c33, 0xba95}, //簳
{0x7c34, 0xba96}, //簴
{0x7c35, 0xba97}, //簵
{0x7c36, 0xba98}, //簶
{0x7c37, 0xba99}, //簷
{0x7c38, 0xf4a4}, //簸
{0x7c39, 0xba9a}, //簹
{0x7c3a, 0xba9b}, //簺
{0x7c3b, 0xba9c}, //簻
{0x7c3c, 0xba9d}, //簼
{0x7c3d, 0xba9e}, //簽
{0x7c3e, 0xba9f}, //簾
{0x7c3f, 0xb2be}, //簿
{0x7c40, 0xf4a6}, //籀
{0x7c41, 0xf4a5}, //籁
{0x7c42, 0xbaa0}, //籂
{0x7c43, 0xbb40}, //籃
{0x7c44, 0xbb41}, //籄
{0x7c45, 0xbb42}, //籅
{0x7c46, 0xbb43}, //籆
{0x7c47, 0xbb44}, //籇
{0x7c48, 0xbb45}, //籈
{0x7c49, 0xbb46}, //籉
{0x7c4a, 0xbb47}, //籊
{0x7c4b, 0xbb48}, //籋
{0x7c4c, 0xbb49}, //籌
{0x7c4d, 0xbcae}, //籍
{0x7c4e, 0xbb4a}, //籎
{0x7c4f, 0xbb4b}, //籏
{0x7c50, 0xbb4c}, //籐
{0x7c51, 0xbb4d}, //籑
{0x7c52, 0xbb4e}, //籒
{0x7c53, 0xbb4f}, //籓
{0x7c54, 0xbb50}, //籔
{0x7c55, 0xbb51}, //籕
{0x7c56, 0xbb52}, //籖
{0x7c57, 0xbb53}, //籗
{0x7c58, 0xbb54}, //籘
{0x7c59, 0xbb55}, //籙
{0x7c5a, 0xbb56}, //籚
{0x7c5b, 0xbb57}, //籛
{0x7c5c, 0xbb58}, //籜
{0x7c5d, 0xbb59}, //籝
{0x7c5e, 0xbb5a}, //籞
{0x7c5f, 0xbb5b}, //籟
{0x7c60, 0xbb5c}, //籠
{0x7c61, 0xbb5d}, //籡
{0x7c62, 0xbb5e}, //籢
{0x7c63, 0xbb5f}, //籣
{0x7c64, 0xbb60}, //籤
{0x7c65, 0xbb61}, //籥
{0x7c66, 0xbb62}, //籦
{0x7c67, 0xbb63}, //籧
{0x7c68, 0xbb64}, //籨
{0x7c69, 0xbb65}, //籩
{0x7c6a, 0xbb66}, //籪
{0x7c6b, 0xbb67}, //籫
{0x7c6c, 0xbb68}, //籬
{0x7c6d, 0xbb69}, //籭
{0x7c6e, 0xbb6a}, //籮
{0x7c6f, 0xbb6b}, //籯
{0x7c70, 0xbb6c}, //籰
{0x7c71, 0xbb6d}, //籱
{0x7c72, 0xbb6e}, //籲
{0x7c73, 0xc3d7}, //米
{0x7c74, 0xd9e1}, //籴
{0x7c75, 0xbb6f}, //籵
{0x7c76, 0xbb70}, //籶
{0x7c77, 0xbb71}, //籷
{0x7c78, 0xbb72}, //籸
{0x7c79, 0xbb73}, //籹
{0x7c7a, 0xbb74}, //籺
{0x7c7b, 0xc0e0}, //类
{0x7c7c, 0xf4cc}, //籼
{0x7c7d, 0xd7d1}, //籽
{0x7c7e, 0xbb75}, //籾
{0x7c7f, 0xbb76}, //籿
{0x7c80, 0xbb77}, //粀
{0x7c81, 0xbb78}, //粁
{0x7c82, 0xbb79}, //粂
{0x7c83, 0xbb7a}, //粃
{0x7c84, 0xbb7b}, //粄
{0x7c85, 0xbb7c}, //粅
{0x7c86, 0xbb7d}, //粆
{0x7c87, 0xbb7e}, //粇
{0x7c88, 0xbb80}, //粈
{0x7c89, 0xb7db}, //粉
{0x7c8a, 0xbb81}, //粊
{0x7c8b, 0xbb82}, //粋
{0x7c8c, 0xbb83}, //粌
{0x7c8d, 0xbb84}, //粍
{0x7c8e, 0xbb85}, //粎
{0x7c8f, 0xbb86}, //粏
{0x7c90, 0xbb87}, //粐
{0x7c91, 0xf4ce}, //粑
{0x7c92, 0xc1a3}, //粒
{0x7c93, 0xbb88}, //粓
{0x7c94, 0xbb89}, //粔
{0x7c95, 0xc6c9}, //粕
{0x7c96, 0xbb8a}, //粖
{0x7c97, 0xb4d6}, //粗
{0x7c98, 0xd5b3}, //粘
{0x7c99, 0xbb8b}, //粙
{0x7c9a, 0xbb8c}, //粚
{0x7c9b, 0xbb8d}, //粛
{0x7c9c, 0xf4d0}, //粜
{0x7c9d, 0xf4cf}, //粝
{0x7c9e, 0xf4d1}, //粞
{0x7c9f, 0xcbda}, //粟
{0x7ca0, 0xbb8e}, //粠
{0x7ca1, 0xbb8f}, //粡
{0x7ca2, 0xf4d2}, //粢
{0x7ca3, 0xbb90}, //粣
{0x7ca4, 0xd4c1}, //粤
{0x7ca5, 0xd6e0}, //粥
{0x7ca6, 0xbb91}, //粦
{0x7ca7, 0xbb92}, //粧
{0x7ca8, 0xbb93}, //粨
{0x7ca9, 0xbb94}, //粩
{0x7caa, 0xb7e0}, //粪
{0x7cab, 0xbb95}, //粫
{0x7cac, 0xbb96}, //粬
{0x7cad, 0xbb97}, //粭
{0x7cae, 0xc1b8}, //粮
{0x7caf, 0xbb98}, //粯
{0x7cb0, 0xbb99}, //粰
{0x7cb1, 0xc1bb}, //粱
{0x7cb2, 0xf4d3}, //粲
{0x7cb3, 0xbeac}, //粳
{0x7cb4, 0xbb9a}, //粴
{0x7cb5, 0xbb9b}, //粵
{0x7cb6, 0xbb9c}, //粶
{0x7cb7, 0xbb9d}, //粷
{0x7cb8, 0xbb9e}, //粸
{0x7cb9, 0xb4e2}, //粹
{0x7cba, 0xbb9f}, //粺
{0x7cbb, 0xbba0}, //粻
{0x7cbc, 0xf4d4}, //粼
{0x7cbd, 0xf4d5}, //粽
{0x7cbe, 0xbeab}, //精
{0x7cbf, 0xbc40}, //粿
{0x7cc0, 0xbc41}, //糀
{0x7cc1, 0xf4d6}, //糁
{0x7cc2, 0xbc42}, //糂
{0x7cc3, 0xbc43}, //糃
{0x7cc4, 0xbc44}, //糄
{0x7cc5, 0xf4db}, //糅
{0x7cc6, 0xbc45}, //糆
{0x7cc7, 0xf4d7}, //糇
{0x7cc8, 0xf4da}, //糈
{0x7cc9, 0xbc46}, //糉
{0x7cca, 0xbafd}, //糊
{0x7ccb, 0xbc47}, //糋
{0x7ccc, 0xf4d8}, //糌
{0x7ccd, 0xf4d9}, //糍
{0x7cce, 0xbc48}, //糎
{0x7ccf, 0xbc49}, //糏
{0x7cd0, 0xbc4a}, //糐
{0x7cd1, 0xbc4b}, //糑
{0x7cd2, 0xbc4c}, //糒
{0x7cd3, 0xbc4d}, //糓
{0x7cd4, 0xbc4e}, //糔
{0x7cd5, 0xb8e2}, //糕
{0x7cd6, 0xccc7}, //糖
{0x7cd7, 0xf4dc}, //糗
{0x7cd8, 0xbc4f}, //糘
{0x7cd9, 0xb2da}, //糙
{0x7cda, 0xbc50}, //糚
{0x7cdb, 0xbc51}, //糛
{0x7cdc, 0xc3d3}, //糜
{0x7cdd, 0xbc52}, //糝
{0x7cde, 0xbc53}, //糞
{0x7cdf, 0xd4e3}, //糟
{0x7ce0, 0xbfb7}, //糠
{0x7ce1, 0xbc54}, //糡
{0x7ce2, 0xbc55}, //糢
{0x7ce3, 0xbc56}, //糣
{0x7ce4, 0xbc57}, //糤
{0x7ce5, 0xbc58}, //糥
{0x7ce6, 0xbc59}, //糦
{0x7ce7, 0xbc5a}, //糧
{0x7ce8, 0xf4dd}, //糨
{0x7ce9, 0xbc5b}, //糩
{0x7cea, 0xbc5c}, //糪
{0x7ceb, 0xbc5d}, //糫
{0x7cec, 0xbc5e}, //糬
{0x7ced, 0xbc5f}, //糭
{0x7cee, 0xbc60}, //糮
{0x7cef, 0xc5b4}, //糯
{0x7cf0, 0xbc61}, //糰
{0x7cf1, 0xbc62}, //糱
{0x7cf2, 0xbc63}, //糲
{0x7cf3, 0xbc64}, //糳
{0x7cf4, 0xbc65}, //糴
{0x7cf5, 0xbc66}, //糵
{0x7cf6, 0xbc67}, //糶
{0x7cf7, 0xbc68}, //糷
{0x7cf8, 0xf4e9}, //糸
{0x7cf9, 0xbc69}, //糹
{0x7cfa, 0xbc6a}, //糺
{0x7cfb, 0xcfb5}, //系
{0x7cfc, 0xbc6b}, //糼
{0x7cfd, 0xbc6c}, //糽
{0x7cfe, 0xbc6d}, //糾
{0x7cff, 0xbc6e}, //糿
{0x7d00, 0xbc6f}, //紀
{0x7d01, 0xbc70}, //紁
{0x7d02, 0xbc71}, //紂
{0x7d03, 0xbc72}, //紃
{0x7d04, 0xbc73}, //約
{0x7d05, 0xbc74}, //紅
{0x7d06, 0xbc75}, //紆
{0x7d07, 0xbc76}, //紇
{0x7d08, 0xbc77}, //紈
{0x7d09, 0xbc78}, //紉
{0x7d0a, 0xcec9}, //紊
{0x7d0b, 0xbc79}, //紋
{0x7d0c, 0xbc7a}, //紌
{0x7d0d, 0xbc7b}, //納
{0x7d0e, 0xbc7c}, //紎
{0x7d0f, 0xbc7d}, //紏
{0x7d10, 0xbc7e}, //紐
{0x7d11, 0xbc80}, //紑
{0x7d12, 0xbc81}, //紒
{0x7d13, 0xbc82}, //紓
{0x7d14, 0xbc83}, //純
{0x7d15, 0xbc84}, //紕
{0x7d16, 0xbc85}, //紖
{0x7d17, 0xbc86}, //紗
{0x7d18, 0xbc87}, //紘
{0x7d19, 0xbc88}, //紙
{0x7d1a, 0xbc89}, //級
{0x7d1b, 0xbc8a}, //紛
{0x7d1c, 0xbc8b}, //紜
{0x7d1d, 0xbc8c}, //紝
{0x7d1e, 0xbc8d}, //紞
{0x7d1f, 0xbc8e}, //紟
{0x7d20, 0xcbd8}, //素
{0x7d21, 0xbc8f}, //紡
{0x7d22, 0xcbf7}, //索
{0x7d23, 0xbc90}, //紣
{0x7d24, 0xbc91}, //紤
{0x7d25, 0xbc92}, //紥
{0x7d26, 0xbc93}, //紦
{0x7d27, 0xbdf4}, //紧
{0x7d28, 0xbc94}, //紨
{0x7d29, 0xbc95}, //紩
{0x7d2a, 0xbc96}, //紪
{0x7d2b, 0xd7cf}, //紫
{0x7d2c, 0xbc97}, //紬
{0x7d2d, 0xbc98}, //紭
{0x7d2e, 0xbc99}, //紮
{0x7d2f, 0xc0db}, //累
{0x7d30, 0xbc9a}, //細
{0x7d31, 0xbc9b}, //紱
{0x7d32, 0xbc9c}, //紲
{0x7d33, 0xbc9d}, //紳
{0x7d34, 0xbc9e}, //紴
{0x7d35, 0xbc9f}, //紵
{0x7d36, 0xbca0}, //紶
{0x7d37, 0xbd40}, //紷
{0x7d38, 0xbd41}, //紸
{0x7d39, 0xbd42}, //紹
{0x7d3a, 0xbd43}, //紺
{0x7d3b, 0xbd44}, //紻
{0x7d3c, 0xbd45}, //紼
{0x7d3d, 0xbd46}, //紽
{0x7d3e, 0xbd47}, //紾
{0x7d3f, 0xbd48}, //紿
{0x7d40, 0xbd49}, //絀
{0x7d41, 0xbd4a}, //絁
{0x7d42, 0xbd4b}, //終
{0x7d43, 0xbd4c}, //絃
{0x7d44, 0xbd4d}, //組
{0x7d45, 0xbd4e}, //絅
{0x7d46, 0xbd4f}, //絆
{0x7d47, 0xbd50}, //絇
{0x7d48, 0xbd51}, //絈
{0x7d49, 0xbd52}, //絉
{0x7d4a, 0xbd53}, //絊
{0x7d4b, 0xbd54}, //絋
{0x7d4c, 0xbd55}, //経
{0x7d4d, 0xbd56}, //絍
{0x7d4e, 0xbd57}, //絎
{0x7d4f, 0xbd58}, //絏
{0x7d50, 0xbd59}, //結
{0x7d51, 0xbd5a}, //絑
{0x7d52, 0xbd5b}, //絒
{0x7d53, 0xbd5c}, //絓
{0x7d54, 0xbd5d}, //絔
{0x7d55, 0xbd5e}, //絕
{0x7d56, 0xbd5f}, //絖
{0x7d57, 0xbd60}, //絗
{0x7d58, 0xbd61}, //絘
{0x7d59, 0xbd62}, //絙
{0x7d5a, 0xbd63}, //絚
{0x7d5b, 0xbd64}, //絛
{0x7d5c, 0xbd65}, //絜
{0x7d5d, 0xbd66}, //絝
{0x7d5e, 0xbd67}, //絞
{0x7d5f, 0xbd68}, //絟
{0x7d60, 0xbd69}, //絠
{0x7d61, 0xbd6a}, //絡
{0x7d62, 0xbd6b}, //絢
{0x7d63, 0xbd6c}, //絣
{0x7d64, 0xbd6d}, //絤
{0x7d65, 0xbd6e}, //絥
{0x7d66, 0xbd6f}, //給
{0x7d67, 0xbd70}, //絧
{0x7d68, 0xbd71}, //絨
{0x7d69, 0xbd72}, //絩
{0x7d6a, 0xbd73}, //絪
{0x7d6b, 0xbd74}, //絫
{0x7d6c, 0xbd75}, //絬
{0x7d6d, 0xbd76}, //絭
{0x7d6e, 0xd0f5}, //絮
{0x7d6f, 0xbd77}, //絯
{0x7d70, 0xbd78}, //絰
{0x7d71, 0xbd79}, //統
{0x7d72, 0xbd7a}, //絲
{0x7d73, 0xbd7b}, //絳
{0x7d74, 0xbd7c}, //絴
{0x7d75, 0xbd7d}, //絵
{0x7d76, 0xbd7e}, //絶
{0x7d77, 0xf4ea}, //絷
{0x7d78, 0xbd80}, //絸
{0x7d79, 0xbd81}, //絹
{0x7d7a, 0xbd82}, //絺
{0x7d7b, 0xbd83}, //絻
{0x7d7c, 0xbd84}, //絼
{0x7d7d, 0xbd85}, //絽
{0x7d7e, 0xbd86}, //絾
{0x7d7f, 0xbd87}, //絿
{0x7d80, 0xbd88}, //綀
{0x7d81, 0xbd89}, //綁
{0x7d82, 0xbd8a}, //綂
{0x7d83, 0xbd8b}, //綃
{0x7d84, 0xbd8c}, //綄
{0x7d85, 0xbd8d}, //綅
{0x7d86, 0xbd8e}, //綆
{0x7d87, 0xbd8f}, //綇
{0x7d88, 0xbd90}, //綈
{0x7d89, 0xbd91}, //綉
{0x7d8a, 0xbd92}, //綊
{0x7d8b, 0xbd93}, //綋
{0x7d8c, 0xbd94}, //綌
{0x7d8d, 0xbd95}, //綍
{0x7d8e, 0xbd96}, //綎
{0x7d8f, 0xbd97}, //綏
{0x7d90, 0xbd98}, //綐
{0x7d91, 0xbd99}, //綑
{0x7d92, 0xbd9a}, //綒
{0x7d93, 0xbd9b}, //經
{0x7d94, 0xbd9c}, //綔
{0x7d95, 0xbd9d}, //綕
{0x7d96, 0xbd9e}, //綖
{0x7d97, 0xbd9f}, //綗
{0x7d98, 0xbda0}, //綘
{0x7d99, 0xbe40}, //継
{0x7d9a, 0xbe41}, //続
{0x7d9b, 0xbe42}, //綛
{0x7d9c, 0xbe43}, //綜
{0x7d9d, 0xbe44}, //綝
{0x7d9e, 0xbe45}, //綞
{0x7d9f, 0xbe46}, //綟
{0x7da0, 0xbe47}, //綠
{0x7da1, 0xbe48}, //綡
{0x7da2, 0xbe49}, //綢
{0x7da3, 0xbe4a}, //綣
{0x7da4, 0xbe4b}, //綤
{0x7da5, 0xbe4c}, //綥
{0x7da6, 0xf4eb}, //綦
{0x7da7, 0xbe4d}, //綧
{0x7da8, 0xbe4e}, //綨
{0x7da9, 0xbe4f}, //綩
{0x7daa, 0xbe50}, //綪
{0x7dab, 0xbe51}, //綫
{0x7dac, 0xbe52}, //綬
{0x7dad, 0xbe53}, //維
{0x7dae, 0xf4ec}, //綮
{0x7daf, 0xbe54}, //綯
{0x7db0, 0xbe55}, //綰
{0x7db1, 0xbe56}, //綱
{0x7db2, 0xbe57}, //網
{0x7db3, 0xbe58}, //綳
{0x7db4, 0xbe59}, //綴
{0x7db5, 0xbe5a}, //綵
{0x7db6, 0xbe5b}, //綶
{0x7db7, 0xbe5c}, //綷
{0x7db8, 0xbe5d}, //綸
{0x7db9, 0xbe5e}, //綹
{0x7dba, 0xbe5f}, //綺
{0x7dbb, 0xbe60}, //綻
{0x7dbc, 0xbe61}, //綼
{0x7dbd, 0xbe62}, //綽
{0x7dbe, 0xbe63}, //綾
{0x7dbf, 0xbe64}, //綿
{0x7dc0, 0xbe65}, //緀
{0x7dc1, 0xbe66}, //緁
{0x7dc2, 0xbe67}, //緂
{0x7dc3, 0xbe68}, //緃
{0x7dc4, 0xbe69}, //緄
{0x7dc5, 0xbe6a}, //緅
{0x7dc6, 0xbe6b}, //緆
{0x7dc7, 0xbe6c}, //緇
{0x7dc8, 0xbe6d}, //緈
{0x7dc9, 0xbe6e}, //緉
{0x7dca, 0xbe6f}, //緊
{0x7dcb, 0xbe70}, //緋
{0x7dcc, 0xbe71}, //緌
{0x7dcd, 0xbe72}, //緍
{0x7dce, 0xbe73}, //緎
{0x7dcf, 0xbe74}, //総
{0x7dd0, 0xbe75}, //緐
{0x7dd1, 0xbe76}, //緑
{0x7dd2, 0xbe77}, //緒
{0x7dd3, 0xbe78}, //緓
{0x7dd4, 0xbe79}, //緔
{0x7dd5, 0xbe7a}, //緕
{0x7dd6, 0xbe7b}, //緖
{0x7dd7, 0xbe7c}, //緗
{0x7dd8, 0xbe7d}, //緘
{0x7dd9, 0xbe7e}, //緙
{0x7dda, 0xbe80}, //線
{0x7ddb, 0xbe81}, //緛
{0x7ddc, 0xbe82}, //緜
{0x7ddd, 0xbe83}, //緝
{0x7dde, 0xbe84}, //緞
{0x7ddf, 0xbe85}, //緟
{0x7de0, 0xbe86}, //締
{0x7de1, 0xbe87}, //緡
{0x7de2, 0xbe88}, //緢
{0x7de3, 0xbe89}, //緣
{0x7de4, 0xbe8a}, //緤
{0x7de5, 0xbe8b}, //緥
{0x7de6, 0xbe8c}, //緦
{0x7de7, 0xbe8d}, //緧
{0x7de8, 0xbe8e}, //編
{0x7de9, 0xbe8f}, //緩
{0x7dea, 0xbe90}, //緪
{0x7deb, 0xbe91}, //緫
{0x7dec, 0xbe92}, //緬
{0x7ded, 0xbe93}, //緭
{0x7dee, 0xbe94}, //緮
{0x7def, 0xbe95}, //緯
{0x7df0, 0xbe96}, //緰
{0x7df1, 0xbe97}, //緱
{0x7df2, 0xbe98}, //緲
{0x7df3, 0xbe99}, //緳
{0x7df4, 0xbe9a}, //練
{0x7df5, 0xbe9b}, //緵
{0x7df6, 0xbe9c}, //緶
{0x7df7, 0xbe9d}, //緷
{0x7df8, 0xbe9e}, //緸
{0x7df9, 0xbe9f}, //緹
{0x7dfa, 0xbea0}, //緺
{0x7dfb, 0xbf40}, //緻
{0x7dfc, 0xbf41}, //緼
{0x7dfd, 0xbf42}, //緽
{0x7dfe, 0xbf43}, //緾
{0x7dff, 0xbf44}, //緿
{0x7e00, 0xbf45}, //縀
{0x7e01, 0xbf46}, //縁
{0x7e02, 0xbf47}, //縂
{0x7e03, 0xbf48}, //縃
{0x7e04, 0xbf49}, //縄
{0x7e05, 0xbf4a}, //縅
{0x7e06, 0xbf4b}, //縆
{0x7e07, 0xbf4c}, //縇
{0x7e08, 0xbf4d}, //縈
{0x7e09, 0xbf4e}, //縉
{0x7e0a, 0xbf4f}, //縊
{0x7e0b, 0xbf50}, //縋
{0x7e0c, 0xbf51}, //縌
{0x7e0d, 0xbf52}, //縍
{0x7e0e, 0xbf53}, //縎
{0x7e0f, 0xbf54}, //縏
{0x7e10, 0xbf55}, //縐
{0x7e11, 0xbf56}, //縑
{0x7e12, 0xbf57}, //縒
{0x7e13, 0xbf58}, //縓
{0x7e14, 0xbf59}, //縔
{0x7e15, 0xbf5a}, //縕
{0x7e16, 0xbf5b}, //縖
{0x7e17, 0xbf5c}, //縗
{0x7e18, 0xbf5d}, //縘
{0x7e19, 0xbf5e}, //縙
{0x7e1a, 0xbf5f}, //縚
{0x7e1b, 0xbf60}, //縛
{0x7e1c, 0xbf61}, //縜
{0x7e1d, 0xbf62}, //縝
{0x7e1e, 0xbf63}, //縞
{0x7e1f, 0xbf64}, //縟
{0x7e20, 0xbf65}, //縠
{0x7e21, 0xbf66}, //縡
{0x7e22, 0xbf67}, //縢
{0x7e23, 0xbf68}, //縣
{0x7e24, 0xbf69}, //縤
{0x7e25, 0xbf6a}, //縥
{0x7e26, 0xbf6b}, //縦
{0x7e27, 0xbf6c}, //縧
{0x7e28, 0xbf6d}, //縨
{0x7e29, 0xbf6e}, //縩
{0x7e2a, 0xbf6f}, //縪
{0x7e2b, 0xbf70}, //縫
{0x7e2c, 0xbf71}, //縬
{0x7e2d, 0xbf72}, //縭
{0x7e2e, 0xbf73}, //縮
{0x7e2f, 0xbf74}, //縯
{0x7e30, 0xbf75}, //縰
{0x7e31, 0xbf76}, //縱
{0x7e32, 0xbf77}, //縲
{0x7e33, 0xbf78}, //縳
{0x7e34, 0xbf79}, //縴
{0x7e35, 0xbf7a}, //縵
{0x7e36, 0xbf7b}, //縶
{0x7e37, 0xbf7c}, //縷
{0x7e38, 0xbf7d}, //縸
{0x7e39, 0xbf7e}, //縹
{0x7e3a, 0xbf80}, //縺
{0x7e3b, 0xf7e3}, //縻
{0x7e3c, 0xbf81}, //縼
{0x7e3d, 0xbf82}, //總
{0x7e3e, 0xbf83}, //績
{0x7e3f, 0xbf84}, //縿
{0x7e40, 0xbf85}, //繀
{0x7e41, 0xb7b1}, //繁
{0x7e42, 0xbf86}, //繂
{0x7e43, 0xbf87}, //繃
{0x7e44, 0xbf88}, //繄
{0x7e45, 0xbf89}, //繅
{0x7e46, 0xbf8a}, //繆
{0x7e47, 0xf4ed}, //繇
{0x7e48, 0xbf8b}, //繈
{0x7e49, 0xbf8c}, //繉
{0x7e4a, 0xbf8d}, //繊
{0x7e4b, 0xbf8e}, //繋
{0x7e4c, 0xbf8f}, //繌
{0x7e4d, 0xbf90}, //繍
{0x7e4e, 0xbf91}, //繎
{0x7e4f, 0xbf92}, //繏
{0x7e50, 0xbf93}, //繐
{0x7e51, 0xbf94}, //繑
{0x7e52, 0xbf95}, //繒
{0x7e53, 0xbf96}, //繓
{0x7e54, 0xbf97}, //織
{0x7e55, 0xbf98}, //繕
{0x7e56, 0xbf99}, //繖
{0x7e57, 0xbf9a}, //繗
{0x7e58, 0xbf9b}, //繘
{0x7e59, 0xbf9c}, //繙
{0x7e5a, 0xbf9d}, //繚
{0x7e5b, 0xbf9e}, //繛
{0x7e5c, 0xbf9f}, //繜
{0x7e5d, 0xbfa0}, //繝
{0x7e5e, 0xc040}, //繞
{0x7e5f, 0xc041}, //繟
{0x7e60, 0xc042}, //繠
{0x7e61, 0xc043}, //繡
{0x7e62, 0xc044}, //繢
{0x7e63, 0xc045}, //繣
{0x7e64, 0xc046}, //繤
{0x7e65, 0xc047}, //繥
{0x7e66, 0xc048}, //繦
{0x7e67, 0xc049}, //繧
{0x7e68, 0xc04a}, //繨
{0x7e69, 0xc04b}, //繩
{0x7e6a, 0xc04c}, //繪
{0x7e6b, 0xc04d}, //繫
{0x7e6c, 0xc04e}, //繬
{0x7e6d, 0xc04f}, //繭
{0x7e6e, 0xc050}, //繮
{0x7e6f, 0xc051}, //繯
{0x7e70, 0xc052}, //繰
{0x7e71, 0xc053}, //繱
{0x7e72, 0xc054}, //繲
{0x7e73, 0xc055}, //繳
{0x7e74, 0xc056}, //繴
{0x7e75, 0xc057}, //繵
{0x7e76, 0xc058}, //繶
{0x7e77, 0xc059}, //繷
{0x7e78, 0xc05a}, //繸
{0x7e79, 0xc05b}, //繹
{0x7e7a, 0xc05c}, //繺
{0x7e7b, 0xc05d}, //繻
{0x7e7c, 0xc05e}, //繼
{0x7e7d, 0xc05f}, //繽
{0x7e7e, 0xc060}, //繾
{0x7e7f, 0xc061}, //繿
{0x7e80, 0xc062}, //纀
{0x7e81, 0xc063}, //纁
{0x7e82, 0xd7eb}, //纂
{0x7e83, 0xc064}, //纃
{0x7e84, 0xc065}, //纄
{0x7e85, 0xc066}, //纅
{0x7e86, 0xc067}, //纆
{0x7e87, 0xc068}, //纇
{0x7e88, 0xc069}, //纈
{0x7e89, 0xc06a}, //纉
{0x7e8a, 0xc06b}, //纊
{0x7e8b, 0xc06c}, //纋
{0x7e8c, 0xc06d}, //續
{0x7e8d, 0xc06e}, //纍
{0x7e8e, 0xc06f}, //纎
{0x7e8f, 0xc070}, //纏
{0x7e90, 0xc071}, //纐
{0x7e91, 0xc072}, //纑
{0x7e92, 0xc073}, //纒
{0x7e93, 0xc074}, //纓
{0x7e94, 0xc075}, //纔
{0x7e95, 0xc076}, //纕
{0x7e96, 0xc077}, //纖
{0x7e97, 0xc078}, //纗
{0x7e98, 0xc079}, //纘
{0x7e99, 0xc07a}, //纙
{0x7e9a, 0xc07b}, //纚
{0x7e9b, 0xf4ee}, //纛
{0x7e9c, 0xc07c}, //纜
{0x7e9d, 0xc07d}, //纝
{0x7e9e, 0xc07e}, //纞
{0x7e9f, 0xe6f9}, //纟
{0x7ea0, 0xbec0}, //纠
{0x7ea1, 0xe6fa}, //纡
{0x7ea2, 0xbaec}, //红
{0x7ea3, 0xe6fb}, //纣
{0x7ea4, 0xcfcb}, //纤
{0x7ea5, 0xe6fc}, //纥
{0x7ea6, 0xd4bc}, //约
{0x7ea7, 0xbcb6}, //级
{0x7ea8, 0xe6fd}, //纨
{0x7ea9, 0xe6fe}, //纩
{0x7eaa, 0xbccd}, //纪
{0x7eab, 0xc8d2}, //纫
{0x7eac, 0xceb3}, //纬
{0x7ead, 0xe7a1}, //纭
{0x7eae, 0xc080}, //纮
{0x7eaf, 0xb4bf}, //纯
{0x7eb0, 0xe7a2}, //纰
{0x7eb1, 0xc9b4}, //纱
{0x7eb2, 0xb8d9}, //纲
{0x7eb3, 0xc4c9}, //纳
{0x7eb4, 0xc081}, //纴
{0x7eb5, 0xd7dd}, //纵
{0x7eb6, 0xc2da}, //纶
{0x7eb7, 0xb7d7}, //纷
{0x7eb8, 0xd6bd}, //纸
{0x7eb9, 0xcec6}, //纹
{0x7eba, 0xb7c4}, //纺
{0x7ebb, 0xc082}, //纻
{0x7ebc, 0xc083}, //纼
{0x7ebd, 0xc5a6}, //纽
{0x7ebe, 0xe7a3}, //纾
{0x7ebf, 0xcfdf}, //线
{0x7ec0, 0xe7a4}, //绀
{0x7ec1, 0xe7a5}, //绁
{0x7ec2, 0xe7a6}, //绂
{0x7ec3, 0xc1b7}, //练
{0x7ec4, 0xd7e9}, //组
{0x7ec5, 0xc9f0}, //绅
{0x7ec6, 0xcfb8}, //细
{0x7ec7, 0xd6af}, //织
{0x7ec8, 0xd6d5}, //终
{0x7ec9, 0xe7a7}, //绉
{0x7eca, 0xb0ed}, //绊
{0x7ecb, 0xe7a8}, //绋
{0x7ecc, 0xe7a9}, //绌
{0x7ecd, 0xc9dc}, //绍
{0x7ece, 0xd2ef}, //绎
{0x7ecf, 0xbead}, //经
{0x7ed0, 0xe7aa}, //绐
{0x7ed1, 0xb0f3}, //绑
{0x7ed2, 0xc8de}, //绒
{0x7ed3, 0xbde1}, //结
{0x7ed4, 0xe7ab}, //绔
{0x7ed5, 0xc8c6}, //绕
{0x7ed6, 0xc084}, //绖
{0x7ed7, 0xe7ac}, //绗
{0x7ed8, 0xbbe6}, //绘
{0x7ed9, 0xb8f8}, //给
{0x7eda, 0xd1a4}, //绚
{0x7edb, 0xe7ad}, //绛
{0x7edc, 0xc2e7}, //络
{0x7edd, 0xbef8}, //绝
{0x7ede, 0xbdca}, //绞
{0x7edf, 0xcdb3}, //统
{0x7ee0, 0xe7ae}, //绠
{0x7ee1, 0xe7af}, //绡
{0x7ee2, 0xbeee}, //绢
{0x7ee3, 0xd0e5}, //绣
{0x7ee4, 0xc085}, //绤
{0x7ee5, 0xcbe7}, //绥
{0x7ee6, 0xccd0}, //绦
{0x7ee7, 0xbccc}, //继
{0x7ee8, 0xe7b0}, //绨
{0x7ee9, 0xbca8}, //绩
{0x7eea, 0xd0f7}, //绪
{0x7eeb, 0xe7b1}, //绫
{0x7eec, 0xc086}, //绬
{0x7eed, 0xd0f8}, //续
{0x7eee, 0xe7b2}, //绮
{0x7eef, 0xe7b3}, //绯
{0x7ef0, 0xb4c2}, //绰
{0x7ef1, 0xe7b4}, //绱
{0x7ef2, 0xe7b5}, //绲
{0x7ef3, 0xc9fe}, //绳
{0x7ef4, 0xceac}, //维
{0x7ef5, 0xc3e0}, //绵
{0x7ef6, 0xe7b7}, //绶
{0x7ef7, 0xb1c1}, //绷
{0x7ef8, 0xb3f1}, //绸
{0x7ef9, 0xc087}, //绹
{0x7efa, 0xe7b8}, //绺
{0x7efb, 0xe7b9}, //绻
{0x7efc, 0xd7db}, //综
{0x7efd, 0xd5c0}, //绽
{0x7efe, 0xe7ba}, //绾
{0x7eff, 0xc2cc}, //绿
{0x7f00, 0xd7ba}, //缀
{0x7f01, 0xe7bb}, //缁
{0x7f02, 0xe7bc}, //缂
{0x7f03, 0xe7bd}, //缃
{0x7f04, 0xbcea}, //缄
{0x7f05, 0xc3e5}, //缅
{0x7f06, 0xc0c2}, //缆
{0x7f07, 0xe7be}, //缇
{0x7f08, 0xe7bf}, //缈
{0x7f09, 0xbca9}, //缉
{0x7f0a, 0xc088}, //缊
{0x7f0b, 0xe7c0}, //缋
{0x7f0c, 0xe7c1}, //缌
{0x7f0d, 0xe7b6}, //缍
{0x7f0e, 0xb6d0}, //缎
{0x7f0f, 0xe7c2}, //缏
{0x7f10, 0xc089}, //缐
{0x7f11, 0xe7c3}, //缑
{0x7f12, 0xe7c4}, //缒
{0x7f13, 0xbbba}, //缓
{0x7f14, 0xb5de}, //缔
{0x7f15, 0xc2c6}, //缕
{0x7f16, 0xb1e0}, //编
{0x7f17, 0xe7c5}, //缗
{0x7f18, 0xd4b5}, //缘
{0x7f19, 0xe7c6}, //缙
{0x7f1a, 0xb8bf}, //缚
{0x7f1b, 0xe7c8}, //缛
{0x7f1c, 0xe7c7}, //缜
{0x7f1d, 0xb7ec}, //缝
{0x7f1e, 0xc08a}, //缞
{0x7f1f, 0xe7c9}, //缟
{0x7f20, 0xb2f8}, //缠
{0x7f21, 0xe7ca}, //缡
{0x7f22, 0xe7cb}, //缢
{0x7f23, 0xe7cc}, //缣
{0x7f24, 0xe7cd}, //缤
{0x7f25, 0xe7ce}, //缥
{0x7f26, 0xe7cf}, //缦
{0x7f27, 0xe7d0}, //缧
{0x7f28, 0xd3a7}, //缨
{0x7f29, 0xcbf5}, //缩
{0x7f2a, 0xe7d1}, //缪
{0x7f2b, 0xe7d2}, //缫
{0x7f2c, 0xe7d3}, //缬
{0x7f2d, 0xe7d4}, //缭
{0x7f2e, 0xc9c9}, //缮
{0x7f2f, 0xe7d5}, //缯
{0x7f30, 0xe7d6}, //缰
{0x7f31, 0xe7d7}, //缱
{0x7f32, 0xe7d8}, //缲
{0x7f33, 0xe7d9}, //缳
{0x7f34, 0xbdc9}, //缴
{0x7f35, 0xe7da}, //缵
{0x7f36, 0xf3be}, //缶
{0x7f37, 0xc08b}, //缷
{0x7f38, 0xb8d7}, //缸
{0x7f39, 0xc08c}, //缹
{0x7f3a, 0xc8b1}, //缺
{0x7f3b, 0xc08d}, //缻
{0x7f3c, 0xc08e}, //缼
{0x7f3d, 0xc08f}, //缽
{0x7f3e, 0xc090}, //缾
{0x7f3f, 0xc091}, //缿
{0x7f40, 0xc092}, //罀
{0x7f41, 0xc093}, //罁
{0x7f42, 0xf3bf}, //罂
{0x7f43, 0xc094}, //罃
{0x7f44, 0xf3c0}, //罄
{0x7f45, 0xf3c1}, //罅
{0x7f46, 0xc095}, //罆
{0x7f47, 0xc096}, //罇
{0x7f48, 0xc097}, //罈
{0x7f49, 0xc098}, //罉
{0x7f4a, 0xc099}, //罊
{0x7f4b, 0xc09a}, //罋
{0x7f4c, 0xc09b}, //罌
{0x7f4d, 0xc09c}, //罍
{0x7f4e, 0xc09d}, //罎
{0x7f4f, 0xc09e}, //罏
{0x7f50, 0xb9de}, //罐
{0x7f51, 0xcdf8}, //网
{0x7f52, 0xc09f}, //罒
{0x7f53, 0xc0a0}, //罓
{0x7f54, 0xd8e8}, //罔
{0x7f55, 0xbab1}, //罕
{0x7f56, 0xc140}, //罖
{0x7f57, 0xc2de}, //罗
{0x7f58, 0xeeb7}, //罘
{0x7f59, 0xc141}, //罙
{0x7f5a, 0xb7a3}, //罚
{0x7f5b, 0xc142}, //罛
{0x7f5c, 0xc143}, //罜
{0x7f5d, 0xc144}, //罝
{0x7f5e, 0xc145}, //罞
{0x7f5f, 0xeeb9}, //罟
{0x7f60, 0xc146}, //罠
{0x7f61, 0xeeb8}, //罡
{0x7f62, 0xb0d5}, //罢
{0x7f63, 0xc147}, //罣
{0x7f64, 0xc148}, //罤
{0x7f65, 0xc149}, //罥
{0x7f66, 0xc14a}, //罦
{0x7f67, 0xc14b}, //罧
{0x7f68, 0xeebb}, //罨
{0x7f69, 0xd5d6}, //罩
{0x7f6a, 0xd7ef}, //罪
{0x7f6b, 0xc14c}, //罫
{0x7f6c, 0xc14d}, //罬
{0x7f6d, 0xc14e}, //罭
{0x7f6e, 0xd6c3}, //置
{0x7f6f, 0xc14f}, //罯
{0x7f70, 0xc150}, //罰
{0x7f71, 0xeebd}, //罱
{0x7f72, 0xcaf0}, //署
{0x7f73, 0xc151}, //罳
{0x7f74, 0xeebc}, //罴
{0x7f75, 0xc152}, //罵
{0x7f76, 0xc153}, //罶
{0x7f77, 0xc154}, //罷
{0x7f78, 0xc155}, //罸
{0x7f79, 0xeebe}, //罹
{0x7f7a, 0xc156}, //罺
{0x7f7b, 0xc157}, //罻
{0x7f7c, 0xc158}, //罼
{0x7f7d, 0xc159}, //罽
{0x7f7e, 0xeec0}, //罾
{0x7f7f, 0xc15a}, //罿
{0x7f80, 0xc15b}, //羀
{0x7f81, 0xeebf}, //羁
{0x7f82, 0xc15c}, //羂
{0x7f83, 0xc15d}, //羃
{0x7f84, 0xc15e}, //羄
{0x7f85, 0xc15f}, //羅
{0x7f86, 0xc160}, //羆
{0x7f87, 0xc161}, //羇
{0x7f88, 0xc162}, //羈
{0x7f89, 0xc163}, //羉
{0x7f8a, 0xd1f2}, //羊
{0x7f8b, 0xc164}, //羋
{0x7f8c, 0xc7bc}, //羌
{0x7f8d, 0xc165}, //羍
{0x7f8e, 0xc3c0}, //美
{0x7f8f, 0xc166}, //羏
{0x7f90, 0xc167}, //羐
{0x7f91, 0xc168}, //羑
{0x7f92, 0xc169}, //羒
{0x7f93, 0xc16a}, //羓
{0x7f94, 0xb8e1}, //羔
{0x7f95, 0xc16b}, //羕
{0x7f96, 0xc16c}, //羖
{0x7f97, 0xc16d}, //羗
{0x7f98, 0xc16e}, //羘
{0x7f99, 0xc16f}, //羙
{0x7f9a, 0xc1e7}, //羚
{0x7f9b, 0xc170}, //羛
{0x7f9c, 0xc171}, //羜
{0x7f9d, 0xf4c6}, //羝
{0x7f9e, 0xd0df}, //羞
{0x7f9f, 0xf4c7}, //羟
{0x7fa0, 0xc172}, //羠
{0x7fa1, 0xcfdb}, //羡
{0x7fa2, 0xc173}, //羢
{0x7fa3, 0xc174}, //羣
{0x7fa4, 0xc8ba}, //群
{0x7fa5, 0xc175}, //羥
{0x7fa6, 0xc176}, //羦
{0x7fa7, 0xf4c8}, //羧
{0x7fa8, 0xc177}, //羨
{0x7fa9, 0xc178}, //義
{0x7faa, 0xc179}, //羪
{0x7fab, 0xc17a}, //羫
{0x7fac, 0xc17b}, //羬
{0x7fad, 0xc17c}, //羭
{0x7fae, 0xc17d}, //羮
{0x7faf, 0xf4c9}, //羯
{0x7fb0, 0xf4ca}, //羰
{0x7fb1, 0xc17e}, //羱
{0x7fb2, 0xf4cb}, //羲
{0x7fb3, 0xc180}, //羳
{0x7fb4, 0xc181}, //羴
{0x7fb5, 0xc182}, //羵
{0x7fb6, 0xc183}, //羶
{0x7fb7, 0xc184}, //羷
{0x7fb8, 0xd9fa}, //羸
{0x7fb9, 0xb8fe}, //羹
{0x7fba, 0xc185}, //羺
{0x7fbb, 0xc186}, //羻
{0x7fbc, 0xe5f1}, //羼
{0x7fbd, 0xd3f0}, //羽
{0x7fbe, 0xc187}, //羾
{0x7fbf, 0xf4e0}, //羿
{0x7fc0, 0xc188}, //翀
{0x7fc1, 0xcecc}, //翁
{0x7fc2, 0xc189}, //翂
{0x7fc3, 0xc18a}, //翃
{0x7fc4, 0xc18b}, //翄
{0x7fc5, 0xb3e1}, //翅
{0x7fc6, 0xc18c}, //翆
{0x7fc7, 0xc18d}, //翇
{0x7fc8, 0xc18e}, //翈
{0x7fc9, 0xc18f}, //翉
{0x7fca, 0xf1b4}, //翊
{0x7fcb, 0xc190}, //翋
{0x7fcc, 0xd2ee}, //翌
{0x7fcd, 0xc191}, //翍
{0x7fce, 0xf4e1}, //翎
{0x7fcf, 0xc192}, //翏
{0x7fd0, 0xc193}, //翐
{0x7fd1, 0xc194}, //翑
{0x7fd2, 0xc195}, //習
{0x7fd3, 0xc196}, //翓
{0x7fd4, 0xcfe8}, //翔
{0x7fd5, 0xf4e2}, //翕
{0x7fd6, 0xc197}, //翖
{0x7fd7, 0xc198}, //翗
{0x7fd8, 0xc7cc}, //翘
{0x7fd9, 0xc199}, //翙
{0x7fda, 0xc19a}, //翚
{0x7fdb, 0xc19b}, //翛
{0x7fdc, 0xc19c}, //翜
{0x7fdd, 0xc19d}, //翝
{0x7fde, 0xc19e}, //翞
{0x7fdf, 0xb5d4}, //翟
{0x7fe0, 0xb4e4}, //翠
{0x7fe1, 0xf4e4}, //翡
{0x7fe2, 0xc19f}, //翢
{0x7fe3, 0xc1a0}, //翣
{0x7fe4, 0xc240}, //翤
{0x7fe5, 0xf4e3}, //翥
{0x7fe6, 0xf4e5}, //翦
{0x7fe7, 0xc241}, //翧
{0x7fe8, 0xc242}, //翨
{0x7fe9, 0xf4e6}, //翩
{0x7fea, 0xc243}, //翪
{0x7feb, 0xc244}, //翫
{0x7fec, 0xc245}, //翬
{0x7fed, 0xc246}, //翭
{0x7fee, 0xf4e7}, //翮
{0x7fef, 0xc247}, //翯
{0x7ff0, 0xbab2}, //翰
{0x7ff1, 0xb0bf}, //翱
{0x7ff2, 0xc248}, //翲
{0x7ff3, 0xf4e8}, //翳
{0x7ff4, 0xc249}, //翴
{0x7ff5, 0xc24a}, //翵
{0x7ff6, 0xc24b}, //翶
{0x7ff7, 0xc24c}, //翷
{0x7ff8, 0xc24d}, //翸
{0x7ff9, 0xc24e}, //翹
{0x7ffa, 0xc24f}, //翺
{0x7ffb, 0xb7ad}, //翻
{0x7ffc, 0xd2ed}, //翼
{0x7ffd, 0xc250}, //翽
{0x7ffe, 0xc251}, //翾
{0x7fff, 0xc252}, //翿
{0x8000, 0xd2ab}, //耀
{0x8001, 0xc0cf}, //老
{0x8002, 0xc253}, //耂
{0x8003, 0xbfbc}, //考
{0x8004, 0xeba3}, //耄
{0x8005, 0xd5df}, //者
{0x8006, 0xeac8}, //耆
{0x8007, 0xc254}, //耇
{0x8008, 0xc255}, //耈
{0x8009, 0xc256}, //耉
{0x800a, 0xc257}, //耊
{0x800b, 0xf1f3}, //耋
{0x800c, 0xb6f8}, //而
{0x800d, 0xcba3}, //耍
{0x800e, 0xc258}, //耎
{0x800f, 0xc259}, //耏
{0x8010, 0xc4cd}, //耐
{0x8011, 0xc25a}, //耑
{0x8012, 0xf1e7}, //耒
{0x8013, 0xc25b}, //耓
{0x8014, 0xf1e8}, //耔
{0x8015, 0xb8fb}, //耕
{0x8016, 0xf1e9}, //耖
{0x8017, 0xbac4}, //耗
{0x8018, 0xd4c5}, //耘
{0x8019, 0xb0d2}, //耙
{0x801a, 0xc25c}, //耚
{0x801b, 0xc25d}, //耛
{0x801c, 0xf1ea}, //耜
{0x801d, 0xc25e}, //耝
{0x801e, 0xc25f}, //耞
{0x801f, 0xc260}, //耟
{0x8020, 0xf1eb}, //耠
{0x8021, 0xc261}, //耡
{0x8022, 0xf1ec}, //耢
{0x8023, 0xc262}, //耣
{0x8024, 0xc263}, //耤
{0x8025, 0xf1ed}, //耥
{0x8026, 0xf1ee}, //耦
{0x8027, 0xf1ef}, //耧
{0x8028, 0xf1f1}, //耨
{0x8029, 0xf1f0}, //耩
{0x802a, 0xc5d5}, //耪
{0x802b, 0xc264}, //耫
{0x802c, 0xc265}, //耬
{0x802d, 0xc266}, //耭
{0x802e, 0xc267}, //耮
{0x802f, 0xc268}, //耯
{0x8030, 0xc269}, //耰
{0x8031, 0xf1f2}, //耱
{0x8032, 0xc26a}, //耲
{0x8033, 0xb6fa}, //耳
{0x8034, 0xc26b}, //耴
{0x8035, 0xf1f4}, //耵
{0x8036, 0xd2ae}, //耶
{0x8037, 0xdec7}, //耷
{0x8038, 0xcbca}, //耸
{0x8039, 0xc26c}, //耹
{0x803a, 0xc26d}, //耺
{0x803b, 0xb3dc}, //耻
{0x803c, 0xc26e}, //耼
{0x803d, 0xb5a2}, //耽
{0x803e, 0xc26f}, //耾
{0x803f, 0xb9a2}, //耿
{0x8040, 0xc270}, //聀
{0x8041, 0xc271}, //聁
{0x8042, 0xc4f4}, //聂
{0x8043, 0xf1f5}, //聃
{0x8044, 0xc272}, //聄
{0x8045, 0xc273}, //聅
{0x8046, 0xf1f6}, //聆
{0x8047, 0xc274}, //聇
{0x8048, 0xc275}, //聈
{0x8049, 0xc276}, //聉
{0x804a, 0xc1c4}, //聊
{0x804b, 0xc1fb}, //聋
{0x804c, 0xd6b0}, //职
{0x804d, 0xf1f7}, //聍
{0x804e, 0xc277}, //聎
{0x804f, 0xc278}, //聏
{0x8050, 0xc279}, //聐
{0x8051, 0xc27a}, //聑
{0x8052, 0xf1f8}, //聒
{0x8053, 0xc27b}, //聓
{0x8054, 0xc1aa}, //联
{0x8055, 0xc27c}, //聕
{0x8056, 0xc27d}, //聖
{0x8057, 0xc27e}, //聗
{0x8058, 0xc6b8}, //聘
{0x8059, 0xc280}, //聙
{0x805a, 0xbedb}, //聚
{0x805b, 0xc281}, //聛
{0x805c, 0xc282}, //聜
{0x805d, 0xc283}, //聝
{0x805e, 0xc284}, //聞
{0x805f, 0xc285}, //聟
{0x8060, 0xc286}, //聠
{0x8061, 0xc287}, //聡
{0x8062, 0xc288}, //聢
{0x8063, 0xc289}, //聣
{0x8064, 0xc28a}, //聤
{0x8065, 0xc28b}, //聥
{0x8066, 0xc28c}, //聦
{0x8067, 0xc28d}, //聧
{0x8068, 0xc28e}, //聨
{0x8069, 0xf1f9}, //聩
{0x806a, 0xb4cf}, //聪
{0x806b, 0xc28f}, //聫
{0x806c, 0xc290}, //聬
{0x806d, 0xc291}, //聭
{0x806e, 0xc292}, //聮
{0x806f, 0xc293}, //聯
{0x8070, 0xc294}, //聰
{0x8071, 0xf1fa}, //聱
{0x8072, 0xc295}, //聲
{0x8073, 0xc296}, //聳
{0x8074, 0xc297}, //聴
{0x8075, 0xc298}, //聵
{0x8076, 0xc299}, //聶
{0x8077, 0xc29a}, //職
{0x8078, 0xc29b}, //聸
{0x8079, 0xc29c}, //聹
{0x807a, 0xc29d}, //聺
{0x807b, 0xc29e}, //聻
{0x807c, 0xc29f}, //聼
{0x807d, 0xc2a0}, //聽
{0x807e, 0xc340}, //聾
{0x807f, 0xedb2}, //聿
{0x8080, 0xedb1}, //肀
{0x8081, 0xc341}, //肁
{0x8082, 0xc342}, //肂
{0x8083, 0xcbe0}, //肃
{0x8084, 0xd2de}, //肄
{0x8085, 0xc343}, //肅
{0x8086, 0xcbc1}, //肆
{0x8087, 0xd5d8}, //肇
{0x8088, 0xc344}, //肈
{0x8089, 0xc8e2}, //肉
{0x808a, 0xc345}, //肊
{0x808b, 0xc0df}, //肋
{0x808c, 0xbca1}, //肌
{0x808d, 0xc346}, //肍
{0x808e, 0xc347}, //肎
{0x808f, 0xc348}, //肏
{0x8090, 0xc349}, //肐
{0x8091, 0xc34a}, //肑
{0x8092, 0xc34b}, //肒
{0x8093, 0xebc1}, //肓
{0x8094, 0xc34c}, //肔
{0x8095, 0xc34d}, //肕
{0x8096, 0xd0a4}, //肖
{0x8097, 0xc34e}, //肗
{0x8098, 0xd6e2}, //肘
{0x8099, 0xc34f}, //肙
{0x809a, 0xb6c7}, //肚
{0x809b, 0xb8d8}, //肛
{0x809c, 0xebc0}, //肜
{0x809d, 0xb8ce}, //肝
{0x809e, 0xc350}, //肞
{0x809f, 0xebbf}, //肟
{0x80a0, 0xb3a6}, //肠
{0x80a1, 0xb9c9}, //股
{0x80a2, 0xd6ab}, //肢
{0x80a3, 0xc351}, //肣
{0x80a4, 0xb7f4}, //肤
{0x80a5, 0xb7ca}, //肥
{0x80a6, 0xc352}, //肦
{0x80a7, 0xc353}, //肧
{0x80a8, 0xc354}, //肨
{0x80a9, 0xbce7}, //肩
{0x80aa, 0xb7be}, //肪
{0x80ab, 0xebc6}, //肫
{0x80ac, 0xc355}, //肬
{0x80ad, 0xebc7}, //肭
{0x80ae, 0xb0b9}, //肮
{0x80af, 0xbfcf}, //肯
{0x80b0, 0xc356}, //肰
{0x80b1, 0xebc5}, //肱
{0x80b2, 0xd3fd}, //育
{0x80b3, 0xc357}, //肳
{0x80b4, 0xebc8}, //肴
{0x80b5, 0xc358}, //肵
{0x80b6, 0xc359}, //肶
{0x80b7, 0xebc9}, //肷
{0x80b8, 0xc35a}, //肸
{0x80b9, 0xc35b}, //肹
{0x80ba, 0xb7ce}, //肺
{0x80bb, 0xc35c}, //肻
{0x80bc, 0xebc2}, //肼
{0x80bd, 0xebc4}, //肽
{0x80be, 0xc9f6}, //肾
{0x80bf, 0xd6d7}, //肿
{0x80c0, 0xd5cd}, //胀
{0x80c1, 0xd0b2}, //胁
{0x80c2, 0xebcf}, //胂
{0x80c3, 0xceb8}, //胃
{0x80c4, 0xebd0}, //胄
{0x80c5, 0xc35d}, //胅
{0x80c6, 0xb5a8}, //胆
{0x80c7, 0xc35e}, //胇
{0x80c8, 0xc35f}, //胈
{0x80c9, 0xc360}, //胉
{0x80ca, 0xc361}, //胊
{0x80cb, 0xc362}, //胋
{0x80cc, 0xb1b3}, //背
{0x80cd, 0xebd2}, //胍
{0x80ce, 0xcca5}, //胎
{0x80cf, 0xc363}, //胏
{0x80d0, 0xc364}, //胐
{0x80d1, 0xc365}, //胑
{0x80d2, 0xc366}, //胒
{0x80d3, 0xc367}, //胓
{0x80d4, 0xc368}, //胔
{0x80d5, 0xc369}, //胕
{0x80d6, 0xc5d6}, //胖
{0x80d7, 0xebd3}, //胗
{0x80d8, 0xc36a}, //胘
{0x80d9, 0xebd1}, //胙
{0x80da, 0xc5df}, //胚
{0x80db, 0xebce}, //胛
{0x80dc, 0xcaa4}, //胜
{0x80dd, 0xebd5}, //胝
{0x80de, 0xb0fb}, //胞
{0x80df, 0xc36b}, //胟
{0x80e0, 0xc36c}, //胠
{0x80e1, 0xbafa}, //胡
{0x80e2, 0xc36d}, //胢
{0x80e3, 0xc36e}, //胣
{0x80e4, 0xd8b7}, //胤
{0x80e5, 0xf1e3}, //胥
{0x80e6, 0xc36f}, //胦
{0x80e7, 0xebca}, //胧
{0x80e8, 0xebcb}, //胨
{0x80e9, 0xebcc}, //胩
{0x80ea, 0xebcd}, //胪
{0x80eb, 0xebd6}, //胫
{0x80ec, 0xe6c0}, //胬
{0x80ed, 0xebd9}, //胭
{0x80ee, 0xc370}, //胮
{0x80ef, 0xbfe8}, //胯
{0x80f0, 0xd2c8}, //胰
{0x80f1, 0xebd7}, //胱
{0x80f2, 0xebdc}, //胲
{0x80f3, 0xb8ec}, //胳
{0x80f4, 0xebd8}, //胴
{0x80f5, 0xc371}, //胵
{0x80f6, 0xbdba}, //胶
{0x80f7, 0xc372}, //胷
{0x80f8, 0xd0d8}, //胸
{0x80f9, 0xc373}, //胹
{0x80fa, 0xb0b7}, //胺
{0x80fb, 0xc374}, //胻
{0x80fc, 0xebdd}, //胼
{0x80fd, 0xc4dc}, //能
{0x80fe, 0xc375}, //胾
{0x80ff, 0xc376}, //胿
{0x8100, 0xc377}, //脀
{0x8101, 0xc378}, //脁
{0x8102, 0xd6ac}, //脂
{0x8103, 0xc379}, //脃
{0x8104, 0xc37a}, //脄
{0x8105, 0xc37b}, //脅
{0x8106, 0xb4e0}, //脆
{0x8107, 0xc37c}, //脇
{0x8108, 0xc37d}, //脈
{0x8109, 0xc2f6}, //脉
{0x810a, 0xbcb9}, //脊
{0x810b, 0xc37e}, //脋
{0x810c, 0xc380}, //脌
{0x810d, 0xebda}, //脍
{0x810e, 0xebdb}, //脎
{0x810f, 0xd4e0}, //脏
{0x8110, 0xc6ea}, //脐
{0x8111, 0xc4d4}, //脑
{0x8112, 0xebdf}, //脒
{0x8113, 0xc5a7}, //脓
{0x8114, 0xd9f5}, //脔
{0x8115, 0xc381}, //脕
{0x8116, 0xb2b1}, //脖
{0x8117, 0xc382}, //脗
{0x8118, 0xebe4}, //脘
{0x8119, 0xc383}, //脙
{0x811a, 0xbdc5}, //脚
{0x811b, 0xc384}, //脛
{0x811c, 0xc385}, //脜
{0x811d, 0xc386}, //脝
{0x811e, 0xebe2}, //脞
{0x811f, 0xc387}, //脟
{0x8120, 0xc388}, //脠
{0x8121, 0xc389}, //脡
{0x8122, 0xc38a}, //脢
{0x8123, 0xc38b}, //脣
{0x8124, 0xc38c}, //脤
{0x8125, 0xc38d}, //脥
{0x8126, 0xc38e}, //脦
{0x8127, 0xc38f}, //脧
{0x8128, 0xc390}, //脨
{0x8129, 0xc391}, //脩
{0x812a, 0xc392}, //脪
{0x812b, 0xc393}, //脫
{0x812c, 0xebe3}, //脬
{0x812d, 0xc394}, //脭
{0x812e, 0xc395}, //脮
{0x812f, 0xb8ac}, //脯
{0x8130, 0xc396}, //脰
{0x8131, 0xcdd1}, //脱
{0x8132, 0xebe5}, //脲
{0x8133, 0xc397}, //脳
{0x8134, 0xc398}, //脴
{0x8135, 0xc399}, //脵
{0x8136, 0xebe1}, //脶
{0x8137, 0xc39a}, //脷
{0x8138, 0xc1b3}, //脸
{0x8139, 0xc39b}, //脹
{0x813a, 0xc39c}, //脺
{0x813b, 0xc39d}, //脻
{0x813c, 0xc39e}, //脼
{0x813d, 0xc39f}, //脽
{0x813e, 0xc6a2}, //脾
{0x813f, 0xc3a0}, //脿
{0x8140, 0xc440}, //腀
{0x8141, 0xc441}, //腁
{0x8142, 0xc442}, //腂
{0x8143, 0xc443}, //腃
{0x8144, 0xc444}, //腄
{0x8145, 0xc445}, //腅
{0x8146, 0xccf3}, //腆
{0x8147, 0xc446}, //腇
{0x8148, 0xebe6}, //腈
{0x8149, 0xc447}, //腉
{0x814a, 0xc0b0}, //腊
{0x814b, 0xd2b8}, //腋
{0x814c, 0xebe7}, //腌
{0x814d, 0xc448}, //腍
{0x814e, 0xc449}, //腎
{0x814f, 0xc44a}, //腏
{0x8150, 0xb8af}, //腐
{0x8151, 0xb8ad}, //腑
{0x8152, 0xc44b}, //腒
{0x8153, 0xebe8}, //腓
{0x8154, 0xc7bb}, //腔
{0x8155, 0xcdf3}, //腕
{0x8156, 0xc44c}, //腖
{0x8157, 0xc44d}, //腗
{0x8158, 0xc44e}, //腘
{0x8159, 0xebea}, //腙
{0x815a, 0xebeb}, //腚
{0x815b, 0xc44f}, //腛
{0x815c, 0xc450}, //腜
{0x815d, 0xc451}, //腝
{0x815e, 0xc452}, //腞
{0x815f, 0xc453}, //腟
{0x8160, 0xebed}, //腠
{0x8161, 0xc454}, //腡
{0x8162, 0xc455}, //腢
{0x8163, 0xc456}, //腣
{0x8164, 0xc457}, //腤
{0x8165, 0xd0c8}, //腥
{0x8166, 0xc458}, //腦
{0x8167, 0xebf2}, //腧
{0x8168, 0xc459}, //腨
{0x8169, 0xebee}, //腩
{0x816a, 0xc45a}, //腪
{0x816b, 0xc45b}, //腫
{0x816c, 0xc45c}, //腬
{0x816d, 0xebf1}, //腭
{0x816e, 0xc8f9}, //腮
{0x816f, 0xc45d}, //腯
{0x8170, 0xd1fc}, //腰
{0x8171, 0xebec}, //腱
{0x8172, 0xc45e}, //腲
{0x8173, 0xc45f}, //腳
{0x8174, 0xebe9}, //腴
{0x8175, 0xc460}, //腵
{0x8176, 0xc461}, //腶
{0x8177, 0xc462}, //腷
{0x8178, 0xc463}, //腸
{0x8179, 0xb8b9}, //腹
{0x817a, 0xcfd9}, //腺
{0x817b, 0xc4e5}, //腻
{0x817c, 0xebef}, //腼
{0x817d, 0xebf0}, //腽
{0x817e, 0xccda}, //腾
{0x817f, 0xcdc8}, //腿
{0x8180, 0xb0f2}, //膀
{0x8181, 0xc464}, //膁
{0x8182, 0xebf6}, //膂
{0x8183, 0xc465}, //膃
{0x8184, 0xc466}, //膄
{0x8185, 0xc467}, //膅
{0x8186, 0xc468}, //膆
{0x8187, 0xc469}, //膇
{0x8188, 0xebf5}, //膈
{0x8189, 0xc46a}, //膉
{0x818a, 0xb2b2}, //膊
{0x818b, 0xc46b}, //膋
{0x818c, 0xc46c}, //膌
{0x818d, 0xc46d}, //膍
{0x818e, 0xc46e}, //膎
{0x818f, 0xb8e0}, //膏
{0x8190, 0xc46f}, //膐
{0x8191, 0xebf7}, //膑
{0x8192, 0xc470}, //膒
{0x8193, 0xc471}, //膓
{0x8194, 0xc472}, //膔
{0x8195, 0xc473}, //膕
{0x8196, 0xc474}, //膖
{0x8197, 0xc475}, //膗
{0x8198, 0xb1ec}, //膘
{0x8199, 0xc476}, //膙
{0x819a, 0xc477}, //膚
{0x819b, 0xccc5}, //膛
{0x819c, 0xc4a4}, //膜
{0x819d, 0xcfa5}, //膝
{0x819e, 0xc478}, //膞
{0x819f, 0xc479}, //膟
{0x81a0, 0xc47a}, //膠
{0x81a1, 0xc47b}, //膡
{0x81a2, 0xc47c}, //膢
{0x81a3, 0xebf9}, //膣
{0x81a4, 0xc47d}, //膤
{0x81a5, 0xc47e}, //膥
{0x81a6, 0xeca2}, //膦
{0x81a7, 0xc480}, //膧
{0x81a8, 0xc5f2}, //膨
{0x81a9, 0xc481}, //膩
{0x81aa, 0xebfa}, //膪
{0x81ab, 0xc482}, //膫
{0x81ac, 0xc483}, //膬
{0x81ad, 0xc484}, //膭
{0x81ae, 0xc485}, //膮
{0x81af, 0xc486}, //膯
{0x81b0, 0xc487}, //膰
{0x81b1, 0xc488}, //膱
{0x81b2, 0xc489}, //膲
{0x81b3, 0xc9c5}, //膳
{0x81b4, 0xc48a}, //膴
{0x81b5, 0xc48b}, //膵
{0x81b6, 0xc48c}, //膶
{0x81b7, 0xc48d}, //膷
{0x81b8, 0xc48e}, //膸
{0x81b9, 0xc48f}, //膹
{0x81ba, 0xe2df}, //膺
{0x81bb, 0xebfe}, //膻
{0x81bc, 0xc490}, //膼
{0x81bd, 0xc491}, //膽
{0x81be, 0xc492}, //膾
{0x81bf, 0xc493}, //膿
{0x81c0, 0xcdce}, //臀
{0x81c1, 0xeca1}, //臁
{0x81c2, 0xb1db}, //臂
{0x81c3, 0xd3b7}, //臃
{0x81c4, 0xc494}, //臄
{0x81c5, 0xc495}, //臅
{0x81c6, 0xd2dc}, //臆
{0x81c7, 0xc496}, //臇
{0x81c8, 0xc497}, //臈
{0x81c9, 0xc498}, //臉
{0x81ca, 0xebfd}, //臊
{0x81cb, 0xc499}, //臋
{0x81cc, 0xebfb}, //臌
{0x81cd, 0xc49a}, //臍
{0x81ce, 0xc49b}, //臎
{0x81cf, 0xc49c}, //臏
{0x81d0, 0xc49d}, //臐
{0x81d1, 0xc49e}, //臑
{0x81d2, 0xc49f}, //臒
{0x81d3, 0xc4a0}, //臓
{0x81d4, 0xc540}, //臔
{0x81d5, 0xc541}, //臕
{0x81d6, 0xc542}, //臖
{0x81d7, 0xc543}, //臗
{0x81d8, 0xc544}, //臘
{0x81d9, 0xc545}, //臙
{0x81da, 0xc546}, //臚
{0x81db, 0xc547}, //臛
{0x81dc, 0xc548}, //臜
{0x81dd, 0xc549}, //臝
{0x81de, 0xc54a}, //臞
{0x81df, 0xc54b}, //臟
{0x81e0, 0xc54c}, //臠
{0x81e1, 0xc54d}, //臡
{0x81e2, 0xc54e}, //臢
{0x81e3, 0xb3bc}, //臣
{0x81e4, 0xc54f}, //臤
{0x81e5, 0xc550}, //臥
{0x81e6, 0xc551}, //臦
{0x81e7, 0xeab0}, //臧
{0x81e8, 0xc552}, //臨
{0x81e9, 0xc553}, //臩
{0x81ea, 0xd7d4}, //自
{0x81eb, 0xc554}, //臫
{0x81ec, 0xf4ab}, //臬
{0x81ed, 0xb3f4}, //臭
{0x81ee, 0xc555}, //臮
{0x81ef, 0xc556}, //臯
{0x81f0, 0xc557}, //臰
{0x81f1, 0xc558}, //臱
{0x81f2, 0xc559}, //臲
{0x81f3, 0xd6c1}, //至
{0x81f4, 0xd6c2}, //致
{0x81f5, 0xc55a}, //臵
{0x81f6, 0xc55b}, //臶
{0x81f7, 0xc55c}, //臷
{0x81f8, 0xc55d}, //臸
{0x81f9, 0xc55e}, //臹
{0x81fa, 0xc55f}, //臺
{0x81fb, 0xd5e9}, //臻
{0x81fc, 0xbeca}, //臼
{0x81fd, 0xc560}, //臽
{0x81fe, 0xf4a7}, //臾
{0x81ff, 0xc561}, //臿
{0x8200, 0xd2a8}, //舀
{0x8201, 0xf4a8}, //舁
{0x8202, 0xf4a9}, //舂
{0x8203, 0xc562}, //舃
{0x8204, 0xf4aa}, //舄
{0x8205, 0xbecb}, //舅
{0x8206, 0xd3df}, //舆
{0x8207, 0xc563}, //與
{0x8208, 0xc564}, //興
{0x8209, 0xc565}, //舉
{0x820a, 0xc566}, //舊
{0x820b, 0xc567}, //舋
{0x820c, 0xc9e0}, //舌
{0x820d, 0xc9e1}, //舍
{0x820e, 0xc568}, //舎
{0x820f, 0xc569}, //舏
{0x8210, 0xf3c2}, //舐
{0x8211, 0xc56a}, //舑
{0x8212, 0xcae6}, //舒
{0x8213, 0xc56b}, //舓
{0x8214, 0xccf2}, //舔
{0x8215, 0xc56c}, //舕
{0x8216, 0xc56d}, //舖
{0x8217, 0xc56e}, //舗
{0x8218, 0xc56f}, //舘
{0x8219, 0xc570}, //舙
{0x821a, 0xc571}, //舚
{0x821b, 0xe2b6}, //舛
{0x821c, 0xcbb4}, //舜
{0x821d, 0xc572}, //舝
{0x821e, 0xcee8}, //舞
{0x821f, 0xd6db}, //舟
{0x8220, 0xc573}, //舠
{0x8221, 0xf4ad}, //舡
{0x8222, 0xf4ae}, //舢
{0x8223, 0xf4af}, //舣
{0x8224, 0xc574}, //舤
{0x8225, 0xc575}, //舥
{0x8226, 0xc576}, //舦
{0x8227, 0xc577}, //舧
{0x8228, 0xf4b2}, //舨
{0x8229, 0xc578}, //舩
{0x822a, 0xbabd}, //航
{0x822b, 0xf4b3}, //舫
{0x822c, 0xb0e3}, //般
{0x822d, 0xf4b0}, //舭
{0x822e, 0xc579}, //舮
{0x822f, 0xf4b1}, //舯
{0x8230, 0xbda2}, //舰
{0x8231, 0xb2d5}, //舱
{0x8232, 0xc57a}, //舲
{0x8233, 0xf4b6}, //舳
{0x8234, 0xf4b7}, //舴
{0x8235, 0xb6e6}, //舵
{0x8236, 0xb2b0}, //舶
{0x8237, 0xcfcf}, //舷
{0x8238, 0xf4b4}, //舸
{0x8239, 0xb4ac}, //船
{0x823a, 0xc57b}, //舺
{0x823b, 0xf4b5}, //舻
{0x823c, 0xc57c}, //舼
{0x823d, 0xc57d}, //舽
{0x823e, 0xf4b8}, //舾
{0x823f, 0xc57e}, //舿
{0x8240, 0xc580}, //艀
{0x8241, 0xc581}, //艁
{0x8242, 0xc582}, //艂
{0x8243, 0xc583}, //艃
{0x8244, 0xf4b9}, //艄
{0x8245, 0xc584}, //艅
{0x8246, 0xc585}, //艆
{0x8247, 0xcda7}, //艇
{0x8248, 0xc586}, //艈
{0x8249, 0xf4ba}, //艉
{0x824a, 0xc587}, //艊
{0x824b, 0xf4bb}, //艋
{0x824c, 0xc588}, //艌
{0x824d, 0xc589}, //艍
{0x824e, 0xc58a}, //艎
{0x824f, 0xf4bc}, //艏
{0x8250, 0xc58b}, //艐
{0x8251, 0xc58c}, //艑
{0x8252, 0xc58d}, //艒
{0x8253, 0xc58e}, //艓
{0x8254, 0xc58f}, //艔
{0x8255, 0xc590}, //艕
{0x8256, 0xc591}, //艖
{0x8257, 0xc592}, //艗
{0x8258, 0xcbd2}, //艘
{0x8259, 0xc593}, //艙
{0x825a, 0xf4bd}, //艚
{0x825b, 0xc594}, //艛
{0x825c, 0xc595}, //艜
{0x825d, 0xc596}, //艝
{0x825e, 0xc597}, //艞
{0x825f, 0xf4be}, //艟
{0x8260, 0xc598}, //艠
{0x8261, 0xc599}, //艡
{0x8262, 0xc59a}, //艢
{0x8263, 0xc59b}, //艣
{0x8264, 0xc59c}, //艤
{0x8265, 0xc59d}, //艥
{0x8266, 0xc59e}, //艦
{0x8267, 0xc59f}, //艧
{0x8268, 0xf4bf}, //艨
{0x8269, 0xc5a0}, //艩
{0x826a, 0xc640}, //艪
{0x826b, 0xc641}, //艫
{0x826c, 0xc642}, //艬
{0x826d, 0xc643}, //艭
{0x826e, 0xf4de}, //艮
{0x826f, 0xc1bc}, //良
{0x8270, 0xbce8}, //艰
{0x8271, 0xc644}, //艱
{0x8272, 0xc9ab}, //色
{0x8273, 0xd1de}, //艳
{0x8274, 0xe5f5}, //艴
{0x8275, 0xc645}, //艵
{0x8276, 0xc646}, //艶
{0x8277, 0xc647}, //艷
{0x8278, 0xc648}, //艸
{0x8279, 0xdcb3}, //艹
{0x827a, 0xd2d5}, //艺
{0x827b, 0xc649}, //艻
{0x827c, 0xc64a}, //艼
{0x827d, 0xdcb4}, //艽
{0x827e, 0xb0ac}, //艾
{0x827f, 0xdcb5}, //艿
{0x8280, 0xc64b}, //芀
{0x8281, 0xc64c}, //芁
{0x8282, 0xbdda}, //节
{0x8283, 0xc64d}, //芃
{0x8284, 0xdcb9}, //芄
{0x8285, 0xc64e}, //芅
{0x8286, 0xc64f}, //芆
{0x8287, 0xc650}, //芇
{0x8288, 0xd8c2}, //芈
{0x8289, 0xc651}, //芉
{0x828a, 0xdcb7}, //芊
{0x828b, 0xd3f3}, //芋
{0x828c, 0xc652}, //芌
{0x828d, 0xc9d6}, //芍
{0x828e, 0xdcba}, //芎
{0x828f, 0xdcb6}, //芏
{0x8290, 0xc653}, //芐
{0x8291, 0xdcbb}, //芑
{0x8292, 0xc3a2}, //芒
{0x8293, 0xc654}, //芓
{0x8294, 0xc655}, //芔
{0x8295, 0xc656}, //芕
{0x8296, 0xc657}, //芖
{0x8297, 0xdcbc}, //芗
{0x8298, 0xdcc5}, //芘
{0x8299, 0xdcbd}, //芙
{0x829a, 0xc658}, //芚
{0x829b, 0xc659}, //芛
{0x829c, 0xcedf}, //芜
{0x829d, 0xd6a5}, //芝
{0x829e, 0xc65a}, //芞
{0x829f, 0xdccf}, //芟
{0x82a0, 0xc65b}, //芠
{0x82a1, 0xdccd}, //芡
{0x82a2, 0xc65c}, //芢
{0x82a3, 0xc65d}, //芣
{0x82a4, 0xdcd2}, //芤
{0x82a5, 0xbde6}, //芥
{0x82a6, 0xc2ab}, //芦
{0x82a7, 0xc65e}, //芧
{0x82a8, 0xdcb8}, //芨
{0x82a9, 0xdccb}, //芩
{0x82aa, 0xdcce}, //芪
{0x82ab, 0xdcbe}, //芫
{0x82ac, 0xb7d2}, //芬
{0x82ad, 0xb0c5}, //芭
{0x82ae, 0xdcc7}, //芮
{0x82af, 0xd0be}, //芯
{0x82b0, 0xdcc1}, //芰
{0x82b1, 0xbba8}, //花
{0x82b2, 0xc65f}, //芲
{0x82b3, 0xb7bc}, //芳
{0x82b4, 0xdccc}, //芴
{0x82b5, 0xc660}, //芵
{0x82b6, 0xc661}, //芶
{0x82b7, 0xdcc6}, //芷
{0x82b8, 0xdcbf}, //芸
{0x82b9, 0xc7db}, //芹
{0x82ba, 0xc662}, //芺
{0x82bb, 0xc663}, //芻
{0x82bc, 0xc664}, //芼
{0x82bd, 0xd1bf}, //芽
{0x82be, 0xdcc0}, //芾
{0x82bf, 0xc665}, //芿
{0x82c0, 0xc666}, //苀
{0x82c1, 0xdcca}, //苁
{0x82c2, 0xc667}, //苂
{0x82c3, 0xc668}, //苃
{0x82c4, 0xdcd0}, //苄
{0x82c5, 0xc669}, //苅
{0x82c6, 0xc66a}, //苆
{0x82c7, 0xcead}, //苇
{0x82c8, 0xdcc2}, //苈
{0x82c9, 0xc66b}, //苉
{0x82ca, 0xdcc3}, //苊
{0x82cb, 0xdcc8}, //苋
{0x82cc, 0xdcc9}, //苌
{0x82cd, 0xb2d4}, //苍
{0x82ce, 0xdcd1}, //苎
{0x82cf, 0xcbd5}, //苏
{0x82d0, 0xc66c}, //苐
{0x82d1, 0xd4b7}, //苑
{0x82d2, 0xdcdb}, //苒
{0x82d3, 0xdcdf}, //苓
{0x82d4, 0xcca6}, //苔
{0x82d5, 0xdce6}, //苕
{0x82d6, 0xc66d}, //苖
{0x82d7, 0xc3e7}, //苗
{0x82d8, 0xdcdc}, //苘
{0x82d9, 0xc66e}, //苙
{0x82da, 0xc66f}, //苚
{0x82db, 0xbfc1}, //苛
{0x82dc, 0xdcd9}, //苜
{0x82dd, 0xc670}, //苝
{0x82de, 0xb0fa}, //苞
{0x82df, 0xb9b6}, //苟
{0x82e0, 0xdce5}, //苠
{0x82e1, 0xdcd3}, //苡
{0x82e2, 0xc671}, //苢
{0x82e3, 0xdcc4}, //苣
{0x82e4, 0xdcd6}, //苤
{0x82e5, 0xc8f4}, //若
{0x82e6, 0xbfe0}, //苦
{0x82e7, 0xc672}, //苧
{0x82e8, 0xc673}, //苨
{0x82e9, 0xc674}, //苩
{0x82ea, 0xc675}, //苪
{0x82eb, 0xc9bb}, //苫
{0x82ec, 0xc676}, //苬
{0x82ed, 0xc677}, //苭
{0x82ee, 0xc678}, //苮
{0x82ef, 0xb1bd}, //苯
{0x82f0, 0xc679}, //苰
{0x82f1, 0xd3a2}, //英
{0x82f2, 0xc67a}, //苲
{0x82f3, 0xc67b}, //苳
{0x82f4, 0xdcda}, //苴
{0x82f5, 0xc67c}, //苵
{0x82f6, 0xc67d}, //苶
{0x82f7, 0xdcd5}, //苷
{0x82f8, 0xc67e}, //苸
{0x82f9, 0xc6bb}, //苹
{0x82fa, 0xc680}, //苺
{0x82fb, 0xdcde}, //苻
{0x82fc, 0xc681}, //苼
{0x82fd, 0xc682}, //苽
{0x82fe, 0xc683}, //苾
{0x82ff, 0xc684}, //苿
{0x8300, 0xc685}, //茀
{0x8301, 0xd7c2}, //茁
{0x8302, 0xc3af}, //茂
{0x8303, 0xb7b6}, //范
{0x8304, 0xc7d1}, //茄
{0x8305, 0xc3a9}, //茅
{0x8306, 0xdce2}, //茆
{0x8307, 0xdcd8}, //茇
{0x8308, 0xdceb}, //茈
{0x8309, 0xdcd4}, //茉
{0x830a, 0xc686}, //茊
{0x830b, 0xc687}, //茋
{0x830c, 0xdcdd}, //茌
{0x830d, 0xc688}, //茍
{0x830e, 0xbea5}, //茎
{0x830f, 0xdcd7}, //茏
{0x8310, 0xc689}, //茐
{0x8311, 0xdce0}, //茑
{0x8312, 0xc68a}, //茒
{0x8313, 0xc68b}, //茓
{0x8314, 0xdce3}, //茔
{0x8315, 0xdce4}, //茕
{0x8316, 0xc68c}, //茖
{0x8317, 0xdcf8}, //茗
{0x8318, 0xc68d}, //茘
{0x8319, 0xc68e}, //茙
{0x831a, 0xdce1}, //茚
{0x831b, 0xdda2}, //茛
{0x831c, 0xdce7}, //茜
{0x831d, 0xc68f}, //茝
{0x831e, 0xc690}, //茞
{0x831f, 0xc691}, //茟
{0x8320, 0xc692}, //茠
{0x8321, 0xc693}, //茡
{0x8322, 0xc694}, //茢
{0x8323, 0xc695}, //茣
{0x8324, 0xc696}, //茤
{0x8325, 0xc697}, //茥
{0x8326, 0xc698}, //茦
{0x8327, 0xbceb}, //茧
{0x8328, 0xb4c4}, //茨
{0x8329, 0xc699}, //茩
{0x832a, 0xc69a}, //茪
{0x832b, 0xc3a3}, //茫
{0x832c, 0xb2e7}, //茬
{0x832d, 0xdcfa}, //茭
{0x832e, 0xc69b}, //茮
{0x832f, 0xdcf2}, //茯
{0x8330, 0xc69c}, //茰
{0x8331, 0xdcef}, //茱
{0x8332, 0xc69d}, //茲
{0x8333, 0xdcfc}, //茳
{0x8334, 0xdcee}, //茴
{0x8335, 0xd2f0}, //茵
{0x8336, 0xb2e8}, //茶
{0x8337, 0xc69e}, //茷
{0x8338, 0xc8d7}, //茸
{0x8339, 0xc8e3}, //茹
{0x833a, 0xdcfb}, //茺
{0x833b, 0xc69f}, //茻
{0x833c, 0xdced}, //茼
{0x833d, 0xc6a0}, //茽
{0x833e, 0xc740}, //茾
{0x833f, 0xc741}, //茿
{0x8340, 0xdcf7}, //荀
{0x8341, 0xc742}, //荁
{0x8342, 0xc743}, //荂
{0x8343, 0xdcf5}, //荃
{0x8344, 0xc744}, //荄
{0x8345, 0xc745}, //荅
{0x8346, 0xbea3}, //荆
{0x8347, 0xdcf4}, //荇
{0x8348, 0xc746}, //荈
{0x8349, 0xb2dd}, //草
{0x834a, 0xc747}, //荊
{0x834b, 0xc748}, //荋
{0x834c, 0xc749}, //荌
{0x834d, 0xc74a}, //荍
{0x834e, 0xc74b}, //荎
{0x834f, 0xdcf3}, //荏
{0x8350, 0xbcf6}, //荐
{0x8351, 0xdce8}, //荑
{0x8352, 0xbbc4}, //荒
{0x8353, 0xc74c}, //荓
{0x8354, 0xc0f3}, //荔
{0x8355, 0xc74d}, //荕
{0x8356, 0xc74e}, //荖
{0x8357, 0xc74f}, //荗
{0x8358, 0xc750}, //荘
{0x8359, 0xc751}, //荙
{0x835a, 0xbcd4}, //荚
{0x835b, 0xdce9}, //荛
{0x835c, 0xdcea}, //荜
{0x835d, 0xc752}, //荝
{0x835e, 0xdcf1}, //荞
{0x835f, 0xdcf6}, //荟
{0x8360, 0xdcf9}, //荠
{0x8361, 0xb5b4}, //荡
{0x8362, 0xc753}, //荢
{0x8363, 0xc8d9}, //荣
{0x8364, 0xbbe7}, //荤
{0x8365, 0xdcfe}, //荥
{0x8366, 0xdcfd}, //荦
{0x8367, 0xd3ab}, //荧
{0x8368, 0xdda1}, //荨
{0x8369, 0xdda3}, //荩
{0x836a, 0xdda5}, //荪
{0x836b, 0xd2f1}, //荫
{0x836c, 0xdda4}, //荬
{0x836d, 0xdda6}, //荭
{0x836e, 0xdda7}, //荮
{0x836f, 0xd2a9}, //药
{0x8370, 0xc754}, //荰
{0x8371, 0xc755}, //荱
{0x8372, 0xc756}, //荲
{0x8373, 0xc757}, //荳
{0x8374, 0xc758}, //荴
{0x8375, 0xc759}, //荵
{0x8376, 0xc75a}, //荶
{0x8377, 0xbac9}, //荷
{0x8378, 0xdda9}, //荸
{0x8379, 0xc75b}, //荹
{0x837a, 0xc75c}, //荺
{0x837b, 0xddb6}, //荻
{0x837c, 0xddb1}, //荼
{0x837d, 0xddb4}, //荽
{0x837e, 0xc75d}, //荾
{0x837f, 0xc75e}, //荿
{0x8380, 0xc75f}, //莀
{0x8381, 0xc760}, //莁
{0x8382, 0xc761}, //莂
{0x8383, 0xc762}, //莃
{0x8384, 0xc763}, //莄
{0x8385, 0xddb0}, //莅
{0x8386, 0xc6ce}, //莆
{0x8387, 0xc764}, //莇
{0x8388, 0xc765}, //莈
{0x8389, 0xc0f2}, //莉
{0x838a, 0xc766}, //莊
{0x838b, 0xc767}, //莋
{0x838c, 0xc768}, //莌
{0x838d, 0xc769}, //莍
{0x838e, 0xc9af}, //莎
{0x838f, 0xc76a}, //莏
{0x8390, 0xc76b}, //莐
{0x8391, 0xc76c}, //莑
{0x8392, 0xdcec}, //莒
{0x8393, 0xddae}, //莓
{0x8394, 0xc76d}, //莔
{0x8395, 0xc76e}, //莕
{0x8396, 0xc76f}, //莖
{0x8397, 0xc770}, //莗
{0x8398, 0xddb7}, //莘
{0x8399, 0xc771}, //莙
{0x839a, 0xc772}, //莚
{0x839b, 0xdcf0}, //莛
{0x839c, 0xddaf}, //莜
{0x839d, 0xc773}, //莝
{0x839e, 0xddb8}, //莞
{0x839f, 0xc774}, //莟
{0x83a0, 0xddac}, //莠
{0x83a1, 0xc775}, //莡
{0x83a2, 0xc776}, //莢
{0x83a3, 0xc777}, //莣
{0x83a4, 0xc778}, //莤
{0x83a5, 0xc779}, //莥
{0x83a6, 0xc77a}, //莦
{0x83a7, 0xc77b}, //莧
{0x83a8, 0xddb9}, //莨
{0x83a9, 0xddb3}, //莩
{0x83aa, 0xddad}, //莪
{0x83ab, 0xc4aa}, //莫
{0x83ac, 0xc77c}, //莬
{0x83ad, 0xc77d}, //莭
{0x83ae, 0xc77e}, //莮
{0x83af, 0xc780}, //莯
{0x83b0, 0xdda8}, //莰
{0x83b1, 0xc0b3}, //莱
{0x83b2, 0xc1ab}, //莲
{0x83b3, 0xddaa}, //莳
{0x83b4, 0xddab}, //莴
{0x83b5, 0xc781}, //莵
{0x83b6, 0xddb2}, //莶
{0x83b7, 0xbbf1}, //获
{0x83b8, 0xddb5}, //莸
{0x83b9, 0xd3a8}, //莹
{0x83ba, 0xddba}, //莺
{0x83bb, 0xc782}, //莻
{0x83bc, 0xddbb}, //莼
{0x83bd, 0xc3a7}, //莽
{0x83be, 0xc783}, //莾
{0x83bf, 0xc784}, //莿
{0x83c0, 0xddd2}, //菀
{0x83c1, 0xddbc}, //菁
{0x83c2, 0xc785}, //菂
{0x83c3, 0xc786}, //菃
{0x83c4, 0xc787}, //菄
{0x83c5, 0xddd1}, //菅
{0x83c6, 0xc788}, //菆
{0x83c7, 0xb9bd}, //菇
{0x83c8, 0xc789}, //菈
{0x83c9, 0xc78a}, //菉
{0x83ca, 0xbed5}, //菊
{0x83cb, 0xc78b}, //菋
{0x83cc, 0xbefa}, //菌
{0x83cd, 0xc78c}, //菍
{0x83ce, 0xc78d}, //菎
{0x83cf, 0xbaca}, //菏
{0x83d0, 0xc78e}, //菐
{0x83d1, 0xc78f}, //菑
{0x83d2, 0xc790}, //菒
{0x83d3, 0xc791}, //菓
{0x83d4, 0xddca}, //菔
{0x83d5, 0xc792}, //菕
{0x83d6, 0xddc5}, //菖
{0x83d7, 0xc793}, //菗
{0x83d8, 0xddbf}, //菘
{0x83d9, 0xc794}, //菙
{0x83da, 0xc795}, //菚
{0x83db, 0xc796}, //菛
{0x83dc, 0xb2cb}, //菜
{0x83dd, 0xddc3}, //菝
{0x83de, 0xc797}, //菞
{0x83df, 0xddcb}, //菟
{0x83e0, 0xb2a4}, //菠
{0x83e1, 0xddd5}, //菡
{0x83e2, 0xc798}, //菢
{0x83e3, 0xc799}, //菣
{0x83e4, 0xc79a}, //菤
{0x83e5, 0xddbe}, //菥
{0x83e6, 0xc79b}, //菦
{0x83e7, 0xc79c}, //菧
{0x83e8, 0xc79d}, //菨
{0x83e9, 0xc6d0}, //菩
{0x83ea, 0xddd0}, //菪
{0x83eb, 0xc79e}, //菫
{0x83ec, 0xc79f}, //菬
{0x83ed, 0xc7a0}, //菭
{0x83ee, 0xc840}, //菮
{0x83ef, 0xc841}, //華
{0x83f0, 0xddd4}, //菰
{0x83f1, 0xc1e2}, //菱
{0x83f2, 0xb7c6}, //菲
{0x83f3, 0xc842}, //菳
{0x83f4, 0xc843}, //菴
{0x83f5, 0xc844}, //菵
{0x83f6, 0xc845}, //菶
{0x83f7, 0xc846}, //菷
{0x83f8, 0xddce}, //菸
{0x83f9, 0xddcf}, //菹
{0x83fa, 0xc847}, //菺
{0x83fb, 0xc848}, //菻
{0x83fc, 0xc849}, //菼
{0x83fd, 0xddc4}, //菽
{0x83fe, 0xc84a}, //菾
{0x83ff, 0xc84b}, //菿
{0x8400, 0xc84c}, //萀
{0x8401, 0xddbd}, //萁
{0x8402, 0xc84d}, //萂
{0x8403, 0xddcd}, //萃
{0x8404, 0xccd1}, //萄
{0x8405, 0xc84e}, //萅
{0x8406, 0xddc9}, //萆
{0x8407, 0xc84f}, //萇
{0x8408, 0xc850}, //萈
{0x8409, 0xc851}, //萉
{0x840a, 0xc852}, //萊
{0x840b, 0xddc2}, //萋
{0x840c, 0xc3c8}, //萌
{0x840d, 0xc6bc}, //萍
{0x840e, 0xceae}, //萎
{0x840f, 0xddcc}, //萏
{0x8410, 0xc853}, //萐
{0x8411, 0xddc8}, //萑
{0x8412, 0xc854}, //萒
{0x8413, 0xc855}, //萓
{0x8414, 0xc856}, //萔
{0x8415, 0xc857}, //萕
{0x8416, 0xc858}, //萖
{0x8417, 0xc859}, //萗
{0x8418, 0xddc1}, //萘
{0x8419, 0xc85a}, //萙
{0x841a, 0xc85b}, //萚
{0x841b, 0xc85c}, //萛
{0x841c, 0xddc6}, //萜
{0x841d, 0xc2dc}, //萝
{0x841e, 0xc85d}, //萞
{0x841f, 0xc85e}, //萟
{0x8420, 0xc85f}, //萠
{0x8421, 0xc860}, //萡
{0x8422, 0xc861}, //萢
{0x8423, 0xc862}, //萣
{0x8424, 0xd3a9}, //萤
{0x8425, 0xd3aa}, //营
{0x8426, 0xddd3}, //萦
{0x8427, 0xcff4}, //萧
{0x8428, 0xc8f8}, //萨
{0x8429, 0xc863}, //萩
{0x842a, 0xc864}, //萪
{0x842b, 0xc865}, //萫
{0x842c, 0xc866}, //萬
{0x842d, 0xc867}, //萭
{0x842e, 0xc868}, //萮
{0x842f, 0xc869}, //萯
{0x8430, 0xc86a}, //萰
{0x8431, 0xdde6}, //萱
{0x8432, 0xc86b}, //萲
{0x8433, 0xc86c}, //萳
{0x8434, 0xc86d}, //萴
{0x8435, 0xc86e}, //萵
{0x8436, 0xc86f}, //萶
{0x8437, 0xc870}, //萷
{0x8438, 0xddc7}, //萸
{0x8439, 0xc871}, //萹
{0x843a, 0xc872}, //萺
{0x843b, 0xc873}, //萻
{0x843c, 0xdde0}, //萼
{0x843d, 0xc2e4}, //落
{0x843e, 0xc874}, //萾
{0x843f, 0xc875}, //萿
{0x8440, 0xc876}, //葀
{0x8441, 0xc877}, //葁
{0x8442, 0xc878}, //葂
{0x8443, 0xc879}, //葃
{0x8444, 0xc87a}, //葄
{0x8445, 0xc87b}, //葅
{0x8446, 0xdde1}, //葆
{0x8447, 0xc87c}, //葇
{0x8448, 0xc87d}, //葈
{0x8449, 0xc87e}, //葉
{0x844a, 0xc880}, //葊
{0x844b, 0xc881}, //葋
{0x844c, 0xc882}, //葌
{0x844d, 0xc883}, //葍
{0x844e, 0xc884}, //葎
{0x844f, 0xc885}, //葏
{0x8450, 0xc886}, //葐
{0x8451, 0xddd7}, //葑
{0x8452, 0xc887}, //葒
{0x8453, 0xc888}, //葓
{0x8454, 0xc889}, //葔
{0x8455, 0xc88a}, //葕
{0x8456, 0xc88b}, //葖
{0x8457, 0xd6f8}, //著
{0x8458, 0xc88c}, //葘
{0x8459, 0xddd9}, //葙
{0x845a, 0xddd8}, //葚
{0x845b, 0xb8f0}, //葛
{0x845c, 0xddd6}, //葜
{0x845d, 0xc88d}, //葝
{0x845e, 0xc88e}, //葞
{0x845f, 0xc88f}, //葟
{0x8460, 0xc890}, //葠
{0x8461, 0xc6cf}, //葡
{0x8462, 0xc891}, //葢
{0x8463, 0xb6ad}, //董
{0x8464, 0xc892}, //葤
{0x8465, 0xc893}, //葥
{0x8466, 0xc894}, //葦
{0x8467, 0xc895}, //葧
{0x8468, 0xc896}, //葨
{0x8469, 0xdde2}, //葩
{0x846a, 0xc897}, //葪
{0x846b, 0xbaf9}, //葫
{0x846c, 0xd4e1}, //葬
{0x846d, 0xdde7}, //葭
{0x846e, 0xc898}, //葮
{0x846f, 0xc899}, //葯
{0x8470, 0xc89a}, //葰
{0x8471, 0xb4d0}, //葱
{0x8472, 0xc89b}, //葲
{0x8473, 0xddda}, //葳
{0x8474, 0xc89c}, //葴
{0x8475, 0xbffb}, //葵
{0x8476, 0xdde3}, //葶
{0x8477, 0xc89d}, //葷
{0x8478, 0xdddf}, //葸
{0x8479, 0xc89e}, //葹
{0x847a, 0xdddd}, //葺
{0x847b, 0xc89f}, //葻
{0x847c, 0xc8a0}, //葼
{0x847d, 0xc940}, //葽
{0x847e, 0xc941}, //葾
{0x847f, 0xc942}, //葿
{0x8480, 0xc943}, //蒀
{0x8481, 0xc944}, //蒁
{0x8482, 0xb5d9}, //蒂
{0x8483, 0xc945}, //蒃
{0x8484, 0xc946}, //蒄
{0x8485, 0xc947}, //蒅
{0x8486, 0xc948}, //蒆
{0x8487, 0xdddb}, //蒇
{0x8488, 0xdddc}, //蒈
{0x8489, 0xddde}, //蒉
{0x848a, 0xc949}, //蒊
{0x848b, 0xbdaf}, //蒋
{0x848c, 0xdde4}, //蒌
{0x848d, 0xc94a}, //蒍
{0x848e, 0xdde5}, //蒎
{0x848f, 0xc94b}, //蒏
{0x8490, 0xc94c}, //蒐
{0x8491, 0xc94d}, //蒑
{0x8492, 0xc94e}, //蒒
{0x8493, 0xc94f}, //蒓
{0x8494, 0xc950}, //蒔
{0x8495, 0xc951}, //蒕
{0x8496, 0xc952}, //蒖
{0x8497, 0xddf5}, //蒗
{0x8498, 0xc953}, //蒘
{0x8499, 0xc3c9}, //蒙
{0x849a, 0xc954}, //蒚
{0x849b, 0xc955}, //蒛
{0x849c, 0xcbe2}, //蒜
{0x849d, 0xc956}, //蒝
{0x849e, 0xc957}, //蒞
{0x849f, 0xc958}, //蒟
{0x84a0, 0xc959}, //蒠
{0x84a1, 0xddf2}, //蒡
{0x84a2, 0xc95a}, //蒢
{0x84a3, 0xc95b}, //蒣
{0x84a4, 0xc95c}, //蒤
{0x84a5, 0xc95d}, //蒥
{0x84a6, 0xc95e}, //蒦
{0x84a7, 0xc95f}, //蒧
{0x84a8, 0xc960}, //蒨
{0x84a9, 0xc961}, //蒩
{0x84aa, 0xc962}, //蒪
{0x84ab, 0xc963}, //蒫
{0x84ac, 0xc964}, //蒬
{0x84ad, 0xc965}, //蒭
{0x84ae, 0xc966}, //蒮
{0x84af, 0xd8e1}, //蒯
{0x84b0, 0xc967}, //蒰
{0x84b1, 0xc968}, //蒱
{0x84b2, 0xc6d1}, //蒲
{0x84b3, 0xc969}, //蒳
{0x84b4, 0xddf4}, //蒴
{0x84b5, 0xc96a}, //蒵
{0x84b6, 0xc96b}, //蒶
{0x84b7, 0xc96c}, //蒷
{0x84b8, 0xd5f4}, //蒸
{0x84b9, 0xddf3}, //蒹
{0x84ba, 0xddf0}, //蒺
{0x84bb, 0xc96d}, //蒻
{0x84bc, 0xc96e}, //蒼
{0x84bd, 0xddec}, //蒽
{0x84be, 0xc96f}, //蒾
{0x84bf, 0xddef}, //蒿
{0x84c0, 0xc970}, //蓀
{0x84c1, 0xdde8}, //蓁
{0x84c2, 0xc971}, //蓂
{0x84c3, 0xc972}, //蓃
{0x84c4, 0xd0ee}, //蓄
{0x84c5, 0xc973}, //蓅
{0x84c6, 0xc974}, //蓆
{0x84c7, 0xc975}, //蓇
{0x84c8, 0xc976}, //蓈
{0x84c9, 0xc8d8}, //蓉
{0x84ca, 0xddee}, //蓊
{0x84cb, 0xc977}, //蓋
{0x84cc, 0xc978}, //蓌
{0x84cd, 0xdde9}, //蓍
{0x84ce, 0xc979}, //蓎
{0x84cf, 0xc97a}, //蓏
{0x84d0, 0xddea}, //蓐
{0x84d1, 0xcbf2}, //蓑
{0x84d2, 0xc97b}, //蓒
{0x84d3, 0xdded}, //蓓
{0x84d4, 0xc97c}, //蓔
{0x84d5, 0xc97d}, //蓕
{0x84d6, 0xb1cd}, //蓖
{0x84d7, 0xc97e}, //蓗
{0x84d8, 0xc980}, //蓘
{0x84d9, 0xc981}, //蓙
{0x84da, 0xc982}, //蓚
{0x84db, 0xc983}, //蓛
{0x84dc, 0xc984}, //蓜
{0x84dd, 0xc0b6}, //蓝
{0x84de, 0xc985}, //蓞
{0x84df, 0xbcbb}, //蓟
{0x84e0, 0xddf1}, //蓠
{0x84e1, 0xc986}, //蓡
{0x84e2, 0xc987}, //蓢
{0x84e3, 0xddf7}, //蓣
{0x84e4, 0xc988}, //蓤
{0x84e5, 0xddf6}, //蓥
{0x84e6, 0xddeb}, //蓦
{0x84e7, 0xc989}, //蓧
{0x84e8, 0xc98a}, //蓨
{0x84e9, 0xc98b}, //蓩
{0x84ea, 0xc98c}, //蓪
{0x84eb, 0xc98d}, //蓫
{0x84ec, 0xc5ee}, //蓬
{0x84ed, 0xc98e}, //蓭
{0x84ee, 0xc98f}, //蓮
{0x84ef, 0xc990}, //蓯
{0x84f0, 0xddfb}, //蓰
{0x84f1, 0xc991}, //蓱
{0x84f2, 0xc992}, //蓲
{0x84f3, 0xc993}, //蓳
{0x84f4, 0xc994}, //蓴
{0x84f5, 0xc995}, //蓵
{0x84f6, 0xc996}, //蓶
{0x84f7, 0xc997}, //蓷
{0x84f8, 0xc998}, //蓸
{0x84f9, 0xc999}, //蓹
{0x84fa, 0xc99a}, //蓺
{0x84fb, 0xc99b}, //蓻
{0x84fc, 0xdea4}, //蓼
{0x84fd, 0xc99c}, //蓽
{0x84fe, 0xc99d}, //蓾
{0x84ff, 0xdea3}, //蓿
{0x8500, 0xc99e}, //蔀
{0x8501, 0xc99f}, //蔁
{0x8502, 0xc9a0}, //蔂
{0x8503, 0xca40}, //蔃
{0x8504, 0xca41}, //蔄
{0x8505, 0xca42}, //蔅
{0x8506, 0xca43}, //蔆
{0x8507, 0xca44}, //蔇
{0x8508, 0xca45}, //蔈
{0x8509, 0xca46}, //蔉
{0x850a, 0xca47}, //蔊
{0x850b, 0xca48}, //蔋
{0x850c, 0xddf8}, //蔌
{0x850d, 0xca49}, //蔍
{0x850e, 0xca4a}, //蔎
{0x850f, 0xca4b}, //蔏
{0x8510, 0xca4c}, //蔐
{0x8511, 0xc3ef}, //蔑
{0x8512, 0xca4d}, //蔒
{0x8513, 0xc2fb}, //蔓
{0x8514, 0xca4e}, //蔔
{0x8515, 0xca4f}, //蔕
{0x8516, 0xca50}, //蔖
{0x8517, 0xd5e1}, //蔗
{0x8518, 0xca51}, //蔘
{0x8519, 0xca52}, //蔙
{0x851a, 0xceb5}, //蔚
{0x851b, 0xca53}, //蔛
{0x851c, 0xca54}, //蔜
{0x851d, 0xca55}, //蔝
{0x851e, 0xca56}, //蔞
{0x851f, 0xddfd}, //蔟
{0x8520, 0xca57}, //蔠
{0x8521, 0xb2cc}, //蔡
{0x8522, 0xca58}, //蔢
{0x8523, 0xca59}, //蔣
{0x8524, 0xca5a}, //蔤
{0x8525, 0xca5b}, //蔥
{0x8526, 0xca5c}, //蔦
{0x8527, 0xca5d}, //蔧
{0x8528, 0xca5e}, //蔨
{0x8529, 0xca5f}, //蔩
{0x852a, 0xca60}, //蔪
{0x852b, 0xc4e8}, //蔫
{0x852c, 0xcadf}, //蔬
{0x852d, 0xca61}, //蔭
{0x852e, 0xca62}, //蔮
{0x852f, 0xca63}, //蔯
{0x8530, 0xca64}, //蔰
{0x8531, 0xca65}, //蔱
{0x8532, 0xca66}, //蔲
{0x8533, 0xca67}, //蔳
{0x8534, 0xca68}, //蔴
{0x8535, 0xca69}, //蔵
{0x8536, 0xca6a}, //蔶
{0x8537, 0xc7be}, //蔷
{0x8538, 0xddfa}, //蔸
{0x8539, 0xddfc}, //蔹
{0x853a, 0xddfe}, //蔺
{0x853b, 0xdea2}, //蔻
{0x853c, 0xb0aa}, //蔼
{0x853d, 0xb1ce}, //蔽
{0x853e, 0xca6b}, //蔾
{0x853f, 0xca6c}, //蔿
{0x8540, 0xca6d}, //蕀
{0x8541, 0xca6e}, //蕁
{0x8542, 0xca6f}, //蕂
{0x8543, 0xdeac}, //蕃
{0x8544, 0xca70}, //蕄
{0x8545, 0xca71}, //蕅
{0x8546, 0xca72}, //蕆
{0x8547, 0xca73}, //蕇
{0x8548, 0xdea6}, //蕈
{0x8549, 0xbdb6}, //蕉
{0x854a, 0xc8ef}, //蕊
{0x854b, 0xca74}, //蕋
{0x854c, 0xca75}, //蕌
{0x854d, 0xca76}, //蕍
{0x854e, 0xca77}, //蕎
{0x854f, 0xca78}, //蕏
{0x8550, 0xca79}, //蕐
{0x8551, 0xca7a}, //蕑
{0x8552, 0xca7b}, //蕒
{0x8553, 0xca7c}, //蕓
{0x8554, 0xca7d}, //蕔
{0x8555, 0xca7e}, //蕕
{0x8556, 0xdea1}, //蕖
{0x8557, 0xca80}, //蕗
{0x8558, 0xca81}, //蕘
{0x8559, 0xdea5}, //蕙
{0x855a, 0xca82}, //蕚
{0x855b, 0xca83}, //蕛
{0x855c, 0xca84}, //蕜
{0x855d, 0xca85}, //蕝
{0x855e, 0xdea9}, //蕞
{0x855f, 0xca86}, //蕟
{0x8560, 0xca87}, //蕠
{0x8561, 0xca88}, //蕡
{0x8562, 0xca89}, //蕢
{0x8563, 0xca8a}, //蕣
{0x8564, 0xdea8}, //蕤
{0x8565, 0xca8b}, //蕥
{0x8566, 0xca8c}, //蕦
{0x8567, 0xca8d}, //蕧
{0x8568, 0xdea7}, //蕨
{0x8569, 0xca8e}, //蕩
{0x856a, 0xca8f}, //蕪
{0x856b, 0xca90}, //蕫
{0x856c, 0xca91}, //蕬
{0x856d, 0xca92}, //蕭
{0x856e, 0xca93}, //蕮
{0x856f, 0xca94}, //蕯
{0x8570, 0xca95}, //蕰
{0x8571, 0xca96}, //蕱
{0x8572, 0xdead}, //蕲
{0x8573, 0xca97}, //蕳
{0x8574, 0xd4cc}, //蕴
{0x8575, 0xca98}, //蕵
{0x8576, 0xca99}, //蕶
{0x8577, 0xca9a}, //蕷
{0x8578, 0xca9b}, //蕸
{0x8579, 0xdeb3}, //蕹
{0x857a, 0xdeaa}, //蕺
{0x857b, 0xdeae}, //蕻
{0x857c, 0xca9c}, //蕼
{0x857d, 0xca9d}, //蕽
{0x857e, 0xc0d9}, //蕾
{0x857f, 0xca9e}, //蕿
{0x8580, 0xca9f}, //薀
{0x8581, 0xcaa0}, //薁
{0x8582, 0xcb40}, //薂
{0x8583, 0xcb41}, //薃
{0x8584, 0xb1a1}, //薄
{0x8585, 0xdeb6}, //薅
{0x8586, 0xcb42}, //薆
{0x8587, 0xdeb1}, //薇
{0x8588, 0xcb43}, //薈
{0x8589, 0xcb44}, //薉
{0x858a, 0xcb45}, //薊
{0x858b, 0xcb46}, //薋
{0x858c, 0xcb47}, //薌
{0x858d, 0xcb48}, //薍
{0x858e, 0xcb49}, //薎
{0x858f, 0xdeb2}, //薏
{0x8590, 0xcb4a}, //薐
{0x8591, 0xcb4b}, //薑
{0x8592, 0xcb4c}, //薒
{0x8593, 0xcb4d}, //薓
{0x8594, 0xcb4e}, //薔
{0x8595, 0xcb4f}, //薕
{0x8596, 0xcb50}, //薖
{0x8597, 0xcb51}, //薗
{0x8598, 0xcb52}, //薘
{0x8599, 0xcb53}, //薙
{0x859a, 0xcb54}, //薚
{0x859b, 0xd1a6}, //薛
{0x859c, 0xdeb5}, //薜
{0x859d, 0xcb55}, //薝
{0x859e, 0xcb56}, //薞
{0x859f, 0xcb57}, //薟
{0x85a0, 0xcb58}, //薠
{0x85a1, 0xcb59}, //薡
{0x85a2, 0xcb5a}, //薢
{0x85a3, 0xcb5b}, //薣
{0x85a4, 0xdeaf}, //薤
{0x85a5, 0xcb5c}, //薥
{0x85a6, 0xcb5d}, //薦
{0x85a7, 0xcb5e}, //薧
{0x85a8, 0xdeb0}, //薨
{0x85a9, 0xcb5f}, //薩
{0x85aa, 0xd0bd}, //薪
{0x85ab, 0xcb60}, //薫
{0x85ac, 0xcb61}, //薬
{0x85ad, 0xcb62}, //薭
{0x85ae, 0xdeb4}, //薮
{0x85af, 0xcaed}, //薯
{0x85b0, 0xdeb9}, //薰
{0x85b1, 0xcb63}, //薱
{0x85b2, 0xcb64}, //薲
{0x85b3, 0xcb65}, //薳
{0x85b4, 0xcb66}, //薴
{0x85b5, 0xcb67}, //薵
{0x85b6, 0xcb68}, //薶
{0x85b7, 0xdeb8}, //薷
{0x85b8, 0xcb69}, //薸
{0x85b9, 0xdeb7}, //薹
{0x85ba, 0xcb6a}, //薺
{0x85bb, 0xcb6b}, //薻
{0x85bc, 0xcb6c}, //薼
{0x85bd, 0xcb6d}, //薽
{0x85be, 0xcb6e}, //薾
{0x85bf, 0xcb6f}, //薿
{0x85c0, 0xcb70}, //藀
{0x85c1, 0xdebb}, //藁
{0x85c2, 0xcb71}, //藂
{0x85c3, 0xcb72}, //藃
{0x85c4, 0xcb73}, //藄
{0x85c5, 0xcb74}, //藅
{0x85c6, 0xcb75}, //藆
{0x85c7, 0xcb76}, //藇
{0x85c8, 0xcb77}, //藈
{0x85c9, 0xbde5}, //藉
{0x85ca, 0xcb78}, //藊
{0x85cb, 0xcb79}, //藋
{0x85cc, 0xcb7a}, //藌
{0x85cd, 0xcb7b}, //藍
{0x85ce, 0xcb7c}, //藎
{0x85cf, 0xb2d8}, //藏
{0x85d0, 0xc3ea}, //藐
{0x85d1, 0xcb7d}, //藑
{0x85d2, 0xcb7e}, //藒
{0x85d3, 0xdeba}, //藓
{0x85d4, 0xcb80}, //藔
{0x85d5, 0xc5ba}, //藕
{0x85d6, 0xcb81}, //藖
{0x85d7, 0xcb82}, //藗
{0x85d8, 0xcb83}, //藘
{0x85d9, 0xcb84}, //藙
{0x85da, 0xcb85}, //藚
{0x85db, 0xcb86}, //藛
{0x85dc, 0xdebc}, //藜
{0x85dd, 0xcb87}, //藝
{0x85de, 0xcb88}, //藞
{0x85df, 0xcb89}, //藟
{0x85e0, 0xcb8a}, //藠
{0x85e1, 0xcb8b}, //藡
{0x85e2, 0xcb8c}, //藢
{0x85e3, 0xcb8d}, //藣
{0x85e4, 0xccd9}, //藤
{0x85e5, 0xcb8e}, //藥
{0x85e6, 0xcb8f}, //藦
{0x85e7, 0xcb90}, //藧
{0x85e8, 0xcb91}, //藨
{0x85e9, 0xb7aa}, //藩
{0x85ea, 0xcb92}, //藪
{0x85eb, 0xcb93}, //藫
{0x85ec, 0xcb94}, //藬
{0x85ed, 0xcb95}, //藭
{0x85ee, 0xcb96}, //藮
{0x85ef, 0xcb97}, //藯
{0x85f0, 0xcb98}, //藰
{0x85f1, 0xcb99}, //藱
{0x85f2, 0xcb9a}, //藲
{0x85f3, 0xcb9b}, //藳
{0x85f4, 0xcb9c}, //藴
{0x85f5, 0xcb9d}, //藵
{0x85f6, 0xcb9e}, //藶
{0x85f7, 0xcb9f}, //藷
{0x85f8, 0xcba0}, //藸
{0x85f9, 0xcc40}, //藹
{0x85fa, 0xcc41}, //藺
{0x85fb, 0xd4e5}, //藻
{0x85fc, 0xcc42}, //藼
{0x85fd, 0xcc43}, //藽
{0x85fe, 0xcc44}, //藾
{0x85ff, 0xdebd}, //藿
{0x8600, 0xcc45}, //蘀
{0x8601, 0xcc46}, //蘁
{0x8602, 0xcc47}, //蘂
{0x8603, 0xcc48}, //蘃
{0x8604, 0xcc49}, //蘄
{0x8605, 0xdebf}, //蘅
{0x8606, 0xcc4a}, //蘆
{0x8607, 0xcc4b}, //蘇
{0x8608, 0xcc4c}, //蘈
{0x8609, 0xcc4d}, //蘉
{0x860a, 0xcc4e}, //蘊
{0x860b, 0xcc4f}, //蘋
{0x860c, 0xcc50}, //蘌
{0x860d, 0xcc51}, //蘍
{0x860e, 0xcc52}, //蘎
{0x860f, 0xcc53}, //蘏
{0x8610, 0xcc54}, //蘐
{0x8611, 0xc4a2}, //蘑
{0x8612, 0xcc55}, //蘒
{0x8613, 0xcc56}, //蘓
{0x8614, 0xcc57}, //蘔
{0x8615, 0xcc58}, //蘕
{0x8616, 0xdec1}, //蘖
{0x8617, 0xcc59}, //蘗
{0x8618, 0xcc5a}, //蘘
{0x8619, 0xcc5b}, //蘙
{0x861a, 0xcc5c}, //蘚
{0x861b, 0xcc5d}, //蘛
{0x861c, 0xcc5e}, //蘜
{0x861d, 0xcc5f}, //蘝
{0x861e, 0xcc60}, //蘞
{0x861f, 0xcc61}, //蘟
{0x8620, 0xcc62}, //蘠
{0x8621, 0xcc63}, //蘡
{0x8622, 0xcc64}, //蘢
{0x8623, 0xcc65}, //蘣
{0x8624, 0xcc66}, //蘤
{0x8625, 0xcc67}, //蘥
{0x8626, 0xcc68}, //蘦
{0x8627, 0xdebe}, //蘧
{0x8628, 0xcc69}, //蘨
{0x8629, 0xdec0}, //蘩
{0x862a, 0xcc6a}, //蘪
{0x862b, 0xcc6b}, //蘫
{0x862c, 0xcc6c}, //蘬
{0x862d, 0xcc6d}, //蘭
{0x862e, 0xcc6e}, //蘮
{0x862f, 0xcc6f}, //蘯
{0x8630, 0xcc70}, //蘰
{0x8631, 0xcc71}, //蘱
{0x8632, 0xcc72}, //蘲
{0x8633, 0xcc73}, //蘳
{0x8634, 0xcc74}, //蘴
{0x8635, 0xcc75}, //蘵
{0x8636, 0xcc76}, //蘶
{0x8637, 0xcc77}, //蘷
{0x8638, 0xd5ba}, //蘸
{0x8639, 0xcc78}, //蘹
{0x863a, 0xcc79}, //蘺
{0x863b, 0xcc7a}, //蘻
{0x863c, 0xdec2}, //蘼
{0x863d, 0xcc7b}, //蘽
{0x863e, 0xcc7c}, //蘾
{0x863f, 0xcc7d}, //蘿
{0x8640, 0xcc7e}, //虀
{0x8641, 0xcc80}, //虁
{0x8642, 0xcc81}, //虂
{0x8643, 0xcc82}, //虃
{0x8644, 0xcc83}, //虄
{0x8645, 0xcc84}, //虅
{0x8646, 0xcc85}, //虆
{0x8647, 0xcc86}, //虇
{0x8648, 0xcc87}, //虈
{0x8649, 0xcc88}, //虉
{0x864a, 0xcc89}, //虊
{0x864b, 0xcc8a}, //虋
{0x864c, 0xcc8b}, //虌
{0x864d, 0xf2ae}, //虍
{0x864e, 0xbba2}, //虎
{0x864f, 0xc2b2}, //虏
{0x8650, 0xc5b0}, //虐
{0x8651, 0xc2c7}, //虑
{0x8652, 0xcc8c}, //虒
{0x8653, 0xcc8d}, //虓
{0x8654, 0xf2af}, //虔
{0x8655, 0xcc8e}, //處
{0x8656, 0xcc8f}, //虖
{0x8657, 0xcc90}, //虗
{0x8658, 0xcc91}, //虘
{0x8659, 0xcc92}, //虙
{0x865a, 0xd0e9}, //虚
{0x865b, 0xcc93}, //虛
{0x865c, 0xcc94}, //虜
{0x865d, 0xcc95}, //虝
{0x865e, 0xd3dd}, //虞
{0x865f, 0xcc96}, //號
{0x8660, 0xcc97}, //虠
{0x8661, 0xcc98}, //虡
{0x8662, 0xebbd}, //虢
{0x8663, 0xcc99}, //虣
{0x8664, 0xcc9a}, //虤
{0x8665, 0xcc9b}, //虥
{0x8666, 0xcc9c}, //虦
{0x8667, 0xcc9d}, //虧
{0x8668, 0xcc9e}, //虨
{0x8669, 0xcc9f}, //虩
{0x866a, 0xcca0}, //虪
{0x866b, 0xb3e6}, //虫
{0x866c, 0xf2b0}, //虬
{0x866d, 0xcd40}, //虭
{0x866e, 0xf2b1}, //虮
{0x866f, 0xcd41}, //虯
{0x8670, 0xcd42}, //虰
{0x8671, 0xcaad}, //虱
{0x8672, 0xcd43}, //虲
{0x8673, 0xcd44}, //虳
{0x8674, 0xcd45}, //虴
{0x8675, 0xcd46}, //虵
{0x8676, 0xcd47}, //虶
{0x8677, 0xcd48}, //虷
{0x8678, 0xcd49}, //虸
{0x8679, 0xbae7}, //虹
{0x867a, 0xf2b3}, //虺
{0x867b, 0xf2b5}, //虻
{0x867c, 0xf2b4}, //虼
{0x867d, 0xcbe4}, //虽
{0x867e, 0xcfba}, //虾
{0x867f, 0xf2b2}, //虿
{0x8680, 0xcab4}, //蚀
{0x8681, 0xd2cf}, //蚁
{0x8682, 0xc2ec}, //蚂
{0x8683, 0xcd4a}, //蚃
{0x8684, 0xcd4b}, //蚄
{0x8685, 0xcd4c}, //蚅
{0x8686, 0xcd4d}, //蚆
{0x8687, 0xcd4e}, //蚇
{0x8688, 0xcd4f}, //蚈
{0x8689, 0xcd50}, //蚉
{0x868a, 0xcec3}, //蚊
{0x868b, 0xf2b8}, //蚋
{0x868c, 0xb0f6}, //蚌
{0x868d, 0xf2b7}, //蚍
{0x868e, 0xcd51}, //蚎
{0x868f, 0xcd52}, //蚏
{0x8690, 0xcd53}, //蚐
{0x8691, 0xcd54}, //蚑
{0x8692, 0xcd55}, //蚒
{0x8693, 0xf2be}, //蚓
{0x8694, 0xcd56}, //蚔
{0x8695, 0xb2cf}, //蚕
{0x8696, 0xcd57}, //蚖
{0x8697, 0xcd58}, //蚗
{0x8698, 0xcd59}, //蚘
{0x8699, 0xcd5a}, //蚙
{0x869a, 0xcd5b}, //蚚
{0x869b, 0xcd5c}, //蚛
{0x869c, 0xd1c1}, //蚜
{0x869d, 0xf2ba}, //蚝
{0x869e, 0xcd5d}, //蚞
{0x869f, 0xcd5e}, //蚟
{0x86a0, 0xcd5f}, //蚠
{0x86a1, 0xcd60}, //蚡
{0x86a2, 0xcd61}, //蚢
{0x86a3, 0xf2bc}, //蚣
{0x86a4, 0xd4e9}, //蚤
{0x86a5, 0xcd62}, //蚥
{0x86a6, 0xcd63}, //蚦
{0x86a7, 0xf2bb}, //蚧
{0x86a8, 0xf2b6}, //蚨
{0x86a9, 0xf2bf}, //蚩
{0x86aa, 0xf2bd}, //蚪
{0x86ab, 0xcd64}, //蚫
{0x86ac, 0xf2b9}, //蚬
{0x86ad, 0xcd65}, //蚭
{0x86ae, 0xcd66}, //蚮
{0x86af, 0xf2c7}, //蚯
{0x86b0, 0xf2c4}, //蚰
{0x86b1, 0xf2c6}, //蚱
{0x86b2, 0xcd67}, //蚲
{0x86b3, 0xcd68}, //蚳
{0x86b4, 0xf2ca}, //蚴
{0x86b5, 0xf2c2}, //蚵
{0x86b6, 0xf2c0}, //蚶
{0x86b7, 0xcd69}, //蚷
{0x86b8, 0xcd6a}, //蚸
{0x86b9, 0xcd6b}, //蚹
{0x86ba, 0xf2c5}, //蚺
{0x86bb, 0xcd6c}, //蚻
{0x86bc, 0xcd6d}, //蚼
{0x86bd, 0xcd6e}, //蚽
{0x86be, 0xcd6f}, //蚾
{0x86bf, 0xcd70}, //蚿
{0x86c0, 0xd6fb}, //蛀
{0x86c1, 0xcd71}, //蛁
{0x86c2, 0xcd72}, //蛂
{0x86c3, 0xcd73}, //蛃
{0x86c4, 0xf2c1}, //蛄
{0x86c5, 0xcd74}, //蛅
{0x86c6, 0xc7f9}, //蛆
{0x86c7, 0xc9df}, //蛇
{0x86c8, 0xcd75}, //蛈
{0x86c9, 0xf2c8}, //蛉
{0x86ca, 0xb9c6}, //蛊
{0x86cb, 0xb5b0}, //蛋
{0x86cc, 0xcd76}, //蛌
{0x86cd, 0xcd77}, //蛍
{0x86ce, 0xf2c3}, //蛎
{0x86cf, 0xf2c9}, //蛏
{0x86d0, 0xf2d0}, //蛐
{0x86d1, 0xf2d6}, //蛑
{0x86d2, 0xcd78}, //蛒
{0x86d3, 0xcd79}, //蛓
{0x86d4, 0xbbd7}, //蛔
{0x86d5, 0xcd7a}, //蛕
{0x86d6, 0xcd7b}, //蛖
{0x86d7, 0xcd7c}, //蛗
{0x86d8, 0xf2d5}, //蛘
{0x86d9, 0xcddc}, //蛙
{0x86da, 0xcd7d}, //蛚
{0x86db, 0xd6eb}, //蛛
{0x86dc, 0xcd7e}, //蛜
{0x86dd, 0xcd80}, //蛝
{0x86de, 0xf2d2}, //蛞
{0x86df, 0xf2d4}, //蛟
{0x86e0, 0xcd81}, //蛠
{0x86e1, 0xcd82}, //蛡
{0x86e2, 0xcd83}, //蛢
{0x86e3, 0xcd84}, //蛣
{0x86e4, 0xb8f2}, //蛤
{0x86e5, 0xcd85}, //蛥
{0x86e6, 0xcd86}, //蛦
{0x86e7, 0xcd87}, //蛧
{0x86e8, 0xcd88}, //蛨
{0x86e9, 0xf2cb}, //蛩
{0x86ea, 0xcd89}, //蛪
{0x86eb, 0xcd8a}, //蛫
{0x86ec, 0xcd8b}, //蛬
{0x86ed, 0xf2ce}, //蛭
{0x86ee, 0xc2f9}, //蛮
{0x86ef, 0xcd8c}, //蛯
{0x86f0, 0xd5dd}, //蛰
{0x86f1, 0xf2cc}, //蛱
{0x86f2, 0xf2cd}, //蛲
{0x86f3, 0xf2cf}, //蛳
{0x86f4, 0xf2d3}, //蛴
{0x86f5, 0xcd8d}, //蛵
{0x86f6, 0xcd8e}, //蛶
{0x86f7, 0xcd8f}, //蛷
{0x86f8, 0xf2d9}, //蛸
{0x86f9, 0xd3bc}, //蛹
{0x86fa, 0xcd90}, //蛺
{0x86fb, 0xcd91}, //蛻
{0x86fc, 0xcd92}, //蛼
{0x86fd, 0xcd93}, //蛽
{0x86fe, 0xb6ea}, //蛾
{0x86ff, 0xcd94}, //蛿
{0x8700, 0xcaf1}, //蜀
{0x8701, 0xcd95}, //蜁
{0x8702, 0xb7e4}, //蜂
{0x8703, 0xf2d7}, //蜃
{0x8704, 0xcd96}, //蜄
{0x8705, 0xcd97}, //蜅
{0x8706, 0xcd98}, //蜆
{0x8707, 0xf2d8}, //蜇
{0x8708, 0xf2da}, //蜈
{0x8709, 0xf2dd}, //蜉
{0x870a, 0xf2db}, //蜊
{0x870b, 0xcd99}, //蜋
{0x870c, 0xcd9a}, //蜌
{0x870d, 0xf2dc}, //蜍
{0x870e, 0xcd9b}, //蜎
{0x870f, 0xcd9c}, //蜏
{0x8710, 0xcd9d}, //蜐
{0x8711, 0xcd9e}, //蜑
{0x8712, 0xd1d1}, //蜒
{0x8713, 0xf2d1}, //蜓
{0x8714, 0xcd9f}, //蜔
{0x8715, 0xcdc9}, //蜕
{0x8716, 0xcda0}, //蜖
{0x8717, 0xcecf}, //蜗
{0x8718, 0xd6a9}, //蜘
{0x8719, 0xce40}, //蜙
{0x871a, 0xf2e3}, //蜚
{0x871b, 0xce41}, //蜛
{0x871c, 0xc3db}, //蜜
{0x871d, 0xce42}, //蜝
{0x871e, 0xf2e0}, //蜞
{0x871f, 0xce43}, //蜟
{0x8720, 0xce44}, //蜠
{0x8721, 0xc0af}, //蜡
{0x8722, 0xf2ec}, //蜢
{0x8723, 0xf2de}, //蜣
{0x8724, 0xce45}, //蜤
{0x8725, 0xf2e1}, //蜥
{0x8726, 0xce46}, //蜦
{0x8727, 0xce47}, //蜧
{0x8728, 0xce48}, //蜨
{0x8729, 0xf2e8}, //蜩
{0x872a, 0xce49}, //蜪
{0x872b, 0xce4a}, //蜫
{0x872c, 0xce4b}, //蜬
{0x872d, 0xce4c}, //蜭
{0x872e, 0xf2e2}, //蜮
{0x872f, 0xce4d}, //蜯
{0x8730, 0xce4e}, //蜰
{0x8731, 0xf2e7}, //蜱
{0x8732, 0xce4f}, //蜲
{0x8733, 0xce50}, //蜳
{0x8734, 0xf2e6}, //蜴
{0x8735, 0xce51}, //蜵
{0x8736, 0xce52}, //蜶
{0x8737, 0xf2e9}, //蜷
{0x8738, 0xce53}, //蜸
{0x8739, 0xce54}, //蜹
{0x873a, 0xce55}, //蜺
{0x873b, 0xf2df}, //蜻
{0x873c, 0xce56}, //蜼
{0x873d, 0xce57}, //蜽
{0x873e, 0xf2e4}, //蜾
{0x873f, 0xf2ea}, //蜿
{0x8740, 0xce58}, //蝀
{0x8741, 0xce59}, //蝁
{0x8742, 0xce5a}, //蝂
{0x8743, 0xce5b}, //蝃
{0x8744, 0xce5c}, //蝄
{0x8745, 0xce5d}, //蝅
{0x8746, 0xce5e}, //蝆
{0x8747, 0xd3ac}, //蝇
{0x8748, 0xf2e5}, //蝈
{0x8749, 0xb2f5}, //蝉
{0x874a, 0xce5f}, //蝊
{0x874b, 0xce60}, //蝋
{0x874c, 0xf2f2}, //蝌
{0x874d, 0xce61}, //蝍
{0x874e, 0xd0ab}, //蝎
{0x874f, 0xce62}, //蝏
{0x8750, 0xce63}, //蝐
{0x8751, 0xce64}, //蝑
{0x8752, 0xce65}, //蝒
{0x8753, 0xf2f5}, //蝓
{0x8754, 0xce66}, //蝔
{0x8755, 0xce67}, //蝕
{0x8756, 0xce68}, //蝖
{0x8757, 0xbbc8}, //蝗
{0x8758, 0xce69}, //蝘
{0x8759, 0xf2f9}, //蝙
{0x875a, 0xce6a}, //蝚
{0x875b, 0xce6b}, //蝛
{0x875c, 0xce6c}, //蝜
{0x875d, 0xce6d}, //蝝
{0x875e, 0xce6e}, //蝞
{0x875f, 0xce6f}, //蝟
{0x8760, 0xf2f0}, //蝠
{0x8761, 0xce70}, //蝡
{0x8762, 0xce71}, //蝢
{0x8763, 0xf2f6}, //蝣
{0x8764, 0xf2f8}, //蝤
{0x8765, 0xf2fa}, //蝥
{0x8766, 0xce72}, //蝦
{0x8767, 0xce73}, //蝧
{0x8768, 0xce74}, //蝨
{0x8769, 0xce75}, //蝩
{0x876a, 0xce76}, //蝪
{0x876b, 0xce77}, //蝫
{0x876c, 0xce78}, //蝬
{0x876d, 0xce79}, //蝭
{0x876e, 0xf2f3}, //蝮
{0x876f, 0xce7a}, //蝯
{0x8770, 0xf2f1}, //蝰
{0x8771, 0xce7b}, //蝱
{0x8772, 0xce7c}, //蝲
{0x8773, 0xce7d}, //蝳
{0x8774, 0xbafb}, //蝴
{0x8775, 0xce7e}, //蝵
{0x8776, 0xb5fb}, //蝶
{0x8777, 0xce80}, //蝷
{0x8778, 0xce81}, //蝸
{0x8779, 0xce82}, //蝹
{0x877a, 0xce83}, //蝺
{0x877b, 0xf2ef}, //蝻
{0x877c, 0xf2f7}, //蝼
{0x877d, 0xf2ed}, //蝽
{0x877e, 0xf2ee}, //蝾
{0x877f, 0xce84}, //蝿
{0x8780, 0xce85}, //螀
{0x8781, 0xce86}, //螁
{0x8782, 0xf2eb}, //螂
{0x8783, 0xf3a6}, //螃
{0x8784, 0xce87}, //螄
{0x8785, 0xf3a3}, //螅
{0x8786, 0xce88}, //螆
{0x8787, 0xce89}, //螇
{0x8788, 0xf3a2}, //螈
{0x8789, 0xce8a}, //螉
{0x878a, 0xce8b}, //螊
{0x878b, 0xf2f4}, //螋
{0x878c, 0xce8c}, //螌
{0x878d, 0xc8da}, //融
{0x878e, 0xce8d}, //螎
{0x878f, 0xce8e}, //螏
{0x8790, 0xce8f}, //螐
{0x8791, 0xce90}, //螑
{0x8792, 0xce91}, //螒
{0x8793, 0xf2fb}, //螓
{0x8794, 0xce92}, //螔
{0x8795, 0xce93}, //螕
{0x8796, 0xce94}, //螖
{0x8797, 0xf3a5}, //螗
{0x8798, 0xce95}, //螘
{0x8799, 0xce96}, //螙
{0x879a, 0xce97}, //螚
{0x879b, 0xce98}, //螛
{0x879c, 0xce99}, //螜
{0x879d, 0xce9a}, //螝
{0x879e, 0xce9b}, //螞
{0x879f, 0xc3f8}, //螟
{0x87a0, 0xce9c}, //螠
{0x87a1, 0xce9d}, //螡
{0x87a2, 0xce9e}, //螢
{0x87a3, 0xce9f}, //螣
{0x87a4, 0xcea0}, //螤
{0x87a5, 0xcf40}, //螥
{0x87a6, 0xcf41}, //螦
{0x87a7, 0xcf42}, //螧
{0x87a8, 0xf2fd}, //螨
{0x87a9, 0xcf43}, //螩
{0x87aa, 0xcf44}, //螪
{0x87ab, 0xf3a7}, //螫
{0x87ac, 0xf3a9}, //螬
{0x87ad, 0xf3a4}, //螭
{0x87ae, 0xcf45}, //螮
{0x87af, 0xf2fc}, //螯
{0x87b0, 0xcf46}, //螰
{0x87b1, 0xcf47}, //螱
{0x87b2, 0xcf48}, //螲
{0x87b3, 0xf3ab}, //螳
{0x87b4, 0xcf49}, //螴
{0x87b5, 0xf3aa}, //螵
{0x87b6, 0xcf4a}, //螶
{0x87b7, 0xcf4b}, //螷
{0x87b8, 0xcf4c}, //螸
{0x87b9, 0xcf4d}, //螹
{0x87ba, 0xc2dd}, //螺
{0x87bb, 0xcf4e}, //螻
{0x87bc, 0xcf4f}, //螼
{0x87bd, 0xf3ae}, //螽
{0x87be, 0xcf50}, //螾
{0x87bf, 0xcf51}, //螿
{0x87c0, 0xf3b0}, //蟀
{0x87c1, 0xcf52}, //蟁
{0x87c2, 0xcf53}, //蟂
{0x87c3, 0xcf54}, //蟃
{0x87c4, 0xcf55}, //蟄
{0x87c5, 0xcf56}, //蟅
{0x87c6, 0xf3a1}, //蟆
{0x87c7, 0xcf57}, //蟇
{0x87c8, 0xcf58}, //蟈
{0x87c9, 0xcf59}, //蟉
{0x87ca, 0xf3b1}, //蟊
{0x87cb, 0xf3ac}, //蟋
{0x87cc, 0xcf5a}, //蟌
{0x87cd, 0xcf5b}, //蟍
{0x87ce, 0xcf5c}, //蟎
{0x87cf, 0xcf5d}, //蟏
{0x87d0, 0xcf5e}, //蟐
{0x87d1, 0xf3af}, //蟑
{0x87d2, 0xf2fe}, //蟒
{0x87d3, 0xf3ad}, //蟓
{0x87d4, 0xcf5f}, //蟔
{0x87d5, 0xcf60}, //蟕
{0x87d6, 0xcf61}, //蟖
{0x87d7, 0xcf62}, //蟗
{0x87d8, 0xcf63}, //蟘
{0x87d9, 0xcf64}, //蟙
{0x87da, 0xcf65}, //蟚
{0x87db, 0xf3b2}, //蟛
{0x87dc, 0xcf66}, //蟜
{0x87dd, 0xcf67}, //蟝
{0x87de, 0xcf68}, //蟞
{0x87df, 0xcf69}, //蟟
{0x87e0, 0xf3b4}, //蟠
{0x87e1, 0xcf6a}, //蟡
{0x87e2, 0xcf6b}, //蟢
{0x87e3, 0xcf6c}, //蟣
{0x87e4, 0xcf6d}, //蟤
{0x87e5, 0xf3a8}, //蟥
{0x87e6, 0xcf6e}, //蟦
{0x87e7, 0xcf6f}, //蟧
{0x87e8, 0xcf70}, //蟨
{0x87e9, 0xcf71}, //蟩
{0x87ea, 0xf3b3}, //蟪
{0x87eb, 0xcf72}, //蟫
{0x87ec, 0xcf73}, //蟬
{0x87ed, 0xcf74}, //蟭
{0x87ee, 0xf3b5}, //蟮
{0x87ef, 0xcf75}, //蟯
{0x87f0, 0xcf76}, //蟰
{0x87f1, 0xcf77}, //蟱
{0x87f2, 0xcf78}, //蟲
{0x87f3, 0xcf79}, //蟳
{0x87f4, 0xcf7a}, //蟴
{0x87f5, 0xcf7b}, //蟵
{0x87f6, 0xcf7c}, //蟶
{0x87f7, 0xcf7d}, //蟷
{0x87f8, 0xcf7e}, //蟸
{0x87f9, 0xd0b7}, //蟹
{0x87fa, 0xcf80}, //蟺
{0x87fb, 0xcf81}, //蟻
{0x87fc, 0xcf82}, //蟼
{0x87fd, 0xcf83}, //蟽
{0x87fe, 0xf3b8}, //蟾
{0x87ff, 0xcf84}, //蟿
{0x8800, 0xcf85}, //蠀
{0x8801, 0xcf86}, //蠁
{0x8802, 0xcf87}, //蠂
{0x8803, 0xd9f9}, //蠃
{0x8804, 0xcf88}, //蠄
{0x8805, 0xcf89}, //蠅
{0x8806, 0xcf8a}, //蠆
{0x8807, 0xcf8b}, //蠇
{0x8808, 0xcf8c}, //蠈
{0x8809, 0xcf8d}, //蠉
{0x880a, 0xf3b9}, //蠊
{0x880b, 0xcf8e}, //蠋
{0x880c, 0xcf8f}, //蠌
{0x880d, 0xcf90}, //蠍
{0x880e, 0xcf91}, //蠎
{0x880f, 0xcf92}, //蠏
{0x8810, 0xcf93}, //蠐
{0x8811, 0xcf94}, //蠑
{0x8812, 0xcf95}, //蠒
{0x8813, 0xf3b7}, //蠓
{0x8814, 0xcf96}, //蠔
{0x8815, 0xc8e4}, //蠕
{0x8816, 0xf3b6}, //蠖
{0x8817, 0xcf97}, //蠗
{0x8818, 0xcf98}, //蠘
{0x8819, 0xcf99}, //蠙
{0x881a, 0xcf9a}, //蠚
{0x881b, 0xf3ba}, //蠛
{0x881c, 0xcf9b}, //蠜
{0x881d, 0xcf9c}, //蠝
{0x881e, 0xcf9d}, //蠞
{0x881f, 0xcf9e}, //蠟
{0x8820, 0xcf9f}, //蠠
{0x8821, 0xf3bb}, //蠡
{0x8822, 0xb4c0}, //蠢
{0x8823, 0xcfa0}, //蠣
{0x8824, 0xd040}, //蠤
{0x8825, 0xd041}, //蠥
{0x8826, 0xd042}, //蠦
{0x8827, 0xd043}, //蠧
{0x8828, 0xd044}, //蠨
{0x8829, 0xd045}, //蠩
{0x882a, 0xd046}, //蠪
{0x882b, 0xd047}, //蠫
{0x882c, 0xd048}, //蠬
{0x882d, 0xd049}, //蠭
{0x882e, 0xd04a}, //蠮
{0x882f, 0xd04b}, //蠯
{0x8830, 0xd04c}, //蠰
{0x8831, 0xd04d}, //蠱
{0x8832, 0xeec3}, //蠲
{0x8833, 0xd04e}, //蠳
{0x8834, 0xd04f}, //蠴
{0x8835, 0xd050}, //蠵
{0x8836, 0xd051}, //蠶
{0x8837, 0xd052}, //蠷
{0x8838, 0xd053}, //蠸
{0x8839, 0xf3bc}, //蠹
{0x883a, 0xd054}, //蠺
{0x883b, 0xd055}, //蠻
{0x883c, 0xf3bd}, //蠼
{0x883d, 0xd056}, //蠽
{0x883e, 0xd057}, //蠾
{0x883f, 0xd058}, //蠿
{0x8840, 0xd1aa}, //血
{0x8841, 0xd059}, //衁
{0x8842, 0xd05a}, //衂
{0x8843, 0xd05b}, //衃
{0x8844, 0xf4ac}, //衄
{0x8845, 0xd0c6}, //衅
{0x8846, 0xd05c}, //衆
{0x8847, 0xd05d}, //衇
{0x8848, 0xd05e}, //衈
{0x8849, 0xd05f}, //衉
{0x884a, 0xd060}, //衊
{0x884b, 0xd061}, //衋
{0x884c, 0xd0d0}, //行
{0x884d, 0xd1dc}, //衍
{0x884e, 0xd062}, //衎
{0x884f, 0xd063}, //衏
{0x8850, 0xd064}, //衐
{0x8851, 0xd065}, //衑
{0x8852, 0xd066}, //衒
{0x8853, 0xd067}, //術
{0x8854, 0xcfce}, //衔
{0x8855, 0xd068}, //衕
{0x8856, 0xd069}, //衖
{0x8857, 0xbdd6}, //街
{0x8858, 0xd06a}, //衘
{0x8859, 0xd1c3}, //衙
{0x885a, 0xd06b}, //衚
{0x885b, 0xd06c}, //衛
{0x885c, 0xd06d}, //衜
{0x885d, 0xd06e}, //衝
{0x885e, 0xd06f}, //衞
{0x885f, 0xd070}, //衟
{0x8860, 0xd071}, //衠
{0x8861, 0xbae2}, //衡
{0x8862, 0xe1e9}, //衢
{0x8863, 0xd2c2}, //衣
{0x8864, 0xf1c2}, //衤
{0x8865, 0xb2b9}, //补
{0x8866, 0xd072}, //衦
{0x8867, 0xd073}, //衧
{0x8868, 0xb1ed}, //表
{0x8869, 0xf1c3}, //衩
{0x886a, 0xd074}, //衪
{0x886b, 0xc9c0}, //衫
{0x886c, 0xb3c4}, //衬
{0x886d, 0xd075}, //衭
{0x886e, 0xd9f2}, //衮
{0x886f, 0xd076}, //衯
{0x8870, 0xcba5}, //衰
{0x8871, 0xd077}, //衱
{0x8872, 0xf1c4}, //衲
{0x8873, 0xd078}, //衳
{0x8874, 0xd079}, //衴
{0x8875, 0xd07a}, //衵
{0x8876, 0xd07b}, //衶
{0x8877, 0xd6d4}, //衷
{0x8878, 0xd07c}, //衸
{0x8879, 0xd07d}, //衹
{0x887a, 0xd07e}, //衺
{0x887b, 0xd080}, //衻
{0x887c, 0xd081}, //衼
{0x887d, 0xf1c5}, //衽
{0x887e, 0xf4c0}, //衾
{0x887f, 0xf1c6}, //衿
{0x8880, 0xd082}, //袀
{0x8881, 0xd4ac}, //袁
{0x8882, 0xf1c7}, //袂
{0x8883, 0xd083}, //袃
{0x8884, 0xb0c0}, //袄
{0x8885, 0xf4c1}, //袅
{0x8886, 0xd084}, //袆
{0x8887, 0xd085}, //袇
{0x8888, 0xf4c2}, //袈
{0x8889, 0xd086}, //袉
{0x888a, 0xd087}, //袊
{0x888b, 0xb4fc}, //袋
{0x888c, 0xd088}, //袌
{0x888d, 0xc5db}, //袍
{0x888e, 0xd089}, //袎
{0x888f, 0xd08a}, //袏
{0x8890, 0xd08b}, //袐
{0x8891, 0xd08c}, //袑
{0x8892, 0xccbb}, //袒
{0x8893, 0xd08d}, //袓
{0x8894, 0xd08e}, //袔
{0x8895, 0xd08f}, //袕
{0x8896, 0xd0e4}, //袖
{0x8897, 0xd090}, //袗
{0x8898, 0xd091}, //袘
{0x8899, 0xd092}, //袙
{0x889a, 0xd093}, //袚
{0x889b, 0xd094}, //袛
{0x889c, 0xcde0}, //袜
{0x889d, 0xd095}, //袝
{0x889e, 0xd096}, //袞
{0x889f, 0xd097}, //袟
{0x88a0, 0xd098}, //袠
{0x88a1, 0xd099}, //袡
{0x88a2, 0xf1c8}, //袢
{0x88a3, 0xd09a}, //袣
{0x88a4, 0xd9f3}, //袤
{0x88a5, 0xd09b}, //袥
{0x88a6, 0xd09c}, //袦
{0x88a7, 0xd09d}, //袧
{0x88a8, 0xd09e}, //袨
{0x88a9, 0xd09f}, //袩
{0x88aa, 0xd0a0}, //袪
{0x88ab, 0xb1bb}, //被
{0x88ac, 0xd140}, //袬
{0x88ad, 0xcfae}, //袭
{0x88ae, 0xd141}, //袮
{0x88af, 0xd142}, //袯
{0x88b0, 0xd143}, //袰
{0x88b1, 0xb8a4}, //袱
{0x88b2, 0xd144}, //袲
{0x88b3, 0xd145}, //袳
{0x88b4, 0xd146}, //袴
{0x88b5, 0xd147}, //袵
{0x88b6, 0xd148}, //袶
{0x88b7, 0xf1ca}, //袷
{0x88b8, 0xd149}, //袸
{0x88b9, 0xd14a}, //袹
{0x88ba, 0xd14b}, //袺
{0x88bb, 0xd14c}, //袻
{0x88bc, 0xf1cb}, //袼
{0x88bd, 0xd14d}, //袽
{0x88be, 0xd14e}, //袾
{0x88bf, 0xd14f}, //袿
{0x88c0, 0xd150}, //裀
{0x88c1, 0xb2c3}, //裁
{0x88c2, 0xc1d1}, //裂
{0x88c3, 0xd151}, //裃
{0x88c4, 0xd152}, //裄
{0x88c5, 0xd7b0}, //装
{0x88c6, 0xf1c9}, //裆
{0x88c7, 0xd153}, //裇
{0x88c8, 0xd154}, //裈
{0x88c9, 0xf1cc}, //裉
{0x88ca, 0xd155}, //裊
{0x88cb, 0xd156}, //裋
{0x88cc, 0xd157}, //裌
{0x88cd, 0xd158}, //裍
{0x88ce, 0xf1ce}, //裎
{0x88cf, 0xd159}, //裏
{0x88d0, 0xd15a}, //裐
{0x88d1, 0xd15b}, //裑
{0x88d2, 0xd9f6}, //裒
{0x88d3, 0xd15c}, //裓
{0x88d4, 0xd2e1}, //裔
{0x88d5, 0xd4a3}, //裕
{0x88d6, 0xd15d}, //裖
{0x88d7, 0xd15e}, //裗
{0x88d8, 0xf4c3}, //裘
{0x88d9, 0xc8b9}, //裙
{0x88da, 0xd15f}, //裚
{0x88db, 0xd160}, //裛
{0x88dc, 0xd161}, //補
{0x88dd, 0xd162}, //裝
{0x88de, 0xd163}, //裞
{0x88df, 0xf4c4}, //裟
{0x88e0, 0xd164}, //裠
{0x88e1, 0xd165}, //裡
{0x88e2, 0xf1cd}, //裢
{0x88e3, 0xf1cf}, //裣
{0x88e4, 0xbfe3}, //裤
{0x88e5, 0xf1d0}, //裥
{0x88e6, 0xd166}, //裦
{0x88e7, 0xd167}, //裧
{0x88e8, 0xf1d4}, //裨
{0x88e9, 0xd168}, //裩
{0x88ea, 0xd169}, //裪
{0x88eb, 0xd16a}, //裫
{0x88ec, 0xd16b}, //裬
{0x88ed, 0xd16c}, //裭
{0x88ee, 0xd16d}, //裮
{0x88ef, 0xd16e}, //裯
{0x88f0, 0xf1d6}, //裰
{0x88f1, 0xf1d1}, //裱
{0x88f2, 0xd16f}, //裲
{0x88f3, 0xc9d1}, //裳
{0x88f4, 0xc5e1}, //裴
{0x88f5, 0xd170}, //裵
{0x88f6, 0xd171}, //裶
{0x88f7, 0xd172}, //裷
{0x88f8, 0xc2e3}, //裸
{0x88f9, 0xb9fc}, //裹
{0x88fa, 0xd173}, //裺
{0x88fb, 0xd174}, //裻
{0x88fc, 0xf1d3}, //裼
{0x88fd, 0xd175}, //製
{0x88fe, 0xf1d5}, //裾
{0x88ff, 0xd176}, //裿
{0x8900, 0xd177}, //褀
{0x8901, 0xd178}, //褁
{0x8902, 0xb9d3}, //褂
{0x8903, 0xd179}, //褃
{0x8904, 0xd17a}, //褄
{0x8905, 0xd17b}, //褅
{0x8906, 0xd17c}, //褆
{0x8907, 0xd17d}, //複
{0x8908, 0xd17e}, //褈
{0x8909, 0xd180}, //褉
{0x890a, 0xf1db}, //褊
{0x890b, 0xd181}, //褋
{0x890c, 0xd182}, //褌
{0x890d, 0xd183}, //褍
{0x890e, 0xd184}, //褎
{0x890f, 0xd185}, //褏
{0x8910, 0xbad6}, //褐
{0x8911, 0xd186}, //褑
{0x8912, 0xb0fd}, //褒
{0x8913, 0xf1d9}, //褓
{0x8914, 0xd187}, //褔
{0x8915, 0xd188}, //褕
{0x8916, 0xd189}, //褖
{0x8917, 0xd18a}, //褗
{0x8918, 0xd18b}, //褘
{0x8919, 0xf1d8}, //褙
{0x891a, 0xf1d2}, //褚
{0x891b, 0xf1da}, //褛
{0x891c, 0xd18c}, //褜
{0x891d, 0xd18d}, //褝
{0x891e, 0xd18e}, //褞
{0x891f, 0xd18f}, //褟
{0x8920, 0xd190}, //褠
{0x8921, 0xf1d7}, //褡
{0x8922, 0xd191}, //褢
{0x8923, 0xd192}, //褣
{0x8924, 0xd193}, //褤
{0x8925, 0xc8ec}, //褥
{0x8926, 0xd194}, //褦
{0x8927, 0xd195}, //褧
{0x8928, 0xd196}, //褨
{0x8929, 0xd197}, //褩
{0x892a, 0xcdca}, //褪
{0x892b, 0xf1dd}, //褫
{0x892c, 0xd198}, //褬
{0x892d, 0xd199}, //褭
{0x892e, 0xd19a}, //褮
{0x892f, 0xd19b}, //褯
{0x8930, 0xe5bd}, //褰
{0x8931, 0xd19c}, //褱
{0x8932, 0xd19d}, //褲
{0x8933, 0xd19e}, //褳
{0x8934, 0xf1dc}, //褴
{0x8935, 0xd19f}, //褵
{0x8936, 0xf1de}, //褶
{0x8937, 0xd1a0}, //褷
{0x8938, 0xd240}, //褸
{0x8939, 0xd241}, //褹
{0x893a, 0xd242}, //褺
{0x893b, 0xd243}, //褻
{0x893c, 0xd244}, //褼
{0x893d, 0xd245}, //褽
{0x893e, 0xd246}, //褾
{0x893f, 0xd247}, //褿
{0x8940, 0xd248}, //襀
{0x8941, 0xf1df}, //襁
{0x8942, 0xd249}, //襂
{0x8943, 0xd24a}, //襃
{0x8944, 0xcfe5}, //襄
{0x8945, 0xd24b}, //襅
{0x8946, 0xd24c}, //襆
{0x8947, 0xd24d}, //襇
{0x8948, 0xd24e}, //襈
{0x8949, 0xd24f}, //襉
{0x894a, 0xd250}, //襊
{0x894b, 0xd251}, //襋
{0x894c, 0xd252}, //襌
{0x894d, 0xd253}, //襍
{0x894e, 0xd254}, //襎
{0x894f, 0xd255}, //襏
{0x8950, 0xd256}, //襐
{0x8951, 0xd257}, //襑
{0x8952, 0xd258}, //襒
{0x8953, 0xd259}, //襓
{0x8954, 0xd25a}, //襔
{0x8955, 0xd25b}, //襕
{0x8956, 0xd25c}, //襖
{0x8957, 0xd25d}, //襗
{0x8958, 0xd25e}, //襘
{0x8959, 0xd25f}, //襙
{0x895a, 0xd260}, //襚
{0x895b, 0xd261}, //襛
{0x895c, 0xd262}, //襜
{0x895d, 0xd263}, //襝
{0x895e, 0xf4c5}, //襞
{0x895f, 0xbdf3}, //襟
{0x8960, 0xd264}, //襠
{0x8961, 0xd265}, //襡
{0x8962, 0xd266}, //襢
{0x8963, 0xd267}, //襣
{0x8964, 0xd268}, //襤
{0x8965, 0xd269}, //襥
{0x8966, 0xf1e0}, //襦
{0x8967, 0xd26a}, //襧
{0x8968, 0xd26b}, //襨
{0x8969, 0xd26c}, //襩
{0x896a, 0xd26d}, //襪
{0x896b, 0xd26e}, //襫
{0x896c, 0xd26f}, //襬
{0x896d, 0xd270}, //襭
{0x896e, 0xd271}, //襮
{0x896f, 0xd272}, //襯
{0x8970, 0xd273}, //襰
{0x8971, 0xd274}, //襱
{0x8972, 0xd275}, //襲
{0x8973, 0xd276}, //襳
{0x8974, 0xd277}, //襴
{0x8975, 0xd278}, //襵
{0x8976, 0xd279}, //襶
{0x8977, 0xd27a}, //襷
{0x8978, 0xd27b}, //襸
{0x8979, 0xd27c}, //襹
{0x897a, 0xd27d}, //襺
{0x897b, 0xf1e1}, //襻
{0x897c, 0xd27e}, //襼
{0x897d, 0xd280}, //襽
{0x897e, 0xd281}, //襾
{0x897f, 0xcef7}, //西
{0x8980, 0xd282}, //覀
{0x8981, 0xd2aa}, //要
{0x8982, 0xd283}, //覂
{0x8983, 0xf1fb}, //覃
{0x8984, 0xd284}, //覄
{0x8985, 0xd285}, //覅
{0x8986, 0xb8b2}, //覆
{0x8987, 0xd286}, //覇
{0x8988, 0xd287}, //覈
{0x8989, 0xd288}, //覉
{0x898a, 0xd289}, //覊
{0x898b, 0xd28a}, //見
{0x898c, 0xd28b}, //覌
{0x898d, 0xd28c}, //覍
{0x898e, 0xd28d}, //覎
{0x898f, 0xd28e}, //規
{0x8990, 0xd28f}, //覐
{0x8991, 0xd290}, //覑
{0x8992, 0xd291}, //覒
{0x8993, 0xd292}, //覓
{0x8994, 0xd293}, //覔
{0x8995, 0xd294}, //覕
{0x8996, 0xd295}, //視
{0x8997, 0xd296}, //覗
{0x8998, 0xd297}, //覘
{0x8999, 0xd298}, //覙
{0x899a, 0xd299}, //覚
{0x899b, 0xd29a}, //覛
{0x899c, 0xd29b}, //覜
{0x899d, 0xd29c}, //覝
{0x899e, 0xd29d}, //覞
{0x899f, 0xd29e}, //覟
{0x89a0, 0xd29f}, //覠
{0x89a1, 0xd2a0}, //覡
{0x89a2, 0xd340}, //覢
{0x89a3, 0xd341}, //覣
{0x89a4, 0xd342}, //覤
{0x89a5, 0xd343}, //覥
{0x89a6, 0xd344}, //覦
{0x89a7, 0xd345}, //覧
{0x89a8, 0xd346}, //覨
{0x89a9, 0xd347}, //覩
{0x89aa, 0xd348}, //親
{0x89ab, 0xd349}, //覫
{0x89ac, 0xd34a}, //覬
{0x89ad, 0xd34b}, //覭
{0x89ae, 0xd34c}, //覮
{0x89af, 0xd34d}, //覯
{0x89b0, 0xd34e}, //覰
{0x89b1, 0xd34f}, //覱
{0x89b2, 0xd350}, //覲
{0x89b3, 0xd351}, //観
{0x89b4, 0xd352}, //覴
{0x89b5, 0xd353}, //覵
{0x89b6, 0xd354}, //覶
{0x89b7, 0xd355}, //覷
{0x89b8, 0xd356}, //覸
{0x89b9, 0xd357}, //覹
{0x89ba, 0xd358}, //覺
{0x89bb, 0xd359}, //覻
{0x89bc, 0xd35a}, //覼
{0x89bd, 0xd35b}, //覽
{0x89be, 0xd35c}, //覾
{0x89bf, 0xd35d}, //覿
{0x89c0, 0xd35e}, //觀
{0x89c1, 0xbcfb}, //见
{0x89c2, 0xb9db}, //观
{0x89c3, 0xd35f}, //觃
{0x89c4, 0xb9e6}, //规
{0x89c5, 0xc3d9}, //觅
{0x89c6, 0xcad3}, //视
{0x89c7, 0xeae8}, //觇
{0x89c8, 0xc0c0}, //览
{0x89c9, 0xbef5}, //觉
{0x89ca, 0xeae9}, //觊
{0x89cb, 0xeaea}, //觋
{0x89cc, 0xeaeb}, //觌
{0x89cd, 0xd360}, //觍
{0x89ce, 0xeaec}, //觎
{0x89cf, 0xeaed}, //觏
{0x89d0, 0xeaee}, //觐
{0x89d1, 0xeaef}, //觑
{0x89d2, 0xbdc7}, //角
{0x89d3, 0xd361}, //觓
{0x89d4, 0xd362}, //觔
{0x89d5, 0xd363}, //觕
{0x89d6, 0xf5fb}, //觖
{0x89d7, 0xd364}, //觗
{0x89d8, 0xd365}, //觘
{0x89d9, 0xd366}, //觙
{0x89da, 0xf5fd}, //觚
{0x89db, 0xd367}, //觛
{0x89dc, 0xf5fe}, //觜
{0x89dd, 0xd368}, //觝
{0x89de, 0xf5fc}, //觞
{0x89df, 0xd369}, //觟
{0x89e0, 0xd36a}, //觠
{0x89e1, 0xd36b}, //觡
{0x89e2, 0xd36c}, //觢
{0x89e3, 0xbde2}, //解
{0x89e4, 0xd36d}, //觤
{0x89e5, 0xf6a1}, //觥
{0x89e6, 0xb4a5}, //触
{0x89e7, 0xd36e}, //觧
{0x89e8, 0xd36f}, //觨
{0x89e9, 0xd370}, //觩
{0x89ea, 0xd371}, //觪
{0x89eb, 0xf6a2}, //觫
{0x89ec, 0xd372}, //觬
{0x89ed, 0xd373}, //觭
{0x89ee, 0xd374}, //觮
{0x89ef, 0xf6a3}, //觯
{0x89f0, 0xd375}, //觰
{0x89f1, 0xd376}, //觱
{0x89f2, 0xd377}, //觲
{0x89f3, 0xecb2}, //觳
{0x89f4, 0xd378}, //觴
{0x89f5, 0xd379}, //觵
{0x89f6, 0xd37a}, //觶
{0x89f7, 0xd37b}, //觷
{0x89f8, 0xd37c}, //觸
{0x89f9, 0xd37d}, //觹
{0x89fa, 0xd37e}, //觺
{0x89fb, 0xd380}, //觻
{0x89fc, 0xd381}, //觼
{0x89fd, 0xd382}, //觽
{0x89fe, 0xd383}, //觾
{0x89ff, 0xd384}, //觿
{0x8a00, 0xd1d4}, //言
{0x8a01, 0xd385}, //訁
{0x8a02, 0xd386}, //訂
{0x8a03, 0xd387}, //訃
{0x8a04, 0xd388}, //訄
{0x8a05, 0xd389}, //訅
{0x8a06, 0xd38a}, //訆
{0x8a07, 0xd9ea}, //訇
{0x8a08, 0xd38b}, //計
{0x8a09, 0xd38c}, //訉
{0x8a0a, 0xd38d}, //訊
{0x8a0b, 0xd38e}, //訋
{0x8a0c, 0xd38f}, //訌
{0x8a0d, 0xd390}, //訍
{0x8a0e, 0xd391}, //討
{0x8a0f, 0xd392}, //訏
{0x8a10, 0xd393}, //訐
{0x8a11, 0xd394}, //訑
{0x8a12, 0xd395}, //訒
{0x8a13, 0xd396}, //訓
{0x8a14, 0xd397}, //訔
{0x8a15, 0xd398}, //訕
{0x8a16, 0xd399}, //訖
{0x8a17, 0xd39a}, //託
{0x8a18, 0xd39b}, //記
{0x8a19, 0xd39c}, //訙
{0x8a1a, 0xd39d}, //訚
{0x8a1b, 0xd39e}, //訛
{0x8a1c, 0xd39f}, //訜
{0x8a1d, 0xd3a0}, //訝
{0x8a1e, 0xd440}, //訞
{0x8a1f, 0xd441}, //訟
{0x8a20, 0xd442}, //訠
{0x8a21, 0xd443}, //訡
{0x8a22, 0xd444}, //訢
{0x8a23, 0xd445}, //訣
{0x8a24, 0xd446}, //訤
{0x8a25, 0xd447}, //訥
{0x8a26, 0xd448}, //訦
{0x8a27, 0xd449}, //訧
{0x8a28, 0xd44a}, //訨
{0x8a29, 0xd44b}, //訩
{0x8a2a, 0xd44c}, //訪
{0x8a2b, 0xd44d}, //訫
{0x8a2c, 0xd44e}, //訬
{0x8a2d, 0xd44f}, //設
{0x8a2e, 0xd450}, //訮
{0x8a2f, 0xd451}, //訯
{0x8a30, 0xd452}, //訰
{0x8a31, 0xd453}, //許
{0x8a32, 0xd454}, //訲
{0x8a33, 0xd455}, //訳
{0x8a34, 0xd456}, //訴
{0x8a35, 0xd457}, //訵
{0x8a36, 0xd458}, //訶
{0x8a37, 0xd459}, //訷
{0x8a38, 0xd45a}, //訸
{0x8a39, 0xd45b}, //訹
{0x8a3a, 0xd45c}, //診
{0x8a3b, 0xd45d}, //註
{0x8a3c, 0xd45e}, //証
{0x8a3d, 0xd45f}, //訽
{0x8a3e, 0xf6a4}, //訾
{0x8a3f, 0xd460}, //訿
{0x8a40, 0xd461}, //詀
{0x8a41, 0xd462}, //詁
{0x8a42, 0xd463}, //詂
{0x8a43, 0xd464}, //詃
{0x8a44, 0xd465}, //詄
{0x8a45, 0xd466}, //詅
{0x8a46, 0xd467}, //詆
{0x8a47, 0xd468}, //詇
{0x8a48, 0xeeba}, //詈
{0x8a49, 0xd469}, //詉
{0x8a4a, 0xd46a}, //詊
{0x8a4b, 0xd46b}, //詋
{0x8a4c, 0xd46c}, //詌
{0x8a4d, 0xd46d}, //詍
{0x8a4e, 0xd46e}, //詎
{0x8a4f, 0xd46f}, //詏
{0x8a50, 0xd470}, //詐
{0x8a51, 0xd471}, //詑
{0x8a52, 0xd472}, //詒
{0x8a53, 0xd473}, //詓
{0x8a54, 0xd474}, //詔
{0x8a55, 0xd475}, //評
{0x8a56, 0xd476}, //詖
{0x8a57, 0xd477}, //詗
{0x8a58, 0xd478}, //詘
{0x8a59, 0xd479}, //詙
{0x8a5a, 0xd47a}, //詚
{0x8a5b, 0xd47b}, //詛
{0x8a5c, 0xd47c}, //詜
{0x8a5d, 0xd47d}, //詝
{0x8a5e, 0xd47e}, //詞
{0x8a5f, 0xd480}, //詟
{0x8a60, 0xd481}, //詠
{0x8a61, 0xd482}, //詡
{0x8a62, 0xd483}, //詢
{0x8a63, 0xd484}, //詣
{0x8a64, 0xd485}, //詤
{0x8a65, 0xd486}, //詥
{0x8a66, 0xd487}, //試
{0x8a67, 0xd488}, //詧
{0x8a68, 0xd489}, //詨
{0x8a69, 0xd48a}, //詩
{0x8a6a, 0xd48b}, //詪
{0x8a6b, 0xd48c}, //詫
{0x8a6c, 0xd48d}, //詬
{0x8a6d, 0xd48e}, //詭
{0x8a6e, 0xd48f}, //詮
{0x8a6f, 0xd490}, //詯
{0x8a70, 0xd491}, //詰
{0x8a71, 0xd492}, //話
{0x8a72, 0xd493}, //該
{0x8a73, 0xd494}, //詳
{0x8a74, 0xd495}, //詴
{0x8a75, 0xd496}, //詵
{0x8a76, 0xd497}, //詶
{0x8a77, 0xd498}, //詷
{0x8a78, 0xd499}, //詸
{0x8a79, 0xd5b2}, //詹
{0x8a7a, 0xd49a}, //詺
{0x8a7b, 0xd49b}, //詻
{0x8a7c, 0xd49c}, //詼
{0x8a7d, 0xd49d}, //詽
{0x8a7e, 0xd49e}, //詾
{0x8a7f, 0xd49f}, //詿
{0x8a80, 0xd4a0}, //誀
{0x8a81, 0xd540}, //誁
{0x8a82, 0xd541}, //誂
{0x8a83, 0xd542}, //誃
{0x8a84, 0xd543}, //誄
{0x8a85, 0xd544}, //誅
{0x8a86, 0xd545}, //誆
{0x8a87, 0xd546}, //誇
{0x8a88, 0xd547}, //誈
{0x8a89, 0xd3fe}, //誉
{0x8a8a, 0xccdc}, //誊
{0x8a8b, 0xd548}, //誋
{0x8a8c, 0xd549}, //誌
{0x8a8d, 0xd54a}, //認
{0x8a8e, 0xd54b}, //誎
{0x8a8f, 0xd54c}, //誏
{0x8a90, 0xd54d}, //誐
{0x8a91, 0xd54e}, //誑
{0x8a92, 0xd54f}, //誒
{0x8a93, 0xcac4}, //誓
{0x8a94, 0xd550}, //誔
{0x8a95, 0xd551}, //誕
{0x8a96, 0xd552}, //誖
{0x8a97, 0xd553}, //誗
{0x8a98, 0xd554}, //誘
{0x8a99, 0xd555}, //誙
{0x8a9a, 0xd556}, //誚
{0x8a9b, 0xd557}, //誛
{0x8a9c, 0xd558}, //誜
{0x8a9d, 0xd559}, //誝
{0x8a9e, 0xd55a}, //語
{0x8a9f, 0xd55b}, //誟
{0x8aa0, 0xd55c}, //誠
{0x8aa1, 0xd55d}, //誡
{0x8aa2, 0xd55e}, //誢
{0x8aa3, 0xd55f}, //誣
{0x8aa4, 0xd560}, //誤
{0x8aa5, 0xd561}, //誥
{0x8aa6, 0xd562}, //誦
{0x8aa7, 0xd563}, //誧
{0x8aa8, 0xd564}, //誨
{0x8aa9, 0xd565}, //誩
{0x8aaa, 0xd566}, //說
{0x8aab, 0xd567}, //誫
{0x8aac, 0xd568}, //説
{0x8aad, 0xd569}, //読
{0x8aae, 0xd56a}, //誮
{0x8aaf, 0xd56b}, //誯
{0x8ab0, 0xd56c}, //誰
{0x8ab1, 0xd56d}, //誱
{0x8ab2, 0xd56e}, //課
{0x8ab3, 0xd56f}, //誳
{0x8ab4, 0xd570}, //誴
{0x8ab5, 0xd571}, //誵
{0x8ab6, 0xd572}, //誶
{0x8ab7, 0xd573}, //誷
{0x8ab8, 0xd574}, //誸
{0x8ab9, 0xd575}, //誹
{0x8aba, 0xd576}, //誺
{0x8abb, 0xd577}, //誻
{0x8abc, 0xd578}, //誼
{0x8abd, 0xd579}, //誽
{0x8abe, 0xd57a}, //誾
{0x8abf, 0xd57b}, //調
{0x8ac0, 0xd57c}, //諀
{0x8ac1, 0xd57d}, //諁
{0x8ac2, 0xd57e}, //諂
{0x8ac3, 0xd580}, //諃
{0x8ac4, 0xd581}, //諄
{0x8ac5, 0xd582}, //諅
{0x8ac6, 0xd583}, //諆
{0x8ac7, 0xd584}, //談
{0x8ac8, 0xd585}, //諈
{0x8ac9, 0xd586}, //諉
{0x8aca, 0xd587}, //諊
{0x8acb, 0xd588}, //請
{0x8acc, 0xd589}, //諌
{0x8acd, 0xd58a}, //諍
{0x8ace, 0xd58b}, //諎
{0x8acf, 0xd58c}, //諏
{0x8ad0, 0xd58d}, //諐
{0x8ad1, 0xd58e}, //諑
{0x8ad2, 0xd58f}, //諒
{0x8ad3, 0xd590}, //諓
{0x8ad4, 0xd591}, //諔
{0x8ad5, 0xd592}, //諕
{0x8ad6, 0xd593}, //論
{0x8ad7, 0xd594}, //諗
{0x8ad8, 0xd595}, //諘
{0x8ad9, 0xd596}, //諙
{0x8ada, 0xd597}, //諚
{0x8adb, 0xd598}, //諛
{0x8adc, 0xd599}, //諜
{0x8add, 0xd59a}, //諝
{0x8ade, 0xd59b}, //諞
{0x8adf, 0xd59c}, //諟
{0x8ae0, 0xd59d}, //諠
{0x8ae1, 0xd59e}, //諡
{0x8ae2, 0xd59f}, //諢
{0x8ae3, 0xd5a0}, //諣
{0x8ae4, 0xd640}, //諤
{0x8ae5, 0xd641}, //諥
{0x8ae6, 0xd642}, //諦
{0x8ae7, 0xd643}, //諧
{0x8ae8, 0xd644}, //諨
{0x8ae9, 0xd645}, //諩
{0x8aea, 0xd646}, //諪
{0x8aeb, 0xd647}, //諫
{0x8aec, 0xd648}, //諬
{0x8aed, 0xd649}, //諭
{0x8aee, 0xd64a}, //諮
{0x8aef, 0xd64b}, //諯
{0x8af0, 0xd64c}, //諰
{0x8af1, 0xd64d}, //諱
{0x8af2, 0xd64e}, //諲
{0x8af3, 0xd64f}, //諳
{0x8af4, 0xd650}, //諴
{0x8af5, 0xd651}, //諵
{0x8af6, 0xd652}, //諶
{0x8af7, 0xd653}, //諷
{0x8af8, 0xd654}, //諸
{0x8af9, 0xd655}, //諹
{0x8afa, 0xd656}, //諺
{0x8afb, 0xd657}, //諻
{0x8afc, 0xd658}, //諼
{0x8afd, 0xd659}, //諽
{0x8afe, 0xd65a}, //諾
{0x8aff, 0xd65b}, //諿
{0x8b00, 0xd65c}, //謀
{0x8b01, 0xd65d}, //謁
{0x8b02, 0xd65e}, //謂
{0x8b03, 0xd65f}, //謃
{0x8b04, 0xd660}, //謄
{0x8b05, 0xd661}, //謅
{0x8b06, 0xd662}, //謆
{0x8b07, 0xe5c0}, //謇
{0x8b08, 0xd663}, //謈
{0x8b09, 0xd664}, //謉
{0x8b0a, 0xd665}, //謊
{0x8b0b, 0xd666}, //謋
{0x8b0c, 0xd667}, //謌
{0x8b0d, 0xd668}, //謍
{0x8b0e, 0xd669}, //謎
{0x8b0f, 0xd66a}, //謏
{0x8b10, 0xd66b}, //謐
{0x8b11, 0xd66c}, //謑
{0x8b12, 0xd66d}, //謒
{0x8b13, 0xd66e}, //謓
{0x8b14, 0xd66f}, //謔
{0x8b15, 0xd670}, //謕
{0x8b16, 0xd671}, //謖
{0x8b17, 0xd672}, //謗
{0x8b18, 0xd673}, //謘
{0x8b19, 0xd674}, //謙
{0x8b1a, 0xd675}, //謚
{0x8b1b, 0xd676}, //講
{0x8b1c, 0xd677}, //謜
{0x8b1d, 0xd678}, //謝
{0x8b1e, 0xd679}, //謞
{0x8b1f, 0xd67a}, //謟
{0x8b20, 0xd67b}, //謠
{0x8b21, 0xd67c}, //謡
{0x8b22, 0xd67d}, //謢
{0x8b23, 0xd67e}, //謣
{0x8b24, 0xd680}, //謤
{0x8b25, 0xd681}, //謥
{0x8b26, 0xf6a5}, //謦
{0x8b27, 0xd682}, //謧
{0x8b28, 0xd683}, //謨
{0x8b29, 0xd684}, //謩
{0x8b2a, 0xd685}, //謪
{0x8b2b, 0xd686}, //謫
{0x8b2c, 0xd687}, //謬
{0x8b2d, 0xd688}, //謭
{0x8b2e, 0xd689}, //謮
{0x8b2f, 0xd68a}, //謯
{0x8b30, 0xd68b}, //謰
{0x8b31, 0xd68c}, //謱
{0x8b32, 0xd68d}, //謲
{0x8b33, 0xd68e}, //謳
{0x8b34, 0xd68f}, //謴
{0x8b35, 0xd690}, //謵
{0x8b36, 0xd691}, //謶
{0x8b37, 0xd692}, //謷
{0x8b38, 0xd693}, //謸
{0x8b39, 0xd694}, //謹
{0x8b3a, 0xd695}, //謺
{0x8b3b, 0xd696}, //謻
{0x8b3c, 0xd697}, //謼
{0x8b3d, 0xd698}, //謽
{0x8b3e, 0xd699}, //謾
{0x8b3f, 0xd69a}, //謿
{0x8b40, 0xd69b}, //譀
{0x8b41, 0xd69c}, //譁
{0x8b42, 0xd69d}, //譂
{0x8b43, 0xd69e}, //譃
{0x8b44, 0xd69f}, //譄
{0x8b45, 0xd6a0}, //譅
{0x8b46, 0xd740}, //譆
{0x8b47, 0xd741}, //譇
{0x8b48, 0xd742}, //譈
{0x8b49, 0xd743}, //證
{0x8b4a, 0xd744}, //譊
{0x8b4b, 0xd745}, //譋
{0x8b4c, 0xd746}, //譌
{0x8b4d, 0xd747}, //譍
{0x8b4e, 0xd748}, //譎
{0x8b4f, 0xd749}, //譏
{0x8b50, 0xd74a}, //譐
{0x8b51, 0xd74b}, //譑
{0x8b52, 0xd74c}, //譒
{0x8b53, 0xd74d}, //譓
{0x8b54, 0xd74e}, //譔
{0x8b55, 0xd74f}, //譕
{0x8b56, 0xd750}, //譖
{0x8b57, 0xd751}, //譗
{0x8b58, 0xd752}, //識
{0x8b59, 0xd753}, //譙
{0x8b5a, 0xd754}, //譚
{0x8b5b, 0xd755}, //譛
{0x8b5c, 0xd756}, //譜
{0x8b5d, 0xd757}, //譝
{0x8b5e, 0xd758}, //譞
{0x8b5f, 0xd759}, //譟
{0x8b60, 0xd75a}, //譠
{0x8b61, 0xd75b}, //譡
{0x8b62, 0xd75c}, //譢
{0x8b63, 0xd75d}, //譣
{0x8b64, 0xd75e}, //譤
{0x8b65, 0xd75f}, //譥
{0x8b66, 0xbeaf}, //警
{0x8b67, 0xd760}, //譧
{0x8b68, 0xd761}, //譨
{0x8b69, 0xd762}, //譩
{0x8b6a, 0xd763}, //譪
{0x8b6b, 0xd764}, //譫
{0x8b6c, 0xc6a9}, //譬
{0x8b6d, 0xd765}, //譭
{0x8b6e, 0xd766}, //譮
{0x8b6f, 0xd767}, //譯
{0x8b70, 0xd768}, //議
{0x8b71, 0xd769}, //譱
{0x8b72, 0xd76a}, //譲
{0x8b73, 0xd76b}, //譳
{0x8b74, 0xd76c}, //譴
{0x8b75, 0xd76d}, //譵
{0x8b76, 0xd76e}, //譶
{0x8b77, 0xd76f}, //護
{0x8b78, 0xd770}, //譸
{0x8b79, 0xd771}, //譹
{0x8b7a, 0xd772}, //譺
{0x8b7b, 0xd773}, //譻
{0x8b7c, 0xd774}, //譼
{0x8b7d, 0xd775}, //譽
{0x8b7e, 0xd776}, //譾
{0x8b7f, 0xd777}, //譿
{0x8b80, 0xd778}, //讀
{0x8b81, 0xd779}, //讁
{0x8b82, 0xd77a}, //讂
{0x8b83, 0xd77b}, //讃
{0x8b84, 0xd77c}, //讄
{0x8b85, 0xd77d}, //讅
{0x8b86, 0xd77e}, //讆
{0x8b87, 0xd780}, //讇
{0x8b88, 0xd781}, //讈
{0x8b89, 0xd782}, //讉
{0x8b8a, 0xd783}, //變
{0x8b8b, 0xd784}, //讋
{0x8b8c, 0xd785}, //讌
{0x8b8d, 0xd786}, //讍
{0x8b8e, 0xd787}, //讎
{0x8b8f, 0xd788}, //讏
{0x8b90, 0xd789}, //讐
{0x8b91, 0xd78a}, //讑
{0x8b92, 0xd78b}, //讒
{0x8b93, 0xd78c}, //讓
{0x8b94, 0xd78d}, //讔
{0x8b95, 0xd78e}, //讕
{0x8b96, 0xd78f}, //讖
{0x8b97, 0xd790}, //讗
{0x8b98, 0xd791}, //讘
{0x8b99, 0xd792}, //讙
{0x8b9a, 0xd793}, //讚
{0x8b9b, 0xd794}, //讛
{0x8b9c, 0xd795}, //讜
{0x8b9d, 0xd796}, //讝
{0x8b9e, 0xd797}, //讞
{0x8b9f, 0xd798}, //讟
{0x8ba0, 0xdaa5}, //讠
{0x8ba1, 0xbcc6}, //计
{0x8ba2, 0xb6a9}, //订
{0x8ba3, 0xb8bc}, //讣
{0x8ba4, 0xc8cf}, //认
{0x8ba5, 0xbca5}, //讥
{0x8ba6, 0xdaa6}, //讦
{0x8ba7, 0xdaa7}, //讧
{0x8ba8, 0xccd6}, //讨
{0x8ba9, 0xc8c3}, //让
{0x8baa, 0xdaa8}, //讪
{0x8bab, 0xc6fd}, //讫
{0x8bac, 0xd799}, //讬
{0x8bad, 0xd1b5}, //训
{0x8bae, 0xd2e9}, //议
{0x8baf, 0xd1b6}, //讯
{0x8bb0, 0xbcc7}, //记
{0x8bb1, 0xd79a}, //讱
{0x8bb2, 0xbdb2}, //讲
{0x8bb3, 0xbbe4}, //讳
{0x8bb4, 0xdaa9}, //讴
{0x8bb5, 0xdaaa}, //讵
{0x8bb6, 0xd1c8}, //讶
{0x8bb7, 0xdaab}, //讷
{0x8bb8, 0xd0ed}, //许
{0x8bb9, 0xb6ef}, //讹
{0x8bba, 0xc2db}, //论
{0x8bbb, 0xd79b}, //讻
{0x8bbc, 0xcbcf}, //讼
{0x8bbd, 0xb7ed}, //讽
{0x8bbe, 0xc9e8}, //设
{0x8bbf, 0xb7c3}, //访
{0x8bc0, 0xbef7}, //诀
{0x8bc1, 0xd6a4}, //证
{0x8bc2, 0xdaac}, //诂
{0x8bc3, 0xdaad}, //诃
{0x8bc4, 0xc6c0}, //评
{0x8bc5, 0xd7e7}, //诅
{0x8bc6, 0xcab6}, //识
{0x8bc7, 0xd79c}, //诇
{0x8bc8, 0xd5a9}, //诈
{0x8bc9, 0xcbdf}, //诉
{0x8bca, 0xd5ef}, //诊
{0x8bcb, 0xdaae}, //诋
{0x8bcc, 0xd6df}, //诌
{0x8bcd, 0xb4ca}, //词
{0x8bce, 0xdab0}, //诎
{0x8bcf, 0xdaaf}, //诏
{0x8bd0, 0xd79d}, //诐
{0x8bd1, 0xd2eb}, //译
{0x8bd2, 0xdab1}, //诒
{0x8bd3, 0xdab2}, //诓
{0x8bd4, 0xdab3}, //诔
{0x8bd5, 0xcad4}, //试
{0x8bd6, 0xdab4}, //诖
{0x8bd7, 0xcaab}, //诗
{0x8bd8, 0xdab5}, //诘
{0x8bd9, 0xdab6}, //诙
{0x8bda, 0xb3cf}, //诚
{0x8bdb, 0xd6ef}, //诛
{0x8bdc, 0xdab7}, //诜
{0x8bdd, 0xbbb0}, //话
{0x8bde, 0xb5ae}, //诞
{0x8bdf, 0xdab8}, //诟
{0x8be0, 0xdab9}, //诠
{0x8be1, 0xb9ee}, //诡
{0x8be2, 0xd1af}, //询
{0x8be3, 0xd2e8}, //诣
{0x8be4, 0xdaba}, //诤
{0x8be5, 0xb8c3}, //该
{0x8be6, 0xcfea}, //详
{0x8be7, 0xb2ef}, //诧
{0x8be8, 0xdabb}, //诨
{0x8be9, 0xdabc}, //诩
{0x8bea, 0xd79e}, //诪
{0x8beb, 0xbdeb}, //诫
{0x8bec, 0xcedc}, //诬
{0x8bed, 0xd3ef}, //语
{0x8bee, 0xdabd}, //诮
{0x8bef, 0xcef3}, //误
{0x8bf0, 0xdabe}, //诰
{0x8bf1, 0xd3d5}, //诱
{0x8bf2, 0xbbe5}, //诲
{0x8bf3, 0xdabf}, //诳
{0x8bf4, 0xcbb5}, //说
{0x8bf5, 0xcbd0}, //诵
{0x8bf6, 0xdac0}, //诶
{0x8bf7, 0xc7eb}, //请
{0x8bf8, 0xd6ee}, //诸
{0x8bf9, 0xdac1}, //诹
{0x8bfa, 0xc5b5}, //诺
{0x8bfb, 0xb6c1}, //读
{0x8bfc, 0xdac2}, //诼
{0x8bfd, 0xb7cc}, //诽
{0x8bfe, 0xbfce}, //课
{0x8bff, 0xdac3}, //诿
{0x8c00, 0xdac4}, //谀
{0x8c01, 0xcbad}, //谁
{0x8c02, 0xdac5}, //谂
{0x8c03, 0xb5f7}, //调
{0x8c04, 0xdac6}, //谄
{0x8c05, 0xc1c2}, //谅
{0x8c06, 0xd7bb}, //谆
{0x8c07, 0xdac7}, //谇
{0x8c08, 0xccb8}, //谈
{0x8c09, 0xd79f}, //谉
{0x8c0a, 0xd2ea}, //谊
{0x8c0b, 0xc4b1}, //谋
{0x8c0c, 0xdac8}, //谌
{0x8c0d, 0xb5fd}, //谍
{0x8c0e, 0xbbd1}, //谎
{0x8c0f, 0xdac9}, //谏
{0x8c10, 0xd0b3}, //谐
{0x8c11, 0xdaca}, //谑
{0x8c12, 0xdacb}, //谒
{0x8c13, 0xcebd}, //谓
{0x8c14, 0xdacc}, //谔
{0x8c15, 0xdacd}, //谕
{0x8c16, 0xdace}, //谖
{0x8c17, 0xb2f7}, //谗
{0x8c18, 0xdad1}, //谘
{0x8c19, 0xdacf}, //谙
{0x8c1a, 0xd1e8}, //谚
{0x8c1b, 0xdad0}, //谛
{0x8c1c, 0xc3d5}, //谜
{0x8c1d, 0xdad2}, //谝
{0x8c1e, 0xd7a0}, //谞
{0x8c1f, 0xdad3}, //谟
{0x8c20, 0xdad4}, //谠
{0x8c21, 0xdad5}, //谡
{0x8c22, 0xd0bb}, //谢
{0x8c23, 0xd2a5}, //谣
{0x8c24, 0xb0f9}, //谤
{0x8c25, 0xdad6}, //谥
{0x8c26, 0xc7ab}, //谦
{0x8c27, 0xdad7}, //谧
{0x8c28, 0xbdf7}, //谨
{0x8c29, 0xc3a1}, //谩
{0x8c2a, 0xdad8}, //谪
{0x8c2b, 0xdad9}, //谫
{0x8c2c, 0xc3fd}, //谬
{0x8c2d, 0xccb7}, //谭
{0x8c2e, 0xdada}, //谮
{0x8c2f, 0xdadb}, //谯
{0x8c30, 0xc0be}, //谰
{0x8c31, 0xc6d7}, //谱
{0x8c32, 0xdadc}, //谲
{0x8c33, 0xdadd}, //谳
{0x8c34, 0xc7b4}, //谴
{0x8c35, 0xdade}, //谵
{0x8c36, 0xdadf}, //谶
{0x8c37, 0xb9c8}, //谷
{0x8c38, 0xd840}, //谸
{0x8c39, 0xd841}, //谹
{0x8c3a, 0xd842}, //谺
{0x8c3b, 0xd843}, //谻
{0x8c3c, 0xd844}, //谼
{0x8c3d, 0xd845}, //谽
{0x8c3e, 0xd846}, //谾
{0x8c3f, 0xd847}, //谿
{0x8c40, 0xd848}, //豀
{0x8c41, 0xbbed}, //豁
{0x8c42, 0xd849}, //豂
{0x8c43, 0xd84a}, //豃
{0x8c44, 0xd84b}, //豄
{0x8c45, 0xd84c}, //豅
{0x8c46, 0xb6b9}, //豆
{0x8c47, 0xf4f8}, //豇
{0x8c48, 0xd84d}, //豈
{0x8c49, 0xf4f9}, //豉
{0x8c4a, 0xd84e}, //豊
{0x8c4b, 0xd84f}, //豋
{0x8c4c, 0xcde3}, //豌
{0x8c4d, 0xd850}, //豍
{0x8c4e, 0xd851}, //豎
{0x8c4f, 0xd852}, //豏
{0x8c50, 0xd853}, //豐
{0x8c51, 0xd854}, //豑
{0x8c52, 0xd855}, //豒
{0x8c53, 0xd856}, //豓
{0x8c54, 0xd857}, //豔
{0x8c55, 0xf5b9}, //豕
{0x8c56, 0xd858}, //豖
{0x8c57, 0xd859}, //豗
{0x8c58, 0xd85a}, //豘
{0x8c59, 0xd85b}, //豙
{0x8c5a, 0xebe0}, //豚
{0x8c5b, 0xd85c}, //豛
{0x8c5c, 0xd85d}, //豜
{0x8c5d, 0xd85e}, //豝
{0x8c5e, 0xd85f}, //豞
{0x8c5f, 0xd860}, //豟
{0x8c60, 0xd861}, //豠
{0x8c61, 0xcff3}, //象
{0x8c62, 0xbbbf}, //豢
{0x8c63, 0xd862}, //豣
{0x8c64, 0xd863}, //豤
{0x8c65, 0xd864}, //豥
{0x8c66, 0xd865}, //豦
{0x8c67, 0xd866}, //豧
{0x8c68, 0xd867}, //豨
{0x8c69, 0xd868}, //豩
{0x8c6a, 0xbac0}, //豪
{0x8c6b, 0xd4a5}, //豫
{0x8c6c, 0xd869}, //豬
{0x8c6d, 0xd86a}, //豭
{0x8c6e, 0xd86b}, //豮
{0x8c6f, 0xd86c}, //豯
{0x8c70, 0xd86d}, //豰
{0x8c71, 0xd86e}, //豱
{0x8c72, 0xd86f}, //豲
{0x8c73, 0xe1d9}, //豳
{0x8c74, 0xd870}, //豴
{0x8c75, 0xd871}, //豵
{0x8c76, 0xd872}, //豶
{0x8c77, 0xd873}, //豷
{0x8c78, 0xf5f4}, //豸
{0x8c79, 0xb1aa}, //豹
{0x8c7a, 0xb2f2}, //豺
{0x8c7b, 0xd874}, //豻
{0x8c7c, 0xd875}, //豼
{0x8c7d, 0xd876}, //豽
{0x8c7e, 0xd877}, //豾
{0x8c7f, 0xd878}, //豿
{0x8c80, 0xd879}, //貀
{0x8c81, 0xd87a}, //貁
{0x8c82, 0xf5f5}, //貂
{0x8c83, 0xd87b}, //貃
{0x8c84, 0xd87c}, //貄
{0x8c85, 0xf5f7}, //貅
{0x8c86, 0xd87d}, //貆
{0x8c87, 0xd87e}, //貇
{0x8c88, 0xd880}, //貈
{0x8c89, 0xbad1}, //貉
{0x8c8a, 0xf5f6}, //貊
{0x8c8b, 0xd881}, //貋
{0x8c8c, 0xc3b2}, //貌
{0x8c8d, 0xd882}, //貍
{0x8c8e, 0xd883}, //貎
{0x8c8f, 0xd884}, //貏
{0x8c90, 0xd885}, //貐
{0x8c91, 0xd886}, //貑
{0x8c92, 0xd887}, //貒
{0x8c93, 0xd888}, //貓
{0x8c94, 0xf5f9}, //貔
{0x8c95, 0xd889}, //貕
{0x8c96, 0xd88a}, //貖
{0x8c97, 0xd88b}, //貗
{0x8c98, 0xf5f8}, //貘
{0x8c99, 0xd88c}, //貙
{0x8c9a, 0xd88d}, //貚
{0x8c9b, 0xd88e}, //貛
{0x8c9c, 0xd88f}, //貜
{0x8c9d, 0xd890}, //貝
{0x8c9e, 0xd891}, //貞
{0x8c9f, 0xd892}, //貟
{0x8ca0, 0xd893}, //負
{0x8ca1, 0xd894}, //財
{0x8ca2, 0xd895}, //貢
{0x8ca3, 0xd896}, //貣
{0x8ca4, 0xd897}, //貤
{0x8ca5, 0xd898}, //貥
{0x8ca6, 0xd899}, //貦
{0x8ca7, 0xd89a}, //貧
{0x8ca8, 0xd89b}, //貨
{0x8ca9, 0xd89c}, //販
{0x8caa, 0xd89d}, //貪
{0x8cab, 0xd89e}, //貫
{0x8cac, 0xd89f}, //責
{0x8cad, 0xd8a0}, //貭
{0x8cae, 0xd940}, //貮
{0x8caf, 0xd941}, //貯
{0x8cb0, 0xd942}, //貰
{0x8cb1, 0xd943}, //貱
{0x8cb2, 0xd944}, //貲
{0x8cb3, 0xd945}, //貳
{0x8cb4, 0xd946}, //貴
{0x8cb5, 0xd947}, //貵
{0x8cb6, 0xd948}, //貶
{0x8cb7, 0xd949}, //買
{0x8cb8, 0xd94a}, //貸
{0x8cb9, 0xd94b}, //貹
{0x8cba, 0xd94c}, //貺
{0x8cbb, 0xd94d}, //費
{0x8cbc, 0xd94e}, //貼
{0x8cbd, 0xd94f}, //貽
{0x8cbe, 0xd950}, //貾
{0x8cbf, 0xd951}, //貿
{0x8cc0, 0xd952}, //賀
{0x8cc1, 0xd953}, //賁
{0x8cc2, 0xd954}, //賂
{0x8cc3, 0xd955}, //賃
{0x8cc4, 0xd956}, //賄
{0x8cc5, 0xd957}, //賅
{0x8cc6, 0xd958}, //賆
{0x8cc7, 0xd959}, //資
{0x8cc8, 0xd95a}, //賈
{0x8cc9, 0xd95b}, //賉
{0x8cca, 0xd95c}, //賊
{0x8ccb, 0xd95d}, //賋
{0x8ccc, 0xd95e}, //賌
{0x8ccd, 0xd95f}, //賍
{0x8cce, 0xd960}, //賎
{0x8ccf, 0xd961}, //賏
{0x8cd0, 0xd962}, //賐
{0x8cd1, 0xd963}, //賑
{0x8cd2, 0xd964}, //賒
{0x8cd3, 0xd965}, //賓
{0x8cd4, 0xd966}, //賔
{0x8cd5, 0xd967}, //賕
{0x8cd6, 0xd968}, //賖
{0x8cd7, 0xd969}, //賗
{0x8cd8, 0xd96a}, //賘
{0x8cd9, 0xd96b}, //賙
{0x8cda, 0xd96c}, //賚
{0x8cdb, 0xd96d}, //賛
{0x8cdc, 0xd96e}, //賜
{0x8cdd, 0xd96f}, //賝
{0x8cde, 0xd970}, //賞
{0x8cdf, 0xd971}, //賟
{0x8ce0, 0xd972}, //賠
{0x8ce1, 0xd973}, //賡
{0x8ce2, 0xd974}, //賢
{0x8ce3, 0xd975}, //賣
{0x8ce4, 0xd976}, //賤
{0x8ce5, 0xd977}, //賥
{0x8ce6, 0xd978}, //賦
{0x8ce7, 0xd979}, //賧
{0x8ce8, 0xd97a}, //賨
{0x8ce9, 0xd97b}, //賩
{0x8cea, 0xd97c}, //質
{0x8ceb, 0xd97d}, //賫
{0x8cec, 0xd97e}, //賬
{0x8ced, 0xd980}, //賭
{0x8cee, 0xd981}, //賮
{0x8cef, 0xd982}, //賯
{0x8cf0, 0xd983}, //賰
{0x8cf1, 0xd984}, //賱
{0x8cf2, 0xd985}, //賲
{0x8cf3, 0xd986}, //賳
{0x8cf4, 0xd987}, //賴
{0x8cf5, 0xd988}, //賵
{0x8cf6, 0xd989}, //賶
{0x8cf7, 0xd98a}, //賷
{0x8cf8, 0xd98b}, //賸
{0x8cf9, 0xd98c}, //賹
{0x8cfa, 0xd98d}, //賺
{0x8cfb, 0xd98e}, //賻
{0x8cfc, 0xd98f}, //購
{0x8cfd, 0xd990}, //賽
{0x8cfe, 0xd991}, //賾
{0x8cff, 0xd992}, //賿
{0x8d00, 0xd993}, //贀
{0x8d01, 0xd994}, //贁
{0x8d02, 0xd995}, //贂
{0x8d03, 0xd996}, //贃
{0x8d04, 0xd997}, //贄
{0x8d05, 0xd998}, //贅
{0x8d06, 0xd999}, //贆
{0x8d07, 0xd99a}, //贇
{0x8d08, 0xd99b}, //贈
{0x8d09, 0xd99c}, //贉
{0x8d0a, 0xd99d}, //贊
{0x8d0b, 0xd99e}, //贋
{0x8d0c, 0xd99f}, //贌
{0x8d0d, 0xd9a0}, //贍
{0x8d0e, 0xda40}, //贎
{0x8d0f, 0xda41}, //贏
{0x8d10, 0xda42}, //贐
{0x8d11, 0xda43}, //贑
{0x8d12, 0xda44}, //贒
{0x8d13, 0xda45}, //贓
{0x8d14, 0xda46}, //贔
{0x8d15, 0xda47}, //贕
{0x8d16, 0xda48}, //贖
{0x8d17, 0xda49}, //贗
{0x8d18, 0xda4a}, //贘
{0x8d19, 0xda4b}, //贙
{0x8d1a, 0xda4c}, //贚
{0x8d1b, 0xda4d}, //贛
{0x8d1c, 0xda4e}, //贜
{0x8d1d, 0xb1b4}, //贝
{0x8d1e, 0xd5ea}, //贞
{0x8d1f, 0xb8ba}, //负
{0x8d20, 0xda4f}, //贠
{0x8d21, 0xb9b1}, //贡
{0x8d22, 0xb2c6}, //财
{0x8d23, 0xd4f0}, //责
{0x8d24, 0xcfcd}, //贤
{0x8d25, 0xb0dc}, //败
{0x8d26, 0xd5cb}, //账
{0x8d27, 0xbbf5}, //货
{0x8d28, 0xd6ca}, //质
{0x8d29, 0xb7b7}, //贩
{0x8d2a, 0xccb0}, //贪
{0x8d2b, 0xc6b6}, //贫
{0x8d2c, 0xb1e1}, //贬
{0x8d2d, 0xb9ba}, //购
{0x8d2e, 0xd6fc}, //贮
{0x8d2f, 0xb9e1}, //贯
{0x8d30, 0xb7a1}, //贰
{0x8d31, 0xbcfa}, //贱
{0x8d32, 0xeada}, //贲
{0x8d33, 0xeadb}, //贳
{0x8d34, 0xccf9}, //贴
{0x8d35, 0xb9f3}, //贵
{0x8d36, 0xeadc}, //贶
{0x8d37, 0xb4fb}, //贷
{0x8d38, 0xc3b3}, //贸
{0x8d39, 0xb7d1}, //费
{0x8d3a, 0xbad8}, //贺
{0x8d3b, 0xeadd}, //贻
{0x8d3c, 0xd4f4}, //贼
{0x8d3d, 0xeade}, //贽
{0x8d3e, 0xbcd6}, //贾
{0x8d3f, 0xbbdf}, //贿
{0x8d40, 0xeadf}, //赀
{0x8d41, 0xc1de}, //赁
{0x8d42, 0xc2b8}, //赂
{0x8d43, 0xd4df}, //赃
{0x8d44, 0xd7ca}, //资
{0x8d45, 0xeae0}, //赅
{0x8d46, 0xeae1}, //赆
{0x8d47, 0xeae4}, //赇
{0x8d48, 0xeae2}, //赈
{0x8d49, 0xeae3}, //赉
{0x8d4a, 0xc9de}, //赊
{0x8d4b, 0xb8b3}, //赋
{0x8d4c, 0xb6c4}, //赌
{0x8d4d, 0xeae5}, //赍
{0x8d4e, 0xcaea}, //赎
{0x8d4f, 0xc9cd}, //赏
{0x8d50, 0xb4cd}, //赐
{0x8d51, 0xda50}, //赑
{0x8d52, 0xda51}, //赒
{0x8d53, 0xe2d9}, //赓
{0x8d54, 0xc5e2}, //赔
{0x8d55, 0xeae6}, //赕
{0x8d56, 0xc0b5}, //赖
{0x8d57, 0xda52}, //赗
{0x8d58, 0xd7b8}, //赘
{0x8d59, 0xeae7}, //赙
{0x8d5a, 0xd7ac}, //赚
{0x8d5b, 0xc8fc}, //赛
{0x8d5c, 0xd8d3}, //赜
{0x8d5d, 0xd8cd}, //赝
{0x8d5e, 0xd4de}, //赞
{0x8d5f, 0xda53}, //赟
{0x8d60, 0xd4f9}, //赠
{0x8d61, 0xc9c4}, //赡
{0x8d62, 0xd3ae}, //赢
{0x8d63, 0xb8d3}, //赣
{0x8d64, 0xb3e0}, //赤
{0x8d65, 0xda54}, //赥
{0x8d66, 0xc9e2}, //赦
{0x8d67, 0xf4f6}, //赧
{0x8d68, 0xda55}, //赨
{0x8d69, 0xda56}, //赩
{0x8d6a, 0xda57}, //赪
{0x8d6b, 0xbad5}, //赫
{0x8d6c, 0xda58}, //赬
{0x8d6d, 0xf4f7}, //赭
{0x8d6e, 0xda59}, //赮
{0x8d6f, 0xda5a}, //赯
{0x8d70, 0xd7df}, //走
{0x8d71, 0xda5b}, //赱
{0x8d72, 0xda5c}, //赲
{0x8d73, 0xf4f1}, //赳
{0x8d74, 0xb8b0}, //赴
{0x8d75, 0xd5d4}, //赵
{0x8d76, 0xb8cf}, //赶
{0x8d77, 0xc6f0}, //起
{0x8d78, 0xda5d}, //赸
{0x8d79, 0xda5e}, //赹
{0x8d7a, 0xda5f}, //赺
{0x8d7b, 0xda60}, //赻
{0x8d7c, 0xda61}, //赼
{0x8d7d, 0xda62}, //赽
{0x8d7e, 0xda63}, //赾
{0x8d7f, 0xda64}, //赿
{0x8d80, 0xda65}, //趀
{0x8d81, 0xb3c3}, //趁
{0x8d82, 0xda66}, //趂
{0x8d83, 0xda67}, //趃
{0x8d84, 0xf4f2}, //趄
{0x8d85, 0xb3ac}, //超
{0x8d86, 0xda68}, //趆
{0x8d87, 0xda69}, //趇
{0x8d88, 0xda6a}, //趈
{0x8d89, 0xda6b}, //趉
{0x8d8a, 0xd4bd}, //越
{0x8d8b, 0xc7f7}, //趋
{0x8d8c, 0xda6c}, //趌
{0x8d8d, 0xda6d}, //趍
{0x8d8e, 0xda6e}, //趎
{0x8d8f, 0xda6f}, //趏
{0x8d90, 0xda70}, //趐
{0x8d91, 0xf4f4}, //趑
{0x8d92, 0xda71}, //趒
{0x8d93, 0xda72}, //趓
{0x8d94, 0xf4f3}, //趔
{0x8d95, 0xda73}, //趕
{0x8d96, 0xda74}, //趖
{0x8d97, 0xda75}, //趗
{0x8d98, 0xda76}, //趘
{0x8d99, 0xda77}, //趙
{0x8d9a, 0xda78}, //趚
{0x8d9b, 0xda79}, //趛
{0x8d9c, 0xda7a}, //趜
{0x8d9d, 0xda7b}, //趝
{0x8d9e, 0xda7c}, //趞
{0x8d9f, 0xcccb}, //趟
{0x8da0, 0xda7d}, //趠
{0x8da1, 0xda7e}, //趡
{0x8da2, 0xda80}, //趢
{0x8da3, 0xc8a4}, //趣
{0x8da4, 0xda81}, //趤
{0x8da5, 0xda82}, //趥
{0x8da6, 0xda83}, //趦
{0x8da7, 0xda84}, //趧
{0x8da8, 0xda85}, //趨
{0x8da9, 0xda86}, //趩
{0x8daa, 0xda87}, //趪
{0x8dab, 0xda88}, //趫
{0x8dac, 0xda89}, //趬
{0x8dad, 0xda8a}, //趭
{0x8dae, 0xda8b}, //趮
{0x8daf, 0xda8c}, //趯
{0x8db0, 0xda8d}, //趰
{0x8db1, 0xf4f5}, //趱
{0x8db2, 0xda8e}, //趲
{0x8db3, 0xd7e3}, //足
{0x8db4, 0xc5bf}, //趴
{0x8db5, 0xf5c0}, //趵
{0x8db6, 0xda8f}, //趶
{0x8db7, 0xda90}, //趷
{0x8db8, 0xf5bb}, //趸
{0x8db9, 0xda91}, //趹
{0x8dba, 0xf5c3}, //趺
{0x8dbb, 0xda92}, //趻
{0x8dbc, 0xf5c2}, //趼
{0x8dbd, 0xda93}, //趽
{0x8dbe, 0xd6ba}, //趾
{0x8dbf, 0xf5c1}, //趿
{0x8dc0, 0xda94}, //跀
{0x8dc1, 0xda95}, //跁
{0x8dc2, 0xda96}, //跂
{0x8dc3, 0xd4be}, //跃
{0x8dc4, 0xf5c4}, //跄
{0x8dc5, 0xda97}, //跅
{0x8dc6, 0xf5cc}, //跆
{0x8dc7, 0xda98}, //跇
{0x8dc8, 0xda99}, //跈
{0x8dc9, 0xda9a}, //跉
{0x8dca, 0xda9b}, //跊
{0x8dcb, 0xb0cf}, //跋
{0x8dcc, 0xb5f8}, //跌
{0x8dcd, 0xda9c}, //跍
{0x8dce, 0xf5c9}, //跎
{0x8dcf, 0xf5ca}, //跏
{0x8dd0, 0xda9d}, //跐
{0x8dd1, 0xc5dc}, //跑
{0x8dd2, 0xda9e}, //跒
{0x8dd3, 0xda9f}, //跓
{0x8dd4, 0xdaa0}, //跔
{0x8dd5, 0xdb40}, //跕
{0x8dd6, 0xf5c5}, //跖
{0x8dd7, 0xf5c6}, //跗
{0x8dd8, 0xdb41}, //跘
{0x8dd9, 0xdb42}, //跙
{0x8dda, 0xf5c7}, //跚
{0x8ddb, 0xf5cb}, //跛
{0x8ddc, 0xdb43}, //跜
{0x8ddd, 0xbee0}, //距
{0x8dde, 0xf5c8}, //跞
{0x8ddf, 0xb8fa}, //跟
{0x8de0, 0xdb44}, //跠
{0x8de1, 0xdb45}, //跡
{0x8de2, 0xdb46}, //跢
{0x8de3, 0xf5d0}, //跣
{0x8de4, 0xf5d3}, //跤
{0x8de5, 0xdb47}, //跥
{0x8de6, 0xdb48}, //跦
{0x8de7, 0xdb49}, //跧
{0x8de8, 0xbfe7}, //跨
{0x8de9, 0xdb4a}, //跩
{0x8dea, 0xb9f2}, //跪
{0x8deb, 0xf5bc}, //跫
{0x8dec, 0xf5cd}, //跬
{0x8ded, 0xdb4b}, //跭
{0x8dee, 0xdb4c}, //跮
{0x8def, 0xc2b7}, //路
{0x8df0, 0xdb4d}, //跰
{0x8df1, 0xdb4e}, //跱
{0x8df2, 0xdb4f}, //跲
{0x8df3, 0xccf8}, //跳
{0x8df4, 0xdb50}, //跴
{0x8df5, 0xbcf9}, //践
{0x8df6, 0xdb51}, //跶
{0x8df7, 0xf5ce}, //跷
{0x8df8, 0xf5cf}, //跸
{0x8df9, 0xf5d1}, //跹
{0x8dfa, 0xb6e5}, //跺
{0x8dfb, 0xf5d2}, //跻
{0x8dfc, 0xdb52}, //跼
{0x8dfd, 0xf5d5}, //跽
{0x8dfe, 0xdb53}, //跾
{0x8dff, 0xdb54}, //跿
{0x8e00, 0xdb55}, //踀
{0x8e01, 0xdb56}, //踁
{0x8e02, 0xdb57}, //踂
{0x8e03, 0xdb58}, //踃
{0x8e04, 0xdb59}, //踄
{0x8e05, 0xf5bd}, //踅
{0x8e06, 0xdb5a}, //踆
{0x8e07, 0xdb5b}, //踇
{0x8e08, 0xdb5c}, //踈
{0x8e09, 0xf5d4}, //踉
{0x8e0a, 0xd3bb}, //踊
{0x8e0b, 0xdb5d}, //踋
{0x8e0c, 0xb3ec}, //踌
{0x8e0d, 0xdb5e}, //踍
{0x8e0e, 0xdb5f}, //踎
{0x8e0f, 0xcca4}, //踏
{0x8e10, 0xdb60}, //踐
{0x8e11, 0xdb61}, //踑
{0x8e12, 0xdb62}, //踒
{0x8e13, 0xdb63}, //踓
{0x8e14, 0xf5d6}, //踔
{0x8e15, 0xdb64}, //踕
{0x8e16, 0xdb65}, //踖
{0x8e17, 0xdb66}, //踗
{0x8e18, 0xdb67}, //踘
{0x8e19, 0xdb68}, //踙
{0x8e1a, 0xdb69}, //踚
{0x8e1b, 0xdb6a}, //踛
{0x8e1c, 0xdb6b}, //踜
{0x8e1d, 0xf5d7}, //踝
{0x8e1e, 0xbee1}, //踞
{0x8e1f, 0xf5d8}, //踟
{0x8e20, 0xdb6c}, //踠
{0x8e21, 0xdb6d}, //踡
{0x8e22, 0xccdf}, //踢
{0x8e23, 0xf5db}, //踣
{0x8e24, 0xdb6e}, //踤
{0x8e25, 0xdb6f}, //踥
{0x8e26, 0xdb70}, //踦
{0x8e27, 0xdb71}, //踧
{0x8e28, 0xdb72}, //踨
{0x8e29, 0xb2c8}, //踩
{0x8e2a, 0xd7d9}, //踪
{0x8e2b, 0xdb73}, //踫
{0x8e2c, 0xf5d9}, //踬
{0x8e2d, 0xdb74}, //踭
{0x8e2e, 0xf5da}, //踮
{0x8e2f, 0xf5dc}, //踯
{0x8e30, 0xdb75}, //踰
{0x8e31, 0xf5e2}, //踱
{0x8e32, 0xdb76}, //踲
{0x8e33, 0xdb77}, //踳
{0x8e34, 0xdb78}, //踴
{0x8e35, 0xf5e0}, //踵
{0x8e36, 0xdb79}, //踶
{0x8e37, 0xdb7a}, //踷
{0x8e38, 0xdb7b}, //踸
{0x8e39, 0xf5df}, //踹
{0x8e3a, 0xf5dd}, //踺
{0x8e3b, 0xdb7c}, //踻
{0x8e3c, 0xdb7d}, //踼
{0x8e3d, 0xf5e1}, //踽
{0x8e3e, 0xdb7e}, //踾
{0x8e3f, 0xdb80}, //踿
{0x8e40, 0xf5de}, //蹀
{0x8e41, 0xf5e4}, //蹁
{0x8e42, 0xf5e5}, //蹂
{0x8e43, 0xdb81}, //蹃
{0x8e44, 0xcce3}, //蹄
{0x8e45, 0xdb82}, //蹅
{0x8e46, 0xdb83}, //蹆
{0x8e47, 0xe5bf}, //蹇
{0x8e48, 0xb5b8}, //蹈
{0x8e49, 0xf5e3}, //蹉
{0x8e4a, 0xf5e8}, //蹊
{0x8e4b, 0xcca3}, //蹋
{0x8e4c, 0xdb84}, //蹌
{0x8e4d, 0xdb85}, //蹍
{0x8e4e, 0xdb86}, //蹎
{0x8e4f, 0xdb87}, //蹏
{0x8e50, 0xdb88}, //蹐
{0x8e51, 0xf5e6}, //蹑
{0x8e52, 0xf5e7}, //蹒
{0x8e53, 0xdb89}, //蹓
{0x8e54, 0xdb8a}, //蹔
{0x8e55, 0xdb8b}, //蹕
{0x8e56, 0xdb8c}, //蹖
{0x8e57, 0xdb8d}, //蹗
{0x8e58, 0xdb8e}, //蹘
{0x8e59, 0xf5be}, //蹙
{0x8e5a, 0xdb8f}, //蹚
{0x8e5b, 0xdb90}, //蹛
{0x8e5c, 0xdb91}, //蹜
{0x8e5d, 0xdb92}, //蹝
{0x8e5e, 0xdb93}, //蹞
{0x8e5f, 0xdb94}, //蹟
{0x8e60, 0xdb95}, //蹠
{0x8e61, 0xdb96}, //蹡
{0x8e62, 0xdb97}, //蹢
{0x8e63, 0xdb98}, //蹣
{0x8e64, 0xdb99}, //蹤
{0x8e65, 0xdb9a}, //蹥
{0x8e66, 0xb1c4}, //蹦
{0x8e67, 0xdb9b}, //蹧
{0x8e68, 0xdb9c}, //蹨
{0x8e69, 0xf5bf}, //蹩
{0x8e6a, 0xdb9d}, //蹪
{0x8e6b, 0xdb9e}, //蹫
{0x8e6c, 0xb5c5}, //蹬
{0x8e6d, 0xb2e4}, //蹭
{0x8e6e, 0xdb9f}, //蹮
{0x8e6f, 0xf5ec}, //蹯
{0x8e70, 0xf5e9}, //蹰
{0x8e71, 0xdba0}, //蹱
{0x8e72, 0xb6d7}, //蹲
{0x8e73, 0xdc40}, //蹳
{0x8e74, 0xf5ed}, //蹴
{0x8e75, 0xdc41}, //蹵
{0x8e76, 0xf5ea}, //蹶
{0x8e77, 0xdc42}, //蹷
{0x8e78, 0xdc43}, //蹸
{0x8e79, 0xdc44}, //蹹
{0x8e7a, 0xdc45}, //蹺
{0x8e7b, 0xdc46}, //蹻
{0x8e7c, 0xf5eb}, //蹼
{0x8e7d, 0xdc47}, //蹽
{0x8e7e, 0xdc48}, //蹾
{0x8e7f, 0xb4da}, //蹿
{0x8e80, 0xdc49}, //躀
{0x8e81, 0xd4ea}, //躁
{0x8e82, 0xdc4a}, //躂
{0x8e83, 0xdc4b}, //躃
{0x8e84, 0xdc4c}, //躄
{0x8e85, 0xf5ee}, //躅
{0x8e86, 0xdc4d}, //躆
{0x8e87, 0xb3f9}, //躇
{0x8e88, 0xdc4e}, //躈
{0x8e89, 0xdc4f}, //躉
{0x8e8a, 0xdc50}, //躊
{0x8e8b, 0xdc51}, //躋
{0x8e8c, 0xdc52}, //躌
{0x8e8d, 0xdc53}, //躍
{0x8e8e, 0xdc54}, //躎
{0x8e8f, 0xf5ef}, //躏
{0x8e90, 0xf5f1}, //躐
{0x8e91, 0xdc55}, //躑
{0x8e92, 0xdc56}, //躒
{0x8e93, 0xdc57}, //躓
{0x8e94, 0xf5f0}, //躔
{0x8e95, 0xdc58}, //躕
{0x8e96, 0xdc59}, //躖
{0x8e97, 0xdc5a}, //躗
{0x8e98, 0xdc5b}, //躘
{0x8e99, 0xdc5c}, //躙
{0x8e9a, 0xdc5d}, //躚
{0x8e9b, 0xdc5e}, //躛
{0x8e9c, 0xf5f2}, //躜
{0x8e9d, 0xdc5f}, //躝
{0x8e9e, 0xf5f3}, //躞
{0x8e9f, 0xdc60}, //躟
{0x8ea0, 0xdc61}, //躠
{0x8ea1, 0xdc62}, //躡
{0x8ea2, 0xdc63}, //躢
{0x8ea3, 0xdc64}, //躣
{0x8ea4, 0xdc65}, //躤
{0x8ea5, 0xdc66}, //躥
{0x8ea6, 0xdc67}, //躦
{0x8ea7, 0xdc68}, //躧
{0x8ea8, 0xdc69}, //躨
{0x8ea9, 0xdc6a}, //躩
{0x8eaa, 0xdc6b}, //躪
{0x8eab, 0xc9ed}, //身
{0x8eac, 0xb9aa}, //躬
{0x8ead, 0xdc6c}, //躭
{0x8eae, 0xdc6d}, //躮
{0x8eaf, 0xc7fb}, //躯
{0x8eb0, 0xdc6e}, //躰
{0x8eb1, 0xdc6f}, //躱
{0x8eb2, 0xb6e3}, //躲
{0x8eb3, 0xdc70}, //躳
{0x8eb4, 0xdc71}, //躴
{0x8eb5, 0xdc72}, //躵
{0x8eb6, 0xdc73}, //躶
{0x8eb7, 0xdc74}, //躷
{0x8eb8, 0xdc75}, //躸
{0x8eb9, 0xdc76}, //躹
{0x8eba, 0xccc9}, //躺
{0x8ebb, 0xdc77}, //躻
{0x8ebc, 0xdc78}, //躼
{0x8ebd, 0xdc79}, //躽
{0x8ebe, 0xdc7a}, //躾
{0x8ebf, 0xdc7b}, //躿
{0x8ec0, 0xdc7c}, //軀
{0x8ec1, 0xdc7d}, //軁
{0x8ec2, 0xdc7e}, //軂
{0x8ec3, 0xdc80}, //軃
{0x8ec4, 0xdc81}, //軄
{0x8ec5, 0xdc82}, //軅
{0x8ec6, 0xdc83}, //軆
{0x8ec7, 0xdc84}, //軇
{0x8ec8, 0xdc85}, //軈
{0x8ec9, 0xdc86}, //軉
{0x8eca, 0xdc87}, //車
{0x8ecb, 0xdc88}, //軋
{0x8ecc, 0xdc89}, //軌
{0x8ecd, 0xdc8a}, //軍
{0x8ece, 0xeaa6}, //軎
{0x8ecf, 0xdc8b}, //軏
{0x8ed0, 0xdc8c}, //軐
{0x8ed1, 0xdc8d}, //軑
{0x8ed2, 0xdc8e}, //軒
{0x8ed3, 0xdc8f}, //軓
{0x8ed4, 0xdc90}, //軔
{0x8ed5, 0xdc91}, //軕
{0x8ed6, 0xdc92}, //軖
{0x8ed7, 0xdc93}, //軗
{0x8ed8, 0xdc94}, //軘
{0x8ed9, 0xdc95}, //軙
{0x8eda, 0xdc96}, //軚
{0x8edb, 0xdc97}, //軛
{0x8edc, 0xdc98}, //軜
{0x8edd, 0xdc99}, //軝
{0x8ede, 0xdc9a}, //軞
{0x8edf, 0xdc9b}, //軟
{0x8ee0, 0xdc9c}, //軠
{0x8ee1, 0xdc9d}, //軡
{0x8ee2, 0xdc9e}, //転
{0x8ee3, 0xdc9f}, //軣
{0x8ee4, 0xdca0}, //軤
{0x8ee5, 0xdd40}, //軥
{0x8ee6, 0xdd41}, //軦
{0x8ee7, 0xdd42}, //軧
{0x8ee8, 0xdd43}, //軨
{0x8ee9, 0xdd44}, //軩
{0x8eea, 0xdd45}, //軪
{0x8eeb, 0xdd46}, //軫
{0x8eec, 0xdd47}, //軬
{0x8eed, 0xdd48}, //軭
{0x8eee, 0xdd49}, //軮
{0x8eef, 0xdd4a}, //軯
{0x8ef0, 0xdd4b}, //軰
{0x8ef1, 0xdd4c}, //軱
{0x8ef2, 0xdd4d}, //軲
{0x8ef3, 0xdd4e}, //軳
{0x8ef4, 0xdd4f}, //軴
{0x8ef5, 0xdd50}, //軵
{0x8ef6, 0xdd51}, //軶
{0x8ef7, 0xdd52}, //軷
{0x8ef8, 0xdd53}, //軸
{0x8ef9, 0xdd54}, //軹
{0x8efa, 0xdd55}, //軺
{0x8efb, 0xdd56}, //軻
{0x8efc, 0xdd57}, //軼
{0x8efd, 0xdd58}, //軽
{0x8efe, 0xdd59}, //軾
{0x8eff, 0xdd5a}, //軿
{0x8f00, 0xdd5b}, //輀
{0x8f01, 0xdd5c}, //輁
{0x8f02, 0xdd5d}, //輂
{0x8f03, 0xdd5e}, //較
{0x8f04, 0xdd5f}, //輄
{0x8f05, 0xdd60}, //輅
{0x8f06, 0xdd61}, //輆
{0x8f07, 0xdd62}, //輇
{0x8f08, 0xdd63}, //輈
{0x8f09, 0xdd64}, //載
{0x8f0a, 0xdd65}, //輊
{0x8f0b, 0xdd66}, //輋
{0x8f0c, 0xdd67}, //輌
{0x8f0d, 0xdd68}, //輍
{0x8f0e, 0xdd69}, //輎
{0x8f0f, 0xdd6a}, //輏
{0x8f10, 0xdd6b}, //輐
{0x8f11, 0xdd6c}, //輑
{0x8f12, 0xdd6d}, //輒
{0x8f13, 0xdd6e}, //輓
{0x8f14, 0xdd6f}, //輔
{0x8f15, 0xdd70}, //輕
{0x8f16, 0xdd71}, //輖
{0x8f17, 0xdd72}, //輗
{0x8f18, 0xdd73}, //輘
{0x8f19, 0xdd74}, //輙
{0x8f1a, 0xdd75}, //輚
{0x8f1b, 0xdd76}, //輛
{0x8f1c, 0xdd77}, //輜
{0x8f1d, 0xdd78}, //輝
{0x8f1e, 0xdd79}, //輞
{0x8f1f, 0xdd7a}, //輟
{0x8f20, 0xdd7b}, //輠
{0x8f21, 0xdd7c}, //輡
{0x8f22, 0xdd7d}, //輢
{0x8f23, 0xdd7e}, //輣
{0x8f24, 0xdd80}, //輤
{0x8f25, 0xdd81}, //輥
{0x8f26, 0xdd82}, //輦
{0x8f27, 0xdd83}, //輧
{0x8f28, 0xdd84}, //輨
{0x8f29, 0xdd85}, //輩
{0x8f2a, 0xdd86}, //輪
{0x8f2b, 0xdd87}, //輫
{0x8f2c, 0xdd88}, //輬
{0x8f2d, 0xdd89}, //輭
{0x8f2e, 0xdd8a}, //輮
{0x8f2f, 0xdd8b}, //輯
{0x8f30, 0xdd8c}, //輰
{0x8f31, 0xdd8d}, //輱
{0x8f32, 0xdd8e}, //輲
{0x8f33, 0xdd8f}, //輳
{0x8f34, 0xdd90}, //輴
{0x8f35, 0xdd91}, //輵
{0x8f36, 0xdd92}, //輶
{0x8f37, 0xdd93}, //輷
{0x8f38, 0xdd94}, //輸
{0x8f39, 0xdd95}, //輹
{0x8f3a, 0xdd96}, //輺
{0x8f3b, 0xdd97}, //輻
{0x8f3c, 0xdd98}, //輼
{0x8f3d, 0xdd99}, //輽
{0x8f3e, 0xdd9a}, //輾
{0x8f3f, 0xdd9b}, //輿
{0x8f40, 0xdd9c}, //轀
{0x8f41, 0xdd9d}, //轁
{0x8f42, 0xdd9e}, //轂
{0x8f43, 0xdd9f}, //轃
{0x8f44, 0xdda0}, //轄
{0x8f45, 0xde40}, //轅
{0x8f46, 0xde41}, //轆
{0x8f47, 0xde42}, //轇
{0x8f48, 0xde43}, //轈
{0x8f49, 0xde44}, //轉
{0x8f4a, 0xde45}, //轊
{0x8f4b, 0xde46}, //轋
{0x8f4c, 0xde47}, //轌
{0x8f4d, 0xde48}, //轍
{0x8f4e, 0xde49}, //轎
{0x8f4f, 0xde4a}, //轏
{0x8f50, 0xde4b}, //轐
{0x8f51, 0xde4c}, //轑
{0x8f52, 0xde4d}, //轒
{0x8f53, 0xde4e}, //轓
{0x8f54, 0xde4f}, //轔
{0x8f55, 0xde50}, //轕
{0x8f56, 0xde51}, //轖
{0x8f57, 0xde52}, //轗
{0x8f58, 0xde53}, //轘
{0x8f59, 0xde54}, //轙
{0x8f5a, 0xde55}, //轚
{0x8f5b, 0xde56}, //轛
{0x8f5c, 0xde57}, //轜
{0x8f5d, 0xde58}, //轝
{0x8f5e, 0xde59}, //轞
{0x8f5f, 0xde5a}, //轟
{0x8f60, 0xde5b}, //轠
{0x8f61, 0xde5c}, //轡
{0x8f62, 0xde5d}, //轢
{0x8f63, 0xde5e}, //轣
{0x8f64, 0xde5f}, //轤
{0x8f65, 0xde60}, //轥
{0x8f66, 0xb3b5}, //车
{0x8f67, 0xd4fe}, //轧
{0x8f68, 0xb9ec}, //轨
{0x8f69, 0xd0f9}, //轩
{0x8f6a, 0xde61}, //轪
{0x8f6b, 0xe9ed}, //轫
{0x8f6c, 0xd7aa}, //转
{0x8f6d, 0xe9ee}, //轭
{0x8f6e, 0xc2d6}, //轮
{0x8f6f, 0xc8ed}, //软
{0x8f70, 0xbae4}, //轰
{0x8f71, 0xe9ef}, //轱
{0x8f72, 0xe9f0}, //轲
{0x8f73, 0xe9f1}, //轳
{0x8f74, 0xd6e1}, //轴
{0x8f75, 0xe9f2}, //轵
{0x8f76, 0xe9f3}, //轶
{0x8f77, 0xe9f5}, //轷
{0x8f78, 0xe9f4}, //轸
{0x8f79, 0xe9f6}, //轹
{0x8f7a, 0xe9f7}, //轺
{0x8f7b, 0xc7e1}, //轻
{0x8f7c, 0xe9f8}, //轼
{0x8f7d, 0xd4d8}, //载
{0x8f7e, 0xe9f9}, //轾
{0x8f7f, 0xbdce}, //轿
{0x8f80, 0xde62}, //辀
{0x8f81, 0xe9fa}, //辁
{0x8f82, 0xe9fb}, //辂
{0x8f83, 0xbdcf}, //较
{0x8f84, 0xe9fc}, //辄
{0x8f85, 0xb8a8}, //辅
{0x8f86, 0xc1be}, //辆
{0x8f87, 0xe9fd}, //辇
{0x8f88, 0xb1b2}, //辈
{0x8f89, 0xbbd4}, //辉
{0x8f8a, 0xb9f5}, //辊
{0x8f8b, 0xe9fe}, //辋
{0x8f8c, 0xde63}, //辌
{0x8f8d, 0xeaa1}, //辍
{0x8f8e, 0xeaa2}, //辎
{0x8f8f, 0xeaa3}, //辏
{0x8f90, 0xb7f8}, //辐
{0x8f91, 0xbcad}, //辑
{0x8f92, 0xde64}, //辒
{0x8f93, 0xcae4}, //输
{0x8f94, 0xe0ce}, //辔
{0x8f95, 0xd4af}, //辕
{0x8f96, 0xcfbd}, //辖
{0x8f97, 0xd5b7}, //辗
{0x8f98, 0xeaa4}, //辘
{0x8f99, 0xd5de}, //辙
{0x8f9a, 0xeaa5}, //辚
{0x8f9b, 0xd0c1}, //辛
{0x8f9c, 0xb9bc}, //辜
{0x8f9d, 0xde65}, //辝
{0x8f9e, 0xb4c7}, //辞
{0x8f9f, 0xb1d9}, //辟
{0x8fa0, 0xde66}, //辠
{0x8fa1, 0xde67}, //辡
{0x8fa2, 0xde68}, //辢
{0x8fa3, 0xc0b1}, //辣
{0x8fa4, 0xde69}, //辤
{0x8fa5, 0xde6a}, //辥
{0x8fa6, 0xde6b}, //辦
{0x8fa7, 0xde6c}, //辧
{0x8fa8, 0xb1e6}, //辨
{0x8fa9, 0xb1e7}, //辩
{0x8faa, 0xde6d}, //辪
{0x8fab, 0xb1e8}, //辫
{0x8fac, 0xde6e}, //辬
{0x8fad, 0xde6f}, //辭
{0x8fae, 0xde70}, //辮
{0x8faf, 0xde71}, //辯
{0x8fb0, 0xb3bd}, //辰
{0x8fb1, 0xc8e8}, //辱
{0x8fb2, 0xde72}, //農
{0x8fb3, 0xde73}, //辳
{0x8fb4, 0xde74}, //辴
{0x8fb5, 0xde75}, //辵
{0x8fb6, 0xe5c1}, //辶
{0x8fb7, 0xde76}, //辷
{0x8fb8, 0xde77}, //辸
{0x8fb9, 0xb1df}, //边
{0x8fba, 0xde78}, //辺
{0x8fbb, 0xde79}, //辻
{0x8fbc, 0xde7a}, //込
{0x8fbd, 0xc1c9}, //辽
{0x8fbe, 0xb4ef}, //达
{0x8fbf, 0xde7b}, //辿
{0x8fc0, 0xde7c}, //迀
{0x8fc1, 0xc7a8}, //迁
{0x8fc2, 0xd3d8}, //迂
{0x8fc3, 0xde7d}, //迃
{0x8fc4, 0xc6f9}, //迄
{0x8fc5, 0xd1b8}, //迅
{0x8fc6, 0xde7e}, //迆
{0x8fc7, 0xb9fd}, //过
{0x8fc8, 0xc2f5}, //迈
{0x8fc9, 0xde80}, //迉
{0x8fca, 0xde81}, //迊
{0x8fcb, 0xde82}, //迋
{0x8fcc, 0xde83}, //迌
{0x8fcd, 0xde84}, //迍
{0x8fce, 0xd3ad}, //迎
{0x8fcf, 0xde85}, //迏
{0x8fd0, 0xd4cb}, //运
{0x8fd1, 0xbdfc}, //近
{0x8fd2, 0xde86}, //迒
{0x8fd3, 0xe5c2}, //迓
{0x8fd4, 0xb7b5}, //返
{0x8fd5, 0xe5c3}, //迕
{0x8fd6, 0xde87}, //迖
{0x8fd7, 0xde88}, //迗
{0x8fd8, 0xbbb9}, //还
{0x8fd9, 0xd5e2}, //这
{0x8fda, 0xde89}, //迚
{0x8fdb, 0xbdf8}, //进
{0x8fdc, 0xd4b6}, //远
{0x8fdd, 0xcea5}, //违
{0x8fde, 0xc1ac}, //连
{0x8fdf, 0xb3d9}, //迟
{0x8fe0, 0xde8a}, //迠
{0x8fe1, 0xde8b}, //迡
{0x8fe2, 0xccf6}, //迢
{0x8fe3, 0xde8c}, //迣
{0x8fe4, 0xe5c6}, //迤
{0x8fe5, 0xe5c4}, //迥
{0x8fe6, 0xe5c8}, //迦
{0x8fe7, 0xde8d}, //迧
{0x8fe8, 0xe5ca}, //迨
{0x8fe9, 0xe5c7}, //迩
{0x8fea, 0xb5cf}, //迪
{0x8feb, 0xc6c8}, //迫
{0x8fec, 0xde8e}, //迬
{0x8fed, 0xb5fc}, //迭
{0x8fee, 0xe5c5}, //迮
{0x8fef, 0xde8f}, //迯
{0x8ff0, 0xcaf6}, //述
{0x8ff1, 0xde90}, //迱
{0x8ff2, 0xde91}, //迲
{0x8ff3, 0xe5c9}, //迳
{0x8ff4, 0xde92}, //迴
{0x8ff5, 0xde93}, //迵
{0x8ff6, 0xde94}, //迶
{0x8ff7, 0xc3d4}, //迷
{0x8ff8, 0xb1c5}, //迸
{0x8ff9, 0xbca3}, //迹
{0x8ffa, 0xde95}, //迺
{0x8ffb, 0xde96}, //迻
{0x8ffc, 0xde97}, //迼
{0x8ffd, 0xd7b7}, //追
{0x8ffe, 0xde98}, //迾
{0x8fff, 0xde99}, //迿
{0x9000, 0xcdcb}, //退
{0x9001, 0xcbcd}, //送
{0x9002, 0xcaca}, //适
{0x9003, 0xccd3}, //逃
{0x9004, 0xe5cc}, //逄
{0x9005, 0xe5cb}, //逅
{0x9006, 0xc4e6}, //逆
{0x9007, 0xde9a}, //逇
{0x9008, 0xde9b}, //逈
{0x9009, 0xd1a1}, //选
{0x900a, 0xd1b7}, //逊
{0x900b, 0xe5cd}, //逋
{0x900c, 0xde9c}, //逌
{0x900d, 0xe5d0}, //逍
{0x900e, 0xde9d}, //逎
{0x900f, 0xcdb8}, //透
{0x9010, 0xd6f0}, //逐
{0x9011, 0xe5cf}, //逑
{0x9012, 0xb5dd}, //递
{0x9013, 0xde9e}, //逓
{0x9014, 0xcdbe}, //途
{0x9015, 0xde9f}, //逕
{0x9016, 0xe5d1}, //逖
{0x9017, 0xb6ba}, //逗
{0x9018, 0xdea0}, //逘
{0x9019, 0xdf40}, //這
{0x901a, 0xcda8}, //通
{0x901b, 0xb9e4}, //逛
{0x901c, 0xdf41}, //逜
{0x901d, 0xcac5}, //逝
{0x901e, 0xb3d1}, //逞
{0x901f, 0xcbd9}, //速
{0x9020, 0xd4ec}, //造
{0x9021, 0xe5d2}, //逡
{0x9022, 0xb7ea}, //逢
{0x9023, 0xdf42}, //連
{0x9024, 0xdf43}, //逤
{0x9025, 0xdf44}, //逥
{0x9026, 0xe5ce}, //逦
{0x9027, 0xdf45}, //逧
{0x9028, 0xdf46}, //逨
{0x9029, 0xdf47}, //逩
{0x902a, 0xdf48}, //逪
{0x902b, 0xdf49}, //逫
{0x902c, 0xdf4a}, //逬
{0x902d, 0xe5d5}, //逭
{0x902e, 0xb4fe}, //逮
{0x902f, 0xe5d6}, //逯
{0x9030, 0xdf4b}, //逰
{0x9031, 0xdf4c}, //週
{0x9032, 0xdf4d}, //進
{0x9033, 0xdf4e}, //逳
{0x9034, 0xdf4f}, //逴
{0x9035, 0xe5d3}, //逵
{0x9036, 0xe5d4}, //逶
{0x9037, 0xdf50}, //逷
{0x9038, 0xd2dd}, //逸
{0x9039, 0xdf51}, //逹
{0x903a, 0xdf52}, //逺
{0x903b, 0xc2df}, //逻
{0x903c, 0xb1c6}, //逼
{0x903d, 0xdf53}, //逽
{0x903e, 0xd3e2}, //逾
{0x903f, 0xdf54}, //逿
{0x9040, 0xdf55}, //遀
{0x9041, 0xb6dd}, //遁
{0x9042, 0xcbec}, //遂
{0x9043, 0xdf56}, //遃
{0x9044, 0xe5d7}, //遄
{0x9045, 0xdf57}, //遅
{0x9046, 0xdf58}, //遆
{0x9047, 0xd3f6}, //遇
{0x9048, 0xdf59}, //遈
{0x9049, 0xdf5a}, //遉
{0x904a, 0xdf5b}, //遊
{0x904b, 0xdf5c}, //運
{0x904c, 0xdf5d}, //遌
{0x904d, 0xb1e9}, //遍
{0x904e, 0xdf5e}, //過
{0x904f, 0xb6f4}, //遏
{0x9050, 0xe5da}, //遐
{0x9051, 0xe5d8}, //遑
{0x9052, 0xe5d9}, //遒
{0x9053, 0xb5c0}, //道
{0x9054, 0xdf5f}, //達
{0x9055, 0xdf60}, //違
{0x9056, 0xdf61}, //遖
{0x9057, 0xd2c5}, //遗
{0x9058, 0xe5dc}, //遘
{0x9059, 0xdf62}, //遙
{0x905a, 0xdf63}, //遚
{0x905b, 0xe5de}, //遛
{0x905c, 0xdf64}, //遜
{0x905d, 0xdf65}, //遝
{0x905e, 0xdf66}, //遞
{0x905f, 0xdf67}, //遟
{0x9060, 0xdf68}, //遠
{0x9061, 0xdf69}, //遡
{0x9062, 0xe5dd}, //遢
{0x9063, 0xc7b2}, //遣
{0x9064, 0xdf6a}, //遤
{0x9065, 0xd2a3}, //遥
{0x9066, 0xdf6b}, //遦
{0x9067, 0xdf6c}, //遧
{0x9068, 0xe5db}, //遨
{0x9069, 0xdf6d}, //適
{0x906a, 0xdf6e}, //遪
{0x906b, 0xdf6f}, //遫
{0x906c, 0xdf70}, //遬
{0x906d, 0xd4e2}, //遭
{0x906e, 0xd5da}, //遮
{0x906f, 0xdf71}, //遯
{0x9070, 0xdf72}, //遰
{0x9071, 0xdf73}, //遱
{0x9072, 0xdf74}, //遲
{0x9073, 0xdf75}, //遳
{0x9074, 0xe5e0}, //遴
{0x9075, 0xd7f1}, //遵
{0x9076, 0xdf76}, //遶
{0x9077, 0xdf77}, //遷
{0x9078, 0xdf78}, //選
{0x9079, 0xdf79}, //遹
{0x907a, 0xdf7a}, //遺
{0x907b, 0xdf7b}, //遻
{0x907c, 0xdf7c}, //遼
{0x907d, 0xe5e1}, //遽
{0x907e, 0xdf7d}, //遾
{0x907f, 0xb1dc}, //避
{0x9080, 0xd1fb}, //邀
{0x9081, 0xdf7e}, //邁
{0x9082, 0xe5e2}, //邂
{0x9083, 0xe5e4}, //邃
{0x9084, 0xdf80}, //還
{0x9085, 0xdf81}, //邅
{0x9086, 0xdf82}, //邆
{0x9087, 0xdf83}, //邇
{0x9088, 0xe5e3}, //邈
{0x9089, 0xdf84}, //邉
{0x908a, 0xdf85}, //邊
{0x908b, 0xe5e5}, //邋
{0x908c, 0xdf86}, //邌
{0x908d, 0xdf87}, //邍
{0x908e, 0xdf88}, //邎
{0x908f, 0xdf89}, //邏
{0x9090, 0xdf8a}, //邐
{0x9091, 0xd2d8}, //邑
{0x9092, 0xdf8b}, //邒
{0x9093, 0xb5cb}, //邓
{0x9094, 0xdf8c}, //邔
{0x9095, 0xe7df}, //邕
{0x9096, 0xdf8d}, //邖
{0x9097, 0xdaf5}, //邗
{0x9098, 0xdf8e}, //邘
{0x9099, 0xdaf8}, //邙
{0x909a, 0xdf8f}, //邚
{0x909b, 0xdaf6}, //邛
{0x909c, 0xdf90}, //邜
{0x909d, 0xdaf7}, //邝
{0x909e, 0xdf91}, //邞
{0x909f, 0xdf92}, //邟
{0x90a0, 0xdf93}, //邠
{0x90a1, 0xdafa}, //邡
{0x90a2, 0xd0cf}, //邢
{0x90a3, 0xc4c7}, //那
{0x90a4, 0xdf94}, //邤
{0x90a5, 0xdf95}, //邥
{0x90a6, 0xb0ee}, //邦
{0x90a7, 0xdf96}, //邧
{0x90a8, 0xdf97}, //邨
{0x90a9, 0xdf98}, //邩
{0x90aa, 0xd0b0}, //邪
{0x90ab, 0xdf99}, //邫
{0x90ac, 0xdaf9}, //邬
{0x90ad, 0xdf9a}, //邭
{0x90ae, 0xd3ca}, //邮
{0x90af, 0xbaaa}, //邯
{0x90b0, 0xdba2}, //邰
{0x90b1, 0xc7f1}, //邱
{0x90b2, 0xdf9b}, //邲
{0x90b3, 0xdafc}, //邳
{0x90b4, 0xdafb}, //邴
{0x90b5, 0xc9db}, //邵
{0x90b6, 0xdafd}, //邶
{0x90b7, 0xdf9c}, //邷
{0x90b8, 0xdba1}, //邸
{0x90b9, 0xd7de}, //邹
{0x90ba, 0xdafe}, //邺
{0x90bb, 0xc1da}, //邻
{0x90bc, 0xdf9d}, //邼
{0x90bd, 0xdf9e}, //邽
{0x90be, 0xdba5}, //邾
{0x90bf, 0xdf9f}, //邿
{0x90c0, 0xdfa0}, //郀
{0x90c1, 0xd3f4}, //郁
{0x90c2, 0xe040}, //郂
{0x90c3, 0xe041}, //郃
{0x90c4, 0xdba7}, //郄
{0x90c5, 0xdba4}, //郅
{0x90c6, 0xe042}, //郆
{0x90c7, 0xdba8}, //郇
{0x90c8, 0xe043}, //郈
{0x90c9, 0xe044}, //郉
{0x90ca, 0xbdbc}, //郊
{0x90cb, 0xe045}, //郋
{0x90cc, 0xe046}, //郌
{0x90cd, 0xe047}, //郍
{0x90ce, 0xc0c9}, //郎
{0x90cf, 0xdba3}, //郏
{0x90d0, 0xdba6}, //郐
{0x90d1, 0xd6a3}, //郑
{0x90d2, 0xe048}, //郒
{0x90d3, 0xdba9}, //郓
{0x90d4, 0xe049}, //郔
{0x90d5, 0xe04a}, //郕
{0x90d6, 0xe04b}, //郖
{0x90d7, 0xdbad}, //郗
{0x90d8, 0xe04c}, //郘
{0x90d9, 0xe04d}, //郙
{0x90da, 0xe04e}, //郚
{0x90db, 0xdbae}, //郛
{0x90dc, 0xdbac}, //郜
{0x90dd, 0xbac2}, //郝
{0x90de, 0xe04f}, //郞
{0x90df, 0xe050}, //郟
{0x90e0, 0xe051}, //郠
{0x90e1, 0xbfa4}, //郡
{0x90e2, 0xdbab}, //郢
{0x90e3, 0xe052}, //郣
{0x90e4, 0xe053}, //郤
{0x90e5, 0xe054}, //郥
{0x90e6, 0xdbaa}, //郦
{0x90e7, 0xd4c7}, //郧
{0x90e8, 0xb2bf}, //部
{0x90e9, 0xe055}, //郩
{0x90ea, 0xe056}, //郪
{0x90eb, 0xdbaf}, //郫
{0x90ec, 0xe057}, //郬
{0x90ed, 0xb9f9}, //郭
{0x90ee, 0xe058}, //郮
{0x90ef, 0xdbb0}, //郯
{0x90f0, 0xe059}, //郰
{0x90f1, 0xe05a}, //郱
{0x90f2, 0xe05b}, //郲
{0x90f3, 0xe05c}, //郳
{0x90f4, 0xb3bb}, //郴
{0x90f5, 0xe05d}, //郵
{0x90f6, 0xe05e}, //郶
{0x90f7, 0xe05f}, //郷
{0x90f8, 0xb5a6}, //郸
{0x90f9, 0xe060}, //郹
{0x90fa, 0xe061}, //郺
{0x90fb, 0xe062}, //郻
{0x90fc, 0xe063}, //郼
{0x90fd, 0xb6bc}, //都
{0x90fe, 0xdbb1}, //郾
{0x90ff, 0xe064}, //郿
{0x9100, 0xe065}, //鄀
{0x9101, 0xe066}, //鄁
{0x9102, 0xb6f5}, //鄂
{0x9103, 0xe067}, //鄃
{0x9104, 0xdbb2}, //鄄
{0x9105, 0xe068}, //鄅
{0x9106, 0xe069}, //鄆
{0x9107, 0xe06a}, //鄇
{0x9108, 0xe06b}, //鄈
{0x9109, 0xe06c}, //鄉
{0x910a, 0xe06d}, //鄊
{0x910b, 0xe06e}, //鄋
{0x910c, 0xe06f}, //鄌
{0x910d, 0xe070}, //鄍
{0x910e, 0xe071}, //鄎
{0x910f, 0xe072}, //鄏
{0x9110, 0xe073}, //鄐
{0x9111, 0xe074}, //鄑
{0x9112, 0xe075}, //鄒
{0x9113, 0xe076}, //鄓
{0x9114, 0xe077}, //鄔
{0x9115, 0xe078}, //鄕
{0x9116, 0xe079}, //鄖
{0x9117, 0xe07a}, //鄗
{0x9118, 0xe07b}, //鄘
{0x9119, 0xb1c9}, //鄙
{0x911a, 0xe07c}, //鄚
{0x911b, 0xe07d}, //鄛
{0x911c, 0xe07e}, //鄜
{0x911d, 0xe080}, //鄝
{0x911e, 0xdbb4}, //鄞
{0x911f, 0xe081}, //鄟
{0x9120, 0xe082}, //鄠
{0x9121, 0xe083}, //鄡
{0x9122, 0xdbb3}, //鄢
{0x9123, 0xdbb5}, //鄣
{0x9124, 0xe084}, //鄤
{0x9125, 0xe085}, //鄥
{0x9126, 0xe086}, //鄦
{0x9127, 0xe087}, //鄧
{0x9128, 0xe088}, //鄨
{0x9129, 0xe089}, //鄩
{0x912a, 0xe08a}, //鄪
{0x912b, 0xe08b}, //鄫
{0x912c, 0xe08c}, //鄬
{0x912d, 0xe08d}, //鄭
{0x912e, 0xe08e}, //鄮
{0x912f, 0xdbb7}, //鄯
{0x9130, 0xe08f}, //鄰
{0x9131, 0xdbb6}, //鄱
{0x9132, 0xe090}, //鄲
{0x9133, 0xe091}, //鄳
{0x9134, 0xe092}, //鄴
{0x9135, 0xe093}, //鄵
{0x9136, 0xe094}, //鄶
{0x9137, 0xe095}, //鄷
{0x9138, 0xe096}, //鄸
{0x9139, 0xdbb8}, //鄹
{0x913a, 0xe097}, //鄺
{0x913b, 0xe098}, //鄻
{0x913c, 0xe099}, //鄼
{0x913d, 0xe09a}, //鄽
{0x913e, 0xe09b}, //鄾
{0x913f, 0xe09c}, //鄿
{0x9140, 0xe09d}, //酀
{0x9141, 0xe09e}, //酁
{0x9142, 0xe09f}, //酂
{0x9143, 0xdbb9}, //酃
{0x9144, 0xe0a0}, //酄
{0x9145, 0xe140}, //酅
{0x9146, 0xdbba}, //酆
{0x9147, 0xe141}, //酇
{0x9148, 0xe142}, //酈
{0x9149, 0xd3cf}, //酉
{0x914a, 0xf4fa}, //酊
{0x914b, 0xc7f5}, //酋
{0x914c, 0xd7c3}, //酌
{0x914d, 0xc5e4}, //配
{0x914e, 0xf4fc}, //酎
{0x914f, 0xf4fd}, //酏
{0x9150, 0xf4fb}, //酐
{0x9151, 0xe143}, //酑
{0x9152, 0xbec6}, //酒
{0x9153, 0xe144}, //酓
{0x9154, 0xe145}, //酔
{0x9155, 0xe146}, //酕
{0x9156, 0xe147}, //酖
{0x9157, 0xd0ef}, //酗
{0x9158, 0xe148}, //酘
{0x9159, 0xe149}, //酙
{0x915a, 0xb7d3}, //酚
{0x915b, 0xe14a}, //酛
{0x915c, 0xe14b}, //酜
{0x915d, 0xd4cd}, //酝
{0x915e, 0xccaa}, //酞
{0x915f, 0xe14c}, //酟
{0x9160, 0xe14d}, //酠
{0x9161, 0xf5a2}, //酡
{0x9162, 0xf5a1}, //酢
{0x9163, 0xbaa8}, //酣
{0x9164, 0xf4fe}, //酤
{0x9165, 0xcbd6}, //酥
{0x9166, 0xe14e}, //酦
{0x9167, 0xe14f}, //酧
{0x9168, 0xe150}, //酨
{0x9169, 0xf5a4}, //酩
{0x916a, 0xc0d2}, //酪
{0x916b, 0xe151}, //酫
{0x916c, 0xb3ea}, //酬
{0x916d, 0xe152}, //酭
{0x916e, 0xcdaa}, //酮
{0x916f, 0xf5a5}, //酯
{0x9170, 0xf5a3}, //酰
{0x9171, 0xbdb4}, //酱
{0x9172, 0xf5a8}, //酲
{0x9173, 0xe153}, //酳
{0x9174, 0xf5a9}, //酴
{0x9175, 0xbdcd}, //酵
{0x9176, 0xc3b8}, //酶
{0x9177, 0xbfe1}, //酷
{0x9178, 0xcbe1}, //酸
{0x9179, 0xf5aa}, //酹
{0x917a, 0xe154}, //酺
{0x917b, 0xe155}, //酻
{0x917c, 0xe156}, //酼
{0x917d, 0xf5a6}, //酽
{0x917e, 0xf5a7}, //酾
{0x917f, 0xc4f0}, //酿
{0x9180, 0xe157}, //醀
{0x9181, 0xe158}, //醁
{0x9182, 0xe159}, //醂
{0x9183, 0xe15a}, //醃
{0x9184, 0xe15b}, //醄
{0x9185, 0xf5ac}, //醅
{0x9186, 0xe15c}, //醆
{0x9187, 0xb4bc}, //醇
{0x9188, 0xe15d}, //醈
{0x9189, 0xd7ed}, //醉
{0x918a, 0xe15e}, //醊
{0x918b, 0xb4d7}, //醋
{0x918c, 0xf5ab}, //醌
{0x918d, 0xf5ae}, //醍
{0x918e, 0xe15f}, //醎
{0x918f, 0xe160}, //醏
{0x9190, 0xf5ad}, //醐
{0x9191, 0xf5af}, //醑
{0x9192, 0xd0d1}, //醒
{0x9193, 0xe161}, //醓
{0x9194, 0xe162}, //醔
{0x9195, 0xe163}, //醕
{0x9196, 0xe164}, //醖
{0x9197, 0xe165}, //醗
{0x9198, 0xe166}, //醘
{0x9199, 0xe167}, //醙
{0x919a, 0xc3d1}, //醚
{0x919b, 0xc8a9}, //醛
{0x919c, 0xe168}, //醜
{0x919d, 0xe169}, //醝
{0x919e, 0xe16a}, //醞
{0x919f, 0xe16b}, //醟
{0x91a0, 0xe16c}, //醠
{0x91a1, 0xe16d}, //醡
{0x91a2, 0xf5b0}, //醢
{0x91a3, 0xf5b1}, //醣
{0x91a4, 0xe16e}, //醤
{0x91a5, 0xe16f}, //醥
{0x91a6, 0xe170}, //醦
{0x91a7, 0xe171}, //醧
{0x91a8, 0xe172}, //醨
{0x91a9, 0xe173}, //醩
{0x91aa, 0xf5b2}, //醪
{0x91ab, 0xe174}, //醫
{0x91ac, 0xe175}, //醬
{0x91ad, 0xf5b3}, //醭
{0x91ae, 0xf5b4}, //醮
{0x91af, 0xf5b5}, //醯
{0x91b0, 0xe176}, //醰
{0x91b1, 0xe177}, //醱
{0x91b2, 0xe178}, //醲
{0x91b3, 0xe179}, //醳
{0x91b4, 0xf5b7}, //醴
{0x91b5, 0xf5b6}, //醵
{0x91b6, 0xe17a}, //醶
{0x91b7, 0xe17b}, //醷
{0x91b8, 0xe17c}, //醸
{0x91b9, 0xe17d}, //醹
{0x91ba, 0xf5b8}, //醺
{0x91bb, 0xe17e}, //醻
{0x91bc, 0xe180}, //醼
{0x91bd, 0xe181}, //醽
{0x91be, 0xe182}, //醾
{0x91bf, 0xe183}, //醿
{0x91c0, 0xe184}, //釀
{0x91c1, 0xe185}, //釁
{0x91c2, 0xe186}, //釂
{0x91c3, 0xe187}, //釃
{0x91c4, 0xe188}, //釄
{0x91c5, 0xe189}, //釅
{0x91c6, 0xe18a}, //釆
{0x91c7, 0xb2c9}, //采
{0x91c8, 0xe18b}, //釈
{0x91c9, 0xd3d4}, //釉
{0x91ca, 0xcacd}, //释
{0x91cb, 0xe18c}, //釋
{0x91cc, 0xc0ef}, //里
{0x91cd, 0xd6d8}, //重
{0x91ce, 0xd2b0}, //野
{0x91cf, 0xc1bf}, //量
{0x91d0, 0xe18d}, //釐
{0x91d1, 0xbdf0}, //金
{0x91d2, 0xe18e}, //釒
{0x91d3, 0xe18f}, //釓
{0x91d4, 0xe190}, //釔
{0x91d5, 0xe191}, //釕
{0x91d6, 0xe192}, //釖
{0x91d7, 0xe193}, //釗
{0x91d8, 0xe194}, //釘
{0x91d9, 0xe195}, //釙
{0x91da, 0xe196}, //釚
{0x91db, 0xe197}, //釛
{0x91dc, 0xb8aa}, //釜
{0x91dd, 0xe198}, //針
{0x91de, 0xe199}, //釞
{0x91df, 0xe19a}, //釟
{0x91e0, 0xe19b}, //釠
{0x91e1, 0xe19c}, //釡
{0x91e2, 0xe19d}, //釢
{0x91e3, 0xe19e}, //釣
{0x91e4, 0xe19f}, //釤
{0x91e5, 0xe1a0}, //釥
{0x91e6, 0xe240}, //釦
{0x91e7, 0xe241}, //釧
{0x91e8, 0xe242}, //釨
{0x91e9, 0xe243}, //釩
{0x91ea, 0xe244}, //釪
{0x91eb, 0xe245}, //釫
{0x91ec, 0xe246}, //釬
{0x91ed, 0xe247}, //釭
{0x91ee, 0xe248}, //釮
{0x91ef, 0xe249}, //釯
{0x91f0, 0xe24a}, //釰
{0x91f1, 0xe24b}, //釱
{0x91f2, 0xe24c}, //釲
{0x91f3, 0xe24d}, //釳
{0x91f4, 0xe24e}, //釴
{0x91f5, 0xe24f}, //釵
{0x91f6, 0xe250}, //釶
{0x91f7, 0xe251}, //釷
{0x91f8, 0xe252}, //釸
{0x91f9, 0xe253}, //釹
{0x91fa, 0xe254}, //釺
{0x91fb, 0xe255}, //釻
{0x91fc, 0xe256}, //釼
{0x91fd, 0xe257}, //釽
{0x91fe, 0xe258}, //釾
{0x91ff, 0xe259}, //釿
{0x9200, 0xe25a}, //鈀
{0x9201, 0xe25b}, //鈁
{0x9202, 0xe25c}, //鈂
{0x9203, 0xe25d}, //鈃
{0x9204, 0xe25e}, //鈄
{0x9205, 0xe25f}, //鈅
{0x9206, 0xe260}, //鈆
{0x9207, 0xe261}, //鈇
{0x9208, 0xe262}, //鈈
{0x9209, 0xe263}, //鈉
{0x920a, 0xe264}, //鈊
{0x920b, 0xe265}, //鈋
{0x920c, 0xe266}, //鈌
{0x920d, 0xe267}, //鈍
{0x920e, 0xe268}, //鈎
{0x920f, 0xe269}, //鈏
{0x9210, 0xe26a}, //鈐
{0x9211, 0xe26b}, //鈑
{0x9212, 0xe26c}, //鈒
{0x9213, 0xe26d}, //鈓
{0x9214, 0xe26e}, //鈔
{0x9215, 0xe26f}, //鈕
{0x9216, 0xe270}, //鈖
{0x9217, 0xe271}, //鈗
{0x9218, 0xe272}, //鈘
{0x9219, 0xe273}, //鈙
{0x921a, 0xe274}, //鈚
{0x921b, 0xe275}, //鈛
{0x921c, 0xe276}, //鈜
{0x921d, 0xe277}, //鈝
{0x921e, 0xe278}, //鈞
{0x921f, 0xe279}, //鈟
{0x9220, 0xe27a}, //鈠
{0x9221, 0xe27b}, //鈡
{0x9222, 0xe27c}, //鈢
{0x9223, 0xe27d}, //鈣
{0x9224, 0xe27e}, //鈤
{0x9225, 0xe280}, //鈥
{0x9226, 0xe281}, //鈦
{0x9227, 0xe282}, //鈧
{0x9228, 0xe283}, //鈨
{0x9229, 0xe284}, //鈩
{0x922a, 0xe285}, //鈪
{0x922b, 0xe286}, //鈫
{0x922c, 0xe287}, //鈬
{0x922d, 0xe288}, //鈭
{0x922e, 0xe289}, //鈮
{0x922f, 0xe28a}, //鈯
{0x9230, 0xe28b}, //鈰
{0x9231, 0xe28c}, //鈱
{0x9232, 0xe28d}, //鈲
{0x9233, 0xe28e}, //鈳
{0x9234, 0xe28f}, //鈴
{0x9235, 0xe290}, //鈵
{0x9236, 0xe291}, //鈶
{0x9237, 0xe292}, //鈷
{0x9238, 0xe293}, //鈸
{0x9239, 0xe294}, //鈹
{0x923a, 0xe295}, //鈺
{0x923b, 0xe296}, //鈻
{0x923c, 0xe297}, //鈼
{0x923d, 0xe298}, //鈽
{0x923e, 0xe299}, //鈾
{0x923f, 0xe29a}, //鈿
{0x9240, 0xe29b}, //鉀
{0x9241, 0xe29c}, //鉁
{0x9242, 0xe29d}, //鉂
{0x9243, 0xe29e}, //鉃
{0x9244, 0xe29f}, //鉄
{0x9245, 0xe2a0}, //鉅
{0x9246, 0xe340}, //鉆
{0x9247, 0xe341}, //鉇
{0x9248, 0xe342}, //鉈
{0x9249, 0xe343}, //鉉
{0x924a, 0xe344}, //鉊
{0x924b, 0xe345}, //鉋
{0x924c, 0xe346}, //鉌
{0x924d, 0xe347}, //鉍
{0x924e, 0xe348}, //鉎
{0x924f, 0xe349}, //鉏
{0x9250, 0xe34a}, //鉐
{0x9251, 0xe34b}, //鉑
{0x9252, 0xe34c}, //鉒
{0x9253, 0xe34d}, //鉓
{0x9254, 0xe34e}, //鉔
{0x9255, 0xe34f}, //鉕
{0x9256, 0xe350}, //鉖
{0x9257, 0xe351}, //鉗
{0x9258, 0xe352}, //鉘
{0x9259, 0xe353}, //鉙
{0x925a, 0xe354}, //鉚
{0x925b, 0xe355}, //鉛
{0x925c, 0xe356}, //鉜
{0x925d, 0xe357}, //鉝
{0x925e, 0xe358}, //鉞
{0x925f, 0xe359}, //鉟
{0x9260, 0xe35a}, //鉠
{0x9261, 0xe35b}, //鉡
{0x9262, 0xe35c}, //鉢
{0x9263, 0xe35d}, //鉣
{0x9264, 0xe35e}, //鉤
{0x9265, 0xe35f}, //鉥
{0x9266, 0xe360}, //鉦
{0x9267, 0xe361}, //鉧
{0x9268, 0xe362}, //鉨
{0x9269, 0xe363}, //鉩
{0x926a, 0xe364}, //鉪
{0x926b, 0xe365}, //鉫
{0x926c, 0xe366}, //鉬
{0x926d, 0xe367}, //鉭
{0x926e, 0xe368}, //鉮
{0x926f, 0xe369}, //鉯
{0x9270, 0xe36a}, //鉰
{0x9271, 0xe36b}, //鉱
{0x9272, 0xe36c}, //鉲
{0x9273, 0xe36d}, //鉳
{0x9274, 0xbcf8}, //鉴
{0x9275, 0xe36e}, //鉵
{0x9276, 0xe36f}, //鉶
{0x9277, 0xe370}, //鉷
{0x9278, 0xe371}, //鉸
{0x9279, 0xe372}, //鉹
{0x927a, 0xe373}, //鉺
{0x927b, 0xe374}, //鉻
{0x927c, 0xe375}, //鉼
{0x927d, 0xe376}, //鉽
{0x927e, 0xe377}, //鉾
{0x927f, 0xe378}, //鉿
{0x9280, 0xe379}, //銀
{0x9281, 0xe37a}, //銁
{0x9282, 0xe37b}, //銂
{0x9283, 0xe37c}, //銃
{0x9284, 0xe37d}, //銄
{0x9285, 0xe37e}, //銅
{0x9286, 0xe380}, //銆
{0x9287, 0xe381}, //銇
{0x9288, 0xe382}, //銈
{0x9289, 0xe383}, //銉
{0x928a, 0xe384}, //銊
{0x928b, 0xe385}, //銋
{0x928c, 0xe386}, //銌
{0x928d, 0xe387}, //銍
{0x928e, 0xf6c6}, //銎
{0x928f, 0xe388}, //銏
{0x9290, 0xe389}, //銐
{0x9291, 0xe38a}, //銑
{0x9292, 0xe38b}, //銒
{0x9293, 0xe38c}, //銓
{0x9294, 0xe38d}, //銔
{0x9295, 0xe38e}, //銕
{0x9296, 0xe38f}, //銖
{0x9297, 0xe390}, //銗
{0x9298, 0xe391}, //銘
{0x9299, 0xe392}, //銙
{0x929a, 0xe393}, //銚
{0x929b, 0xe394}, //銛
{0x929c, 0xe395}, //銜
{0x929d, 0xe396}, //銝
{0x929e, 0xe397}, //銞
{0x929f, 0xe398}, //銟
{0x92a0, 0xe399}, //銠
{0x92a1, 0xe39a}, //銡
{0x92a2, 0xe39b}, //銢
{0x92a3, 0xe39c}, //銣
{0x92a4, 0xe39d}, //銤
{0x92a5, 0xe39e}, //銥
{0x92a6, 0xe39f}, //銦
{0x92a7, 0xe3a0}, //銧
{0x92a8, 0xe440}, //銨
{0x92a9, 0xe441}, //銩
{0x92aa, 0xe442}, //銪
{0x92ab, 0xe443}, //銫
{0x92ac, 0xe444}, //銬
{0x92ad, 0xe445}, //銭
{0x92ae, 0xf6c7}, //銮
{0x92af, 0xe446}, //銯
{0x92b0, 0xe447}, //銰
{0x92b1, 0xe448}, //銱
{0x92b2, 0xe449}, //銲
{0x92b3, 0xe44a}, //銳
{0x92b4, 0xe44b}, //銴
{0x92b5, 0xe44c}, //銵
{0x92b6, 0xe44d}, //銶
{0x92b7, 0xe44e}, //銷
{0x92b8, 0xe44f}, //銸
{0x92b9, 0xe450}, //銹
{0x92ba, 0xe451}, //銺
{0x92bb, 0xe452}, //銻
{0x92bc, 0xe453}, //銼
{0x92bd, 0xe454}, //銽
{0x92be, 0xe455}, //銾
{0x92bf, 0xe456}, //銿
{0x92c0, 0xe457}, //鋀
{0x92c1, 0xe458}, //鋁
{0x92c2, 0xe459}, //鋂
{0x92c3, 0xe45a}, //鋃
{0x92c4, 0xe45b}, //鋄
{0x92c5, 0xe45c}, //鋅
{0x92c6, 0xe45d}, //鋆
{0x92c7, 0xe45e}, //鋇
{0x92c8, 0xf6c8}, //鋈
{0x92c9, 0xe45f}, //鋉
{0x92ca, 0xe460}, //鋊
{0x92cb, 0xe461}, //鋋
{0x92cc, 0xe462}, //鋌
{0x92cd, 0xe463}, //鋍
{0x92ce, 0xe464}, //鋎
{0x92cf, 0xe465}, //鋏
{0x92d0, 0xe466}, //鋐
{0x92d1, 0xe467}, //鋑
{0x92d2, 0xe468}, //鋒
{0x92d3, 0xe469}, //鋓
{0x92d4, 0xe46a}, //鋔
{0x92d5, 0xe46b}, //鋕
{0x92d6, 0xe46c}, //鋖
{0x92d7, 0xe46d}, //鋗
{0x92d8, 0xe46e}, //鋘
{0x92d9, 0xe46f}, //鋙
{0x92da, 0xe470}, //鋚
{0x92db, 0xe471}, //鋛
{0x92dc, 0xe472}, //鋜
{0x92dd, 0xe473}, //鋝
{0x92de, 0xe474}, //鋞
{0x92df, 0xe475}, //鋟
{0x92e0, 0xe476}, //鋠
{0x92e1, 0xe477}, //鋡
{0x92e2, 0xe478}, //鋢
{0x92e3, 0xe479}, //鋣
{0x92e4, 0xe47a}, //鋤
{0x92e5, 0xe47b}, //鋥
{0x92e6, 0xe47c}, //鋦
{0x92e7, 0xe47d}, //鋧
{0x92e8, 0xe47e}, //鋨
{0x92e9, 0xe480}, //鋩
{0x92ea, 0xe481}, //鋪
{0x92eb, 0xe482}, //鋫
{0x92ec, 0xe483}, //鋬
{0x92ed, 0xe484}, //鋭
{0x92ee, 0xe485}, //鋮
{0x92ef, 0xe486}, //鋯
{0x92f0, 0xe487}, //鋰
{0x92f1, 0xe488}, //鋱
{0x92f2, 0xe489}, //鋲
{0x92f3, 0xe48a}, //鋳
{0x92f4, 0xe48b}, //鋴
{0x92f5, 0xe48c}, //鋵
{0x92f6, 0xe48d}, //鋶
{0x92f7, 0xe48e}, //鋷
{0x92f8, 0xe48f}, //鋸
{0x92f9, 0xe490}, //鋹
{0x92fa, 0xe491}, //鋺
{0x92fb, 0xe492}, //鋻
{0x92fc, 0xe493}, //鋼
{0x92fd, 0xe494}, //鋽
{0x92fe, 0xe495}, //鋾
{0x92ff, 0xe496}, //鋿
{0x9300, 0xe497}, //錀
{0x9301, 0xe498}, //錁
{0x9302, 0xe499}, //錂
{0x9303, 0xe49a}, //錃
{0x9304, 0xe49b}, //錄
{0x9305, 0xe49c}, //錅
{0x9306, 0xe49d}, //錆
{0x9307, 0xe49e}, //錇
{0x9308, 0xe49f}, //錈
{0x9309, 0xe4a0}, //錉
{0x930a, 0xe540}, //錊
{0x930b, 0xe541}, //錋
{0x930c, 0xe542}, //錌
{0x930d, 0xe543}, //錍
{0x930e, 0xe544}, //錎
{0x930f, 0xe545}, //錏
{0x9310, 0xe546}, //錐
{0x9311, 0xe547}, //錑
{0x9312, 0xe548}, //錒
{0x9313, 0xe549}, //錓
{0x9314, 0xe54a}, //錔
{0x9315, 0xe54b}, //錕
{0x9316, 0xe54c}, //錖
{0x9317, 0xe54d}, //錗
{0x9318, 0xe54e}, //錘
{0x9319, 0xe54f}, //錙
{0x931a, 0xe550}, //錚
{0x931b, 0xe551}, //錛
{0x931c, 0xe552}, //錜
{0x931d, 0xe553}, //錝
{0x931e, 0xe554}, //錞
{0x931f, 0xe555}, //錟
{0x9320, 0xe556}, //錠
{0x9321, 0xe557}, //錡
{0x9322, 0xe558}, //錢
{0x9323, 0xe559}, //錣
{0x9324, 0xe55a}, //錤
{0x9325, 0xe55b}, //錥
{0x9326, 0xe55c}, //錦
{0x9327, 0xe55d}, //錧
{0x9328, 0xe55e}, //錨
{0x9329, 0xe55f}, //錩
{0x932a, 0xe560}, //錪
{0x932b, 0xe561}, //錫
{0x932c, 0xe562}, //錬
{0x932d, 0xe563}, //錭
{0x932e, 0xe564}, //錮
{0x932f, 0xe565}, //錯
{0x9330, 0xe566}, //錰
{0x9331, 0xe567}, //錱
{0x9332, 0xe568}, //録
{0x9333, 0xe569}, //錳
{0x9334, 0xe56a}, //錴
{0x9335, 0xe56b}, //錵
{0x9336, 0xe56c}, //錶
{0x9337, 0xe56d}, //錷
{0x9338, 0xe56e}, //錸
{0x9339, 0xe56f}, //錹
{0x933a, 0xe570}, //錺
{0x933b, 0xe571}, //錻
{0x933c, 0xe572}, //錼
{0x933d, 0xe573}, //錽
{0x933e, 0xf6c9}, //錾
{0x933f, 0xe574}, //錿
{0x9340, 0xe575}, //鍀
{0x9341, 0xe576}, //鍁
{0x9342, 0xe577}, //鍂
{0x9343, 0xe578}, //鍃
{0x9344, 0xe579}, //鍄
{0x9345, 0xe57a}, //鍅
{0x9346, 0xe57b}, //鍆
{0x9347, 0xe57c}, //鍇
{0x9348, 0xe57d}, //鍈
{0x9349, 0xe57e}, //鍉
{0x934a, 0xe580}, //鍊
{0x934b, 0xe581}, //鍋
{0x934c, 0xe582}, //鍌
{0x934d, 0xe583}, //鍍
{0x934e, 0xe584}, //鍎
{0x934f, 0xe585}, //鍏
{0x9350, 0xe586}, //鍐
{0x9351, 0xe587}, //鍑
{0x9352, 0xe588}, //鍒
{0x9353, 0xe589}, //鍓
{0x9354, 0xe58a}, //鍔
{0x9355, 0xe58b}, //鍕
{0x9356, 0xe58c}, //鍖
{0x9357, 0xe58d}, //鍗
{0x9358, 0xe58e}, //鍘
{0x9359, 0xe58f}, //鍙
{0x935a, 0xe590}, //鍚
{0x935b, 0xe591}, //鍛
{0x935c, 0xe592}, //鍜
{0x935d, 0xe593}, //鍝
{0x935e, 0xe594}, //鍞
{0x935f, 0xe595}, //鍟
{0x9360, 0xe596}, //鍠
{0x9361, 0xe597}, //鍡
{0x9362, 0xe598}, //鍢
{0x9363, 0xe599}, //鍣
{0x9364, 0xe59a}, //鍤
{0x9365, 0xe59b}, //鍥
{0x9366, 0xe59c}, //鍦
{0x9367, 0xe59d}, //鍧
{0x9368, 0xe59e}, //鍨
{0x9369, 0xe59f}, //鍩
{0x936a, 0xf6ca}, //鍪
{0x936b, 0xe5a0}, //鍫
{0x936c, 0xe640}, //鍬
{0x936d, 0xe641}, //鍭
{0x936e, 0xe642}, //鍮
{0x936f, 0xe643}, //鍯
{0x9370, 0xe644}, //鍰
{0x9371, 0xe645}, //鍱
{0x9372, 0xe646}, //鍲
{0x9373, 0xe647}, //鍳
{0x9374, 0xe648}, //鍴
{0x9375, 0xe649}, //鍵
{0x9376, 0xe64a}, //鍶
{0x9377, 0xe64b}, //鍷
{0x9378, 0xe64c}, //鍸
{0x9379, 0xe64d}, //鍹
{0x937a, 0xe64e}, //鍺
{0x937b, 0xe64f}, //鍻
{0x937c, 0xe650}, //鍼
{0x937d, 0xe651}, //鍽
{0x937e, 0xe652}, //鍾
{0x937f, 0xe653}, //鍿
{0x9380, 0xe654}, //鎀
{0x9381, 0xe655}, //鎁
{0x9382, 0xe656}, //鎂
{0x9383, 0xe657}, //鎃
{0x9384, 0xe658}, //鎄
{0x9385, 0xe659}, //鎅
{0x9386, 0xe65a}, //鎆
{0x9387, 0xe65b}, //鎇
{0x9388, 0xe65c}, //鎈
{0x9389, 0xe65d}, //鎉
{0x938a, 0xe65e}, //鎊
{0x938b, 0xe65f}, //鎋
{0x938c, 0xe660}, //鎌
{0x938d, 0xe661}, //鎍
{0x938e, 0xe662}, //鎎
{0x938f, 0xf6cc}, //鎏
{0x9390, 0xe663}, //鎐
{0x9391, 0xe664}, //鎑
{0x9392, 0xe665}, //鎒
{0x9393, 0xe666}, //鎓
{0x9394, 0xe667}, //鎔
{0x9395, 0xe668}, //鎕
{0x9396, 0xe669}, //鎖
{0x9397, 0xe66a}, //鎗
{0x9398, 0xe66b}, //鎘
{0x9399, 0xe66c}, //鎙
{0x939a, 0xe66d}, //鎚
{0x939b, 0xe66e}, //鎛
{0x939c, 0xe66f}, //鎜
{0x939d, 0xe670}, //鎝
{0x939e, 0xe671}, //鎞
{0x939f, 0xe672}, //鎟
{0x93a0, 0xe673}, //鎠
{0x93a1, 0xe674}, //鎡
{0x93a2, 0xe675}, //鎢
{0x93a3, 0xe676}, //鎣
{0x93a4, 0xe677}, //鎤
{0x93a5, 0xe678}, //鎥
{0x93a6, 0xe679}, //鎦
{0x93a7, 0xe67a}, //鎧
{0x93a8, 0xe67b}, //鎨
{0x93a9, 0xe67c}, //鎩
{0x93aa, 0xe67d}, //鎪
{0x93ab, 0xe67e}, //鎫
{0x93ac, 0xe680}, //鎬
{0x93ad, 0xe681}, //鎭
{0x93ae, 0xe682}, //鎮
{0x93af, 0xe683}, //鎯
{0x93b0, 0xe684}, //鎰
{0x93b1, 0xe685}, //鎱
{0x93b2, 0xe686}, //鎲
{0x93b3, 0xe687}, //鎳
{0x93b4, 0xe688}, //鎴
{0x93b5, 0xe689}, //鎵
{0x93b6, 0xe68a}, //鎶
{0x93b7, 0xe68b}, //鎷
{0x93b8, 0xe68c}, //鎸
{0x93b9, 0xe68d}, //鎹
{0x93ba, 0xe68e}, //鎺
{0x93bb, 0xe68f}, //鎻
{0x93bc, 0xe690}, //鎼
{0x93bd, 0xe691}, //鎽
{0x93be, 0xe692}, //鎾
{0x93bf, 0xe693}, //鎿
{0x93c0, 0xe694}, //鏀
{0x93c1, 0xe695}, //鏁
{0x93c2, 0xe696}, //鏂
{0x93c3, 0xe697}, //鏃
{0x93c4, 0xe698}, //鏄
{0x93c5, 0xe699}, //鏅
{0x93c6, 0xe69a}, //鏆
{0x93c7, 0xe69b}, //鏇
{0x93c8, 0xe69c}, //鏈
{0x93c9, 0xe69d}, //鏉
{0x93ca, 0xf6cb}, //鏊
{0x93cb, 0xe69e}, //鏋
{0x93cc, 0xe69f}, //鏌
{0x93cd, 0xe6a0}, //鏍
{0x93ce, 0xe740}, //鏎
{0x93cf, 0xe741}, //鏏
{0x93d0, 0xe742}, //鏐
{0x93d1, 0xe743}, //鏑
{0x93d2, 0xe744}, //鏒
{0x93d3, 0xe745}, //鏓
{0x93d4, 0xe746}, //鏔
{0x93d5, 0xe747}, //鏕
{0x93d6, 0xf7e9}, //鏖
{0x93d7, 0xe748}, //鏗
{0x93d8, 0xe749}, //鏘
{0x93d9, 0xe74a}, //鏙
{0x93da, 0xe74b}, //鏚
{0x93db, 0xe74c}, //鏛
{0x93dc, 0xe74d}, //鏜
{0x93dd, 0xe74e}, //鏝
{0x93de, 0xe74f}, //鏞
{0x93df, 0xe750}, //鏟
{0x93e0, 0xe751}, //鏠
{0x93e1, 0xe752}, //鏡
{0x93e2, 0xe753}, //鏢
{0x93e3, 0xe754}, //鏣
{0x93e4, 0xe755}, //鏤
{0x93e5, 0xe756}, //鏥
{0x93e6, 0xe757}, //鏦
{0x93e7, 0xe758}, //鏧
{0x93e8, 0xe759}, //鏨
{0x93e9, 0xe75a}, //鏩
{0x93ea, 0xe75b}, //鏪
{0x93eb, 0xe75c}, //鏫
{0x93ec, 0xe75d}, //鏬
{0x93ed, 0xe75e}, //鏭
{0x93ee, 0xe75f}, //鏮
{0x93ef, 0xe760}, //鏯
{0x93f0, 0xe761}, //鏰
{0x93f1, 0xe762}, //鏱
{0x93f2, 0xe763}, //鏲
{0x93f3, 0xe764}, //鏳
{0x93f4, 0xe765}, //鏴
{0x93f5, 0xe766}, //鏵
{0x93f6, 0xe767}, //鏶
{0x93f7, 0xe768}, //鏷
{0x93f8, 0xe769}, //鏸
{0x93f9, 0xe76a}, //鏹
{0x93fa, 0xe76b}, //鏺
{0x93fb, 0xe76c}, //鏻
{0x93fc, 0xe76d}, //鏼
{0x93fd, 0xe76e}, //鏽
{0x93fe, 0xe76f}, //鏾
{0x93ff, 0xe770}, //鏿
{0x9400, 0xe771}, //鐀
{0x9401, 0xe772}, //鐁
{0x9402, 0xe773}, //鐂
{0x9403, 0xe774}, //鐃
{0x9404, 0xe775}, //鐄
{0x9405, 0xe776}, //鐅
{0x9406, 0xe777}, //鐆
{0x9407, 0xe778}, //鐇
{0x9408, 0xe779}, //鐈
{0x9409, 0xe77a}, //鐉
{0x940a, 0xe77b}, //鐊
{0x940b, 0xe77c}, //鐋
{0x940c, 0xe77d}, //鐌
{0x940d, 0xe77e}, //鐍
{0x940e, 0xe780}, //鐎
{0x940f, 0xe781}, //鐏
{0x9410, 0xe782}, //鐐
{0x9411, 0xe783}, //鐑
{0x9412, 0xe784}, //鐒
{0x9413, 0xe785}, //鐓
{0x9414, 0xe786}, //鐔
{0x9415, 0xe787}, //鐕
{0x9416, 0xe788}, //鐖
{0x9417, 0xe789}, //鐗
{0x9418, 0xe78a}, //鐘
{0x9419, 0xe78b}, //鐙
{0x941a, 0xe78c}, //鐚
{0x941b, 0xe78d}, //鐛
{0x941c, 0xe78e}, //鐜
{0x941d, 0xe78f}, //鐝
{0x941e, 0xe790}, //鐞
{0x941f, 0xe791}, //鐟
{0x9420, 0xe792}, //鐠
{0x9421, 0xe793}, //鐡
{0x9422, 0xe794}, //鐢
{0x9423, 0xe795}, //鐣
{0x9424, 0xe796}, //鐤
{0x9425, 0xe797}, //鐥
{0x9426, 0xe798}, //鐦
{0x9427, 0xe799}, //鐧
{0x9428, 0xe79a}, //鐨
{0x9429, 0xe79b}, //鐩
{0x942a, 0xe79c}, //鐪
{0x942b, 0xe79d}, //鐫
{0x942c, 0xe79e}, //鐬
{0x942d, 0xe79f}, //鐭
{0x942e, 0xe7a0}, //鐮
{0x942f, 0xe840}, //鐯
{0x9430, 0xe841}, //鐰
{0x9431, 0xe842}, //鐱
{0x9432, 0xe843}, //鐲
{0x9433, 0xe844}, //鐳
{0x9434, 0xe845}, //鐴
{0x9435, 0xe846}, //鐵
{0x9436, 0xe847}, //鐶
{0x9437, 0xe848}, //鐷
{0x9438, 0xe849}, //鐸
{0x9439, 0xe84a}, //鐹
{0x943a, 0xe84b}, //鐺
{0x943b, 0xe84c}, //鐻
{0x943c, 0xe84d}, //鐼
{0x943d, 0xe84e}, //鐽
{0x943e, 0xf6cd}, //鐾
{0x943f, 0xe84f}, //鐿
{0x9440, 0xe850}, //鑀
{0x9441, 0xe851}, //鑁
{0x9442, 0xe852}, //鑂
{0x9443, 0xe853}, //鑃
{0x9444, 0xe854}, //鑄
{0x9445, 0xe855}, //鑅
{0x9446, 0xe856}, //鑆
{0x9447, 0xe857}, //鑇
{0x9448, 0xe858}, //鑈
{0x9449, 0xe859}, //鑉
{0x944a, 0xe85a}, //鑊
{0x944b, 0xe85b}, //鑋
{0x944c, 0xe85c}, //鑌
{0x944d, 0xe85d}, //鑍
{0x944e, 0xe85e}, //鑎
{0x944f, 0xe85f}, //鑏
{0x9450, 0xe860}, //鑐
{0x9451, 0xe861}, //鑑
{0x9452, 0xe862}, //鑒
{0x9453, 0xe863}, //鑓
{0x9454, 0xe864}, //鑔
{0x9455, 0xe865}, //鑕
{0x9456, 0xe866}, //鑖
{0x9457, 0xe867}, //鑗
{0x9458, 0xe868}, //鑘
{0x9459, 0xe869}, //鑙
{0x945a, 0xe86a}, //鑚
{0x945b, 0xe86b}, //鑛
{0x945c, 0xe86c}, //鑜
{0x945d, 0xe86d}, //鑝
{0x945e, 0xe86e}, //鑞
{0x945f, 0xe86f}, //鑟
{0x9460, 0xe870}, //鑠
{0x9461, 0xe871}, //鑡
{0x9462, 0xe872}, //鑢
{0x9463, 0xe873}, //鑣
{0x9464, 0xe874}, //鑤
{0x9465, 0xe875}, //鑥
{0x9466, 0xe876}, //鑦
{0x9467, 0xe877}, //鑧
{0x9468, 0xe878}, //鑨
{0x9469, 0xe879}, //鑩
{0x946a, 0xe87a}, //鑪
{0x946b, 0xf6ce}, //鑫
{0x946c, 0xe87b}, //鑬
{0x946d, 0xe87c}, //鑭
{0x946e, 0xe87d}, //鑮
{0x946f, 0xe87e}, //鑯
{0x9470, 0xe880}, //鑰
{0x9471, 0xe881}, //鑱
{0x9472, 0xe882}, //鑲
{0x9473, 0xe883}, //鑳
{0x9474, 0xe884}, //鑴
{0x9475, 0xe885}, //鑵
{0x9476, 0xe886}, //鑶
{0x9477, 0xe887}, //鑷
{0x9478, 0xe888}, //鑸
{0x9479, 0xe889}, //鑹
{0x947a, 0xe88a}, //鑺
{0x947b, 0xe88b}, //鑻
{0x947c, 0xe88c}, //鑼
{0x947d, 0xe88d}, //鑽
{0x947e, 0xe88e}, //鑾
{0x947f, 0xe88f}, //鑿
{0x9480, 0xe890}, //钀
{0x9481, 0xe891}, //钁
{0x9482, 0xe892}, //钂
{0x9483, 0xe893}, //钃
{0x9484, 0xe894}, //钄
{0x9485, 0xeec4}, //钅
{0x9486, 0xeec5}, //钆
{0x9487, 0xeec6}, //钇
{0x9488, 0xd5eb}, //针
{0x9489, 0xb6a4}, //钉
{0x948a, 0xeec8}, //钊
{0x948b, 0xeec7}, //钋
{0x948c, 0xeec9}, //钌
{0x948d, 0xeeca}, //钍
{0x948e, 0xc7a5}, //钎
{0x948f, 0xeecb}, //钏
{0x9490, 0xeecc}, //钐
{0x9491, 0xe895}, //钑
{0x9492, 0xb7b0}, //钒
{0x9493, 0xb5f6}, //钓
{0x9494, 0xeecd}, //钔
{0x9495, 0xeecf}, //钕
{0x9496, 0xe896}, //钖
{0x9497, 0xeece}, //钗
{0x9498, 0xe897}, //钘
{0x9499, 0xb8c6}, //钙
{0x949a, 0xeed0}, //钚
{0x949b, 0xeed1}, //钛
{0x949c, 0xeed2}, //钜
{0x949d, 0xb6db}, //钝
{0x949e, 0xb3ae}, //钞
{0x949f, 0xd6d3}, //钟
{0x94a0, 0xc4c6}, //钠
{0x94a1, 0xb1b5}, //钡
{0x94a2, 0xb8d6}, //钢
{0x94a3, 0xeed3}, //钣
{0x94a4, 0xeed4}, //钤
{0x94a5, 0xd4bf}, //钥
{0x94a6, 0xc7d5}, //钦
{0x94a7, 0xbefb}, //钧
{0x94a8, 0xced9}, //钨
{0x94a9, 0xb9b3}, //钩
{0x94aa, 0xeed6}, //钪
{0x94ab, 0xeed5}, //钫
{0x94ac, 0xeed8}, //钬
{0x94ad, 0xeed7}, //钭
{0x94ae, 0xc5a5}, //钮
{0x94af, 0xeed9}, //钯
{0x94b0, 0xeeda}, //钰
{0x94b1, 0xc7ae}, //钱
{0x94b2, 0xeedb}, //钲
{0x94b3, 0xc7af}, //钳
{0x94b4, 0xeedc}, //钴
{0x94b5, 0xb2a7}, //钵
{0x94b6, 0xeedd}, //钶
{0x94b7, 0xeede}, //钷
{0x94b8, 0xeedf}, //钸
{0x94b9, 0xeee0}, //钹
{0x94ba, 0xeee1}, //钺
{0x94bb, 0xd7ea}, //钻
{0x94bc, 0xeee2}, //钼
{0x94bd, 0xeee3}, //钽
{0x94be, 0xbcd8}, //钾
{0x94bf, 0xeee4}, //钿
{0x94c0, 0xd3cb}, //铀
{0x94c1, 0xccfa}, //铁
{0x94c2, 0xb2ac}, //铂
{0x94c3, 0xc1e5}, //铃
{0x94c4, 0xeee5}, //铄
{0x94c5, 0xc7a6}, //铅
{0x94c6, 0xc3ad}, //铆
{0x94c7, 0xe898}, //铇
{0x94c8, 0xeee6}, //铈
{0x94c9, 0xeee7}, //铉
{0x94ca, 0xeee8}, //铊
{0x94cb, 0xeee9}, //铋
{0x94cc, 0xeeea}, //铌
{0x94cd, 0xeeeb}, //铍
{0x94ce, 0xeeec}, //铎
{0x94cf, 0xe899}, //铏
{0x94d0, 0xeeed}, //铐
{0x94d1, 0xeeee}, //铑
{0x94d2, 0xeeef}, //铒
{0x94d3, 0xe89a}, //铓
{0x94d4, 0xe89b}, //铔
{0x94d5, 0xeef0}, //铕
{0x94d6, 0xeef1}, //铖
{0x94d7, 0xeef2}, //铗
{0x94d8, 0xeef4}, //铘
{0x94d9, 0xeef3}, //铙
{0x94da, 0xe89c}, //铚
{0x94db, 0xeef5}, //铛
{0x94dc, 0xcdad}, //铜
{0x94dd, 0xc2c1}, //铝
{0x94de, 0xeef6}, //铞
{0x94df, 0xeef7}, //铟
{0x94e0, 0xeef8}, //铠
{0x94e1, 0xd5a1}, //铡
{0x94e2, 0xeef9}, //铢
{0x94e3, 0xcfb3}, //铣
{0x94e4, 0xeefa}, //铤
{0x94e5, 0xeefb}, //铥
{0x94e6, 0xe89d}, //铦
{0x94e7, 0xeefc}, //铧
{0x94e8, 0xeefd}, //铨
{0x94e9, 0xefa1}, //铩
{0x94ea, 0xeefe}, //铪
{0x94eb, 0xefa2}, //铫
{0x94ec, 0xb8f5}, //铬
{0x94ed, 0xc3fa}, //铭
{0x94ee, 0xefa3}, //铮
{0x94ef, 0xefa4}, //铯
{0x94f0, 0xbdc2}, //铰
{0x94f1, 0xd2bf}, //铱
{0x94f2, 0xb2f9}, //铲
{0x94f3, 0xefa5}, //铳
{0x94f4, 0xefa6}, //铴
{0x94f5, 0xefa7}, //铵
{0x94f6, 0xd2f8}, //银
{0x94f7, 0xefa8}, //铷
{0x94f8, 0xd6fd}, //铸
{0x94f9, 0xefa9}, //铹
{0x94fa, 0xc6cc}, //铺
{0x94fb, 0xe89e}, //铻
{0x94fc, 0xefaa}, //铼
{0x94fd, 0xefab}, //铽
{0x94fe, 0xc1b4}, //链
{0x94ff, 0xefac}, //铿
{0x9500, 0xcffa}, //销
{0x9501, 0xcbf8}, //锁
{0x9502, 0xefae}, //锂
{0x9503, 0xefad}, //锃
{0x9504, 0xb3fa}, //锄
{0x9505, 0xb9f8}, //锅
{0x9506, 0xefaf}, //锆
{0x9507, 0xefb0}, //锇
{0x9508, 0xd0e2}, //锈
{0x9509, 0xefb1}, //锉
{0x950a, 0xefb2}, //锊
{0x950b, 0xb7e6}, //锋
{0x950c, 0xd0bf}, //锌
{0x950d, 0xefb3}, //锍
{0x950e, 0xefb4}, //锎
{0x950f, 0xefb5}, //锏
{0x9510, 0xc8f1}, //锐
{0x9511, 0xcce0}, //锑
{0x9512, 0xefb6}, //锒
{0x9513, 0xefb7}, //锓
{0x9514, 0xefb8}, //锔
{0x9515, 0xefb9}, //锕
{0x9516, 0xefba}, //锖
{0x9517, 0xd5e0}, //锗
{0x9518, 0xefbb}, //锘
{0x9519, 0xb4ed}, //错
{0x951a, 0xc3aa}, //锚
{0x951b, 0xefbc}, //锛
{0x951c, 0xe89f}, //锜
{0x951d, 0xefbd}, //锝
{0x951e, 0xefbe}, //锞
{0x951f, 0xefbf}, //锟
{0x9520, 0xe8a0}, //锠
{0x9521, 0xcefd}, //锡
{0x9522, 0xefc0}, //锢
{0x9523, 0xc2e0}, //锣
{0x9524, 0xb4b8}, //锤
{0x9525, 0xd7b6}, //锥
{0x9526, 0xbdf5}, //锦
{0x9527, 0xe940}, //锧
{0x9528, 0xcfc7}, //锨
{0x9529, 0xefc3}, //锩
{0x952a, 0xefc1}, //锪
{0x952b, 0xefc2}, //锫
{0x952c, 0xefc4}, //锬
{0x952d, 0xb6a7}, //锭
{0x952e, 0xbcfc}, //键
{0x952f, 0xbee2}, //锯
{0x9530, 0xc3cc}, //锰
{0x9531, 0xefc5}, //锱
{0x9532, 0xefc6}, //锲
{0x9533, 0xe941}, //锳
{0x9534, 0xefc7}, //锴
{0x9535, 0xefcf}, //锵
{0x9536, 0xefc8}, //锶
{0x9537, 0xefc9}, //锷
{0x9538, 0xefca}, //锸
{0x9539, 0xc7c2}, //锹
{0x953a, 0xeff1}, //锺
{0x953b, 0xb6cd}, //锻
{0x953c, 0xefcb}, //锼
{0x953d, 0xe942}, //锽
{0x953e, 0xefcc}, //锾
{0x953f, 0xefcd}, //锿
{0x9540, 0xb6c6}, //镀
{0x9541, 0xc3be}, //镁
{0x9542, 0xefce}, //镂
{0x9543, 0xe943}, //镃
{0x9544, 0xefd0}, //镄
{0x9545, 0xefd1}, //镅
{0x9546, 0xefd2}, //镆
{0x9547, 0xd5f2}, //镇
{0x9548, 0xe944}, //镈
{0x9549, 0xefd3}, //镉
{0x954a, 0xc4f7}, //镊
{0x954b, 0xe945}, //镋
{0x954c, 0xefd4}, //镌
{0x954d, 0xc4f8}, //镍
{0x954e, 0xefd5}, //镎
{0x954f, 0xefd6}, //镏
{0x9550, 0xb8e4}, //镐
{0x9551, 0xb0f7}, //镑
{0x9552, 0xefd7}, //镒
{0x9553, 0xefd8}, //镓
{0x9554, 0xefd9}, //镔
{0x9555, 0xe946}, //镕
{0x9556, 0xefda}, //镖
{0x9557, 0xefdb}, //镗
{0x9558, 0xefdc}, //镘
{0x9559, 0xefdd}, //镙
{0x955a, 0xe947}, //镚
{0x955b, 0xefde}, //镛
{0x955c, 0xbeb5}, //镜
{0x955d, 0xefe1}, //镝
{0x955e, 0xefdf}, //镞
{0x955f, 0xefe0}, //镟
{0x9560, 0xe948}, //镠
{0x9561, 0xefe2}, //镡
{0x9562, 0xefe3}, //镢
{0x9563, 0xc1cd}, //镣
{0x9564, 0xefe4}, //镤
{0x9565, 0xefe5}, //镥
{0x9566, 0xefe6}, //镦
{0x9567, 0xefe7}, //镧
{0x9568, 0xefe8}, //镨
{0x9569, 0xefe9}, //镩
{0x956a, 0xefea}, //镪
{0x956b, 0xefeb}, //镫
{0x956c, 0xefec}, //镬
{0x956d, 0xc0d8}, //镭
{0x956e, 0xe949}, //镮
{0x956f, 0xefed}, //镯
{0x9570, 0xc1ad}, //镰
{0x9571, 0xefee}, //镱
{0x9572, 0xefef}, //镲
{0x9573, 0xeff0}, //镳
{0x9574, 0xe94a}, //镴
{0x9575, 0xe94b}, //镵
{0x9576, 0xcfe2}, //镶
{0x9577, 0xe94c}, //長
{0x9578, 0xe94d}, //镸
{0x9579, 0xe94e}, //镹
{0x957a, 0xe94f}, //镺
{0x957b, 0xe950}, //镻
{0x957c, 0xe951}, //镼
{0x957d, 0xe952}, //镽
{0x957e, 0xe953}, //镾
{0x957f, 0xb3a4}, //长
{0x9580, 0xe954}, //門
{0x9581, 0xe955}, //閁
{0x9582, 0xe956}, //閂
{0x9583, 0xe957}, //閃
{0x9584, 0xe958}, //閄
{0x9585, 0xe959}, //閅
{0x9586, 0xe95a}, //閆
{0x9587, 0xe95b}, //閇
{0x9588, 0xe95c}, //閈
{0x9589, 0xe95d}, //閉
{0x958a, 0xe95e}, //閊
{0x958b, 0xe95f}, //開
{0x958c, 0xe960}, //閌
{0x958d, 0xe961}, //閍
{0x958e, 0xe962}, //閎
{0x958f, 0xe963}, //閏
{0x9590, 0xe964}, //閐
{0x9591, 0xe965}, //閑
{0x9592, 0xe966}, //閒
{0x9593, 0xe967}, //間
{0x9594, 0xe968}, //閔
{0x9595, 0xe969}, //閕
{0x9596, 0xe96a}, //閖
{0x9597, 0xe96b}, //閗
{0x9598, 0xe96c}, //閘
{0x9599, 0xe96d}, //閙
{0x959a, 0xe96e}, //閚
{0x959b, 0xe96f}, //閛
{0x959c, 0xe970}, //閜
{0x959d, 0xe971}, //閝
{0x959e, 0xe972}, //閞
{0x959f, 0xe973}, //閟
{0x95a0, 0xe974}, //閠
{0x95a1, 0xe975}, //閡
{0x95a2, 0xe976}, //関
{0x95a3, 0xe977}, //閣
{0x95a4, 0xe978}, //閤
{0x95a5, 0xe979}, //閥
{0x95a6, 0xe97a}, //閦
{0x95a7, 0xe97b}, //閧
{0x95a8, 0xe97c}, //閨
{0x95a9, 0xe97d}, //閩
{0x95aa, 0xe97e}, //閪
{0x95ab, 0xe980}, //閫
{0x95ac, 0xe981}, //閬
{0x95ad, 0xe982}, //閭
{0x95ae, 0xe983}, //閮
{0x95af, 0xe984}, //閯
{0x95b0, 0xe985}, //閰
{0x95b1, 0xe986}, //閱
{0x95b2, 0xe987}, //閲
{0x95b3, 0xe988}, //閳
{0x95b4, 0xe989}, //閴
{0x95b5, 0xe98a}, //閵
{0x95b6, 0xe98b}, //閶
{0x95b7, 0xe98c}, //閷
{0x95b8, 0xe98d}, //閸
{0x95b9, 0xe98e}, //閹
{0x95ba, 0xe98f}, //閺
{0x95bb, 0xe990}, //閻
{0x95bc, 0xe991}, //閼
{0x95bd, 0xe992}, //閽
{0x95be, 0xe993}, //閾
{0x95bf, 0xe994}, //閿
{0x95c0, 0xe995}, //闀
{0x95c1, 0xe996}, //闁
{0x95c2, 0xe997}, //闂
{0x95c3, 0xe998}, //闃
{0x95c4, 0xe999}, //闄
{0x95c5, 0xe99a}, //闅
{0x95c6, 0xe99b}, //闆
{0x95c7, 0xe99c}, //闇
{0x95c8, 0xe99d}, //闈
{0x95c9, 0xe99e}, //闉
{0x95ca, 0xe99f}, //闊
{0x95cb, 0xe9a0}, //闋
{0x95cc, 0xea40}, //闌
{0x95cd, 0xea41}, //闍
{0x95ce, 0xea42}, //闎
{0x95cf, 0xea43}, //闏
{0x95d0, 0xea44}, //闐
{0x95d1, 0xea45}, //闑
{0x95d2, 0xea46}, //闒
{0x95d3, 0xea47}, //闓
{0x95d4, 0xea48}, //闔
{0x95d5, 0xea49}, //闕
{0x95d6, 0xea4a}, //闖
{0x95d7, 0xea4b}, //闗
{0x95d8, 0xea4c}, //闘
{0x95d9, 0xea4d}, //闙
{0x95da, 0xea4e}, //闚
{0x95db, 0xea4f}, //闛
{0x95dc, 0xea50}, //關
{0x95dd, 0xea51}, //闝
{0x95de, 0xea52}, //闞
{0x95df, 0xea53}, //闟
{0x95e0, 0xea54}, //闠
{0x95e1, 0xea55}, //闡
{0x95e2, 0xea56}, //闢
{0x95e3, 0xea57}, //闣
{0x95e4, 0xea58}, //闤
{0x95e5, 0xea59}, //闥
{0x95e6, 0xea5a}, //闦
{0x95e7, 0xea5b}, //闧
{0x95e8, 0xc3c5}, //门
{0x95e9, 0xe3c5}, //闩
{0x95ea, 0xc9c1}, //闪
{0x95eb, 0xe3c6}, //闫
{0x95ec, 0xea5c}, //闬
{0x95ed, 0xb1d5}, //闭
{0x95ee, 0xceca}, //问
{0x95ef, 0xb4b3}, //闯
{0x95f0, 0xc8f2}, //闰
{0x95f1, 0xe3c7}, //闱
{0x95f2, 0xcfd0}, //闲
{0x95f3, 0xe3c8}, //闳
{0x95f4, 0xbce4}, //间
{0x95f5, 0xe3c9}, //闵
{0x95f6, 0xe3ca}, //闶
{0x95f7, 0xc3c6}, //闷
{0x95f8, 0xd5a2}, //闸
{0x95f9, 0xc4d6}, //闹
{0x95fa, 0xb9eb}, //闺
{0x95fb, 0xcec5}, //闻
{0x95fc, 0xe3cb}, //闼
{0x95fd, 0xc3f6}, //闽
{0x95fe, 0xe3cc}, //闾
{0x95ff, 0xea5d}, //闿
{0x9600, 0xb7a7}, //阀
{0x9601, 0xb8f3}, //阁
{0x9602, 0xbad2}, //阂
{0x9603, 0xe3cd}, //阃
{0x9604, 0xe3ce}, //阄
{0x9605, 0xd4c4}, //阅
{0x9606, 0xe3cf}, //阆
{0x9607, 0xea5e}, //阇
{0x9608, 0xe3d0}, //阈
{0x9609, 0xd1cb}, //阉
{0x960a, 0xe3d1}, //阊
{0x960b, 0xe3d2}, //阋
{0x960c, 0xe3d3}, //阌
{0x960d, 0xe3d4}, //阍
{0x960e, 0xd1d6}, //阎
{0x960f, 0xe3d5}, //阏
{0x9610, 0xb2fb}, //阐
{0x9611, 0xc0bb}, //阑
{0x9612, 0xe3d6}, //阒
{0x9613, 0xea5f}, //阓
{0x9614, 0xc0ab}, //阔
{0x9615, 0xe3d7}, //阕
{0x9616, 0xe3d8}, //阖
{0x9617, 0xe3d9}, //阗
{0x9618, 0xea60}, //阘
{0x9619, 0xe3da}, //阙
{0x961a, 0xe3db}, //阚
{0x961b, 0xea61}, //阛
{0x961c, 0xb8b7}, //阜
{0x961d, 0xdae2}, //阝
{0x961e, 0xea62}, //阞
{0x961f, 0xb6d3}, //队
{0x9620, 0xea63}, //阠
{0x9621, 0xdae4}, //阡
{0x9622, 0xdae3}, //阢
{0x9623, 0xea64}, //阣
{0x9624, 0xea65}, //阤
{0x9625, 0xea66}, //阥
{0x9626, 0xea67}, //阦
{0x9627, 0xea68}, //阧
{0x9628, 0xea69}, //阨
{0x9629, 0xea6a}, //阩
{0x962a, 0xdae6}, //阪
{0x962b, 0xea6b}, //阫
{0x962c, 0xea6c}, //阬
{0x962d, 0xea6d}, //阭
{0x962e, 0xc8ee}, //阮
{0x962f, 0xea6e}, //阯
{0x9630, 0xea6f}, //阰
{0x9631, 0xdae5}, //阱
{0x9632, 0xb7c0}, //防
{0x9633, 0xd1f4}, //阳
{0x9634, 0xd2f5}, //阴
{0x9635, 0xd5f3}, //阵
{0x9636, 0xbdd7}, //阶
{0x9637, 0xea70}, //阷
{0x9638, 0xea71}, //阸
{0x9639, 0xea72}, //阹
{0x963a, 0xea73}, //阺
{0x963b, 0xd7e8}, //阻
{0x963c, 0xdae8}, //阼
{0x963d, 0xdae7}, //阽
{0x963e, 0xea74}, //阾
{0x963f, 0xb0a2}, //阿
{0x9640, 0xcdd3}, //陀
{0x9641, 0xea75}, //陁
{0x9642, 0xdae9}, //陂
{0x9643, 0xea76}, //陃
{0x9644, 0xb8bd}, //附
{0x9645, 0xbcca}, //际
{0x9646, 0xc2bd}, //陆
{0x9647, 0xc2a4}, //陇
{0x9648, 0xb3c2}, //陈
{0x9649, 0xdaea}, //陉
{0x964a, 0xea77}, //陊
{0x964b, 0xc2aa}, //陋
{0x964c, 0xc4b0}, //陌
{0x964d, 0xbdb5}, //降
{0x964e, 0xea78}, //陎
{0x964f, 0xea79}, //陏
{0x9650, 0xcfde}, //限
{0x9651, 0xea7a}, //陑
{0x9652, 0xea7b}, //陒
{0x9653, 0xea7c}, //陓
{0x9654, 0xdaeb}, //陔
{0x9655, 0xc9c2}, //陕
{0x9656, 0xea7d}, //陖
{0x9657, 0xea7e}, //陗
{0x9658, 0xea80}, //陘
{0x9659, 0xea81}, //陙
{0x965a, 0xea82}, //陚
{0x965b, 0xb1dd}, //陛
{0x965c, 0xea83}, //陜
{0x965d, 0xea84}, //陝
{0x965e, 0xea85}, //陞
{0x965f, 0xdaec}, //陟
{0x9660, 0xea86}, //陠
{0x9661, 0xb6b8}, //陡
{0x9662, 0xd4ba}, //院
{0x9663, 0xea87}, //陣
{0x9664, 0xb3fd}, //除
{0x9665, 0xea88}, //陥
{0x9666, 0xea89}, //陦
{0x9667, 0xdaed}, //陧
{0x9668, 0xd4c9}, //陨
{0x9669, 0xcfd5}, //险
{0x966a, 0xc5e3}, //陪
{0x966b, 0xea8a}, //陫
{0x966c, 0xdaee}, //陬
{0x966d, 0xea8b}, //陭
{0x966e, 0xea8c}, //陮
{0x966f, 0xea8d}, //陯
{0x9670, 0xea8e}, //陰
{0x9671, 0xea8f}, //陱
{0x9672, 0xdaef}, //陲
{0x9673, 0xea90}, //陳
{0x9674, 0xdaf0}, //陴
{0x9675, 0xc1ea}, //陵
{0x9676, 0xccd5}, //陶
{0x9677, 0xcfdd}, //陷
{0x9678, 0xea91}, //陸
{0x9679, 0xea92}, //陹
{0x967a, 0xea93}, //険
{0x967b, 0xea94}, //陻
{0x967c, 0xea95}, //陼
{0x967d, 0xea96}, //陽
{0x967e, 0xea97}, //陾
{0x967f, 0xea98}, //陿
{0x9680, 0xea99}, //隀
{0x9681, 0xea9a}, //隁
{0x9682, 0xea9b}, //隂
{0x9683, 0xea9c}, //隃
{0x9684, 0xea9d}, //隄
{0x9685, 0xd3e7}, //隅
{0x9686, 0xc2a1}, //隆
{0x9687, 0xea9e}, //隇
{0x9688, 0xdaf1}, //隈
{0x9689, 0xea9f}, //隉
{0x968a, 0xeaa0}, //隊
{0x968b, 0xcbe5}, //隋
{0x968c, 0xeb40}, //隌
{0x968d, 0xdaf2}, //隍
{0x968e, 0xeb41}, //階
{0x968f, 0xcbe6}, //随
{0x9690, 0xd2fe}, //隐
{0x9691, 0xeb42}, //隑
{0x9692, 0xeb43}, //隒
{0x9693, 0xeb44}, //隓
{0x9694, 0xb8f4}, //隔
{0x9695, 0xeb45}, //隕
{0x9696, 0xeb46}, //隖
{0x9697, 0xdaf3}, //隗
{0x9698, 0xb0af}, //隘
{0x9699, 0xcfb6}, //隙
{0x969a, 0xeb47}, //隚
{0x969b, 0xeb48}, //際
{0x969c, 0xd5cf}, //障
{0x969d, 0xeb49}, //隝
{0x969e, 0xeb4a}, //隞
{0x969f, 0xeb4b}, //隟
{0x96a0, 0xeb4c}, //隠
{0x96a1, 0xeb4d}, //隡
{0x96a2, 0xeb4e}, //隢
{0x96a3, 0xeb4f}, //隣
{0x96a4, 0xeb50}, //隤
{0x96a5, 0xeb51}, //隥
{0x96a6, 0xeb52}, //隦
{0x96a7, 0xcbed}, //隧
{0x96a8, 0xeb53}, //隨
{0x96a9, 0xeb54}, //隩
{0x96aa, 0xeb55}, //險
{0x96ab, 0xeb56}, //隫
{0x96ac, 0xeb57}, //隬
{0x96ad, 0xeb58}, //隭
{0x96ae, 0xeb59}, //隮
{0x96af, 0xeb5a}, //隯
{0x96b0, 0xdaf4}, //隰
{0x96b1, 0xeb5b}, //隱
{0x96b2, 0xeb5c}, //隲
{0x96b3, 0xe3c4}, //隳
{0x96b4, 0xeb5d}, //隴
{0x96b5, 0xeb5e}, //隵
{0x96b6, 0xc1a5}, //隶
{0x96b7, 0xeb5f}, //隷
{0x96b8, 0xeb60}, //隸
{0x96b9, 0xf6bf}, //隹
{0x96ba, 0xeb61}, //隺
{0x96bb, 0xeb62}, //隻
{0x96bc, 0xf6c0}, //隼
{0x96bd, 0xf6c1}, //隽
{0x96be, 0xc4d1}, //难
{0x96bf, 0xeb63}, //隿
{0x96c0, 0xc8b8}, //雀
{0x96c1, 0xd1e3}, //雁
{0x96c2, 0xeb64}, //雂
{0x96c3, 0xeb65}, //雃
{0x96c4, 0xd0db}, //雄
{0x96c5, 0xd1c5}, //雅
{0x96c6, 0xbcaf}, //集
{0x96c7, 0xb9cd}, //雇
{0x96c8, 0xeb66}, //雈
{0x96c9, 0xeff4}, //雉
{0x96ca, 0xeb67}, //雊
{0x96cb, 0xeb68}, //雋
{0x96cc, 0xb4c6}, //雌
{0x96cd, 0xd3ba}, //雍
{0x96ce, 0xf6c2}, //雎
{0x96cf, 0xb3fb}, //雏
{0x96d0, 0xeb69}, //雐
{0x96d1, 0xeb6a}, //雑
{0x96d2, 0xf6c3}, //雒
{0x96d3, 0xeb6b}, //雓
{0x96d4, 0xeb6c}, //雔
{0x96d5, 0xb5f1}, //雕
{0x96d6, 0xeb6d}, //雖
{0x96d7, 0xeb6e}, //雗
{0x96d8, 0xeb6f}, //雘
{0x96d9, 0xeb70}, //雙
{0x96da, 0xeb71}, //雚
{0x96db, 0xeb72}, //雛
{0x96dc, 0xeb73}, //雜
{0x96dd, 0xeb74}, //雝
{0x96de, 0xeb75}, //雞
{0x96df, 0xeb76}, //雟
{0x96e0, 0xf6c5}, //雠
{0x96e1, 0xeb77}, //雡
{0x96e2, 0xeb78}, //離
{0x96e3, 0xeb79}, //難
{0x96e4, 0xeb7a}, //雤
{0x96e5, 0xeb7b}, //雥
{0x96e6, 0xeb7c}, //雦
{0x96e7, 0xeb7d}, //雧
{0x96e8, 0xd3ea}, //雨
{0x96e9, 0xf6a7}, //雩
{0x96ea, 0xd1a9}, //雪
{0x96eb, 0xeb7e}, //雫
{0x96ec, 0xeb80}, //雬
{0x96ed, 0xeb81}, //雭
{0x96ee, 0xeb82}, //雮
{0x96ef, 0xf6a9}, //雯
{0x96f0, 0xeb83}, //雰
{0x96f1, 0xeb84}, //雱
{0x96f2, 0xeb85}, //雲
{0x96f3, 0xf6a8}, //雳
{0x96f4, 0xeb86}, //雴
{0x96f5, 0xeb87}, //雵
{0x96f6, 0xc1e3}, //零
{0x96f7, 0xc0d7}, //雷
{0x96f8, 0xeb88}, //雸
{0x96f9, 0xb1a2}, //雹
{0x96fa, 0xeb89}, //雺
{0x96fb, 0xeb8a}, //電
{0x96fc, 0xeb8b}, //雼
{0x96fd, 0xeb8c}, //雽
{0x96fe, 0xceed}, //雾
{0x96ff, 0xeb8d}, //雿
{0x9700, 0xd0e8}, //需
{0x9701, 0xf6ab}, //霁
{0x9702, 0xeb8e}, //霂
{0x9703, 0xeb8f}, //霃
{0x9704, 0xcff6}, //霄
{0x9705, 0xeb90}, //霅
{0x9706, 0xf6aa}, //霆
{0x9707, 0xd5f0}, //震
{0x9708, 0xf6ac}, //霈
{0x9709, 0xc3b9}, //霉
{0x970a, 0xeb91}, //霊
{0x970b, 0xeb92}, //霋
{0x970c, 0xeb93}, //霌
{0x970d, 0xbbf4}, //霍
{0x970e, 0xf6ae}, //霎
{0x970f, 0xf6ad}, //霏
{0x9710, 0xeb94}, //霐
{0x9711, 0xeb95}, //霑
{0x9712, 0xeb96}, //霒
{0x9713, 0xc4de}, //霓
{0x9714, 0xeb97}, //霔
{0x9715, 0xeb98}, //霕
{0x9716, 0xc1d8}, //霖
{0x9717, 0xeb99}, //霗
{0x9718, 0xeb9a}, //霘
{0x9719, 0xeb9b}, //霙
{0x971a, 0xeb9c}, //霚
{0x971b, 0xeb9d}, //霛
{0x971c, 0xcbaa}, //霜
{0x971d, 0xeb9e}, //霝
{0x971e, 0xcfbc}, //霞
{0x971f, 0xeb9f}, //霟
{0x9720, 0xeba0}, //霠
{0x9721, 0xec40}, //霡
{0x9722, 0xec41}, //霢
{0x9723, 0xec42}, //霣
{0x9724, 0xec43}, //霤
{0x9725, 0xec44}, //霥
{0x9726, 0xec45}, //霦
{0x9727, 0xec46}, //霧
{0x9728, 0xec47}, //霨
{0x9729, 0xec48}, //霩
{0x972a, 0xf6af}, //霪
{0x972b, 0xec49}, //霫
{0x972c, 0xec4a}, //霬
{0x972d, 0xf6b0}, //霭
{0x972e, 0xec4b}, //霮
{0x972f, 0xec4c}, //霯
{0x9730, 0xf6b1}, //霰
{0x9731, 0xec4d}, //霱
{0x9732, 0xc2b6}, //露
{0x9733, 0xec4e}, //霳
{0x9734, 0xec4f}, //霴
{0x9735, 0xec50}, //霵
{0x9736, 0xec51}, //霶
{0x9737, 0xec52}, //霷
{0x9738, 0xb0d4}, //霸
{0x9739, 0xc5f9}, //霹
{0x973a, 0xec53}, //霺
{0x973b, 0xec54}, //霻
{0x973c, 0xec55}, //霼
{0x973d, 0xec56}, //霽
{0x973e, 0xf6b2}, //霾
{0x973f, 0xec57}, //霿
{0x9740, 0xec58}, //靀
{0x9741, 0xec59}, //靁
{0x9742, 0xec5a}, //靂
{0x9743, 0xec5b}, //靃
{0x9744, 0xec5c}, //靄
{0x9745, 0xec5d}, //靅
{0x9746, 0xec5e}, //靆
{0x9747, 0xec5f}, //靇
{0x9748, 0xec60}, //靈
{0x9749, 0xec61}, //靉
{0x974a, 0xec62}, //靊
{0x974b, 0xec63}, //靋
{0x974c, 0xec64}, //靌
{0x974d, 0xec65}, //靍
{0x974e, 0xec66}, //靎
{0x974f, 0xec67}, //靏
{0x9750, 0xec68}, //靐
{0x9751, 0xec69}, //靑
{0x9752, 0xc7e0}, //青
{0x9753, 0xf6a6}, //靓
{0x9754, 0xec6a}, //靔
{0x9755, 0xec6b}, //靕
{0x9756, 0xbeb8}, //靖
{0x9757, 0xec6c}, //靗
{0x9758, 0xec6d}, //靘
{0x9759, 0xbeb2}, //静
{0x975a, 0xec6e}, //靚
{0x975b, 0xb5e5}, //靛
{0x975c, 0xec6f}, //靜
{0x975d, 0xec70}, //靝
{0x975e, 0xb7c7}, //非
{0x975f, 0xec71}, //靟
{0x9760, 0xbfbf}, //靠
{0x9761, 0xc3d2}, //靡
{0x9762, 0xc3e6}, //面
{0x9763, 0xec72}, //靣
{0x9764, 0xec73}, //靤
{0x9765, 0xd8cc}, //靥
{0x9766, 0xec74}, //靦
{0x9767, 0xec75}, //靧
{0x9768, 0xec76}, //靨
{0x9769, 0xb8ef}, //革
{0x976a, 0xec77}, //靪
{0x976b, 0xec78}, //靫
{0x976c, 0xec79}, //靬
{0x976d, 0xec7a}, //靭
{0x976e, 0xec7b}, //靮
{0x976f, 0xec7c}, //靯
{0x9770, 0xec7d}, //靰
{0x9771, 0xec7e}, //靱
{0x9772, 0xec80}, //靲
{0x9773, 0xbdf9}, //靳
{0x9774, 0xd1a5}, //靴
{0x9775, 0xec81}, //靵
{0x9776, 0xb0d0}, //靶
{0x9777, 0xec82}, //靷
{0x9778, 0xec83}, //靸
{0x9779, 0xec84}, //靹
{0x977a, 0xec85}, //靺
{0x977b, 0xec86}, //靻
{0x977c, 0xf7b0}, //靼
{0x977d, 0xec87}, //靽
{0x977e, 0xec88}, //靾
{0x977f, 0xec89}, //靿
{0x9780, 0xec8a}, //鞀
{0x9781, 0xec8b}, //鞁
{0x9782, 0xec8c}, //鞂
{0x9783, 0xec8d}, //鞃
{0x9784, 0xec8e}, //鞄
{0x9785, 0xf7b1}, //鞅
{0x9786, 0xec8f}, //鞆
{0x9787, 0xec90}, //鞇
{0x9788, 0xec91}, //鞈
{0x9789, 0xec92}, //鞉
{0x978a, 0xec93}, //鞊
{0x978b, 0xd0ac}, //鞋
{0x978c, 0xec94}, //鞌
{0x978d, 0xb0b0}, //鞍
{0x978e, 0xec95}, //鞎
{0x978f, 0xec96}, //鞏
{0x9790, 0xec97}, //鞐
{0x9791, 0xf7b2}, //鞑
{0x9792, 0xf7b3}, //鞒
{0x9793, 0xec98}, //鞓
{0x9794, 0xf7b4}, //鞔
{0x9795, 0xec99}, //鞕
{0x9796, 0xec9a}, //鞖
{0x9797, 0xec9b}, //鞗
{0x9798, 0xc7ca}, //鞘
{0x9799, 0xec9c}, //鞙
{0x979a, 0xec9d}, //鞚
{0x979b, 0xec9e}, //鞛
{0x979c, 0xec9f}, //鞜
{0x979d, 0xeca0}, //鞝
{0x979e, 0xed40}, //鞞
{0x979f, 0xed41}, //鞟
{0x97a0, 0xbecf}, //鞠
{0x97a1, 0xed42}, //鞡
{0x97a2, 0xed43}, //鞢
{0x97a3, 0xf7b7}, //鞣
{0x97a4, 0xed44}, //鞤
{0x97a5, 0xed45}, //鞥
{0x97a6, 0xed46}, //鞦
{0x97a7, 0xed47}, //鞧
{0x97a8, 0xed48}, //鞨
{0x97a9, 0xed49}, //鞩
{0x97aa, 0xed4a}, //鞪
{0x97ab, 0xf7b6}, //鞫
{0x97ac, 0xed4b}, //鞬
{0x97ad, 0xb1de}, //鞭
{0x97ae, 0xed4c}, //鞮
{0x97af, 0xf7b5}, //鞯
{0x97b0, 0xed4d}, //鞰
{0x97b1, 0xed4e}, //鞱
{0x97b2, 0xf7b8}, //鞲
{0x97b3, 0xed4f}, //鞳
{0x97b4, 0xf7b9}, //鞴
{0x97b5, 0xed50}, //鞵
{0x97b6, 0xed51}, //鞶
{0x97b7, 0xed52}, //鞷
{0x97b8, 0xed53}, //鞸
{0x97b9, 0xed54}, //鞹
{0x97ba, 0xed55}, //鞺
{0x97bb, 0xed56}, //鞻
{0x97bc, 0xed57}, //鞼
{0x97bd, 0xed58}, //鞽
{0x97be, 0xed59}, //鞾
{0x97bf, 0xed5a}, //鞿
{0x97c0, 0xed5b}, //韀
{0x97c1, 0xed5c}, //韁
{0x97c2, 0xed5d}, //韂
{0x97c3, 0xed5e}, //韃
{0x97c4, 0xed5f}, //韄
{0x97c5, 0xed60}, //韅
{0x97c6, 0xed61}, //韆
{0x97c7, 0xed62}, //韇
{0x97c8, 0xed63}, //韈
{0x97c9, 0xed64}, //韉
{0x97ca, 0xed65}, //韊
{0x97cb, 0xed66}, //韋
{0x97cc, 0xed67}, //韌
{0x97cd, 0xed68}, //韍
{0x97ce, 0xed69}, //韎
{0x97cf, 0xed6a}, //韏
{0x97d0, 0xed6b}, //韐
{0x97d1, 0xed6c}, //韑
{0x97d2, 0xed6d}, //韒
{0x97d3, 0xed6e}, //韓
{0x97d4, 0xed6f}, //韔
{0x97d5, 0xed70}, //韕
{0x97d6, 0xed71}, //韖
{0x97d7, 0xed72}, //韗
{0x97d8, 0xed73}, //韘
{0x97d9, 0xed74}, //韙
{0x97da, 0xed75}, //韚
{0x97db, 0xed76}, //韛
{0x97dc, 0xed77}, //韜
{0x97dd, 0xed78}, //韝
{0x97de, 0xed79}, //韞
{0x97df, 0xed7a}, //韟
{0x97e0, 0xed7b}, //韠
{0x97e1, 0xed7c}, //韡
{0x97e2, 0xed7d}, //韢
{0x97e3, 0xed7e}, //韣
{0x97e4, 0xed80}, //韤
{0x97e5, 0xed81}, //韥
{0x97e6, 0xcea4}, //韦
{0x97e7, 0xc8cd}, //韧
{0x97e8, 0xed82}, //韨
{0x97e9, 0xbaab}, //韩
{0x97ea, 0xe8b8}, //韪
{0x97eb, 0xe8b9}, //韫
{0x97ec, 0xe8ba}, //韬
{0x97ed, 0xbec2}, //韭
{0x97ee, 0xed83}, //韮
{0x97ef, 0xed84}, //韯
{0x97f0, 0xed85}, //韰
{0x97f1, 0xed86}, //韱
{0x97f2, 0xed87}, //韲
{0x97f3, 0xd2f4}, //音
{0x97f4, 0xed88}, //韴
{0x97f5, 0xd4cf}, //韵
{0x97f6, 0xc9d8}, //韶
{0x97f7, 0xed89}, //韷
{0x97f8, 0xed8a}, //韸
{0x97f9, 0xed8b}, //韹
{0x97fa, 0xed8c}, //韺
{0x97fb, 0xed8d}, //韻
{0x97fc, 0xed8e}, //韼
{0x97fd, 0xed8f}, //韽
{0x97fe, 0xed90}, //韾
{0x97ff, 0xed91}, //響
{0x9800, 0xed92}, //頀
{0x9801, 0xed93}, //頁
{0x9802, 0xed94}, //頂
{0x9803, 0xed95}, //頃
{0x9804, 0xed96}, //頄
{0x9805, 0xed97}, //項
{0x9806, 0xed98}, //順
{0x9807, 0xed99}, //頇
{0x9808, 0xed9a}, //須
{0x9809, 0xed9b}, //頉
{0x980a, 0xed9c}, //頊
{0x980b, 0xed9d}, //頋
{0x980c, 0xed9e}, //頌
{0x980d, 0xed9f}, //頍
{0x980e, 0xeda0}, //頎
{0x980f, 0xee40}, //頏
{0x9810, 0xee41}, //預
{0x9811, 0xee42}, //頑
{0x9812, 0xee43}, //頒
{0x9813, 0xee44}, //頓
{0x9814, 0xee45}, //頔
{0x9815, 0xee46}, //頕
{0x9816, 0xee47}, //頖
{0x9817, 0xee48}, //頗
{0x9818, 0xee49}, //領
{0x9819, 0xee4a}, //頙
{0x981a, 0xee4b}, //頚
{0x981b, 0xee4c}, //頛
{0x981c, 0xee4d}, //頜
{0x981d, 0xee4e}, //頝
{0x981e, 0xee4f}, //頞
{0x981f, 0xee50}, //頟
{0x9820, 0xee51}, //頠
{0x9821, 0xee52}, //頡
{0x9822, 0xee53}, //頢
{0x9823, 0xee54}, //頣
{0x9824, 0xee55}, //頤
{0x9825, 0xee56}, //頥
{0x9826, 0xee57}, //頦
{0x9827, 0xee58}, //頧
{0x9828, 0xee59}, //頨
{0x9829, 0xee5a}, //頩
{0x982a, 0xee5b}, //頪
{0x982b, 0xee5c}, //頫
{0x982c, 0xee5d}, //頬
{0x982d, 0xee5e}, //頭
{0x982e, 0xee5f}, //頮
{0x982f, 0xee60}, //頯
{0x9830, 0xee61}, //頰
{0x9831, 0xee62}, //頱
{0x9832, 0xee63}, //頲
{0x9833, 0xee64}, //頳
{0x9834, 0xee65}, //頴
{0x9835, 0xee66}, //頵
{0x9836, 0xee67}, //頶
{0x9837, 0xee68}, //頷
{0x9838, 0xee69}, //頸
{0x9839, 0xee6a}, //頹
{0x983a, 0xee6b}, //頺
{0x983b, 0xee6c}, //頻
{0x983c, 0xee6d}, //頼
{0x983d, 0xee6e}, //頽
{0x983e, 0xee6f}, //頾
{0x983f, 0xee70}, //頿
{0x9840, 0xee71}, //顀
{0x9841, 0xee72}, //顁
{0x9842, 0xee73}, //顂
{0x9843, 0xee74}, //顃
{0x9844, 0xee75}, //顄
{0x9845, 0xee76}, //顅
{0x9846, 0xee77}, //顆
{0x9847, 0xee78}, //顇
{0x9848, 0xee79}, //顈
{0x9849, 0xee7a}, //顉
{0x984a, 0xee7b}, //顊
{0x984b, 0xee7c}, //顋
{0x984c, 0xee7d}, //題
{0x984d, 0xee7e}, //額
{0x984e, 0xee80}, //顎
{0x984f, 0xee81}, //顏
{0x9850, 0xee82}, //顐
{0x9851, 0xee83}, //顑
{0x9852, 0xee84}, //顒
{0x9853, 0xee85}, //顓
{0x9854, 0xee86}, //顔
{0x9855, 0xee87}, //顕
{0x9856, 0xee88}, //顖
{0x9857, 0xee89}, //顗
{0x9858, 0xee8a}, //願
{0x9859, 0xee8b}, //顙
{0x985a, 0xee8c}, //顚
{0x985b, 0xee8d}, //顛
{0x985c, 0xee8e}, //顜
{0x985d, 0xee8f}, //顝
{0x985e, 0xee90}, //類
{0x985f, 0xee91}, //顟
{0x9860, 0xee92}, //顠
{0x9861, 0xee93}, //顡
{0x9862, 0xee94}, //顢
{0x9863, 0xee95}, //顣
{0x9864, 0xee96}, //顤
{0x9865, 0xee97}, //顥
{0x9866, 0xee98}, //顦
{0x9867, 0xee99}, //顧
{0x9868, 0xee9a}, //顨
{0x9869, 0xee9b}, //顩
{0x986a, 0xee9c}, //顪
{0x986b, 0xee9d}, //顫
{0x986c, 0xee9e}, //顬
{0x986d, 0xee9f}, //顭
{0x986e, 0xeea0}, //顮
{0x986f, 0xef40}, //顯
{0x9870, 0xef41}, //顰
{0x9871, 0xef42}, //顱
{0x9872, 0xef43}, //顲
{0x9873, 0xef44}, //顳
{0x9874, 0xef45}, //顴
{0x9875, 0xd2b3}, //页
{0x9876, 0xb6a5}, //顶
{0x9877, 0xc7ea}, //顷
{0x9878, 0xf1fc}, //顸
{0x9879, 0xcfee}, //项
{0x987a, 0xcbb3}, //顺
{0x987b, 0xd0eb}, //须
{0x987c, 0xe7ef}, //顼
{0x987d, 0xcde7}, //顽
{0x987e, 0xb9cb}, //顾
{0x987f, 0xb6d9}, //顿
{0x9880, 0xf1fd}, //颀
{0x9881, 0xb0e4}, //颁
{0x9882, 0xcbcc}, //颂
{0x9883, 0xf1fe}, //颃
{0x9884, 0xd4a4}, //预
{0x9885, 0xc2ad}, //颅
{0x9886, 0xc1ec}, //领
{0x9887, 0xc6c4}, //颇
{0x9888, 0xbeb1}, //颈
{0x9889, 0xf2a1}, //颉
{0x988a, 0xbcd5}, //颊
{0x988b, 0xef46}, //颋
{0x988c, 0xf2a2}, //颌
{0x988d, 0xf2a3}, //颍
{0x988e, 0xef47}, //颎
{0x988f, 0xf2a4}, //颏
{0x9890, 0xd2c3}, //颐
{0x9891, 0xc6b5}, //频
{0x9892, 0xef48}, //颒
{0x9893, 0xcdc7}, //颓
{0x9894, 0xf2a5}, //颔
{0x9895, 0xef49}, //颕
{0x9896, 0xd3b1}, //颖
{0x9897, 0xbfc5}, //颗
{0x9898, 0xcce2}, //题
{0x9899, 0xef4a}, //颙
{0x989a, 0xf2a6}, //颚
{0x989b, 0xf2a7}, //颛
{0x989c, 0xd1d5}, //颜
{0x989d, 0xb6ee}, //额
{0x989e, 0xf2a8}, //颞
{0x989f, 0xf2a9}, //颟
{0x98a0, 0xb5df}, //颠
{0x98a1, 0xf2aa}, //颡
{0x98a2, 0xf2ab}, //颢
{0x98a3, 0xef4b}, //颣
{0x98a4, 0xb2fc}, //颤
{0x98a5, 0xf2ac}, //颥
{0x98a6, 0xf2ad}, //颦
{0x98a7, 0xc8a7}, //颧
{0x98a8, 0xef4c}, //風
{0x98a9, 0xef4d}, //颩
{0x98aa, 0xef4e}, //颪
{0x98ab, 0xef4f}, //颫
{0x98ac, 0xef50}, //颬
{0x98ad, 0xef51}, //颭
{0x98ae, 0xef52}, //颮
{0x98af, 0xef53}, //颯
{0x98b0, 0xef54}, //颰
{0x98b1, 0xef55}, //颱
{0x98b2, 0xef56}, //颲
{0x98b3, 0xef57}, //颳
{0x98b4, 0xef58}, //颴
{0x98b5, 0xef59}, //颵
{0x98b6, 0xef5a}, //颶
{0x98b7, 0xef5b}, //颷
{0x98b8, 0xef5c}, //颸
{0x98b9, 0xef5d}, //颹
{0x98ba, 0xef5e}, //颺
{0x98bb, 0xef5f}, //颻
{0x98bc, 0xef60}, //颼
{0x98bd, 0xef61}, //颽
{0x98be, 0xef62}, //颾
{0x98bf, 0xef63}, //颿
{0x98c0, 0xef64}, //飀
{0x98c1, 0xef65}, //飁
{0x98c2, 0xef66}, //飂
{0x98c3, 0xef67}, //飃
{0x98c4, 0xef68}, //飄
{0x98c5, 0xef69}, //飅
{0x98c6, 0xef6a}, //飆
{0x98c7, 0xef6b}, //飇
{0x98c8, 0xef6c}, //飈
{0x98c9, 0xef6d}, //飉
{0x98ca, 0xef6e}, //飊
{0x98cb, 0xef6f}, //飋
{0x98cc, 0xef70}, //飌
{0x98cd, 0xef71}, //飍
{0x98ce, 0xb7e7}, //风
{0x98cf, 0xef72}, //飏
{0x98d0, 0xef73}, //飐
{0x98d1, 0xeca9}, //飑
{0x98d2, 0xecaa}, //飒
{0x98d3, 0xecab}, //飓
{0x98d4, 0xef74}, //飔
{0x98d5, 0xecac}, //飕
{0x98d6, 0xef75}, //飖
{0x98d7, 0xef76}, //飗
{0x98d8, 0xc6ae}, //飘
{0x98d9, 0xecad}, //飙
{0x98da, 0xecae}, //飚
{0x98db, 0xef77}, //飛
{0x98dc, 0xef78}, //飜
{0x98dd, 0xef79}, //飝
{0x98de, 0xb7c9}, //飞
{0x98df, 0xcab3}, //食
{0x98e0, 0xef7a}, //飠
{0x98e1, 0xef7b}, //飡
{0x98e2, 0xef7c}, //飢
{0x98e3, 0xef7d}, //飣
{0x98e4, 0xef7e}, //飤
{0x98e5, 0xef80}, //飥
{0x98e6, 0xef81}, //飦
{0x98e7, 0xe2b8}, //飧
{0x98e8, 0xf7cf}, //飨
{0x98e9, 0xef82}, //飩
{0x98ea, 0xef83}, //飪
{0x98eb, 0xef84}, //飫
{0x98ec, 0xef85}, //飬
{0x98ed, 0xef86}, //飭
{0x98ee, 0xef87}, //飮
{0x98ef, 0xef88}, //飯
{0x98f0, 0xef89}, //飰
{0x98f1, 0xef8a}, //飱
{0x98f2, 0xef8b}, //飲
{0x98f3, 0xef8c}, //飳
{0x98f4, 0xef8d}, //飴
{0x98f5, 0xef8e}, //飵
{0x98f6, 0xef8f}, //飶
{0x98f7, 0xef90}, //飷
{0x98f8, 0xef91}, //飸
{0x98f9, 0xef92}, //飹
{0x98fa, 0xef93}, //飺
{0x98fb, 0xef94}, //飻
{0x98fc, 0xef95}, //飼
{0x98fd, 0xef96}, //飽
{0x98fe, 0xef97}, //飾
{0x98ff, 0xef98}, //飿
{0x9900, 0xef99}, //餀
{0x9901, 0xef9a}, //餁
{0x9902, 0xef9b}, //餂
{0x9903, 0xef9c}, //餃
{0x9904, 0xef9d}, //餄
{0x9905, 0xef9e}, //餅
{0x9906, 0xef9f}, //餆
{0x9907, 0xefa0}, //餇
{0x9908, 0xf040}, //餈
{0x9909, 0xf041}, //餉
{0x990a, 0xf042}, //養
{0x990b, 0xf043}, //餋
{0x990c, 0xf044}, //餌
{0x990d, 0xf7d0}, //餍
{0x990e, 0xf045}, //餎
{0x990f, 0xf046}, //餏
{0x9910, 0xb2cd}, //餐
{0x9911, 0xf047}, //餑
{0x9912, 0xf048}, //餒
{0x9913, 0xf049}, //餓
{0x9914, 0xf04a}, //餔
{0x9915, 0xf04b}, //餕
{0x9916, 0xf04c}, //餖
{0x9917, 0xf04d}, //餗
{0x9918, 0xf04e}, //餘
{0x9919, 0xf04f}, //餙
{0x991a, 0xf050}, //餚
{0x991b, 0xf051}, //餛
{0x991c, 0xf052}, //餜
{0x991d, 0xf053}, //餝
{0x991e, 0xf054}, //餞
{0x991f, 0xf055}, //餟
{0x9920, 0xf056}, //餠
{0x9921, 0xf057}, //餡
{0x9922, 0xf058}, //餢
{0x9923, 0xf059}, //餣
{0x9924, 0xf05a}, //餤
{0x9925, 0xf05b}, //餥
{0x9926, 0xf05c}, //餦
{0x9927, 0xf05d}, //餧
{0x9928, 0xf05e}, //館
{0x9929, 0xf05f}, //餩
{0x992a, 0xf060}, //餪
{0x992b, 0xf061}, //餫
{0x992c, 0xf062}, //餬
{0x992d, 0xf063}, //餭
{0x992e, 0xf7d1}, //餮
{0x992f, 0xf064}, //餯
{0x9930, 0xf065}, //餰
{0x9931, 0xf066}, //餱
{0x9932, 0xf067}, //餲
{0x9933, 0xf068}, //餳
{0x9934, 0xf069}, //餴
{0x9935, 0xf06a}, //餵
{0x9936, 0xf06b}, //餶
{0x9937, 0xf06c}, //餷
{0x9938, 0xf06d}, //餸
{0x9939, 0xf06e}, //餹
{0x993a, 0xf06f}, //餺
{0x993b, 0xf070}, //餻
{0x993c, 0xf071}, //餼
{0x993d, 0xf072}, //餽
{0x993e, 0xf073}, //餾
{0x993f, 0xf074}, //餿
{0x9940, 0xf075}, //饀
{0x9941, 0xf076}, //饁
{0x9942, 0xf077}, //饂
{0x9943, 0xf078}, //饃
{0x9944, 0xf079}, //饄
{0x9945, 0xf07a}, //饅
{0x9946, 0xf07b}, //饆
{0x9947, 0xf07c}, //饇
{0x9948, 0xf07d}, //饈
{0x9949, 0xf07e}, //饉
{0x994a, 0xf080}, //饊
{0x994b, 0xf081}, //饋
{0x994c, 0xf082}, //饌
{0x994d, 0xf083}, //饍
{0x994e, 0xf084}, //饎
{0x994f, 0xf085}, //饏
{0x9950, 0xf086}, //饐
{0x9951, 0xf087}, //饑
{0x9952, 0xf088}, //饒
{0x9953, 0xf089}, //饓
{0x9954, 0xf7d3}, //饔
{0x9955, 0xf7d2}, //饕
{0x9956, 0xf08a}, //饖
{0x9957, 0xf08b}, //饗
{0x9958, 0xf08c}, //饘
{0x9959, 0xf08d}, //饙
{0x995a, 0xf08e}, //饚
{0x995b, 0xf08f}, //饛
{0x995c, 0xf090}, //饜
{0x995d, 0xf091}, //饝
{0x995e, 0xf092}, //饞
{0x995f, 0xf093}, //饟
{0x9960, 0xf094}, //饠
{0x9961, 0xf095}, //饡
{0x9962, 0xf096}, //饢
{0x9963, 0xe2bb}, //饣
{0x9964, 0xf097}, //饤
{0x9965, 0xbca2}, //饥
{0x9966, 0xf098}, //饦
{0x9967, 0xe2bc}, //饧
{0x9968, 0xe2bd}, //饨
{0x9969, 0xe2be}, //饩
{0x996a, 0xe2bf}, //饪
{0x996b, 0xe2c0}, //饫
{0x996c, 0xe2c1}, //饬
{0x996d, 0xb7b9}, //饭
{0x996e, 0xd2fb}, //饮
{0x996f, 0xbda4}, //饯
{0x9970, 0xcace}, //饰
{0x9971, 0xb1a5}, //饱
{0x9972, 0xcbc7}, //饲
{0x9973, 0xf099}, //饳
{0x9974, 0xe2c2}, //饴
{0x9975, 0xb6fc}, //饵
{0x9976, 0xc8c4}, //饶
{0x9977, 0xe2c3}, //饷
{0x9978, 0xf09a}, //饸
{0x9979, 0xf09b}, //饹
{0x997a, 0xbdc8}, //饺
{0x997b, 0xf09c}, //饻
{0x997c, 0xb1fd}, //饼
{0x997d, 0xe2c4}, //饽
{0x997e, 0xf09d}, //饾
{0x997f, 0xb6f6}, //饿
{0x9980, 0xe2c5}, //馀
{0x9981, 0xc4d9}, //馁
{0x9982, 0xf09e}, //馂
{0x9983, 0xf09f}, //馃
{0x9984, 0xe2c6}, //馄
{0x9985, 0xcfda}, //馅
{0x9986, 0xb9dd}, //馆
{0x9987, 0xe2c7}, //馇
{0x9988, 0xc0a1}, //馈
{0x9989, 0xf0a0}, //馉
{0x998a, 0xe2c8}, //馊
{0x998b, 0xb2f6}, //馋
{0x998c, 0xf140}, //馌
{0x998d, 0xe2c9}, //馍
{0x998e, 0xf141}, //馎
{0x998f, 0xc1f3}, //馏
{0x9990, 0xe2ca}, //馐
{0x9991, 0xe2cb}, //馑
{0x9992, 0xc2f8}, //馒
{0x9993, 0xe2cc}, //馓
{0x9994, 0xe2cd}, //馔
{0x9995, 0xe2ce}, //馕
{0x9996, 0xcad7}, //首
{0x9997, 0xd8b8}, //馗
{0x9998, 0xd9e5}, //馘
{0x9999, 0xcfe3}, //香
{0x999a, 0xf142}, //馚
{0x999b, 0xf143}, //馛
{0x999c, 0xf144}, //馜
{0x999d, 0xf145}, //馝
{0x999e, 0xf146}, //馞
{0x999f, 0xf147}, //馟
{0x99a0, 0xf148}, //馠
{0x99a1, 0xf149}, //馡
{0x99a2, 0xf14a}, //馢
{0x99a3, 0xf14b}, //馣
{0x99a4, 0xf14c}, //馤
{0x99a5, 0xf0a5}, //馥
{0x99a6, 0xf14d}, //馦
{0x99a7, 0xf14e}, //馧
{0x99a8, 0xdcb0}, //馨
{0x99a9, 0xf14f}, //馩
{0x99aa, 0xf150}, //馪
{0x99ab, 0xf151}, //馫
{0x99ac, 0xf152}, //馬
{0x99ad, 0xf153}, //馭
{0x99ae, 0xf154}, //馮
{0x99af, 0xf155}, //馯
{0x99b0, 0xf156}, //馰
{0x99b1, 0xf157}, //馱
{0x99b2, 0xf158}, //馲
{0x99b3, 0xf159}, //馳
{0x99b4, 0xf15a}, //馴
{0x99b5, 0xf15b}, //馵
{0x99b6, 0xf15c}, //馶
{0x99b7, 0xf15d}, //馷
{0x99b8, 0xf15e}, //馸
{0x99b9, 0xf15f}, //馹
{0x99ba, 0xf160}, //馺
{0x99bb, 0xf161}, //馻
{0x99bc, 0xf162}, //馼
{0x99bd, 0xf163}, //馽
{0x99be, 0xf164}, //馾
{0x99bf, 0xf165}, //馿
{0x99c0, 0xf166}, //駀
{0x99c1, 0xf167}, //駁
{0x99c2, 0xf168}, //駂
{0x99c3, 0xf169}, //駃
{0x99c4, 0xf16a}, //駄
{0x99c5, 0xf16b}, //駅
{0x99c6, 0xf16c}, //駆
{0x99c7, 0xf16d}, //駇
{0x99c8, 0xf16e}, //駈
{0x99c9, 0xf16f}, //駉
{0x99ca, 0xf170}, //駊
{0x99cb, 0xf171}, //駋
{0x99cc, 0xf172}, //駌
{0x99cd, 0xf173}, //駍
{0x99ce, 0xf174}, //駎
{0x99cf, 0xf175}, //駏
{0x99d0, 0xf176}, //駐
{0x99d1, 0xf177}, //駑
{0x99d2, 0xf178}, //駒
{0x99d3, 0xf179}, //駓
{0x99d4, 0xf17a}, //駔
{0x99d5, 0xf17b}, //駕
{0x99d6, 0xf17c}, //駖
{0x99d7, 0xf17d}, //駗
{0x99d8, 0xf17e}, //駘
{0x99d9, 0xf180}, //駙
{0x99da, 0xf181}, //駚
{0x99db, 0xf182}, //駛
{0x99dc, 0xf183}, //駜
{0x99dd, 0xf184}, //駝
{0x99de, 0xf185}, //駞
{0x99df, 0xf186}, //駟
{0x99e0, 0xf187}, //駠
{0x99e1, 0xf188}, //駡
{0x99e2, 0xf189}, //駢
{0x99e3, 0xf18a}, //駣
{0x99e4, 0xf18b}, //駤
{0x99e5, 0xf18c}, //駥
{0x99e6, 0xf18d}, //駦
{0x99e7, 0xf18e}, //駧
{0x99e8, 0xf18f}, //駨
{0x99e9, 0xf190}, //駩
{0x99ea, 0xf191}, //駪
{0x99eb, 0xf192}, //駫
{0x99ec, 0xf193}, //駬
{0x99ed, 0xf194}, //駭
{0x99ee, 0xf195}, //駮
{0x99ef, 0xf196}, //駯
{0x99f0, 0xf197}, //駰
{0x99f1, 0xf198}, //駱
{0x99f2, 0xf199}, //駲
{0x99f3, 0xf19a}, //駳
{0x99f4, 0xf19b}, //駴
{0x99f5, 0xf19c}, //駵
{0x99f6, 0xf19d}, //駶
{0x99f7, 0xf19e}, //駷
{0x99f8, 0xf19f}, //駸
{0x99f9, 0xf1a0}, //駹
{0x99fa, 0xf240}, //駺
{0x99fb, 0xf241}, //駻
{0x99fc, 0xf242}, //駼
{0x99fd, 0xf243}, //駽
{0x99fe, 0xf244}, //駾
{0x99ff, 0xf245}, //駿
{0x9a00, 0xf246}, //騀
{0x9a01, 0xf247}, //騁
{0x9a02, 0xf248}, //騂
{0x9a03, 0xf249}, //騃
{0x9a04, 0xf24a}, //騄
{0x9a05, 0xf24b}, //騅
{0x9a06, 0xf24c}, //騆
{0x9a07, 0xf24d}, //騇
{0x9a08, 0xf24e}, //騈
{0x9a09, 0xf24f}, //騉
{0x9a0a, 0xf250}, //騊
{0x9a0b, 0xf251}, //騋
{0x9a0c, 0xf252}, //騌
{0x9a0d, 0xf253}, //騍
{0x9a0e, 0xf254}, //騎
{0x9a0f, 0xf255}, //騏
{0x9a10, 0xf256}, //騐
{0x9a11, 0xf257}, //騑
{0x9a12, 0xf258}, //騒
{0x9a13, 0xf259}, //験
{0x9a14, 0xf25a}, //騔
{0x9a15, 0xf25b}, //騕
{0x9a16, 0xf25c}, //騖
{0x9a17, 0xf25d}, //騗
{0x9a18, 0xf25e}, //騘
{0x9a19, 0xf25f}, //騙
{0x9a1a, 0xf260}, //騚
{0x9a1b, 0xf261}, //騛
{0x9a1c, 0xf262}, //騜
{0x9a1d, 0xf263}, //騝
{0x9a1e, 0xf264}, //騞
{0x9a1f, 0xf265}, //騟
{0x9a20, 0xf266}, //騠
{0x9a21, 0xf267}, //騡
{0x9a22, 0xf268}, //騢
{0x9a23, 0xf269}, //騣
{0x9a24, 0xf26a}, //騤
{0x9a25, 0xf26b}, //騥
{0x9a26, 0xf26c}, //騦
{0x9a27, 0xf26d}, //騧
{0x9a28, 0xf26e}, //騨
{0x9a29, 0xf26f}, //騩
{0x9a2a, 0xf270}, //騪
{0x9a2b, 0xf271}, //騫
{0x9a2c, 0xf272}, //騬
{0x9a2d, 0xf273}, //騭
{0x9a2e, 0xf274}, //騮
{0x9a2f, 0xf275}, //騯
{0x9a30, 0xf276}, //騰
{0x9a31, 0xf277}, //騱
{0x9a32, 0xf278}, //騲
{0x9a33, 0xf279}, //騳
{0x9a34, 0xf27a}, //騴
{0x9a35, 0xf27b}, //騵
{0x9a36, 0xf27c}, //騶
{0x9a37, 0xf27d}, //騷
{0x9a38, 0xf27e}, //騸
{0x9a39, 0xf280}, //騹
{0x9a3a, 0xf281}, //騺
{0x9a3b, 0xf282}, //騻
{0x9a3c, 0xf283}, //騼
{0x9a3d, 0xf284}, //騽
{0x9a3e, 0xf285}, //騾
{0x9a3f, 0xf286}, //騿
{0x9a40, 0xf287}, //驀
{0x9a41, 0xf288}, //驁
{0x9a42, 0xf289}, //驂
{0x9a43, 0xf28a}, //驃
{0x9a44, 0xf28b}, //驄
{0x9a45, 0xf28c}, //驅
{0x9a46, 0xf28d}, //驆
{0x9a47, 0xf28e}, //驇
{0x9a48, 0xf28f}, //驈
{0x9a49, 0xf290}, //驉
{0x9a4a, 0xf291}, //驊
{0x9a4b, 0xf292}, //驋
{0x9a4c, 0xf293}, //驌
{0x9a4d, 0xf294}, //驍
{0x9a4e, 0xf295}, //驎
{0x9a4f, 0xf296}, //驏
{0x9a50, 0xf297}, //驐
{0x9a51, 0xf298}, //驑
{0x9a52, 0xf299}, //驒
{0x9a53, 0xf29a}, //驓
{0x9a54, 0xf29b}, //驔
{0x9a55, 0xf29c}, //驕
{0x9a56, 0xf29d}, //驖
{0x9a57, 0xf29e}, //驗
{0x9a58, 0xf29f}, //驘
{0x9a59, 0xf2a0}, //驙
{0x9a5a, 0xf340}, //驚
{0x9a5b, 0xf341}, //驛
{0x9a5c, 0xf342}, //驜
{0x9a5d, 0xf343}, //驝
{0x9a5e, 0xf344}, //驞
{0x9a5f, 0xf345}, //驟
{0x9a60, 0xf346}, //驠
{0x9a61, 0xf347}, //驡
{0x9a62, 0xf348}, //驢
{0x9a63, 0xf349}, //驣
{0x9a64, 0xf34a}, //驤
{0x9a65, 0xf34b}, //驥
{0x9a66, 0xf34c}, //驦
{0x9a67, 0xf34d}, //驧
{0x9a68, 0xf34e}, //驨
{0x9a69, 0xf34f}, //驩
{0x9a6a, 0xf350}, //驪
{0x9a6b, 0xf351}, //驫
{0x9a6c, 0xc2ed}, //马
{0x9a6d, 0xd4a6}, //驭
{0x9a6e, 0xcdd4}, //驮
{0x9a6f, 0xd1b1}, //驯
{0x9a70, 0xb3db}, //驰
{0x9a71, 0xc7fd}, //驱
{0x9a72, 0xf352}, //驲
{0x9a73, 0xb2b5}, //驳
{0x9a74, 0xc2bf}, //驴
{0x9a75, 0xe6e0}, //驵
{0x9a76, 0xcabb}, //驶
{0x9a77, 0xe6e1}, //驷
{0x9a78, 0xe6e2}, //驸
{0x9a79, 0xbed4}, //驹
{0x9a7a, 0xe6e3}, //驺
{0x9a7b, 0xd7a4}, //驻
{0x9a7c, 0xcdd5}, //驼
{0x9a7d, 0xe6e5}, //驽
{0x9a7e, 0xbcdd}, //驾
{0x9a7f, 0xe6e4}, //驿
{0x9a80, 0xe6e6}, //骀
{0x9a81, 0xe6e7}, //骁
{0x9a82, 0xc2ee}, //骂
{0x9a83, 0xf353}, //骃
{0x9a84, 0xbdbe}, //骄
{0x9a85, 0xe6e8}, //骅
{0x9a86, 0xc2e6}, //骆
{0x9a87, 0xbaa7}, //骇
{0x9a88, 0xe6e9}, //骈
{0x9a89, 0xf354}, //骉
{0x9a8a, 0xe6ea}, //骊
{0x9a8b, 0xb3d2}, //骋
{0x9a8c, 0xd1e9}, //验
{0x9a8d, 0xf355}, //骍
{0x9a8e, 0xf356}, //骎
{0x9a8f, 0xbfa5}, //骏
{0x9a90, 0xe6eb}, //骐
{0x9a91, 0xc6ef}, //骑
{0x9a92, 0xe6ec}, //骒
{0x9a93, 0xe6ed}, //骓
{0x9a94, 0xf357}, //骔
{0x9a95, 0xf358}, //骕
{0x9a96, 0xe6ee}, //骖
{0x9a97, 0xc6ad}, //骗
{0x9a98, 0xe6ef}, //骘
{0x9a99, 0xf359}, //骙
{0x9a9a, 0xc9a7}, //骚
{0x9a9b, 0xe6f0}, //骛
{0x9a9c, 0xe6f1}, //骜
{0x9a9d, 0xe6f2}, //骝
{0x9a9e, 0xe5b9}, //骞
{0x9a9f, 0xe6f3}, //骟
{0x9aa0, 0xe6f4}, //骠
{0x9aa1, 0xc2e2}, //骡
{0x9aa2, 0xe6f5}, //骢
{0x9aa3, 0xe6f6}, //骣
{0x9aa4, 0xd6e8}, //骤
{0x9aa5, 0xe6f7}, //骥
{0x9aa6, 0xf35a}, //骦
{0x9aa7, 0xe6f8}, //骧
{0x9aa8, 0xb9c7}, //骨
{0x9aa9, 0xf35b}, //骩
{0x9aaa, 0xf35c}, //骪
{0x9aab, 0xf35d}, //骫
{0x9aac, 0xf35e}, //骬
{0x9aad, 0xf35f}, //骭
{0x9aae, 0xf360}, //骮
{0x9aaf, 0xf361}, //骯
{0x9ab0, 0xf7bb}, //骰
{0x9ab1, 0xf7ba}, //骱
{0x9ab2, 0xf362}, //骲
{0x9ab3, 0xf363}, //骳
{0x9ab4, 0xf364}, //骴
{0x9ab5, 0xf365}, //骵
{0x9ab6, 0xf7be}, //骶
{0x9ab7, 0xf7bc}, //骷
{0x9ab8, 0xbaa1}, //骸
{0x9ab9, 0xf366}, //骹
{0x9aba, 0xf7bf}, //骺
{0x9abb, 0xf367}, //骻
{0x9abc, 0xf7c0}, //骼
{0x9abd, 0xf368}, //骽
{0x9abe, 0xf369}, //骾
{0x9abf, 0xf36a}, //骿
{0x9ac0, 0xf7c2}, //髀
{0x9ac1, 0xf7c1}, //髁
{0x9ac2, 0xf7c4}, //髂
{0x9ac3, 0xf36b}, //髃
{0x9ac4, 0xf36c}, //髄
{0x9ac5, 0xf7c3}, //髅
{0x9ac6, 0xf36d}, //髆
{0x9ac7, 0xf36e}, //髇
{0x9ac8, 0xf36f}, //髈
{0x9ac9, 0xf370}, //髉
{0x9aca, 0xf371}, //髊
{0x9acb, 0xf7c5}, //髋
{0x9acc, 0xf7c6}, //髌
{0x9acd, 0xf372}, //髍
{0x9ace, 0xf373}, //髎
{0x9acf, 0xf374}, //髏
{0x9ad0, 0xf375}, //髐
{0x9ad1, 0xf7c7}, //髑
{0x9ad2, 0xf376}, //髒
{0x9ad3, 0xcbe8}, //髓
{0x9ad4, 0xf377}, //體
{0x9ad5, 0xf378}, //髕
{0x9ad6, 0xf379}, //髖
{0x9ad7, 0xf37a}, //髗
{0x9ad8, 0xb8df}, //高
{0x9ad9, 0xf37b}, //髙
{0x9ada, 0xf37c}, //髚
{0x9adb, 0xf37d}, //髛
{0x9adc, 0xf37e}, //髜
{0x9add, 0xf380}, //髝
{0x9ade, 0xf381}, //髞
{0x9adf, 0xf7d4}, //髟
{0x9ae0, 0xf382}, //髠
{0x9ae1, 0xf7d5}, //髡
{0x9ae2, 0xf383}, //髢
{0x9ae3, 0xf384}, //髣
{0x9ae4, 0xf385}, //髤
{0x9ae5, 0xf386}, //髥
{0x9ae6, 0xf7d6}, //髦
{0x9ae7, 0xf387}, //髧
{0x9ae8, 0xf388}, //髨
{0x9ae9, 0xf389}, //髩
{0x9aea, 0xf38a}, //髪
{0x9aeb, 0xf7d8}, //髫
{0x9aec, 0xf38b}, //髬
{0x9aed, 0xf7da}, //髭
{0x9aee, 0xf38c}, //髮
{0x9aef, 0xf7d7}, //髯
{0x9af0, 0xf38d}, //髰
{0x9af1, 0xf38e}, //髱
{0x9af2, 0xf38f}, //髲
{0x9af3, 0xf390}, //髳
{0x9af4, 0xf391}, //髴
{0x9af5, 0xf392}, //髵
{0x9af6, 0xf393}, //髶
{0x9af7, 0xf394}, //髷
{0x9af8, 0xf395}, //髸
{0x9af9, 0xf7db}, //髹
{0x9afa, 0xf396}, //髺
{0x9afb, 0xf7d9}, //髻
{0x9afc, 0xf397}, //髼
{0x9afd, 0xf398}, //髽
{0x9afe, 0xf399}, //髾
{0x9aff, 0xf39a}, //髿
{0x9b00, 0xf39b}, //鬀
{0x9b01, 0xf39c}, //鬁
{0x9b02, 0xf39d}, //鬂
{0x9b03, 0xd7d7}, //鬃
{0x9b04, 0xf39e}, //鬄
{0x9b05, 0xf39f}, //鬅
{0x9b06, 0xf3a0}, //鬆
{0x9b07, 0xf440}, //鬇
{0x9b08, 0xf7dc}, //鬈
{0x9b09, 0xf441}, //鬉
{0x9b0a, 0xf442}, //鬊
{0x9b0b, 0xf443}, //鬋
{0x9b0c, 0xf444}, //鬌
{0x9b0d, 0xf445}, //鬍
{0x9b0e, 0xf446}, //鬎
{0x9b0f, 0xf7dd}, //鬏
{0x9b10, 0xf447}, //鬐
{0x9b11, 0xf448}, //鬑
{0x9b12, 0xf449}, //鬒
{0x9b13, 0xf7de}, //鬓
{0x9b14, 0xf44a}, //鬔
{0x9b15, 0xf44b}, //鬕
{0x9b16, 0xf44c}, //鬖
{0x9b17, 0xf44d}, //鬗
{0x9b18, 0xf44e}, //鬘
{0x9b19, 0xf44f}, //鬙
{0x9b1a, 0xf450}, //鬚
{0x9b1b, 0xf451}, //鬛
{0x9b1c, 0xf452}, //鬜
{0x9b1d, 0xf453}, //鬝
{0x9b1e, 0xf454}, //鬞
{0x9b1f, 0xf7df}, //鬟
{0x9b20, 0xf455}, //鬠
{0x9b21, 0xf456}, //鬡
{0x9b22, 0xf457}, //鬢
{0x9b23, 0xf7e0}, //鬣
{0x9b24, 0xf458}, //鬤
{0x9b25, 0xf459}, //鬥
{0x9b26, 0xf45a}, //鬦
{0x9b27, 0xf45b}, //鬧
{0x9b28, 0xf45c}, //鬨
{0x9b29, 0xf45d}, //鬩
{0x9b2a, 0xf45e}, //鬪
{0x9b2b, 0xf45f}, //鬫
{0x9b2c, 0xf460}, //鬬
{0x9b2d, 0xf461}, //鬭
{0x9b2e, 0xf462}, //鬮
{0x9b2f, 0xdbcb}, //鬯
{0x9b30, 0xf463}, //鬰
{0x9b31, 0xf464}, //鬱
{0x9b32, 0xd8aa}, //鬲
{0x9b33, 0xf465}, //鬳
{0x9b34, 0xf466}, //鬴
{0x9b35, 0xf467}, //鬵
{0x9b36, 0xf468}, //鬶
{0x9b37, 0xf469}, //鬷
{0x9b38, 0xf46a}, //鬸
{0x9b39, 0xf46b}, //鬹
{0x9b3a, 0xf46c}, //鬺
{0x9b3b, 0xe5f7}, //鬻
{0x9b3c, 0xb9ed}, //鬼
{0x9b3d, 0xf46d}, //鬽
{0x9b3e, 0xf46e}, //鬾
{0x9b3f, 0xf46f}, //鬿
{0x9b40, 0xf470}, //魀
{0x9b41, 0xbffd}, //魁
{0x9b42, 0xbbea}, //魂
{0x9b43, 0xf7c9}, //魃
{0x9b44, 0xc6c7}, //魄
{0x9b45, 0xf7c8}, //魅
{0x9b46, 0xf471}, //魆
{0x9b47, 0xf7ca}, //魇
{0x9b48, 0xf7cc}, //魈
{0x9b49, 0xf7cb}, //魉
{0x9b4a, 0xf472}, //魊
{0x9b4b, 0xf473}, //魋
{0x9b4c, 0xf474}, //魌
{0x9b4d, 0xf7cd}, //魍
{0x9b4e, 0xf475}, //魎
{0x9b4f, 0xceba}, //魏
{0x9b50, 0xf476}, //魐
{0x9b51, 0xf7ce}, //魑
{0x9b52, 0xf477}, //魒
{0x9b53, 0xf478}, //魓
{0x9b54, 0xc4a7}, //魔
{0x9b55, 0xf479}, //魕
{0x9b56, 0xf47a}, //魖
{0x9b57, 0xf47b}, //魗
{0x9b58, 0xf47c}, //魘
{0x9b59, 0xf47d}, //魙
{0x9b5a, 0xf47e}, //魚
{0x9b5b, 0xf480}, //魛
{0x9b5c, 0xf481}, //魜
{0x9b5d, 0xf482}, //魝
{0x9b5e, 0xf483}, //魞
{0x9b5f, 0xf484}, //魟
{0x9b60, 0xf485}, //魠
{0x9b61, 0xf486}, //魡
{0x9b62, 0xf487}, //魢
{0x9b63, 0xf488}, //魣
{0x9b64, 0xf489}, //魤
{0x9b65, 0xf48a}, //魥
{0x9b66, 0xf48b}, //魦
{0x9b67, 0xf48c}, //魧
{0x9b68, 0xf48d}, //魨
{0x9b69, 0xf48e}, //魩
{0x9b6a, 0xf48f}, //魪
{0x9b6b, 0xf490}, //魫
{0x9b6c, 0xf491}, //魬
{0x9b6d, 0xf492}, //魭
{0x9b6e, 0xf493}, //魮
{0x9b6f, 0xf494}, //魯
{0x9b70, 0xf495}, //魰
{0x9b71, 0xf496}, //魱
{0x9b72, 0xf497}, //魲
{0x9b73, 0xf498}, //魳
{0x9b74, 0xf499}, //魴
{0x9b75, 0xf49a}, //魵
{0x9b76, 0xf49b}, //魶
{0x9b77, 0xf49c}, //魷
{0x9b78, 0xf49d}, //魸
{0x9b79, 0xf49e}, //魹
{0x9b7a, 0xf49f}, //魺
{0x9b7b, 0xf4a0}, //魻
{0x9b7c, 0xf540}, //魼
{0x9b7d, 0xf541}, //魽
{0x9b7e, 0xf542}, //魾
{0x9b7f, 0xf543}, //魿
{0x9b80, 0xf544}, //鮀
{0x9b81, 0xf545}, //鮁
{0x9b82, 0xf546}, //鮂
{0x9b83, 0xf547}, //鮃
{0x9b84, 0xf548}, //鮄
{0x9b85, 0xf549}, //鮅
{0x9b86, 0xf54a}, //鮆
{0x9b87, 0xf54b}, //鮇
{0x9b88, 0xf54c}, //鮈
{0x9b89, 0xf54d}, //鮉
{0x9b8a, 0xf54e}, //鮊
{0x9b8b, 0xf54f}, //鮋
{0x9b8c, 0xf550}, //鮌
{0x9b8d, 0xf551}, //鮍
{0x9b8e, 0xf552}, //鮎
{0x9b8f, 0xf553}, //鮏
{0x9b90, 0xf554}, //鮐
{0x9b91, 0xf555}, //鮑
{0x9b92, 0xf556}, //鮒
{0x9b93, 0xf557}, //鮓
{0x9b94, 0xf558}, //鮔
{0x9b95, 0xf559}, //鮕
{0x9b96, 0xf55a}, //鮖
{0x9b97, 0xf55b}, //鮗
{0x9b98, 0xf55c}, //鮘
{0x9b99, 0xf55d}, //鮙
{0x9b9a, 0xf55e}, //鮚
{0x9b9b, 0xf55f}, //鮛
{0x9b9c, 0xf560}, //鮜
{0x9b9d, 0xf561}, //鮝
{0x9b9e, 0xf562}, //鮞
{0x9b9f, 0xf563}, //鮟
{0x9ba0, 0xf564}, //鮠
{0x9ba1, 0xf565}, //鮡
{0x9ba2, 0xf566}, //鮢
{0x9ba3, 0xf567}, //鮣
{0x9ba4, 0xf568}, //鮤
{0x9ba5, 0xf569}, //鮥
{0x9ba6, 0xf56a}, //鮦
{0x9ba7, 0xf56b}, //鮧
{0x9ba8, 0xf56c}, //鮨
{0x9ba9, 0xf56d}, //鮩
{0x9baa, 0xf56e}, //鮪
{0x9bab, 0xf56f}, //鮫
{0x9bac, 0xf570}, //鮬
{0x9bad, 0xf571}, //鮭
{0x9bae, 0xf572}, //鮮
{0x9baf, 0xf573}, //鮯
{0x9bb0, 0xf574}, //鮰
{0x9bb1, 0xf575}, //鮱
{0x9bb2, 0xf576}, //鮲
{0x9bb3, 0xf577}, //鮳
{0x9bb4, 0xf578}, //鮴
{0x9bb5, 0xf579}, //鮵
{0x9bb6, 0xf57a}, //鮶
{0x9bb7, 0xf57b}, //鮷
{0x9bb8, 0xf57c}, //鮸
{0x9bb9, 0xf57d}, //鮹
{0x9bba, 0xf57e}, //鮺
{0x9bbb, 0xf580}, //鮻
{0x9bbc, 0xf581}, //鮼
{0x9bbd, 0xf582}, //鮽
{0x9bbe, 0xf583}, //鮾
{0x9bbf, 0xf584}, //鮿
{0x9bc0, 0xf585}, //鯀
{0x9bc1, 0xf586}, //鯁
{0x9bc2, 0xf587}, //鯂
{0x9bc3, 0xf588}, //鯃
{0x9bc4, 0xf589}, //鯄
{0x9bc5, 0xf58a}, //鯅
{0x9bc6, 0xf58b}, //鯆
{0x9bc7, 0xf58c}, //鯇
{0x9bc8, 0xf58d}, //鯈
{0x9bc9, 0xf58e}, //鯉
{0x9bca, 0xf58f}, //鯊
{0x9bcb, 0xf590}, //鯋
{0x9bcc, 0xf591}, //鯌
{0x9bcd, 0xf592}, //鯍
{0x9bce, 0xf593}, //鯎
{0x9bcf, 0xf594}, //鯏
{0x9bd0, 0xf595}, //鯐
{0x9bd1, 0xf596}, //鯑
{0x9bd2, 0xf597}, //鯒
{0x9bd3, 0xf598}, //鯓
{0x9bd4, 0xf599}, //鯔
{0x9bd5, 0xf59a}, //鯕
{0x9bd6, 0xf59b}, //鯖
{0x9bd7, 0xf59c}, //鯗
{0x9bd8, 0xf59d}, //鯘
{0x9bd9, 0xf59e}, //鯙
{0x9bda, 0xf59f}, //鯚
{0x9bdb, 0xf5a0}, //鯛
{0x9bdc, 0xf640}, //鯜
{0x9bdd, 0xf641}, //鯝
{0x9bde, 0xf642}, //鯞
{0x9bdf, 0xf643}, //鯟
{0x9be0, 0xf644}, //鯠
{0x9be1, 0xf645}, //鯡
{0x9be2, 0xf646}, //鯢
{0x9be3, 0xf647}, //鯣
{0x9be4, 0xf648}, //鯤
{0x9be5, 0xf649}, //鯥
{0x9be6, 0xf64a}, //鯦
{0x9be7, 0xf64b}, //鯧
{0x9be8, 0xf64c}, //鯨
{0x9be9, 0xf64d}, //鯩
{0x9bea, 0xf64e}, //鯪
{0x9beb, 0xf64f}, //鯫
{0x9bec, 0xf650}, //鯬
{0x9bed, 0xf651}, //鯭
{0x9bee, 0xf652}, //鯮
{0x9bef, 0xf653}, //鯯
{0x9bf0, 0xf654}, //鯰
{0x9bf1, 0xf655}, //鯱
{0x9bf2, 0xf656}, //鯲
{0x9bf3, 0xf657}, //鯳
{0x9bf4, 0xf658}, //鯴
{0x9bf5, 0xf659}, //鯵
{0x9bf6, 0xf65a}, //鯶
{0x9bf7, 0xf65b}, //鯷
{0x9bf8, 0xf65c}, //鯸
{0x9bf9, 0xf65d}, //鯹
{0x9bfa, 0xf65e}, //鯺
{0x9bfb, 0xf65f}, //鯻
{0x9bfc, 0xf660}, //鯼
{0x9bfd, 0xf661}, //鯽
{0x9bfe, 0xf662}, //鯾
{0x9bff, 0xf663}, //鯿
{0x9c00, 0xf664}, //鰀
{0x9c01, 0xf665}, //鰁
{0x9c02, 0xf666}, //鰂
{0x9c03, 0xf667}, //鰃
{0x9c04, 0xf668}, //鰄
{0x9c05, 0xf669}, //鰅
{0x9c06, 0xf66a}, //鰆
{0x9c07, 0xf66b}, //鰇
{0x9c08, 0xf66c}, //鰈
{0x9c09, 0xf66d}, //鰉
{0x9c0a, 0xf66e}, //鰊
{0x9c0b, 0xf66f}, //鰋
{0x9c0c, 0xf670}, //鰌
{0x9c0d, 0xf671}, //鰍
{0x9c0e, 0xf672}, //鰎
{0x9c0f, 0xf673}, //鰏
{0x9c10, 0xf674}, //鰐
{0x9c11, 0xf675}, //鰑
{0x9c12, 0xf676}, //鰒
{0x9c13, 0xf677}, //鰓
{0x9c14, 0xf678}, //鰔
{0x9c15, 0xf679}, //鰕
{0x9c16, 0xf67a}, //鰖
{0x9c17, 0xf67b}, //鰗
{0x9c18, 0xf67c}, //鰘
{0x9c19, 0xf67d}, //鰙
{0x9c1a, 0xf67e}, //鰚
{0x9c1b, 0xf680}, //鰛
{0x9c1c, 0xf681}, //鰜
{0x9c1d, 0xf682}, //鰝
{0x9c1e, 0xf683}, //鰞
{0x9c1f, 0xf684}, //鰟
{0x9c20, 0xf685}, //鰠
{0x9c21, 0xf686}, //鰡
{0x9c22, 0xf687}, //鰢
{0x9c23, 0xf688}, //鰣
{0x9c24, 0xf689}, //鰤
{0x9c25, 0xf68a}, //鰥
{0x9c26, 0xf68b}, //鰦
{0x9c27, 0xf68c}, //鰧
{0x9c28, 0xf68d}, //鰨
{0x9c29, 0xf68e}, //鰩
{0x9c2a, 0xf68f}, //鰪
{0x9c2b, 0xf690}, //鰫
{0x9c2c, 0xf691}, //鰬
{0x9c2d, 0xf692}, //鰭
{0x9c2e, 0xf693}, //鰮
{0x9c2f, 0xf694}, //鰯
{0x9c30, 0xf695}, //鰰
{0x9c31, 0xf696}, //鰱
{0x9c32, 0xf697}, //鰲
{0x9c33, 0xf698}, //鰳
{0x9c34, 0xf699}, //鰴
{0x9c35, 0xf69a}, //鰵
{0x9c36, 0xf69b}, //鰶
{0x9c37, 0xf69c}, //鰷
{0x9c38, 0xf69d}, //鰸
{0x9c39, 0xf69e}, //鰹
{0x9c3a, 0xf69f}, //鰺
{0x9c3b, 0xf6a0}, //鰻
{0x9c3c, 0xf740}, //鰼
{0x9c3d, 0xf741}, //鰽
{0x9c3e, 0xf742}, //鰾
{0x9c3f, 0xf743}, //鰿
{0x9c40, 0xf744}, //鱀
{0x9c41, 0xf745}, //鱁
{0x9c42, 0xf746}, //鱂
{0x9c43, 0xf747}, //鱃
{0x9c44, 0xf748}, //鱄
{0x9c45, 0xf749}, //鱅
{0x9c46, 0xf74a}, //鱆
{0x9c47, 0xf74b}, //鱇
{0x9c48, 0xf74c}, //鱈
{0x9c49, 0xf74d}, //鱉
{0x9c4a, 0xf74e}, //鱊
{0x9c4b, 0xf74f}, //鱋
{0x9c4c, 0xf750}, //鱌
{0x9c4d, 0xf751}, //鱍
{0x9c4e, 0xf752}, //鱎
{0x9c4f, 0xf753}, //鱏
{0x9c50, 0xf754}, //鱐
{0x9c51, 0xf755}, //鱑
{0x9c52, 0xf756}, //鱒
{0x9c53, 0xf757}, //鱓
{0x9c54, 0xf758}, //鱔
{0x9c55, 0xf759}, //鱕
{0x9c56, 0xf75a}, //鱖
{0x9c57, 0xf75b}, //鱗
{0x9c58, 0xf75c}, //鱘
{0x9c59, 0xf75d}, //鱙
{0x9c5a, 0xf75e}, //鱚
{0x9c5b, 0xf75f}, //鱛
{0x9c5c, 0xf760}, //鱜
{0x9c5d, 0xf761}, //鱝
{0x9c5e, 0xf762}, //鱞
{0x9c5f, 0xf763}, //鱟
{0x9c60, 0xf764}, //鱠
{0x9c61, 0xf765}, //鱡
{0x9c62, 0xf766}, //鱢
{0x9c63, 0xf767}, //鱣
{0x9c64, 0xf768}, //鱤
{0x9c65, 0xf769}, //鱥
{0x9c66, 0xf76a}, //鱦
{0x9c67, 0xf76b}, //鱧
{0x9c68, 0xf76c}, //鱨
{0x9c69, 0xf76d}, //鱩
{0x9c6a, 0xf76e}, //鱪
{0x9c6b, 0xf76f}, //鱫
{0x9c6c, 0xf770}, //鱬
{0x9c6d, 0xf771}, //鱭
{0x9c6e, 0xf772}, //鱮
{0x9c6f, 0xf773}, //鱯
{0x9c70, 0xf774}, //鱰
{0x9c71, 0xf775}, //鱱
{0x9c72, 0xf776}, //鱲
{0x9c73, 0xf777}, //鱳
{0x9c74, 0xf778}, //鱴
{0x9c75, 0xf779}, //鱵
{0x9c76, 0xf77a}, //鱶
{0x9c77, 0xf77b}, //鱷
{0x9c78, 0xf77c}, //鱸
{0x9c79, 0xf77d}, //鱹
{0x9c7a, 0xf77e}, //鱺
{0x9c7b, 0xf780}, //鱻
{0x9c7c, 0xd3e3}, //鱼
{0x9c7d, 0xf781}, //鱽
{0x9c7e, 0xf782}, //鱾
{0x9c7f, 0xf6cf}, //鱿
{0x9c80, 0xf783}, //鲀
{0x9c81, 0xc2b3}, //鲁
{0x9c82, 0xf6d0}, //鲂
{0x9c83, 0xf784}, //鲃
{0x9c84, 0xf785}, //鲄
{0x9c85, 0xf6d1}, //鲅
{0x9c86, 0xf6d2}, //鲆
{0x9c87, 0xf6d3}, //鲇
{0x9c88, 0xf6d4}, //鲈
{0x9c89, 0xf786}, //鲉
{0x9c8a, 0xf787}, //鲊
{0x9c8b, 0xf6d6}, //鲋
{0x9c8c, 0xf788}, //鲌
{0x9c8d, 0xb1ab}, //鲍
{0x9c8e, 0xf6d7}, //鲎
{0x9c8f, 0xf789}, //鲏
{0x9c90, 0xf6d8}, //鲐
{0x9c91, 0xf6d9}, //鲑
{0x9c92, 0xf6da}, //鲒
{0x9c93, 0xf78a}, //鲓
{0x9c94, 0xf6db}, //鲔
{0x9c95, 0xf6dc}, //鲕
{0x9c96, 0xf78b}, //鲖
{0x9c97, 0xf78c}, //鲗
{0x9c98, 0xf78d}, //鲘
{0x9c99, 0xf78e}, //鲙
{0x9c9a, 0xf6dd}, //鲚
{0x9c9b, 0xf6de}, //鲛
{0x9c9c, 0xcfca}, //鲜
{0x9c9d, 0xf78f}, //鲝
{0x9c9e, 0xf6df}, //鲞
{0x9c9f, 0xf6e0}, //鲟
{0x9ca0, 0xf6e1}, //鲠
{0x9ca1, 0xf6e2}, //鲡
{0x9ca2, 0xf6e3}, //鲢
{0x9ca3, 0xf6e4}, //鲣
{0x9ca4, 0xc0f0}, //鲤
{0x9ca5, 0xf6e5}, //鲥
{0x9ca6, 0xf6e6}, //鲦
{0x9ca7, 0xf6e7}, //鲧
{0x9ca8, 0xf6e8}, //鲨
{0x9ca9, 0xf6e9}, //鲩
{0x9caa, 0xf790}, //鲪
{0x9cab, 0xf6ea}, //鲫
{0x9cac, 0xf791}, //鲬
{0x9cad, 0xf6eb}, //鲭
{0x9cae, 0xf6ec}, //鲮
{0x9caf, 0xf792}, //鲯
{0x9cb0, 0xf6ed}, //鲰
{0x9cb1, 0xf6ee}, //鲱
{0x9cb2, 0xf6ef}, //鲲
{0x9cb3, 0xf6f0}, //鲳
{0x9cb4, 0xf6f1}, //鲴
{0x9cb5, 0xf6f2}, //鲵
{0x9cb6, 0xf6f3}, //鲶
{0x9cb7, 0xf6f4}, //鲷
{0x9cb8, 0xbea8}, //鲸
{0x9cb9, 0xf793}, //鲹
{0x9cba, 0xf6f5}, //鲺
{0x9cbb, 0xf6f6}, //鲻
{0x9cbc, 0xf6f7}, //鲼
{0x9cbd, 0xf6f8}, //鲽
{0x9cbe, 0xf794}, //鲾
{0x9cbf, 0xf795}, //鲿
{0x9cc0, 0xf796}, //鳀
{0x9cc1, 0xf797}, //鳁
{0x9cc2, 0xf798}, //鳂
{0x9cc3, 0xc8fa}, //鳃
{0x9cc4, 0xf6f9}, //鳄
{0x9cc5, 0xf6fa}, //鳅
{0x9cc6, 0xf6fb}, //鳆
{0x9cc7, 0xf6fc}, //鳇
{0x9cc8, 0xf799}, //鳈
{0x9cc9, 0xf79a}, //鳉
{0x9cca, 0xf6fd}, //鳊
{0x9ccb, 0xf6fe}, //鳋
{0x9ccc, 0xf7a1}, //鳌
{0x9ccd, 0xf7a2}, //鳍
{0x9cce, 0xf7a3}, //鳎
{0x9ccf, 0xf7a4}, //鳏
{0x9cd0, 0xf7a5}, //鳐
{0x9cd1, 0xf79b}, //鳑
{0x9cd2, 0xf79c}, //鳒
{0x9cd3, 0xf7a6}, //鳓
{0x9cd4, 0xf7a7}, //鳔
{0x9cd5, 0xf7a8}, //鳕
{0x9cd6, 0xb1ee}, //鳖
{0x9cd7, 0xf7a9}, //鳗
{0x9cd8, 0xf7aa}, //鳘
{0x9cd9, 0xf7ab}, //鳙
{0x9cda, 0xf79d}, //鳚
{0x9cdb, 0xf79e}, //鳛
{0x9cdc, 0xf7ac}, //鳜
{0x9cdd, 0xf7ad}, //鳝
{0x9cde, 0xc1db}, //鳞
{0x9cdf, 0xf7ae}, //鳟
{0x9ce0, 0xf79f}, //鳠
{0x9ce1, 0xf7a0}, //鳡
{0x9ce2, 0xf7af}, //鳢
{0x9ce3, 0xf840}, //鳣
{0x9ce4, 0xf841}, //鳤
{0x9ce5, 0xf842}, //鳥
{0x9ce6, 0xf843}, //鳦
{0x9ce7, 0xf844}, //鳧
{0x9ce8, 0xf845}, //鳨
{0x9ce9, 0xf846}, //鳩
{0x9cea, 0xf847}, //鳪
{0x9ceb, 0xf848}, //鳫
{0x9cec, 0xf849}, //鳬
{0x9ced, 0xf84a}, //鳭
{0x9cee, 0xf84b}, //鳮
{0x9cef, 0xf84c}, //鳯
{0x9cf0, 0xf84d}, //鳰
{0x9cf1, 0xf84e}, //鳱
{0x9cf2, 0xf84f}, //鳲
{0x9cf3, 0xf850}, //鳳
{0x9cf4, 0xf851}, //鳴
{0x9cf5, 0xf852}, //鳵
{0x9cf6, 0xf853}, //鳶
{0x9cf7, 0xf854}, //鳷
{0x9cf8, 0xf855}, //鳸
{0x9cf9, 0xf856}, //鳹
{0x9cfa, 0xf857}, //鳺
{0x9cfb, 0xf858}, //鳻
{0x9cfc, 0xf859}, //鳼
{0x9cfd, 0xf85a}, //鳽
{0x9cfe, 0xf85b}, //鳾
{0x9cff, 0xf85c}, //鳿
{0x9d00, 0xf85d}, //鴀
{0x9d01, 0xf85e}, //鴁
{0x9d02, 0xf85f}, //鴂
{0x9d03, 0xf860}, //鴃
{0x9d04, 0xf861}, //鴄
{0x9d05, 0xf862}, //鴅
{0x9d06, 0xf863}, //鴆
{0x9d07, 0xf864}, //鴇
{0x9d08, 0xf865}, //鴈
{0x9d09, 0xf866}, //鴉
{0x9d0a, 0xf867}, //鴊
{0x9d0b, 0xf868}, //鴋
{0x9d0c, 0xf869}, //鴌
{0x9d0d, 0xf86a}, //鴍
{0x9d0e, 0xf86b}, //鴎
{0x9d0f, 0xf86c}, //鴏
{0x9d10, 0xf86d}, //鴐
{0x9d11, 0xf86e}, //鴑
{0x9d12, 0xf86f}, //鴒
{0x9d13, 0xf870}, //鴓
{0x9d14, 0xf871}, //鴔
{0x9d15, 0xf872}, //鴕
{0x9d16, 0xf873}, //鴖
{0x9d17, 0xf874}, //鴗
{0x9d18, 0xf875}, //鴘
{0x9d19, 0xf876}, //鴙
{0x9d1a, 0xf877}, //鴚
{0x9d1b, 0xf878}, //鴛
{0x9d1c, 0xf879}, //鴜
{0x9d1d, 0xf87a}, //鴝
{0x9d1e, 0xf87b}, //鴞
{0x9d1f, 0xf87c}, //鴟
{0x9d20, 0xf87d}, //鴠
{0x9d21, 0xf87e}, //鴡
{0x9d22, 0xf880}, //鴢
{0x9d23, 0xf881}, //鴣
{0x9d24, 0xf882}, //鴤
{0x9d25, 0xf883}, //鴥
{0x9d26, 0xf884}, //鴦
{0x9d27, 0xf885}, //鴧
{0x9d28, 0xf886}, //鴨
{0x9d29, 0xf887}, //鴩
{0x9d2a, 0xf888}, //鴪
{0x9d2b, 0xf889}, //鴫
{0x9d2c, 0xf88a}, //鴬
{0x9d2d, 0xf88b}, //鴭
{0x9d2e, 0xf88c}, //鴮
{0x9d2f, 0xf88d}, //鴯
{0x9d30, 0xf88e}, //鴰
{0x9d31, 0xf88f}, //鴱
{0x9d32, 0xf890}, //鴲
{0x9d33, 0xf891}, //鴳
{0x9d34, 0xf892}, //鴴
{0x9d35, 0xf893}, //鴵
{0x9d36, 0xf894}, //鴶
{0x9d37, 0xf895}, //鴷
{0x9d38, 0xf896}, //鴸
{0x9d39, 0xf897}, //鴹
{0x9d3a, 0xf898}, //鴺
{0x9d3b, 0xf899}, //鴻
{0x9d3c, 0xf89a}, //鴼
{0x9d3d, 0xf89b}, //鴽
{0x9d3e, 0xf89c}, //鴾
{0x9d3f, 0xf89d}, //鴿
{0x9d40, 0xf89e}, //鵀
{0x9d41, 0xf89f}, //鵁
{0x9d42, 0xf8a0}, //鵂
{0x9d43, 0xf940}, //鵃
{0x9d44, 0xf941}, //鵄
{0x9d45, 0xf942}, //鵅
{0x9d46, 0xf943}, //鵆
{0x9d47, 0xf944}, //鵇
{0x9d48, 0xf945}, //鵈
{0x9d49, 0xf946}, //鵉
{0x9d4a, 0xf947}, //鵊
{0x9d4b, 0xf948}, //鵋
{0x9d4c, 0xf949}, //鵌
{0x9d4d, 0xf94a}, //鵍
{0x9d4e, 0xf94b}, //鵎
{0x9d4f, 0xf94c}, //鵏
{0x9d50, 0xf94d}, //鵐
{0x9d51, 0xf94e}, //鵑
{0x9d52, 0xf94f}, //鵒
{0x9d53, 0xf950}, //鵓
{0x9d54, 0xf951}, //鵔
{0x9d55, 0xf952}, //鵕
{0x9d56, 0xf953}, //鵖
{0x9d57, 0xf954}, //鵗
{0x9d58, 0xf955}, //鵘
{0x9d59, 0xf956}, //鵙
{0x9d5a, 0xf957}, //鵚
{0x9d5b, 0xf958}, //鵛
{0x9d5c, 0xf959}, //鵜
{0x9d5d, 0xf95a}, //鵝
{0x9d5e, 0xf95b}, //鵞
{0x9d5f, 0xf95c}, //鵟
{0x9d60, 0xf95d}, //鵠
{0x9d61, 0xf95e}, //鵡
{0x9d62, 0xf95f}, //鵢
{0x9d63, 0xf960}, //鵣
{0x9d64, 0xf961}, //鵤
{0x9d65, 0xf962}, //鵥
{0x9d66, 0xf963}, //鵦
{0x9d67, 0xf964}, //鵧
{0x9d68, 0xf965}, //鵨
{0x9d69, 0xf966}, //鵩
{0x9d6a, 0xf967}, //鵪
{0x9d6b, 0xf968}, //鵫
{0x9d6c, 0xf969}, //鵬
{0x9d6d, 0xf96a}, //鵭
{0x9d6e, 0xf96b}, //鵮
{0x9d6f, 0xf96c}, //鵯
{0x9d70, 0xf96d}, //鵰
{0x9d71, 0xf96e}, //鵱
{0x9d72, 0xf96f}, //鵲
{0x9d73, 0xf970}, //鵳
{0x9d74, 0xf971}, //鵴
{0x9d75, 0xf972}, //鵵
{0x9d76, 0xf973}, //鵶
{0x9d77, 0xf974}, //鵷
{0x9d78, 0xf975}, //鵸
{0x9d79, 0xf976}, //鵹
{0x9d7a, 0xf977}, //鵺
{0x9d7b, 0xf978}, //鵻
{0x9d7c, 0xf979}, //鵼
{0x9d7d, 0xf97a}, //鵽
{0x9d7e, 0xf97b}, //鵾
{0x9d7f, 0xf97c}, //鵿
{0x9d80, 0xf97d}, //鶀
{0x9d81, 0xf97e}, //鶁
{0x9d82, 0xf980}, //鶂
{0x9d83, 0xf981}, //鶃
{0x9d84, 0xf982}, //鶄
{0x9d85, 0xf983}, //鶅
{0x9d86, 0xf984}, //鶆
{0x9d87, 0xf985}, //鶇
{0x9d88, 0xf986}, //鶈
{0x9d89, 0xf987}, //鶉
{0x9d8a, 0xf988}, //鶊
{0x9d8b, 0xf989}, //鶋
{0x9d8c, 0xf98a}, //鶌
{0x9d8d, 0xf98b}, //鶍
{0x9d8e, 0xf98c}, //鶎
{0x9d8f, 0xf98d}, //鶏
{0x9d90, 0xf98e}, //鶐
{0x9d91, 0xf98f}, //鶑
{0x9d92, 0xf990}, //鶒
{0x9d93, 0xf991}, //鶓
{0x9d94, 0xf992}, //鶔
{0x9d95, 0xf993}, //鶕
{0x9d96, 0xf994}, //鶖
{0x9d97, 0xf995}, //鶗
{0x9d98, 0xf996}, //鶘
{0x9d99, 0xf997}, //鶙
{0x9d9a, 0xf998}, //鶚
{0x9d9b, 0xf999}, //鶛
{0x9d9c, 0xf99a}, //鶜
{0x9d9d, 0xf99b}, //鶝
{0x9d9e, 0xf99c}, //鶞
{0x9d9f, 0xf99d}, //鶟
{0x9da0, 0xf99e}, //鶠
{0x9da1, 0xf99f}, //鶡
{0x9da2, 0xf9a0}, //鶢
{0x9da3, 0xfa40}, //鶣
{0x9da4, 0xfa41}, //鶤
{0x9da5, 0xfa42}, //鶥
{0x9da6, 0xfa43}, //鶦
{0x9da7, 0xfa44}, //鶧
{0x9da8, 0xfa45}, //鶨
{0x9da9, 0xfa46}, //鶩
{0x9daa, 0xfa47}, //鶪
{0x9dab, 0xfa48}, //鶫
{0x9dac, 0xfa49}, //鶬
{0x9dad, 0xfa4a}, //鶭
{0x9dae, 0xfa4b}, //鶮
{0x9daf, 0xfa4c}, //鶯
{0x9db0, 0xfa4d}, //鶰
{0x9db1, 0xfa4e}, //鶱
{0x9db2, 0xfa4f}, //鶲
{0x9db3, 0xfa50}, //鶳
{0x9db4, 0xfa51}, //鶴
{0x9db5, 0xfa52}, //鶵
{0x9db6, 0xfa53}, //鶶
{0x9db7, 0xfa54}, //鶷
{0x9db8, 0xfa55}, //鶸
{0x9db9, 0xfa56}, //鶹
{0x9dba, 0xfa57}, //鶺
{0x9dbb, 0xfa58}, //鶻
{0x9dbc, 0xfa59}, //鶼
{0x9dbd, 0xfa5a}, //鶽
{0x9dbe, 0xfa5b}, //鶾
{0x9dbf, 0xfa5c}, //鶿
{0x9dc0, 0xfa5d}, //鷀
{0x9dc1, 0xfa5e}, //鷁
{0x9dc2, 0xfa5f}, //鷂
{0x9dc3, 0xfa60}, //鷃
{0x9dc4, 0xfa61}, //鷄
{0x9dc5, 0xfa62}, //鷅
{0x9dc6, 0xfa63}, //鷆
{0x9dc7, 0xfa64}, //鷇
{0x9dc8, 0xfa65}, //鷈
{0x9dc9, 0xfa66}, //鷉
{0x9dca, 0xfa67}, //鷊
{0x9dcb, 0xfa68}, //鷋
{0x9dcc, 0xfa69}, //鷌
{0x9dcd, 0xfa6a}, //鷍
{0x9dce, 0xfa6b}, //鷎
{0x9dcf, 0xfa6c}, //鷏
{0x9dd0, 0xfa6d}, //鷐
{0x9dd1, 0xfa6e}, //鷑
{0x9dd2, 0xfa6f}, //鷒
{0x9dd3, 0xfa70}, //鷓
{0x9dd4, 0xfa71}, //鷔
{0x9dd5, 0xfa72}, //鷕
{0x9dd6, 0xfa73}, //鷖
{0x9dd7, 0xfa74}, //鷗
{0x9dd8, 0xfa75}, //鷘
{0x9dd9, 0xfa76}, //鷙
{0x9dda, 0xfa77}, //鷚
{0x9ddb, 0xfa78}, //鷛
{0x9ddc, 0xfa79}, //鷜
{0x9ddd, 0xfa7a}, //鷝
{0x9dde, 0xfa7b}, //鷞
{0x9ddf, 0xfa7c}, //鷟
{0x9de0, 0xfa7d}, //鷠
{0x9de1, 0xfa7e}, //鷡
{0x9de2, 0xfa80}, //鷢
{0x9de3, 0xfa81}, //鷣
{0x9de4, 0xfa82}, //鷤
{0x9de5, 0xfa83}, //鷥
{0x9de6, 0xfa84}, //鷦
{0x9de7, 0xfa85}, //鷧
{0x9de8, 0xfa86}, //鷨
{0x9de9, 0xfa87}, //鷩
{0x9dea, 0xfa88}, //鷪
{0x9deb, 0xfa89}, //鷫
{0x9dec, 0xfa8a}, //鷬
{0x9ded, 0xfa8b}, //鷭
{0x9dee, 0xfa8c}, //鷮
{0x9def, 0xfa8d}, //鷯
{0x9df0, 0xfa8e}, //鷰
{0x9df1, 0xfa8f}, //鷱
{0x9df2, 0xfa90}, //鷲
{0x9df3, 0xfa91}, //鷳
{0x9df4, 0xfa92}, //鷴
{0x9df5, 0xfa93}, //鷵
{0x9df6, 0xfa94}, //鷶
{0x9df7, 0xfa95}, //鷷
{0x9df8, 0xfa96}, //鷸
{0x9df9, 0xfa97}, //鷹
{0x9dfa, 0xfa98}, //鷺
{0x9dfb, 0xfa99}, //鷻
{0x9dfc, 0xfa9a}, //鷼
{0x9dfd, 0xfa9b}, //鷽
{0x9dfe, 0xfa9c}, //鷾
{0x9dff, 0xfa9d}, //鷿
{0x9e00, 0xfa9e}, //鸀
{0x9e01, 0xfa9f}, //鸁
{0x9e02, 0xfaa0}, //鸂
{0x9e03, 0xfb40}, //鸃
{0x9e04, 0xfb41}, //鸄
{0x9e05, 0xfb42}, //鸅
{0x9e06, 0xfb43}, //鸆
{0x9e07, 0xfb44}, //鸇
{0x9e08, 0xfb45}, //鸈
{0x9e09, 0xfb46}, //鸉
{0x9e0a, 0xfb47}, //鸊
{0x9e0b, 0xfb48}, //鸋
{0x9e0c, 0xfb49}, //鸌
{0x9e0d, 0xfb4a}, //鸍
{0x9e0e, 0xfb4b}, //鸎
{0x9e0f, 0xfb4c}, //鸏
{0x9e10, 0xfb4d}, //鸐
{0x9e11, 0xfb4e}, //鸑
{0x9e12, 0xfb4f}, //鸒
{0x9e13, 0xfb50}, //鸓
{0x9e14, 0xfb51}, //鸔
{0x9e15, 0xfb52}, //鸕
{0x9e16, 0xfb53}, //鸖
{0x9e17, 0xfb54}, //鸗
{0x9e18, 0xfb55}, //鸘
{0x9e19, 0xfb56}, //鸙
{0x9e1a, 0xfb57}, //鸚
{0x9e1b, 0xfb58}, //鸛
{0x9e1c, 0xfb59}, //鸜
{0x9e1d, 0xfb5a}, //鸝
{0x9e1e, 0xfb5b}, //鸞
{0x9e1f, 0xc4f1}, //鸟
{0x9e20, 0xf0af}, //鸠
{0x9e21, 0xbca6}, //鸡
{0x9e22, 0xf0b0}, //鸢
{0x9e23, 0xc3f9}, //鸣
{0x9e24, 0xfb5c}, //鸤
{0x9e25, 0xc5b8}, //鸥
{0x9e26, 0xd1bb}, //鸦
{0x9e27, 0xfb5d}, //鸧
{0x9e28, 0xf0b1}, //鸨
{0x9e29, 0xf0b2}, //鸩
{0x9e2a, 0xf0b3}, //鸪
{0x9e2b, 0xf0b4}, //鸫
{0x9e2c, 0xf0b5}, //鸬
{0x9e2d, 0xd1bc}, //鸭
{0x9e2e, 0xfb5e}, //鸮
{0x9e2f, 0xd1ec}, //鸯
{0x9e30, 0xfb5f}, //鸰
{0x9e31, 0xf0b7}, //鸱
{0x9e32, 0xf0b6}, //鸲
{0x9e33, 0xd4a7}, //鸳
{0x9e34, 0xfb60}, //鸴
{0x9e35, 0xcdd2}, //鸵
{0x9e36, 0xf0b8}, //鸶
{0x9e37, 0xf0ba}, //鸷
{0x9e38, 0xf0b9}, //鸸
{0x9e39, 0xf0bb}, //鸹
{0x9e3a, 0xf0bc}, //鸺
{0x9e3b, 0xfb61}, //鸻
{0x9e3c, 0xfb62}, //鸼
{0x9e3d, 0xb8eb}, //鸽
{0x9e3e, 0xf0bd}, //鸾
{0x9e3f, 0xbae8}, //鸿
{0x9e40, 0xfb63}, //鹀
{0x9e41, 0xf0be}, //鹁
{0x9e42, 0xf0bf}, //鹂
{0x9e43, 0xbee9}, //鹃
{0x9e44, 0xf0c0}, //鹄
{0x9e45, 0xb6ec}, //鹅
{0x9e46, 0xf0c1}, //鹆
{0x9e47, 0xf0c2}, //鹇
{0x9e48, 0xf0c3}, //鹈
{0x9e49, 0xf0c4}, //鹉
{0x9e4a, 0xc8b5}, //鹊
{0x9e4b, 0xf0c5}, //鹋
{0x9e4c, 0xf0c6}, //鹌
{0x9e4d, 0xfb64}, //鹍
{0x9e4e, 0xf0c7}, //鹎
{0x9e4f, 0xc5f4}, //鹏
{0x9e50, 0xfb65}, //鹐
{0x9e51, 0xf0c8}, //鹑
{0x9e52, 0xfb66}, //鹒
{0x9e53, 0xfb67}, //鹓
{0x9e54, 0xfb68}, //鹔
{0x9e55, 0xf0c9}, //鹕
{0x9e56, 0xfb69}, //鹖
{0x9e57, 0xf0ca}, //鹗
{0x9e58, 0xf7bd}, //鹘
{0x9e59, 0xfb6a}, //鹙
{0x9e5a, 0xf0cb}, //鹚
{0x9e5b, 0xf0cc}, //鹛
{0x9e5c, 0xf0cd}, //鹜
{0x9e5d, 0xfb6b}, //鹝
{0x9e5e, 0xf0ce}, //鹞
{0x9e5f, 0xfb6c}, //鹟
{0x9e60, 0xfb6d}, //鹠
{0x9e61, 0xfb6e}, //鹡
{0x9e62, 0xfb6f}, //鹢
{0x9e63, 0xf0cf}, //鹣
{0x9e64, 0xbad7}, //鹤
{0x9e65, 0xfb70}, //鹥
{0x9e66, 0xf0d0}, //鹦
{0x9e67, 0xf0d1}, //鹧
{0x9e68, 0xf0d2}, //鹨
{0x9e69, 0xf0d3}, //鹩
{0x9e6a, 0xf0d4}, //鹪
{0x9e6b, 0xf0d5}, //鹫
{0x9e6c, 0xf0d6}, //鹬
{0x9e6d, 0xf0d8}, //鹭
{0x9e6e, 0xfb71}, //鹮
{0x9e6f, 0xfb72}, //鹯
{0x9e70, 0xd3a5}, //鹰
{0x9e71, 0xf0d7}, //鹱
{0x9e72, 0xfb73}, //鹲
{0x9e73, 0xf0d9}, //鹳
{0x9e74, 0xfb74}, //鹴
{0x9e75, 0xfb75}, //鹵
{0x9e76, 0xfb76}, //鹶
{0x9e77, 0xfb77}, //鹷
{0x9e78, 0xfb78}, //鹸
{0x9e79, 0xfb79}, //鹹
{0x9e7a, 0xfb7a}, //鹺
{0x9e7b, 0xfb7b}, //鹻
{0x9e7c, 0xfb7c}, //鹼
{0x9e7d, 0xfb7d}, //鹽
{0x9e7e, 0xf5ba}, //鹾
{0x9e7f, 0xc2b9}, //鹿
{0x9e80, 0xfb7e}, //麀
{0x9e81, 0xfb80}, //麁
{0x9e82, 0xf7e4}, //麂
{0x9e83, 0xfb81}, //麃
{0x9e84, 0xfb82}, //麄
{0x9e85, 0xfb83}, //麅
{0x9e86, 0xfb84}, //麆
{0x9e87, 0xf7e5}, //麇
{0x9e88, 0xf7e6}, //麈
{0x9e89, 0xfb85}, //麉
{0x9e8a, 0xfb86}, //麊
{0x9e8b, 0xf7e7}, //麋
{0x9e8c, 0xfb87}, //麌
{0x9e8d, 0xfb88}, //麍
{0x9e8e, 0xfb89}, //麎
{0x9e8f, 0xfb8a}, //麏
{0x9e90, 0xfb8b}, //麐
{0x9e91, 0xfb8c}, //麑
{0x9e92, 0xf7e8}, //麒
{0x9e93, 0xc2b4}, //麓
{0x9e94, 0xfb8d}, //麔
{0x9e95, 0xfb8e}, //麕
{0x9e96, 0xfb8f}, //麖
{0x9e97, 0xfb90}, //麗
{0x9e98, 0xfb91}, //麘
{0x9e99, 0xfb92}, //麙
{0x9e9a, 0xfb93}, //麚
{0x9e9b, 0xfb94}, //麛
{0x9e9c, 0xfb95}, //麜
{0x9e9d, 0xf7ea}, //麝
{0x9e9e, 0xfb96}, //麞
{0x9e9f, 0xf7eb}, //麟
{0x9ea0, 0xfb97}, //麠
{0x9ea1, 0xfb98}, //麡
{0x9ea2, 0xfb99}, //麢
{0x9ea3, 0xfb9a}, //麣
{0x9ea4, 0xfb9b}, //麤
{0x9ea5, 0xfb9c}, //麥
{0x9ea6, 0xc2f3}, //麦
{0x9ea7, 0xfb9d}, //麧
{0x9ea8, 0xfb9e}, //麨
{0x9ea9, 0xfb9f}, //麩
{0x9eaa, 0xfba0}, //麪
{0x9eab, 0xfc40}, //麫
{0x9eac, 0xfc41}, //麬
{0x9ead, 0xfc42}, //麭
{0x9eae, 0xfc43}, //麮
{0x9eaf, 0xfc44}, //麯
{0x9eb0, 0xfc45}, //麰
{0x9eb1, 0xfc46}, //麱
{0x9eb2, 0xfc47}, //麲
{0x9eb3, 0xfc48}, //麳
{0x9eb4, 0xf4f0}, //麴
{0x9eb5, 0xfc49}, //麵
{0x9eb6, 0xfc4a}, //麶
{0x9eb7, 0xfc4b}, //麷
{0x9eb8, 0xf4ef}, //麸
{0x9eb9, 0xfc4c}, //麹
{0x9eba, 0xfc4d}, //麺
{0x9ebb, 0xc2e9}, //麻
{0x9ebc, 0xfc4e}, //麼
{0x9ebd, 0xf7e1}, //麽
{0x9ebe, 0xf7e2}, //麾
{0x9ebf, 0xfc4f}, //麿
{0x9ec0, 0xfc50}, //黀
{0x9ec1, 0xfc51}, //黁
{0x9ec2, 0xfc52}, //黂
{0x9ec3, 0xfc53}, //黃
{0x9ec4, 0xbbc6}, //黄
{0x9ec5, 0xfc54}, //黅
{0x9ec6, 0xfc55}, //黆
{0x9ec7, 0xfc56}, //黇
{0x9ec8, 0xfc57}, //黈
{0x9ec9, 0xd9e4}, //黉
{0x9eca, 0xfc58}, //黊
{0x9ecb, 0xfc59}, //黋
{0x9ecc, 0xfc5a}, //黌
{0x9ecd, 0xcaf2}, //黍
{0x9ece, 0xc0e8}, //黎
{0x9ecf, 0xf0a4}, //黏
{0x9ed0, 0xfc5b}, //黐
{0x9ed1, 0xbada}, //黑
{0x9ed2, 0xfc5c}, //黒
{0x9ed3, 0xfc5d}, //黓
{0x9ed4, 0xc7ad}, //黔
{0x9ed5, 0xfc5e}, //黕
{0x9ed6, 0xfc5f}, //黖
{0x9ed7, 0xfc60}, //黗
{0x9ed8, 0xc4ac}, //默
{0x9ed9, 0xfc61}, //黙
{0x9eda, 0xfc62}, //黚
{0x9edb, 0xf7ec}, //黛
{0x9edc, 0xf7ed}, //黜
{0x9edd, 0xf7ee}, //黝
{0x9ede, 0xfc63}, //點
{0x9edf, 0xf7f0}, //黟
{0x9ee0, 0xf7ef}, //黠
{0x9ee1, 0xfc64}, //黡
{0x9ee2, 0xf7f1}, //黢
{0x9ee3, 0xfc65}, //黣
{0x9ee4, 0xfc66}, //黤
{0x9ee5, 0xf7f4}, //黥
{0x9ee6, 0xfc67}, //黦
{0x9ee7, 0xf7f3}, //黧
{0x9ee8, 0xfc68}, //黨
{0x9ee9, 0xf7f2}, //黩
{0x9eea, 0xf7f5}, //黪
{0x9eeb, 0xfc69}, //黫
{0x9eec, 0xfc6a}, //黬
{0x9eed, 0xfc6b}, //黭
{0x9eee, 0xfc6c}, //黮
{0x9eef, 0xf7f6}, //黯
{0x9ef0, 0xfc6d}, //黰
{0x9ef1, 0xfc6e}, //黱
{0x9ef2, 0xfc6f}, //黲
{0x9ef3, 0xfc70}, //黳
{0x9ef4, 0xfc71}, //黴
{0x9ef5, 0xfc72}, //黵
{0x9ef6, 0xfc73}, //黶
{0x9ef7, 0xfc74}, //黷
{0x9ef8, 0xfc75}, //黸
{0x9ef9, 0xede9}, //黹
{0x9efa, 0xfc76}, //黺
{0x9efb, 0xedea}, //黻
{0x9efc, 0xedeb}, //黼
{0x9efd, 0xfc77}, //黽
{0x9efe, 0xf6bc}, //黾
{0x9eff, 0xfc78}, //黿
{0x9f00, 0xfc79}, //鼀
{0x9f01, 0xfc7a}, //鼁
{0x9f02, 0xfc7b}, //鼂
{0x9f03, 0xfc7c}, //鼃
{0x9f04, 0xfc7d}, //鼄
{0x9f05, 0xfc7e}, //鼅
{0x9f06, 0xfc80}, //鼆
{0x9f07, 0xfc81}, //鼇
{0x9f08, 0xfc82}, //鼈
{0x9f09, 0xfc83}, //鼉
{0x9f0a, 0xfc84}, //鼊
{0x9f0b, 0xf6bd}, //鼋
{0x9f0c, 0xfc85}, //鼌
{0x9f0d, 0xf6be}, //鼍
{0x9f0e, 0xb6a6}, //鼎
{0x9f0f, 0xfc86}, //鼏
{0x9f10, 0xd8be}, //鼐
{0x9f11, 0xfc87}, //鼑
{0x9f12, 0xfc88}, //鼒
{0x9f13, 0xb9c4}, //鼓
{0x9f14, 0xfc89}, //鼔
{0x9f15, 0xfc8a}, //鼕
{0x9f16, 0xfc8b}, //鼖
{0x9f17, 0xd8bb}, //鼗
{0x9f18, 0xfc8c}, //鼘
{0x9f19, 0xdcb1}, //鼙
{0x9f1a, 0xfc8d}, //鼚
{0x9f1b, 0xfc8e}, //鼛
{0x9f1c, 0xfc8f}, //鼜
{0x9f1d, 0xfc90}, //鼝
{0x9f1e, 0xfc91}, //鼞
{0x9f1f, 0xfc92}, //鼟
{0x9f20, 0xcaf3}, //鼠
{0x9f21, 0xfc93}, //鼡
{0x9f22, 0xf7f7}, //鼢
{0x9f23, 0xfc94}, //鼣
{0x9f24, 0xfc95}, //鼤
{0x9f25, 0xfc96}, //鼥
{0x9f26, 0xfc97}, //鼦
{0x9f27, 0xfc98}, //鼧
{0x9f28, 0xfc99}, //鼨
{0x9f29, 0xfc9a}, //鼩
{0x9f2a, 0xfc9b}, //鼪
{0x9f2b, 0xfc9c}, //鼫
{0x9f2c, 0xf7f8}, //鼬
{0x9f2d, 0xfc9d}, //鼭
{0x9f2e, 0xfc9e}, //鼮
{0x9f2f, 0xf7f9}, //鼯
{0x9f30, 0xfc9f}, //鼰
{0x9f31, 0xfca0}, //鼱
{0x9f32, 0xfd40}, //鼲
{0x9f33, 0xfd41}, //鼳
{0x9f34, 0xfd42}, //鼴
{0x9f35, 0xfd43}, //鼵
{0x9f36, 0xfd44}, //鼶
{0x9f37, 0xf7fb}, //鼷
{0x9f38, 0xfd45}, //鼸
{0x9f39, 0xf7fa}, //鼹
{0x9f3a, 0xfd46}, //鼺
{0x9f3b, 0xb1c7}, //鼻
{0x9f3c, 0xfd47}, //鼼
{0x9f3d, 0xf7fc}, //鼽
{0x9f3e, 0xf7fd}, //鼾
{0x9f3f, 0xfd48}, //鼿
{0x9f40, 0xfd49}, //齀
{0x9f41, 0xfd4a}, //齁
{0x9f42, 0xfd4b}, //齂
{0x9f43, 0xfd4c}, //齃
{0x9f44, 0xf7fe}, //齄
{0x9f45, 0xfd4d}, //齅
{0x9f46, 0xfd4e}, //齆
{0x9f47, 0xfd4f}, //齇
{0x9f48, 0xfd50}, //齈
{0x9f49, 0xfd51}, //齉
{0x9f4a, 0xfd52}, //齊
{0x9f4b, 0xfd53}, //齋
{0x9f4c, 0xfd54}, //齌
{0x9f4d, 0xfd55}, //齍
{0x9f4e, 0xfd56}, //齎
{0x9f4f, 0xfd57}, //齏
{0x9f50, 0xc6eb}, //齐
{0x9f51, 0xecb4}, //齑
{0x9f52, 0xfd58}, //齒
{0x9f53, 0xfd59}, //齓
{0x9f54, 0xfd5a}, //齔
{0x9f55, 0xfd5b}, //齕
{0x9f56, 0xfd5c}, //齖
{0x9f57, 0xfd5d}, //齗
{0x9f58, 0xfd5e}, //齘
{0x9f59, 0xfd5f}, //齙
{0x9f5a, 0xfd60}, //齚
{0x9f5b, 0xfd61}, //齛
{0x9f5c, 0xfd62}, //齜
{0x9f5d, 0xfd63}, //齝
{0x9f5e, 0xfd64}, //齞
{0x9f5f, 0xfd65}, //齟
{0x9f60, 0xfd66}, //齠
{0x9f61, 0xfd67}, //齡
{0x9f62, 0xfd68}, //齢
{0x9f63, 0xfd69}, //齣
{0x9f64, 0xfd6a}, //齤
{0x9f65, 0xfd6b}, //齥
{0x9f66, 0xfd6c}, //齦
{0x9f67, 0xfd6d}, //齧
{0x9f68, 0xfd6e}, //齨
{0x9f69, 0xfd6f}, //齩
{0x9f6a, 0xfd70}, //齪
{0x9f6b, 0xfd71}, //齫
{0x9f6c, 0xfd72}, //齬
{0x9f6d, 0xfd73}, //齭
{0x9f6e, 0xfd74}, //齮
{0x9f6f, 0xfd75}, //齯
{0x9f70, 0xfd76}, //齰
{0x9f71, 0xfd77}, //齱
{0x9f72, 0xfd78}, //齲
{0x9f73, 0xfd79}, //齳
{0x9f74, 0xfd7a}, //齴
{0x9f75, 0xfd7b}, //齵
{0x9f76, 0xfd7c}, //齶
{0x9f77, 0xfd7d}, //齷
{0x9f78, 0xfd7e}, //齸
{0x9f79, 0xfd80}, //齹
{0x9f7a, 0xfd81}, //齺
{0x9f7b, 0xfd82}, //齻
{0x9f7c, 0xfd83}, //齼
{0x9f7d, 0xfd84}, //齽
{0x9f7e, 0xfd85}, //齾
{0x9f7f, 0xb3dd}, //齿
{0x9f80, 0xf6b3}, //龀
{0x9f81, 0xfd86}, //龁
{0x9f82, 0xfd87}, //龂
{0x9f83, 0xf6b4}, //龃
{0x9f84, 0xc1e4}, //龄
{0x9f85, 0xf6b5}, //龅
{0x9f86, 0xf6b6}, //龆
{0x9f87, 0xf6b7}, //龇
{0x9f88, 0xf6b8}, //龈
{0x9f89, 0xf6b9}, //龉
{0x9f8a, 0xf6ba}, //龊
{0x9f8b, 0xc8a3}, //龋
{0x9f8c, 0xf6bb}, //龌
{0x9f8d, 0xfd88}, //龍
{0x9f8e, 0xfd89}, //龎
{0x9f8f, 0xfd8a}, //龏
{0x9f90, 0xfd8b}, //龐
{0x9f91, 0xfd8c}, //龑
{0x9f92, 0xfd8d}, //龒
{0x9f93, 0xfd8e}, //龓
{0x9f94, 0xfd8f}, //龔
{0x9f95, 0xfd90}, //龕
{0x9f96, 0xfd91}, //龖
{0x9f97, 0xfd92}, //龗
{0x9f98, 0xfd93}, //龘
{0x9f99, 0xc1fa}, //龙
{0x9f9a, 0xb9a8}, //龚
{0x9f9b, 0xede8}, //龛
{0x9f9c, 0xfd94}, //龜
{0x9f9d, 0xfd95}, //龝
{0x9f9e, 0xfd96}, //龞
{0x9f9f, 0xb9ea}, //龟
{0x9fa0, 0xd9df}, //龠
{0x9fa1, 0xfd97}, //龡
{0x9fa2, 0xfd98}, //龢
{0x9fa3, 0xfd99}, //龣
{0x9fa4, 0xfd9a}, //龤
{0x9fa5, 0xfd9b}, //龥
{0xf92c, 0xfd9c}, //郎
{0xf979, 0xfd9d}, //凉
{0xf995, 0xfd9e}, //秊
{0xf9e7, 0xfd9f}, //裏
{0xf9f1, 0xfda0}, //隣
{0xfa0c, 0xfe40}, //兀
{0xfa0d, 0xfe41}, //嗀
{0xfa0e, 0xfe42}, //﨎
{0xfa0f, 0xfe43}, //﨏
{0xfa11, 0xfe44}, //﨑
{0xfa13, 0xfe45}, //﨓
{0xfa14, 0xfe46}, //﨔
{0xfa18, 0xfe47}, //礼
{0xfa1f, 0xfe48}, //﨟
{0xfa20, 0xfe49}, //蘒
{0xfa21, 0xfe4a}, //﨡
{0xfa23, 0xfe4b}, //﨣
{0xfa24, 0xfe4c}, //﨤
{0xfa27, 0xfe4d}, //﨧
{0xfa28, 0xfe4e}, //﨨
{0xfa29, 0xfe4f}, //﨩
{0xfe30, 0xa955}, //︰
{0xfe31, 0xa6f2}, //︱
{0xfe33, 0xa6f4}, //︳
{0xfe34, 0xa6f5}, //︴
{0xfe35, 0xa6e0}, //︵
{0xfe36, 0xa6e1}, //︶
{0xfe37, 0xa6f0}, //︷
{0xfe38, 0xa6f1}, //︸
{0xfe39, 0xa6e2}, //︹
{0xfe3a, 0xa6e3}, //︺
{0xfe3b, 0xa6ee}, //︻
{0xfe3c, 0xa6ef}, //︼
{0xfe3d, 0xa6e6}, //︽
{0xfe3e, 0xa6e7}, //︾
{0xfe3f, 0xa6e4}, //︿
{0xfe40, 0xa6e5}, //﹀
{0xfe41, 0xa6e8}, //﹁
{0xfe42, 0xa6e9}, //﹂
{0xfe43, 0xa6ea}, //﹃
{0xfe44, 0xa6eb}, //﹄
{0xfe49, 0xa968}, //﹉
{0xfe4a, 0xa969}, //﹊
{0xfe4b, 0xa96a}, //﹋
{0xfe4c, 0xa96b}, //﹌
{0xfe4d, 0xa96c}, //﹍
{0xfe4e, 0xa96d}, //﹎
{0xfe4f, 0xa96e}, //﹏
{0xfe50, 0xa96f}, //﹐
{0xfe51, 0xa970}, //﹑
{0xfe52, 0xa971}, //﹒
{0xfe54, 0xa972}, //﹔
{0xfe55, 0xa973}, //﹕
{0xfe56, 0xa974}, //﹖
{0xfe57, 0xa975}, //﹗
{0xfe59, 0xa976}, //﹙
{0xfe5a, 0xa977}, //﹚
{0xfe5b, 0xa978}, //﹛
{0xfe5c, 0xa979}, //﹜
{0xfe5d, 0xa97a}, //﹝
{0xfe5e, 0xa97b}, //﹞
{0xfe5f, 0xa97c}, //﹟
{0xfe60, 0xa97d}, //﹠
{0xfe61, 0xa97e}, //﹡
{0xfe62, 0xa980}, //﹢
{0xfe63, 0xa981}, //﹣
{0xfe64, 0xa982}, //﹤
{0xfe65, 0xa983}, //﹥
{0xfe66, 0xa984}, //﹦
{0xfe68, 0xa985}, //﹨
{0xfe69, 0xa986}, //﹩
{0xfe6a, 0xa987}, //﹪
{0xfe6b, 0xa988}, //﹫
{0xff01, 0xa3a1}, //！
{0xff02, 0xa3a2}, //＂
{0xff03, 0xa3a3}, //＃
{0xff04, 0xa1e7}, //＄
{0xff05, 0xa3a5}, //％
{0xff06, 0xa3a6}, //＆
{0xff07, 0xa3a7}, //＇
{0xff08, 0xa3a8}, //（
{0xff09, 0xa3a9}, //）
{0xff0a, 0xa3aa}, //＊
{0xff0b, 0xa3ab}, //＋
{0xff0c, 0xa3ac}, //，
{0xff0d, 0xa3ad}, //－
{0xff0e, 0xa3ae}, //．
{0xff0f, 0xa3af}, //／
{0xff10, 0xa3b0}, //０
{0xff11, 0xa3b1}, //１
{0xff12, 0xa3b2}, //２
{0xff13, 0xa3b3}, //３
{0xff14, 0xa3b4}, //４
{0xff15, 0xa3b5}, //５
{0xff16, 0xa3b6}, //６
{0xff17, 0xa3b7}, //７
{0xff18, 0xa3b8}, //８
{0xff19, 0xa3b9}, //９
{0xff1a, 0xa3ba}, //：
{0xff1b, 0xa3bb}, //；
{0xff1c, 0xa3bc}, //＜
{0xff1d, 0xa3bd}, //＝
{0xff1e, 0xa3be}, //＞
{0xff1f, 0xa3bf}, //？
{0xff20, 0xa3c0}, //＠
{0xff21, 0xa3c1}, //Ａ
{0xff22, 0xa3c2}, //Ｂ
{0xff23, 0xa3c3}, //Ｃ
{0xff24, 0xa3c4}, //Ｄ
{0xff25, 0xa3c5}, //Ｅ
{0xff26, 0xa3c6}, //Ｆ
{0xff27, 0xa3c7}, //Ｇ
{0xff28, 0xa3c8}, //Ｈ
{0xff29, 0xa3c9}, //Ｉ
{0xff2a, 0xa3ca}, //Ｊ
{0xff2b, 0xa3cb}, //Ｋ
{0xff2c, 0xa3cc}, //Ｌ
{0xff2d, 0xa3cd}, //Ｍ
{0xff2e, 0xa3ce}, //Ｎ
{0xff2f, 0xa3cf}, //Ｏ
{0xff30, 0xa3d0}, //Ｐ
{0xff31, 0xa3d1}, //Ｑ
{0xff32, 0xa3d2}, //Ｒ
{0xff33, 0xa3d3}, //Ｓ
{0xff34, 0xa3d4}, //Ｔ
{0xff35, 0xa3d5}, //Ｕ
{0xff36, 0xa3d6}, //Ｖ
{0xff37, 0xa3d7}, //Ｗ
{0xff38, 0xa3d8}, //Ｘ
{0xff39, 0xa3d9}, //Ｙ
{0xff3a, 0xa3da}, //Ｚ
{0xff3b, 0xa3db}, //［
{0xff3c, 0xa3dc}, //＼
{0xff3d, 0xa3dd}, //］
{0xff3e, 0xa3de}, //＾
{0xff3f, 0xa3df}, //＿
{0xff40, 0xa3e0}, //｀
{0xff41, 0xa3e1}, //ａ
{0xff42, 0xa3e2}, //ｂ
{0xff43, 0xa3e3}, //ｃ
{0xff44, 0xa3e4}, //ｄ
{0xff45, 0xa3e5}, //ｅ
{0xff46, 0xa3e6}, //ｆ
{0xff47, 0xa3e7}, //ｇ
{0xff48, 0xa3e8}, //ｈ
{0xff49, 0xa3e9}, //ｉ
{0xff4a, 0xa3ea}, //ｊ
{0xff4b, 0xa3eb}, //ｋ
{0xff4c, 0xa3ec}, //ｌ
{0xff4d, 0xa3ed}, //ｍ
{0xff4e, 0xa3ee}, //ｎ
{0xff4f, 0xa3ef}, //ｏ
{0xff50, 0xa3f0}, //ｐ
{0xff51, 0xa3f1}, //ｑ
{0xff52, 0xa3f2}, //ｒ
{0xff53, 0xa3f3}, //ｓ
{0xff54, 0xa3f4}, //ｔ
{0xff55, 0xa3f5}, //ｕ
{0xff56, 0xa3f6}, //ｖ
{0xff57, 0xa3f7}, //ｗ
{0xff58, 0xa3f8}, //ｘ
{0xff59, 0xa3f9}, //ｙ
{0xff5a, 0xa3fa}, //ｚ
{0xff5b, 0xa3fb}, //｛
{0xff5c, 0xa3fc}, //｜
{0xff5d, 0xa3fd}, //｝
{0xff5e, 0xa1ab}, //～
{0xffe0, 0xa1e9}, //￠
{0xffe1, 0xa1ea}, //￡
{0xffe2, 0xa956}, //￢
{0xffe3, 0xa3fe}, //￣
{0xffe4, 0xa957}, //￤
{0xffe5, 0xa3a4}, //￥
};
