const uint16_t unicode_to_gb2312[7445][2] = {
{0x00a4, 0xa1e8}, //¤
{0x00a7, 0xa1ec}, //§
{0x00a8, 0xa1a7}, //¨
{0x00b0, 0xa1e3}, //°
{0x00b1, 0xa1c0}, //±
{0x00d7, 0xa1c1}, //×
{0x00e0, 0xa8a4}, //à
{0x00e1, 0xa8a2}, //á
{0x00e8, 0xa8a8}, //è
{0x00e9, 0xa8a6}, //é
{0x00ea, 0xa8ba}, //ê
{0x00ec, 0xa8ac}, //ì
{0x00ed, 0xa8aa}, //í
{0x00f2, 0xa8b0}, //ò
{0x00f3, 0xa8ae}, //ó
{0x00f7, 0xa1c2}, //÷
{0x00f9, 0xa8b4}, //ù
{0x00fa, 0xa8b2}, //ú
{0x00fc, 0xa8b9}, //ü
{0x0101, 0xa8a1}, //ā
{0x0113, 0xa8a5}, //ē
{0x011b, 0xa8a7}, //ě
{0x012b, 0xa8a9}, //ī
{0x014d, 0xa8ad}, //ō
{0x016b, 0xa8b1}, //ū
{0x01ce, 0xa8a3}, //ǎ
{0x01d0, 0xa8ab}, //ǐ
{0x01d2, 0xa8af}, //ǒ
{0x01d4, 0xa8b3}, //ǔ
{0x01d6, 0xa8b5}, //ǖ
{0x01d8, 0xa8b6}, //ǘ
{0x01da, 0xa8b7}, //ǚ
{0x01dc, 0xa8b8}, //ǜ
{0x02c7, 0xa1a6}, //ˇ
{0x02c9, 0xa1a5}, //ˉ
{0x0391, 0xa6a1}, //Α
{0x0392, 0xa6a2}, //Β
{0x0393, 0xa6a3}, //Γ
{0x0394, 0xa6a4}, //Δ
{0x0395, 0xa6a5}, //Ε
{0x0396, 0xa6a6}, //Ζ
{0x0397, 0xa6a7}, //Η
{0x0398, 0xa6a8}, //Θ
{0x0399, 0xa6a9}, //Ι
{0x039a, 0xa6aa}, //Κ
{0x039b, 0xa6ab}, //Λ
{0x039c, 0xa6ac}, //Μ
{0x039d, 0xa6ad}, //Ν
{0x039e, 0xa6ae}, //Ξ
{0x039f, 0xa6af}, //Ο
{0x03a0, 0xa6b0}, //Π
{0x03a1, 0xa6b1}, //Ρ
{0x03a3, 0xa6b2}, //Σ
{0x03a4, 0xa6b3}, //Τ
{0x03a5, 0xa6b4}, //Υ
{0x03a6, 0xa6b5}, //Φ
{0x03a7, 0xa6b6}, //Χ
{0x03a8, 0xa6b7}, //Ψ
{0x03a9, 0xa6b8}, //Ω
{0x03b1, 0xa6c1}, //α
{0x03b2, 0xa6c2}, //β
{0x03b3, 0xa6c3}, //γ
{0x03b4, 0xa6c4}, //δ
{0x03b5, 0xa6c5}, //ε
{0x03b6, 0xa6c6}, //ζ
{0x03b7, 0xa6c7}, //η
{0x03b8, 0xa6c8}, //θ
{0x03b9, 0xa6c9}, //ι
{0x03ba, 0xa6ca}, //κ
{0x03bb, 0xa6cb}, //λ
{0x03bc, 0xa6cc}, //μ
{0x03bd, 0xa6cd}, //ν
{0x03be, 0xa6ce}, //ξ
{0x03bf, 0xa6cf}, //ο
{0x03c0, 0xa6d0}, //π
{0x03c1, 0xa6d1}, //ρ
{0x03c3, 0xa6d2}, //σ
{0x03c4, 0xa6d3}, //τ
{0x03c5, 0xa6d4}, //υ
{0x03c6, 0xa6d5}, //φ
{0x03c7, 0xa6d6}, //χ
{0x03c8, 0xa6d7}, //ψ
{0x03c9, 0xa6d8}, //ω
{0x0401, 0xa7a7}, //Ё
{0x0410, 0xa7a1}, //А
{0x0411, 0xa7a2}, //Б
{0x0412, 0xa7a3}, //В
{0x0413, 0xa7a4}, //Г
{0x0414, 0xa7a5}, //Д
{0x0415, 0xa7a6}, //Е
{0x0416, 0xa7a8}, //Ж
{0x0417, 0xa7a9}, //З
{0x0418, 0xa7aa}, //И
{0x0419, 0xa7ab}, //Й
{0x041a, 0xa7ac}, //К
{0x041b, 0xa7ad}, //Л
{0x041c, 0xa7ae}, //М
{0x041d, 0xa7af}, //Н
{0x041e, 0xa7b0}, //О
{0x041f, 0xa7b1}, //П
{0x0420, 0xa7b2}, //Р
{0x0421, 0xa7b3}, //С
{0x0422, 0xa7b4}, //Т
{0x0423, 0xa7b5}, //У
{0x0424, 0xa7b6}, //Ф
{0x0425, 0xa7b7}, //Х
{0x0426, 0xa7b8}, //Ц
{0x0427, 0xa7b9}, //Ч
{0x0428, 0xa7ba}, //Ш
{0x0429, 0xa7bb}, //Щ
{0x042a, 0xa7bc}, //Ъ
{0x042b, 0xa7bd}, //Ы
{0x042c, 0xa7be}, //Ь
{0x042d, 0xa7bf}, //Э
{0x042e, 0xa7c0}, //Ю
{0x042f, 0xa7c1}, //Я
{0x0430, 0xa7d1}, //а
{0x0431, 0xa7d2}, //б
{0x0432, 0xa7d3}, //в
{0x0433, 0xa7d4}, //г
{0x0434, 0xa7d5}, //д
{0x0435, 0xa7d6}, //е
{0x0436, 0xa7d8}, //ж
{0x0437, 0xa7d9}, //з
{0x0438, 0xa7da}, //и
{0x0439, 0xa7db}, //й
{0x043a, 0xa7dc}, //к
{0x043b, 0xa7dd}, //л
{0x043c, 0xa7de}, //м
{0x043d, 0xa7df}, //н
{0x043e, 0xa7e0}, //о
{0x043f, 0xa7e1}, //п
{0x0440, 0xa7e2}, //р
{0x0441, 0xa7e3}, //с
{0x0442, 0xa7e4}, //т
{0x0443, 0xa7e5}, //у
{0x0444, 0xa7e6}, //ф
{0x0445, 0xa7e7}, //х
{0x0446, 0xa7e8}, //ц
{0x0447, 0xa7e9}, //ч
{0x0448, 0xa7ea}, //ш
{0x0449, 0xa7eb}, //щ
{0x044a, 0xa7ec}, //ъ
{0x044b, 0xa7ed}, //ы
{0x044c, 0xa7ee}, //ь
{0x044d, 0xa7ef}, //э
{0x044e, 0xa7f0}, //ю
{0x044f, 0xa7f1}, //я
{0x0451, 0xa7d7}, //ё
{0x2015, 0xa1aa}, //―
{0x2016, 0xa1ac}, //‖
{0x2018, 0xa1ae}, //‘
{0x2019, 0xa1af}, //’
{0x201c, 0xa1b0}, //“
{0x201d, 0xa1b1}, //”
{0x2026, 0xa1ad}, //…
{0x2030, 0xa1eb}, //‰
{0x2032, 0xa1e4}, //′
{0x2033, 0xa1e5}, //″
{0x203b, 0xa1f9}, //※
{0x2103, 0xa1e6}, //℃
{0x2116, 0xa1ed}, //№
{0x2160, 0xa2f1}, //Ⅰ
{0x2161, 0xa2f2}, //Ⅱ
{0x2162, 0xa2f3}, //Ⅲ
{0x2163, 0xa2f4}, //Ⅳ
{0x2164, 0xa2f5}, //Ⅴ
{0x2165, 0xa2f6}, //Ⅵ
{0x2166, 0xa2f7}, //Ⅶ
{0x2167, 0xa2f8}, //Ⅷ
{0x2168, 0xa2f9}, //Ⅸ
{0x2169, 0xa2fa}, //Ⅹ
{0x216a, 0xa2fb}, //Ⅺ
{0x216b, 0xa2fc}, //Ⅻ
{0x2190, 0xa1fb}, //←
{0x2191, 0xa1fc}, //↑
{0x2192, 0xa1fa}, //→
{0x2193, 0xa1fd}, //↓
{0x2208, 0xa1ca}, //∈
{0x220f, 0xa1c7}, //∏
{0x2211, 0xa1c6}, //∑
{0x221a, 0xa1cc}, //√
{0x221d, 0xa1d8}, //∝
{0x221e, 0xa1de}, //∞
{0x2220, 0xa1cf}, //∠
{0x2225, 0xa1ce}, //∥
{0x2227, 0xa1c4}, //∧
{0x2228, 0xa1c5}, //∨
{0x2229, 0xa1c9}, //∩
{0x222a, 0xa1c8}, //∪
{0x222b, 0xa1d2}, //∫
{0x222e, 0xa1d3}, //∮
{0x2234, 0xa1e0}, //∴
{0x2235, 0xa1df}, //∵
{0x2236, 0xa1c3}, //∶
{0x2237, 0xa1cb}, //∷
{0x223d, 0xa1d7}, //∽
{0x2248, 0xa1d6}, //≈
{0x224c, 0xa1d5}, //≌
{0x2260, 0xa1d9}, //≠
{0x2261, 0xa1d4}, //≡
{0x2264, 0xa1dc}, //≤
{0x2265, 0xa1dd}, //≥
{0x226e, 0xa1da}, //≮
{0x226f, 0xa1db}, //≯
{0x2299, 0xa1d1}, //⊙
{0x22a5, 0xa1cd}, //⊥
{0x2312, 0xa1d0}, //⌒
{0x2460, 0xa2d9}, //①
{0x2461, 0xa2da}, //②
{0x2462, 0xa2db}, //③
{0x2463, 0xa2dc}, //④
{0x2464, 0xa2dd}, //⑤
{0x2465, 0xa2de}, //⑥
{0x2466, 0xa2df}, //⑦
{0x2467, 0xa2e0}, //⑧
{0x2468, 0xa2e1}, //⑨
{0x2469, 0xa2e2}, //⑩
{0x2474, 0xa2c5}, //⑴
{0x2475, 0xa2c6}, //⑵
{0x2476, 0xa2c7}, //⑶
{0x2477, 0xa2c8}, //⑷
{0x2478, 0xa2c9}, //⑸
{0x2479, 0xa2ca}, //⑹
{0x247a, 0xa2cb}, //⑺
{0x247b, 0xa2cc}, //⑻
{0x247c, 0xa2cd}, //⑼
{0x247d, 0xa2ce}, //⑽
{0x247e, 0xa2cf}, //⑾
{0x247f, 0xa2d0}, //⑿
{0x2480, 0xa2d1}, //⒀
{0x2481, 0xa2d2}, //⒁
{0x2482, 0xa2d3}, //⒂
{0x2483, 0xa2d4}, //⒃
{0x2484, 0xa2d5}, //⒄
{0x2485, 0xa2d6}, //⒅
{0x2486, 0xa2d7}, //⒆
{0x2487, 0xa2d8}, //⒇
{0x2488, 0xa2b1}, //⒈
{0x2489, 0xa2b2}, //⒉
{0x248a, 0xa2b3}, //⒊
{0x248b, 0xa2b4}, //⒋
{0x248c, 0xa2b5}, //⒌
{0x248d, 0xa2b6}, //⒍
{0x248e, 0xa2b7}, //⒎
{0x248f, 0xa2b8}, //⒏
{0x2490, 0xa2b9}, //⒐
{0x2491, 0xa2ba}, //⒑
{0x2492, 0xa2bb}, //⒒
{0x2493, 0xa2bc}, //⒓
{0x2494, 0xa2bd}, //⒔
{0x2495, 0xa2be}, //⒕
{0x2496, 0xa2bf}, //⒖
{0x2497, 0xa2c0}, //⒗
{0x2498, 0xa2c1}, //⒘
{0x2499, 0xa2c2}, //⒙
{0x249a, 0xa2c3}, //⒚
{0x249b, 0xa2c4}, //⒛
{0x2500, 0xa9a4}, //─
{0x2501, 0xa9a5}, //━
{0x2502, 0xa9a6}, //│
{0x2503, 0xa9a7}, //┃
{0x2504, 0xa9a8}, //┄
{0x2505, 0xa9a9}, //┅
{0x2506, 0xa9aa}, //┆
{0x2507, 0xa9ab}, //┇
{0x2508, 0xa9ac}, //┈
{0x2509, 0xa9ad}, //┉
{0x250a, 0xa9ae}, //┊
{0x250b, 0xa9af}, //┋
{0x250c, 0xa9b0}, //┌
{0x250d, 0xa9b1}, //┍
{0x250e, 0xa9b2}, //┎
{0x250f, 0xa9b3}, //┏
{0x2510, 0xa9b4}, //┐
{0x2511, 0xa9b5}, //┑
{0x2512, 0xa9b6}, //┒
{0x2513, 0xa9b7}, //┓
{0x2514, 0xa9b8}, //└
{0x2515, 0xa9b9}, //┕
{0x2516, 0xa9ba}, //┖
{0x2517, 0xa9bb}, //┗
{0x2518, 0xa9bc}, //┘
{0x2519, 0xa9bd}, //┙
{0x251a, 0xa9be}, //┚
{0x251b, 0xa9bf}, //┛
{0x251c, 0xa9c0}, //├
{0x251d, 0xa9c1}, //┝
{0x251e, 0xa9c2}, //┞
{0x251f, 0xa9c3}, //┟
{0x2520, 0xa9c4}, //┠
{0x2521, 0xa9c5}, //┡
{0x2522, 0xa9c6}, //┢
{0x2523, 0xa9c7}, //┣
{0x2524, 0xa9c8}, //┤
{0x2525, 0xa9c9}, //┥
{0x2526, 0xa9ca}, //┦
{0x2527, 0xa9cb}, //┧
{0x2528, 0xa9cc}, //┨
{0x2529, 0xa9cd}, //┩
{0x252a, 0xa9ce}, //┪
{0x252b, 0xa9cf}, //┫
{0x252c, 0xa9d0}, //┬
{0x252d, 0xa9d1}, //┭
{0x252e, 0xa9d2}, //┮
{0x252f, 0xa9d3}, //┯
{0x2530, 0xa9d4}, //┰
{0x2531, 0xa9d5}, //┱
{0x2532, 0xa9d6}, //┲
{0x2533, 0xa9d7}, //┳
{0x2534, 0xa9d8}, //┴
{0x2535, 0xa9d9}, //┵
{0x2536, 0xa9da}, //┶
{0x2537, 0xa9db}, //┷
{0x2538, 0xa9dc}, //┸
{0x2539, 0xa9dd}, //┹
{0x253a, 0xa9de}, //┺
{0x253b, 0xa9df}, //┻
{0x253c, 0xa9e0}, //┼
{0x253d, 0xa9e1}, //┽
{0x253e, 0xa9e2}, //┾
{0x253f, 0xa9e3}, //┿
{0x2540, 0xa9e4}, //╀
{0x2541, 0xa9e5}, //╁
{0x2542, 0xa9e6}, //╂
{0x2543, 0xa9e7}, //╃
{0x2544, 0xa9e8}, //╄
{0x2545, 0xa9e9}, //╅
{0x2546, 0xa9ea}, //╆
{0x2547, 0xa9eb}, //╇
{0x2548, 0xa9ec}, //╈
{0x2549, 0xa9ed}, //╉
{0x254a, 0xa9ee}, //╊
{0x254b, 0xa9ef}, //╋
{0x25a0, 0xa1f6}, //■
{0x25a1, 0xa1f5}, //□
{0x25b2, 0xa1f8}, //▲
{0x25b3, 0xa1f7}, //△
{0x25c6, 0xa1f4}, //◆
{0x25c7, 0xa1f3}, //◇
{0x25cb, 0xa1f0}, //○
{0x25ce, 0xa1f2}, //◎
{0x25cf, 0xa1f1}, //●
{0x2605, 0xa1ef}, //★
{0x2606, 0xa1ee}, //☆
{0x2640, 0xa1e2}, //♀
{0x2642, 0xa1e1}, //♂
{0x3000, 0xa1a1}, //　
{0x3001, 0xa1a2}, //、
{0x3002, 0xa1a3}, //。
{0x3003, 0xa1a8}, //〃
{0x3005, 0xa1a9}, //々
{0x3008, 0xa1b4}, //〈
{0x3009, 0xa1b5}, //〉
{0x300a, 0xa1b6}, //《
{0x300b, 0xa1b7}, //》
{0x300c, 0xa1b8}, //「
{0x300d, 0xa1b9}, //」
{0x300e, 0xa1ba}, //『
{0x300f, 0xa1bb}, //』
{0x3010, 0xa1be}, //【
{0x3011, 0xa1bf}, //】
{0x3013, 0xa1fe}, //〓
{0x3014, 0xa1b2}, //〔
{0x3015, 0xa1b3}, //〕
{0x3016, 0xa1bc}, //〖
{0x3017, 0xa1bd}, //〗
{0x3041, 0xa4a1}, //ぁ
{0x3042, 0xa4a2}, //あ
{0x3043, 0xa4a3}, //ぃ
{0x3044, 0xa4a4}, //い
{0x3045, 0xa4a5}, //ぅ
{0x3046, 0xa4a6}, //う
{0x3047, 0xa4a7}, //ぇ
{0x3048, 0xa4a8}, //え
{0x3049, 0xa4a9}, //ぉ
{0x304a, 0xa4aa}, //お
{0x304b, 0xa4ab}, //か
{0x304c, 0xa4ac}, //が
{0x304d, 0xa4ad}, //き
{0x304e, 0xa4ae}, //ぎ
{0x304f, 0xa4af}, //く
{0x3050, 0xa4b0}, //ぐ
{0x3051, 0xa4b1}, //け
{0x3052, 0xa4b2}, //げ
{0x3053, 0xa4b3}, //こ
{0x3054, 0xa4b4}, //ご
{0x3055, 0xa4b5}, //さ
{0x3056, 0xa4b6}, //ざ
{0x3057, 0xa4b7}, //し
{0x3058, 0xa4b8}, //じ
{0x3059, 0xa4b9}, //す
{0x305a, 0xa4ba}, //ず
{0x305b, 0xa4bb}, //せ
{0x305c, 0xa4bc}, //ぜ
{0x305d, 0xa4bd}, //そ
{0x305e, 0xa4be}, //ぞ
{0x305f, 0xa4bf}, //た
{0x3060, 0xa4c0}, //だ
{0x3061, 0xa4c1}, //ち
{0x3062, 0xa4c2}, //ぢ
{0x3063, 0xa4c3}, //っ
{0x3064, 0xa4c4}, //つ
{0x3065, 0xa4c5}, //づ
{0x3066, 0xa4c6}, //て
{0x3067, 0xa4c7}, //で
{0x3068, 0xa4c8}, //と
{0x3069, 0xa4c9}, //ど
{0x306a, 0xa4ca}, //な
{0x306b, 0xa4cb}, //に
{0x306c, 0xa4cc}, //ぬ
{0x306d, 0xa4cd}, //ね
{0x306e, 0xa4ce}, //の
{0x306f, 0xa4cf}, //は
{0x3070, 0xa4d0}, //ば
{0x3071, 0xa4d1}, //ぱ
{0x3072, 0xa4d2}, //ひ
{0x3073, 0xa4d3}, //び
{0x3074, 0xa4d4}, //ぴ
{0x3075, 0xa4d5}, //ふ
{0x3076, 0xa4d6}, //ぶ
{0x3077, 0xa4d7}, //ぷ
{0x3078, 0xa4d8}, //へ
{0x3079, 0xa4d9}, //べ
{0x307a, 0xa4da}, //ぺ
{0x307b, 0xa4db}, //ほ
{0x307c, 0xa4dc}, //ぼ
{0x307d, 0xa4dd}, //ぽ
{0x307e, 0xa4de}, //ま
{0x307f, 0xa4df}, //み
{0x3080, 0xa4e0}, //む
{0x3081, 0xa4e1}, //め
{0x3082, 0xa4e2}, //も
{0x3083, 0xa4e3}, //ゃ
{0x3084, 0xa4e4}, //や
{0x3085, 0xa4e5}, //ゅ
{0x3086, 0xa4e6}, //ゆ
{0x3087, 0xa4e7}, //ょ
{0x3088, 0xa4e8}, //よ
{0x3089, 0xa4e9}, //ら
{0x308a, 0xa4ea}, //り
{0x308b, 0xa4eb}, //る
{0x308c, 0xa4ec}, //れ
{0x308d, 0xa4ed}, //ろ
{0x308e, 0xa4ee}, //ゎ
{0x308f, 0xa4ef}, //わ
{0x3090, 0xa4f0}, //ゐ
{0x3091, 0xa4f1}, //ゑ
{0x3092, 0xa4f2}, //を
{0x3093, 0xa4f3}, //ん
{0x30a1, 0xa5a1}, //ァ
{0x30a2, 0xa5a2}, //ア
{0x30a3, 0xa5a3}, //ィ
{0x30a4, 0xa5a4}, //イ
{0x30a5, 0xa5a5}, //ゥ
{0x30a6, 0xa5a6}, //ウ
{0x30a7, 0xa5a7}, //ェ
{0x30a8, 0xa5a8}, //エ
{0x30a9, 0xa5a9}, //ォ
{0x30aa, 0xa5aa}, //オ
{0x30ab, 0xa5ab}, //カ
{0x30ac, 0xa5ac}, //ガ
{0x30ad, 0xa5ad}, //キ
{0x30ae, 0xa5ae}, //ギ
{0x30af, 0xa5af}, //ク
{0x30b0, 0xa5b0}, //グ
{0x30b1, 0xa5b1}, //ケ
{0x30b2, 0xa5b2}, //ゲ
{0x30b3, 0xa5b3}, //コ
{0x30b4, 0xa5b4}, //ゴ
{0x30b5, 0xa5b5}, //サ
{0x30b6, 0xa5b6}, //ザ
{0x30b7, 0xa5b7}, //シ
{0x30b8, 0xa5b8}, //ジ
{0x30b9, 0xa5b9}, //ス
{0x30ba, 0xa5ba}, //ズ
{0x30bb, 0xa5bb}, //セ
{0x30bc, 0xa5bc}, //ゼ
{0x30bd, 0xa5bd}, //ソ
{0x30be, 0xa5be}, //ゾ
{0x30bf, 0xa5bf}, //タ
{0x30c0, 0xa5c0}, //ダ
{0x30c1, 0xa5c1}, //チ
{0x30c2, 0xa5c2}, //ヂ
{0x30c3, 0xa5c3}, //ッ
{0x30c4, 0xa5c4}, //ツ
{0x30c5, 0xa5c5}, //ヅ
{0x30c6, 0xa5c6}, //テ
{0x30c7, 0xa5c7}, //デ
{0x30c8, 0xa5c8}, //ト
{0x30c9, 0xa5c9}, //ド
{0x30ca, 0xa5ca}, //ナ
{0x30cb, 0xa5cb}, //ニ
{0x30cc, 0xa5cc}, //ヌ
{0x30cd, 0xa5cd}, //ネ
{0x30ce, 0xa5ce}, //ノ
{0x30cf, 0xa5cf}, //ハ
{0x30d0, 0xa5d0}, //バ
{0x30d1, 0xa5d1}, //パ
{0x30d2, 0xa5d2}, //ヒ
{0x30d3, 0xa5d3}, //ビ
{0x30d4, 0xa5d4}, //ピ
{0x30d5, 0xa5d5}, //フ
{0x30d6, 0xa5d6}, //ブ
{0x30d7, 0xa5d7}, //プ
{0x30d8, 0xa5d8}, //ヘ
{0x30d9, 0xa5d9}, //ベ
{0x30da, 0xa5da}, //ペ
{0x30db, 0xa5db}, //ホ
{0x30dc, 0xa5dc}, //ボ
{0x30dd, 0xa5dd}, //ポ
{0x30de, 0xa5de}, //マ
{0x30df, 0xa5df}, //ミ
{0x30e0, 0xa5e0}, //ム
{0x30e1, 0xa5e1}, //メ
{0x30e2, 0xa5e2}, //モ
{0x30e3, 0xa5e3}, //ャ
{0x30e4, 0xa5e4}, //ヤ
{0x30e5, 0xa5e5}, //ュ
{0x30e6, 0xa5e6}, //ユ
{0x30e7, 0xa5e7}, //ョ
{0x30e8, 0xa5e8}, //ヨ
{0x30e9, 0xa5e9}, //ラ
{0x30ea, 0xa5ea}, //リ
{0x30eb, 0xa5eb}, //ル
{0x30ec, 0xa5ec}, //レ
{0x30ed, 0xa5ed}, //ロ
{0x30ee, 0xa5ee}, //ヮ
{0x30ef, 0xa5ef}, //ワ
{0x30f0, 0xa5f0}, //ヰ
{0x30f1, 0xa5f1}, //ヱ
{0x30f2, 0xa5f2}, //ヲ
{0x30f3, 0xa5f3}, //ン
{0x30f4, 0xa5f4}, //ヴ
{0x30f5, 0xa5f5}, //ヵ
{0x30f6, 0xa5f6}, //ヶ
{0x30fb, 0xa1a4}, //・
{0x3105, 0xa8c5}, //ㄅ
{0x3106, 0xa8c6}, //ㄆ
{0x3107, 0xa8c7}, //ㄇ
{0x3108, 0xa8c8}, //ㄈ
{0x3109, 0xa8c9}, //ㄉ
{0x310a, 0xa8ca}, //ㄊ
{0x310b, 0xa8cb}, //ㄋ
{0x310c, 0xa8cc}, //ㄌ
{0x310d, 0xa8cd}, //ㄍ
{0x310e, 0xa8ce}, //ㄎ
{0x310f, 0xa8cf}, //ㄏ
{0x3110, 0xa8d0}, //ㄐ
{0x3111, 0xa8d1}, //ㄑ
{0x3112, 0xa8d2}, //ㄒ
{0x3113, 0xa8d3}, //ㄓ
{0x3114, 0xa8d4}, //ㄔ
{0x3115, 0xa8d5}, //ㄕ
{0x3116, 0xa8d6}, //ㄖ
{0x3117, 0xa8d7}, //ㄗ
{0x3118, 0xa8d8}, //ㄘ
{0x3119, 0xa8d9}, //ㄙ
{0x311a, 0xa8da}, //ㄚ
{0x311b, 0xa8db}, //ㄛ
{0x311c, 0xa8dc}, //ㄜ
{0x311d, 0xa8dd}, //ㄝ
{0x311e, 0xa8de}, //ㄞ
{0x311f, 0xa8df}, //ㄟ
{0x3120, 0xa8e0}, //ㄠ
{0x3121, 0xa8e1}, //ㄡ
{0x3122, 0xa8e2}, //ㄢ
{0x3123, 0xa8e3}, //ㄣ
{0x3124, 0xa8e4}, //ㄤ
{0x3125, 0xa8e5}, //ㄥ
{0x3126, 0xa8e6}, //ㄦ
{0x3127, 0xa8e7}, //ㄧ
{0x3128, 0xa8e8}, //ㄨ
{0x3129, 0xa8e9}, //ㄩ
{0x3220, 0xa2e5}, //㈠
{0x3221, 0xa2e6}, //㈡
{0x3222, 0xa2e7}, //㈢
{0x3223, 0xa2e8}, //㈣
{0x3224, 0xa2e9}, //㈤
{0x3225, 0xa2ea}, //㈥
{0x3226, 0xa2eb}, //㈦
{0x3227, 0xa2ec}, //㈧
{0x3228, 0xa2ed}, //㈨
{0x3229, 0xa2ee}, //㈩
{0x4e00, 0xd2bb}, //一
{0x4e01, 0xb6a1}, //丁
{0x4e03, 0xc6df}, //七
{0x4e07, 0xcdf2}, //万
{0x4e08, 0xd5c9}, //丈
{0x4e09, 0xc8fd}, //三
{0x4e0a, 0xc9cf}, //上
{0x4e0b, 0xcfc2}, //下
{0x4e0c, 0xd8a2}, //丌
{0x4e0d, 0xb2bb}, //不
{0x4e0e, 0xd3eb}, //与
{0x4e10, 0xd8a4}, //丐
{0x4e11, 0xb3f3}, //丑
{0x4e13, 0xd7a8}, //专
{0x4e14, 0xc7d2}, //且
{0x4e15, 0xd8a7}, //丕
{0x4e16, 0xcac0}, //世
{0x4e18, 0xc7f0}, //丘
{0x4e19, 0xb1fb}, //丙
{0x4e1a, 0xd2b5}, //业
{0x4e1b, 0xb4d4}, //丛
{0x4e1c, 0xb6ab}, //东
{0x4e1d, 0xcbbf}, //丝
{0x4e1e, 0xd8a9}, //丞
{0x4e22, 0xb6aa}, //丢
{0x4e24, 0xc1bd}, //两
{0x4e25, 0xd1cf}, //严
{0x4e27, 0xc9a5}, //丧
{0x4e28, 0xd8ad}, //丨
{0x4e2a, 0xb8f6}, //个
{0x4e2b, 0xd1be}, //丫
{0x4e2c, 0xe3dc}, //丬
{0x4e2d, 0xd6d0}, //中
{0x4e30, 0xb7e1}, //丰
{0x4e32, 0xb4ae}, //串
{0x4e34, 0xc1d9}, //临
{0x4e36, 0xd8bc}, //丶
{0x4e38, 0xcde8}, //丸
{0x4e39, 0xb5a4}, //丹
{0x4e3a, 0xceaa}, //为
{0x4e3b, 0xd6f7}, //主
{0x4e3d, 0xc0f6}, //丽
{0x4e3e, 0xbed9}, //举
{0x4e3f, 0xd8af}, //丿
{0x4e43, 0xc4cb}, //乃
{0x4e45, 0xbec3}, //久
{0x4e47, 0xd8b1}, //乇
{0x4e48, 0xc3b4}, //么
{0x4e49, 0xd2e5}, //义
{0x4e4b, 0xd6ae}, //之
{0x4e4c, 0xceda}, //乌
{0x4e4d, 0xd5a7}, //乍
{0x4e4e, 0xbaf5}, //乎
{0x4e4f, 0xb7a6}, //乏
{0x4e50, 0xc0d6}, //乐
{0x4e52, 0xc6b9}, //乒
{0x4e53, 0xc5d2}, //乓
{0x4e54, 0xc7c7}, //乔
{0x4e56, 0xb9d4}, //乖
{0x4e58, 0xb3cb}, //乘
{0x4e59, 0xd2d2}, //乙
{0x4e5c, 0xd8bf}, //乜
{0x4e5d, 0xbec5}, //九
{0x4e5e, 0xc6f2}, //乞
{0x4e5f, 0xd2b2}, //也
{0x4e60, 0xcfb0}, //习
{0x4e61, 0xcfe7}, //乡
{0x4e66, 0xcae9}, //书
{0x4e69, 0xd8c0}, //乩
{0x4e70, 0xc2f2}, //买
{0x4e71, 0xc2d2}, //乱
{0x4e73, 0xc8e9}, //乳
{0x4e7e, 0xc7ac}, //乾
{0x4e86, 0xc1cb}, //了
{0x4e88, 0xd3e8}, //予
{0x4e89, 0xd5f9}, //争
{0x4e8b, 0xcac2}, //事
{0x4e8c, 0xb6fe}, //二
{0x4e8d, 0xd8a1}, //亍
{0x4e8e, 0xd3da}, //于
{0x4e8f, 0xbff7}, //亏
{0x4e91, 0xd4c6}, //云
{0x4e92, 0xbba5}, //互
{0x4e93, 0xd8c1}, //亓
{0x4e94, 0xcee5}, //五
{0x4e95, 0xbeae}, //井
{0x4e98, 0xd8a8}, //亘
{0x4e9a, 0xd1c7}, //亚
{0x4e9b, 0xd0a9}, //些
{0x4e9f, 0xd8bd}, //亟
{0x4ea0, 0xd9ef}, //亠
{0x4ea1, 0xcdf6}, //亡
{0x4ea2, 0xbfba}, //亢
{0x4ea4, 0xbdbb}, //交
{0x4ea5, 0xbaa5}, //亥
{0x4ea6, 0xd2e0}, //亦
{0x4ea7, 0xb2fa}, //产
{0x4ea8, 0xbae0}, //亨
{0x4ea9, 0xc4b6}, //亩
{0x4eab, 0xcfed}, //享
{0x4eac, 0xbea9}, //京
{0x4ead, 0xcda4}, //亭
{0x4eae, 0xc1c1}, //亮
{0x4eb2, 0xc7d7}, //亲
{0x4eb3, 0xd9f1}, //亳
{0x4eb5, 0xd9f4}, //亵
{0x4eba, 0xc8cb}, //人
{0x4ebb, 0xd8e9}, //亻
{0x4ebf, 0xd2da}, //亿
{0x4ec0, 0xcab2}, //什
{0x4ec1, 0xc8ca}, //仁
{0x4ec2, 0xd8ec}, //仂
{0x4ec3, 0xd8ea}, //仃
{0x4ec4, 0xd8c6}, //仄
{0x4ec5, 0xbdf6}, //仅
{0x4ec6, 0xc6cd}, //仆
{0x4ec7, 0xb3f0}, //仇
{0x4ec9, 0xd8eb}, //仉
{0x4eca, 0xbdf1}, //今
{0x4ecb, 0xbde9}, //介
{0x4ecd, 0xc8d4}, //仍
{0x4ece, 0xb4d3}, //从
{0x4ed1, 0xc2d8}, //仑
{0x4ed3, 0xb2d6}, //仓
{0x4ed4, 0xd7d0}, //仔
{0x4ed5, 0xcacb}, //仕
{0x4ed6, 0xcbfb}, //他
{0x4ed7, 0xd5cc}, //仗
{0x4ed8, 0xb8b6}, //付
{0x4ed9, 0xcfc9}, //仙
{0x4edd, 0xd9da}, //仝
{0x4ede, 0xd8f0}, //仞
{0x4edf, 0xc7aa}, //仟
{0x4ee1, 0xd8ee}, //仡
{0x4ee3, 0xb4fa}, //代
{0x4ee4, 0xc1ee}, //令
{0x4ee5, 0xd2d4}, //以
{0x4ee8, 0xd8ed}, //仨
{0x4eea, 0xd2c7}, //仪
{0x4eeb, 0xd8ef}, //仫
{0x4eec, 0xc3c7}, //们
{0x4ef0, 0xd1f6}, //仰
{0x4ef2, 0xd6d9}, //仲
{0x4ef3, 0xd8f2}, //仳
{0x4ef5, 0xd8f5}, //仵
{0x4ef6, 0xbcfe}, //件
{0x4ef7, 0xbcdb}, //价
{0x4efb, 0xc8ce}, //任
{0x4efd, 0xb7dd}, //份
{0x4eff, 0xb7c2}, //仿
{0x4f01, 0xc6f3}, //企
{0x4f09, 0xd8f8}, //伉
{0x4f0a, 0xd2c1}, //伊
{0x4f0d, 0xcee9}, //伍
{0x4f0e, 0xbcbf}, //伎
{0x4f0f, 0xb7fc}, //伏
{0x4f10, 0xb7a5}, //伐
{0x4f11, 0xd0dd}, //休
{0x4f17, 0xd6da}, //众
{0x4f18, 0xd3c5}, //优
{0x4f19, 0xbbef}, //伙
{0x4f1a, 0xbbe1}, //会
{0x4f1b, 0xd8f1}, //伛
{0x4f1e, 0xc9a1}, //伞
{0x4f1f, 0xceb0}, //伟
{0x4f20, 0xb4ab}, //传
{0x4f22, 0xd8f3}, //伢
{0x4f24, 0xc9cb}, //伤
{0x4f25, 0xd8f6}, //伥
{0x4f26, 0xc2d7}, //伦
{0x4f27, 0xd8f7}, //伧
{0x4f2a, 0xceb1}, //伪
{0x4f2b, 0xd8f9}, //伫
{0x4f2f, 0xb2ae}, //伯
{0x4f30, 0xb9c0}, //估
{0x4f32, 0xd9a3}, //伲
{0x4f34, 0xb0e9}, //伴
{0x4f36, 0xc1e6}, //伶
{0x4f38, 0xc9ec}, //伸
{0x4f3a, 0xcbc5}, //伺
{0x4f3c, 0xcbc6}, //似
{0x4f3d, 0xd9a4}, //伽
{0x4f43, 0xb5e8}, //佃
{0x4f46, 0xb5ab}, //但
{0x4f4d, 0xcebb}, //位
{0x4f4e, 0xb5cd}, //低
{0x4f4f, 0xd7a1}, //住
{0x4f50, 0xd7f4}, //佐
{0x4f51, 0xd3d3}, //佑
{0x4f53, 0xcce5}, //体
{0x4f55, 0xbace}, //何
{0x4f57, 0xd9a2}, //佗
{0x4f58, 0xd9dc}, //佘
{0x4f59, 0xd3e0}, //余
{0x4f5a, 0xd8fd}, //佚
{0x4f5b, 0xb7f0}, //佛
{0x4f5c, 0xd7f7}, //作
{0x4f5d, 0xd8fe}, //佝
{0x4f5e, 0xd8fa}, //佞
{0x4f5f, 0xd9a1}, //佟
{0x4f60, 0xc4e3}, //你
{0x4f63, 0xd3b6}, //佣
{0x4f64, 0xd8f4}, //佤
{0x4f65, 0xd9dd}, //佥
{0x4f67, 0xd8fb}, //佧
{0x4f69, 0xc5e5}, //佩
{0x4f6c, 0xc0d0}, //佬
{0x4f6f, 0xd1f0}, //佯
{0x4f70, 0xb0db}, //佰
{0x4f73, 0xbcd1}, //佳
{0x4f74, 0xd9a6}, //佴
{0x4f76, 0xd9a5}, //佶
{0x4f7b, 0xd9ac}, //佻
{0x4f7c, 0xd9ae}, //佼
{0x4f7e, 0xd9ab}, //佾
{0x4f7f, 0xcab9}, //使
{0x4f83, 0xd9a9}, //侃
{0x4f84, 0xd6b6}, //侄
{0x4f88, 0xb3de}, //侈
{0x4f89, 0xd9a8}, //侉
{0x4f8b, 0xc0fd}, //例
{0x4f8d, 0xcacc}, //侍
{0x4f8f, 0xd9aa}, //侏
{0x4f91, 0xd9a7}, //侑
{0x4f94, 0xd9b0}, //侔
{0x4f97, 0xb6b1}, //侗
{0x4f9b, 0xb9a9}, //供
{0x4f9d, 0xd2c0}, //依
{0x4fa0, 0xcfc0}, //侠
{0x4fa3, 0xc2c2}, //侣
{0x4fa5, 0xbdc4}, //侥
{0x4fa6, 0xd5ec}, //侦
{0x4fa7, 0xb2e0}, //侧
{0x4fa8, 0xc7c8}, //侨
{0x4fa9, 0xbfeb}, //侩
{0x4faa, 0xd9ad}, //侪
{0x4fac, 0xd9af}, //侬
{0x4fae, 0xceea}, //侮
{0x4faf, 0xbaee}, //侯
{0x4fb5, 0xc7d6}, //侵
{0x4fbf, 0xb1e3}, //便
{0x4fc3, 0xb4d9}, //促
{0x4fc4, 0xb6ed}, //俄
{0x4fc5, 0xd9b4}, //俅
{0x4fca, 0xbfa1}, //俊
{0x4fce, 0xd9de}, //俎
{0x4fcf, 0xc7ce}, //俏
{0x4fd0, 0xc0fe}, //俐
{0x4fd1, 0xd9b8}, //俑
{0x4fd7, 0xcbd7}, //俗
{0x4fd8, 0xb7fd}, //俘
{0x4fda, 0xd9b5}, //俚
{0x4fdc, 0xd9b7}, //俜
{0x4fdd, 0xb1a3}, //保
{0x4fde, 0xd3e1}, //俞
{0x4fdf, 0xd9b9}, //俟
{0x4fe1, 0xd0c5}, //信
{0x4fe3, 0xd9b6}, //俣
{0x4fe6, 0xd9b1}, //俦
{0x4fe8, 0xd9b2}, //俨
{0x4fe9, 0xc1a9}, //俩
{0x4fea, 0xd9b3}, //俪
{0x4fed, 0xbcf3}, //俭
{0x4fee, 0xd0de}, //修
{0x4fef, 0xb8a9}, //俯
{0x4ff1, 0xbee3}, //俱
{0x4ff3, 0xd9bd}, //俳
{0x4ff8, 0xd9ba}, //俸
{0x4ffa, 0xb0b3}, //俺
{0x4ffe, 0xd9c2}, //俾
{0x500c, 0xd9c4}, //倌
{0x500d, 0xb1b6}, //倍
{0x500f, 0xd9bf}, //倏
{0x5012, 0xb5b9}, //倒
{0x5014, 0xbef3}, //倔
{0x5018, 0xccc8}, //倘
{0x5019, 0xbaf2}, //候
{0x501a, 0xd2d0}, //倚
{0x501c, 0xd9c3}, //倜
{0x501f, 0xbde8}, //借
{0x5021, 0xb3ab}, //倡
{0x5025, 0xd9c5}, //倥
{0x5026, 0xbeeb}, //倦
{0x5028, 0xd9c6}, //倨
{0x5029, 0xd9bb}, //倩
{0x502a, 0xc4df}, //倪
{0x502c, 0xd9be}, //倬
{0x502d, 0xd9c1}, //倭
{0x502e, 0xd9c0}, //倮
{0x503a, 0xd5ae}, //债
{0x503c, 0xd6b5}, //值
{0x503e, 0xc7e3}, //倾
{0x5043, 0xd9c8}, //偃
{0x5047, 0xbcd9}, //假
{0x5048, 0xd9ca}, //偈
{0x504c, 0xd9bc}, //偌
{0x504e, 0xd9cb}, //偎
{0x504f, 0xc6ab}, //偏
{0x5055, 0xd9c9}, //偕
{0x505a, 0xd7f6}, //做
{0x505c, 0xcda3}, //停
{0x5065, 0xbda1}, //健
{0x506c, 0xd9cc}, //偬
{0x5076, 0xc5bc}, //偶
{0x5077, 0xcdb5}, //偷
{0x507b, 0xd9cd}, //偻
{0x507e, 0xd9c7}, //偾
{0x507f, 0xb3a5}, //偿
{0x5080, 0xbffe}, //傀
{0x5085, 0xb8b5}, //傅
{0x5088, 0xc0fc}, //傈
{0x508d, 0xb0f8}, //傍
{0x50a3, 0xb4f6}, //傣
{0x50a5, 0xd9ce}, //傥
{0x50a7, 0xd9cf}, //傧
{0x50a8, 0xb4a2}, //储
{0x50a9, 0xd9d0}, //傩
{0x50ac, 0xb4df}, //催
{0x50b2, 0xb0c1}, //傲
{0x50ba, 0xd9d1}, //傺
{0x50bb, 0xc9b5}, //傻
{0x50cf, 0xcff1}, //像
{0x50d6, 0xd9d2}, //僖
{0x50da, 0xc1c5}, //僚
{0x50e6, 0xd9d6}, //僦
{0x50e7, 0xc9ae}, //僧
{0x50ec, 0xd9d5}, //僬
{0x50ed, 0xd9d4}, //僭
{0x50ee, 0xd9d7}, //僮
{0x50f3, 0xcbdb}, //僳
{0x50f5, 0xbda9}, //僵
{0x50fb, 0xc6a7}, //僻
{0x5106, 0xd9d3}, //儆
{0x5107, 0xd9d8}, //儇
{0x510b, 0xd9d9}, //儋
{0x5112, 0xc8e5}, //儒
{0x5121, 0xc0dc}, //儡
{0x513f, 0xb6f9}, //儿
{0x5140, 0xd8a3}, //兀
{0x5141, 0xd4ca}, //允
{0x5143, 0xd4aa}, //元
{0x5144, 0xd0d6}, //兄
{0x5145, 0xb3e4}, //充
{0x5146, 0xd5d7}, //兆
{0x5148, 0xcfc8}, //先
{0x5149, 0xb9e2}, //光
{0x514b, 0xbfcb}, //克
{0x514d, 0xc3e2}, //免
{0x5151, 0xb6d2}, //兑
{0x5154, 0xcdc3}, //兔
{0x5155, 0xd9ee}, //兕
{0x5156, 0xd9f0}, //兖
{0x515a, 0xb5b3}, //党
{0x515c, 0xb6b5}, //兜
{0x5162, 0xbea4}, //兢
{0x5165, 0xc8eb}, //入
{0x5168, 0xc8ab}, //全
{0x516b, 0xb0cb}, //八
{0x516c, 0xb9ab}, //公
{0x516d, 0xc1f9}, //六
{0x516e, 0xd9e2}, //兮
{0x5170, 0xc0bc}, //兰
{0x5171, 0xb9b2}, //共
{0x5173, 0xb9d8}, //关
{0x5174, 0xd0cb}, //兴
{0x5175, 0xb1f8}, //兵
{0x5176, 0xc6e4}, //其
{0x5177, 0xbedf}, //具
{0x5178, 0xb5e4}, //典
{0x5179, 0xd7c8}, //兹
{0x517b, 0xd1f8}, //养
{0x517c, 0xbce6}, //兼
{0x517d, 0xcade}, //兽
{0x5180, 0xbcbd}, //冀
{0x5181, 0xd9e6}, //冁
{0x5182, 0xd8e7}, //冂
{0x5185, 0xc4da}, //内
{0x5188, 0xb8d4}, //冈
{0x5189, 0xc8bd}, //冉
{0x518c, 0xb2e1}, //册
{0x518d, 0xd4d9}, //再
{0x5192, 0xc3b0}, //冒
{0x5195, 0xc3e1}, //冕
{0x5196, 0xdaa2}, //冖
{0x5197, 0xc8df}, //冗
{0x5199, 0xd0b4}, //写
{0x519b, 0xbefc}, //军
{0x519c, 0xc5a9}, //农
{0x51a0, 0xb9da}, //冠
{0x51a2, 0xdaa3}, //冢
{0x51a4, 0xd4a9}, //冤
{0x51a5, 0xdaa4}, //冥
{0x51ab, 0xd9fb}, //冫
{0x51ac, 0xb6ac}, //冬
{0x51af, 0xb7eb}, //冯
{0x51b0, 0xb1f9}, //冰
{0x51b1, 0xd9fc}, //冱
{0x51b2, 0xb3e5}, //冲
{0x51b3, 0xbef6}, //决
{0x51b5, 0xbff6}, //况
{0x51b6, 0xd2b1}, //冶
{0x51b7, 0xc0e4}, //冷
{0x51bb, 0xb6b3}, //冻
{0x51bc, 0xd9fe}, //冼
{0x51bd, 0xd9fd}, //冽
{0x51c0, 0xbebb}, //净
{0x51c4, 0xc6e0}, //凄
{0x51c6, 0xd7bc}, //准
{0x51c7, 0xdaa1}, //凇
{0x51c9, 0xc1b9}, //凉
{0x51cb, 0xb5f2}, //凋
{0x51cc, 0xc1e8}, //凌
{0x51cf, 0xbcf5}, //减
{0x51d1, 0xb4d5}, //凑
{0x51db, 0xc1dd}, //凛
{0x51dd, 0xc4fd}, //凝
{0x51e0, 0xbcb8}, //几
{0x51e1, 0xb7b2}, //凡
{0x51e4, 0xb7ef}, //凤
{0x51eb, 0xd9ec}, //凫
{0x51ed, 0xc6be}, //凭
{0x51ef, 0xbfad}, //凯
{0x51f0, 0xbbcb}, //凰
{0x51f3, 0xb5ca}, //凳
{0x51f5, 0xdbc9}, //凵
{0x51f6, 0xd0d7}, //凶
{0x51f8, 0xcdb9}, //凸
{0x51f9, 0xb0bc}, //凹
{0x51fa, 0xb3f6}, //出
{0x51fb, 0xbbf7}, //击
{0x51fc, 0xdbca}, //凼
{0x51fd, 0xbaaf}, //函
{0x51ff, 0xd4e4}, //凿
{0x5200, 0xb5b6}, //刀
{0x5201, 0xb5f3}, //刁
{0x5202, 0xd8d6}, //刂
{0x5203, 0xc8d0}, //刃
{0x5206, 0xb7d6}, //分
{0x5207, 0xc7d0}, //切
{0x5208, 0xd8d7}, //刈
{0x520a, 0xbfaf}, //刊
{0x520d, 0xdbbb}, //刍
{0x520e, 0xd8d8}, //刎
{0x5211, 0xd0cc}, //刑
{0x5212, 0xbbae}, //划
{0x5216, 0xebbe}, //刖
{0x5217, 0xc1d0}, //列
{0x5218, 0xc1f5}, //刘
{0x5219, 0xd4f2}, //则
{0x521a, 0xb8d5}, //刚
{0x521b, 0xb4b4}, //创
{0x521d, 0xb3f5}, //初
{0x5220, 0xc9be}, //删
{0x5224, 0xc5d0}, //判
{0x5228, 0xc5d9}, //刨
{0x5229, 0xc0fb}, //利
{0x522b, 0xb1f0}, //别
{0x522d, 0xd8d9}, //刭
{0x522e, 0xb9ce}, //刮
{0x5230, 0xb5bd}, //到
{0x5233, 0xd8da}, //刳
{0x5236, 0xd6c6}, //制
{0x5237, 0xcba2}, //刷
{0x5238, 0xc8af}, //券
{0x5239, 0xc9b2}, //刹
{0x523a, 0xb4cc}, //刺
{0x523b, 0xbfcc}, //刻
{0x523d, 0xb9f4}, //刽
{0x523f, 0xd8db}, //刿
{0x5240, 0xd8dc}, //剀
{0x5241, 0xb6e7}, //剁
{0x5242, 0xbcc1}, //剂
{0x5243, 0xccea}, //剃
{0x524a, 0xcff7}, //削
{0x524c, 0xd8dd}, //剌
{0x524d, 0xc7b0}, //前
{0x5250, 0xb9d0}, //剐
{0x5251, 0xbda3}, //剑
{0x5254, 0xccde}, //剔
{0x5256, 0xc6ca}, //剖
{0x525c, 0xd8e0}, //剜
{0x525e, 0xd8de}, //剞
{0x5261, 0xd8df}, //剡
{0x5265, 0xb0fe}, //剥
{0x5267, 0xbee7}, //剧
{0x5269, 0xcaa3}, //剩
{0x526a, 0xbcf4}, //剪
{0x526f, 0xb8b1}, //副
{0x5272, 0xb8ee}, //割
{0x527d, 0xd8e2}, //剽
{0x527f, 0xbdcb}, //剿
{0x5281, 0xd8e4}, //劁
{0x5282, 0xd8e3}, //劂
{0x5288, 0xc5fc}, //劈
{0x5290, 0xd8e5}, //劐
{0x5293, 0xd8e6}, //劓
{0x529b, 0xc1a6}, //力
{0x529d, 0xc8b0}, //劝
{0x529e, 0xb0ec}, //办
{0x529f, 0xb9a6}, //功
{0x52a0, 0xbcd3}, //加
{0x52a1, 0xcef1}, //务
{0x52a2, 0xdbbd}, //劢
{0x52a3, 0xc1d3}, //劣
{0x52a8, 0xb6af}, //动
{0x52a9, 0xd6fa}, //助
{0x52aa, 0xc5ac}, //努
{0x52ab, 0xbdd9}, //劫
{0x52ac, 0xdbbe}, //劬
{0x52ad, 0xdbbf}, //劭
{0x52b1, 0xc0f8}, //励
{0x52b2, 0xbea2}, //劲
{0x52b3, 0xc0cd}, //劳
{0x52be, 0xdbc0}, //劾
{0x52bf, 0xcac6}, //势
{0x52c3, 0xb2aa}, //勃
{0x52c7, 0xd3c2}, //勇
{0x52c9, 0xc3e3}, //勉
{0x52cb, 0xd1ab}, //勋
{0x52d0, 0xdbc2}, //勐
{0x52d2, 0xc0d5}, //勒
{0x52d6, 0xdbc3}, //勖
{0x52d8, 0xbfb1}, //勘
{0x52df, 0xc4bc}, //募
{0x52e4, 0xc7da}, //勤
{0x52f0, 0xdbc4}, //勰
{0x52f9, 0xd9e8}, //勹
{0x52fa, 0xc9d7}, //勺
{0x52fe, 0xb9b4}, //勾
{0x52ff, 0xcef0}, //勿
{0x5300, 0xd4c8}, //匀
{0x5305, 0xb0fc}, //包
{0x5306, 0xb4d2}, //匆
{0x5308, 0xd0d9}, //匈
{0x530d, 0xd9e9}, //匍
{0x530f, 0xdecb}, //匏
{0x5310, 0xd9eb}, //匐
{0x5315, 0xd8b0}, //匕
{0x5316, 0xbbaf}, //化
{0x5317, 0xb1b1}, //北
{0x5319, 0xb3d7}, //匙
{0x531a, 0xd8ce}, //匚
{0x531d, 0xd4d1}, //匝
{0x5320, 0xbdb3}, //匠
{0x5321, 0xbfef}, //匡
{0x5323, 0xcfbb}, //匣
{0x5326, 0xd8d0}, //匦
{0x532a, 0xb7cb}, //匪
{0x532e, 0xd8d1}, //匮
{0x5339, 0xc6a5}, //匹
{0x533a, 0xc7f8}, //区
{0x533b, 0xd2bd}, //医
{0x533e, 0xd8d2}, //匾
{0x533f, 0xc4e4}, //匿
{0x5341, 0xcaae}, //十
{0x5343, 0xc7a7}, //千
{0x5345, 0xd8a6}, //卅
{0x5347, 0xc9fd}, //升
{0x5348, 0xcee7}, //午
{0x5349, 0xbbdc}, //卉
{0x534a, 0xb0eb}, //半
{0x534e, 0xbbaa}, //华
{0x534f, 0xd0ad}, //协
{0x5351, 0xb1b0}, //卑
{0x5352, 0xd7e4}, //卒
{0x5353, 0xd7bf}, //卓
{0x5355, 0xb5a5}, //单
{0x5356, 0xc2f4}, //卖
{0x5357, 0xc4cf}, //南
{0x535a, 0xb2a9}, //博
{0x535c, 0xb2b7}, //卜
{0x535e, 0xb1e5}, //卞
{0x535f, 0xdfb2}, //卟
{0x5360, 0xd5bc}, //占
{0x5361, 0xbfa8}, //卡
{0x5362, 0xc2ac}, //卢
{0x5363, 0xd8d5}, //卣
{0x5364, 0xc2b1}, //卤
{0x5366, 0xd8d4}, //卦
{0x5367, 0xced4}, //卧
{0x5369, 0xdae0}, //卩
{0x536b, 0xcec0}, //卫
{0x536e, 0xd8b4}, //卮
{0x536f, 0xc3ae}, //卯
{0x5370, 0xd3a1}, //印
{0x5371, 0xcea3}, //危
{0x5373, 0xbcb4}, //即
{0x5374, 0xc8b4}, //却
{0x5375, 0xc2d1}, //卵
{0x5377, 0xbeed}, //卷
{0x5378, 0xd0b6}, //卸
{0x537a, 0xdae1}, //卺
{0x537f, 0xc7e4}, //卿
{0x5382, 0xb3a7}, //厂
{0x5384, 0xb6f2}, //厄
{0x5385, 0xccfc}, //厅
{0x5386, 0xc0fa}, //历
{0x5389, 0xc0f7}, //厉
{0x538b, 0xd1b9}, //压
{0x538c, 0xd1e1}, //厌
{0x538d, 0xd8c7}, //厍
{0x5395, 0xb2de}, //厕
{0x5398, 0xc0e5}, //厘
{0x539a, 0xbaf1}, //厚
{0x539d, 0xd8c8}, //厝
{0x539f, 0xd4ad}, //原
{0x53a2, 0xcfe1}, //厢
{0x53a3, 0xd8c9}, //厣
{0x53a5, 0xd8ca}, //厥
{0x53a6, 0xcfc3}, //厦
{0x53a8, 0xb3f8}, //厨
{0x53a9, 0xbec7}, //厩
{0x53ae, 0xd8cb}, //厮
{0x53b6, 0xdbcc}, //厶
{0x53bb, 0xc8a5}, //去
{0x53bf, 0xcfd8}, //县
{0x53c1, 0xc8fe}, //叁
{0x53c2, 0xb2ce}, //参
{0x53c8, 0xd3d6}, //又
{0x53c9, 0xb2e6}, //叉
{0x53ca, 0xbcb0}, //及
{0x53cb, 0xd3d1}, //友
{0x53cc, 0xcbab}, //双
{0x53cd, 0xb7b4}, //反
{0x53d1, 0xb7a2}, //发
{0x53d4, 0xcae5}, //叔
{0x53d6, 0xc8a1}, //取
{0x53d7, 0xcadc}, //受
{0x53d8, 0xb1e4}, //变
{0x53d9, 0xd0f0}, //叙
{0x53db, 0xc5d1}, //叛
{0x53df, 0xdbc5}, //叟
{0x53e0, 0xb5fe}, //叠
{0x53e3, 0xbfda}, //口
{0x53e4, 0xb9c5}, //古
{0x53e5, 0xbee4}, //句
{0x53e6, 0xc1ed}, //另
{0x53e8, 0xdfb6}, //叨
{0x53e9, 0xdfb5}, //叩
{0x53ea, 0xd6bb}, //只
{0x53eb, 0xbdd0}, //叫
{0x53ec, 0xd5d9}, //召
{0x53ed, 0xb0c8}, //叭
{0x53ee, 0xb6a3}, //叮
{0x53ef, 0xbfc9}, //可
{0x53f0, 0xcca8}, //台
{0x53f1, 0xdfb3}, //叱
{0x53f2, 0xcab7}, //史
{0x53f3, 0xd3d2}, //右
{0x53f5, 0xd8cf}, //叵
{0x53f6, 0xd2b6}, //叶
{0x53f7, 0xbac5}, //号
{0x53f8, 0xcbbe}, //司
{0x53f9, 0xccbe}, //叹
{0x53fb, 0xdfb7}, //叻
{0x53fc, 0xb5f0}, //叼
{0x53fd, 0xdfb4}, //叽
{0x5401, 0xd3f5}, //吁
{0x5403, 0xb3d4}, //吃
{0x5404, 0xb8f7}, //各
{0x5406, 0xdfba}, //吆
{0x5408, 0xbacf}, //合
{0x5409, 0xbcaa}, //吉
{0x540a, 0xb5f5}, //吊
{0x540c, 0xcdac}, //同
{0x540d, 0xc3fb}, //名
{0x540e, 0xbaf3}, //后
{0x540f, 0xc0f4}, //吏
{0x5410, 0xcdc2}, //吐
{0x5411, 0xcff2}, //向
{0x5412, 0xdfb8}, //吒
{0x5413, 0xcfc5}, //吓
{0x5415, 0xc2c0}, //吕
{0x5416, 0xdfb9}, //吖
{0x5417, 0xc2f0}, //吗
{0x541b, 0xbefd}, //君
{0x541d, 0xc1df}, //吝
{0x541e, 0xcdcc}, //吞
{0x541f, 0xd2f7}, //吟
{0x5420, 0xb7cd}, //吠
{0x5421, 0xdfc1}, //吡
{0x5423, 0xdfc4}, //吣
{0x5426, 0xb7f1}, //否
{0x5427, 0xb0c9}, //吧
{0x5428, 0xb6d6}, //吨
{0x5429, 0xb7d4}, //吩
{0x542b, 0xbaac}, //含
{0x542c, 0xccfd}, //听
{0x542d, 0xbfd4}, //吭
{0x542e, 0xcbb1}, //吮
{0x542f, 0xc6f4}, //启
{0x5431, 0xd6a8}, //吱
{0x5432, 0xdfc5}, //吲
{0x5434, 0xcee2}, //吴
{0x5435, 0xb3b3}, //吵
{0x5438, 0xcefc}, //吸
{0x5439, 0xb4b5}, //吹
{0x543b, 0xcec7}, //吻
{0x543c, 0xbaf0}, //吼
{0x543e, 0xcee1}, //吾
{0x5440, 0xd1bd}, //呀
{0x5443, 0xdfc0}, //呃
{0x5446, 0xb4f4}, //呆
{0x5448, 0xb3ca}, //呈
{0x544a, 0xb8e6}, //告
{0x544b, 0xdfbb}, //呋
{0x5450, 0xc4c5}, //呐
{0x5452, 0xdfbc}, //呒
{0x5453, 0xdfbd}, //呓
{0x5454, 0xdfbe}, //呔
{0x5455, 0xc5bb}, //呕
{0x5456, 0xdfbf}, //呖
{0x5457, 0xdfc2}, //呗
{0x5458, 0xd4b1}, //员
{0x5459, 0xdfc3}, //呙
{0x545b, 0xc7ba}, //呛
{0x545c, 0xced8}, //呜
{0x5462, 0xc4d8}, //呢
{0x5464, 0xdfca}, //呤
{0x5466, 0xdfcf}, //呦
{0x5468, 0xd6dc}, //周
{0x5471, 0xdfc9}, //呱
{0x5472, 0xdfda}, //呲
{0x5473, 0xceb6}, //味
{0x5475, 0xbac7}, //呵
{0x5476, 0xdfce}, //呶
{0x5477, 0xdfc8}, //呷
{0x5478, 0xc5de}, //呸
{0x547b, 0xc9eb}, //呻
{0x547c, 0xbaf4}, //呼
{0x547d, 0xc3fc}, //命
{0x5480, 0xbed7}, //咀
{0x5482, 0xdfc6}, //咂
{0x5484, 0xdfcd}, //咄
{0x5486, 0xc5d8}, //咆
{0x548b, 0xd5a6}, //咋
{0x548c, 0xbacd}, //和
{0x548e, 0xbecc}, //咎
{0x548f, 0xd3bd}, //咏
{0x5490, 0xb8c0}, //咐
{0x5492, 0xd6e4}, //咒
{0x5494, 0xdfc7}, //咔
{0x5495, 0xb9be}, //咕
{0x5496, 0xbfa7}, //咖
{0x5499, 0xc1fc}, //咙
{0x549a, 0xdfcb}, //咚
{0x549b, 0xdfcc}, //咛
{0x549d, 0xdfd0}, //咝
{0x54a3, 0xdfdb}, //咣
{0x54a4, 0xdfe5}, //咤
{0x54a6, 0xdfd7}, //咦
{0x54a7, 0xdfd6}, //咧
{0x54a8, 0xd7c9}, //咨
{0x54a9, 0xdfe3}, //咩
{0x54aa, 0xdfe4}, //咪
{0x54ab, 0xe5eb}, //咫
{0x54ac, 0xd2a7}, //咬
{0x54ad, 0xdfd2}, //咭
{0x54af, 0xbfa9}, //咯
{0x54b1, 0xd4db}, //咱
{0x54b3, 0xbfc8}, //咳
{0x54b4, 0xdfd4}, //咴
{0x54b8, 0xcfcc}, //咸
{0x54bb, 0xdfdd}, //咻
{0x54bd, 0xd1ca}, //咽
{0x54bf, 0xdfde}, //咿
{0x54c0, 0xb0a7}, //哀
{0x54c1, 0xc6b7}, //品
{0x54c2, 0xdfd3}, //哂
{0x54c4, 0xbae5}, //哄
{0x54c6, 0xb6df}, //哆
{0x54c7, 0xcddb}, //哇
{0x54c8, 0xb9fe}, //哈
{0x54c9, 0xd4d5}, //哉
{0x54cc, 0xdfdf}, //哌
{0x54cd, 0xcfec}, //响
{0x54ce, 0xb0a5}, //哎
{0x54cf, 0xdfe7}, //哏
{0x54d0, 0xdfd1}, //哐
{0x54d1, 0xd1c6}, //哑
{0x54d2, 0xdfd5}, //哒
{0x54d3, 0xdfd8}, //哓
{0x54d4, 0xdfd9}, //哔
{0x54d5, 0xdfdc}, //哕
{0x54d7, 0xbba9}, //哗
{0x54d9, 0xdfe0}, //哙
{0x54da, 0xdfe1}, //哚
{0x54dc, 0xdfe2}, //哜
{0x54dd, 0xdfe6}, //哝
{0x54de, 0xdfe8}, //哞
{0x54df, 0xd3b4}, //哟
{0x54e5, 0xb8e7}, //哥
{0x54e6, 0xc5b6}, //哦
{0x54e7, 0xdfea}, //哧
{0x54e8, 0xc9da}, //哨
{0x54e9, 0xc1a8}, //哩
{0x54ea, 0xc4c4}, //哪
{0x54ed, 0xbfde}, //哭
{0x54ee, 0xcff8}, //哮
{0x54f2, 0xd5dc}, //哲
{0x54f3, 0xdfee}, //哳
{0x54fa, 0xb2b8}, //哺
{0x54fc, 0xbadf}, //哼
{0x54fd, 0xdfec}, //哽
{0x54ff, 0xdbc1}, //哿
{0x5501, 0xd1e4}, //唁
{0x5506, 0xcbf4}, //唆
{0x5507, 0xb4bd}, //唇
{0x5509, 0xb0a6}, //唉
{0x550f, 0xdff1}, //唏
{0x5510, 0xccc6}, //唐
{0x5511, 0xdff2}, //唑
{0x5514, 0xdfed}, //唔
{0x551b, 0xdfe9}, //唛
{0x5520, 0xdfeb}, //唠
{0x5522, 0xdfef}, //唢
{0x5523, 0xdff0}, //唣
{0x5524, 0xbbbd}, //唤
{0x5527, 0xdff3}, //唧
{0x552a, 0xdff4}, //唪
{0x552c, 0xbba3}, //唬
{0x552e, 0xcadb}, //售
{0x552f, 0xcea8}, //唯
{0x5530, 0xe0a7}, //唰
{0x5531, 0xb3aa}, //唱
{0x5533, 0xe0a6}, //唳
{0x5537, 0xe0a1}, //唷
{0x553c, 0xdffe}, //唼
{0x553e, 0xcdd9}, //唾
{0x553f, 0xdffc}, //唿
{0x5541, 0xdffa}, //啁
{0x5543, 0xbfd0}, //啃
{0x5544, 0xd7c4}, //啄
{0x5546, 0xc9cc}, //商
{0x5549, 0xdff8}, //啉
{0x554a, 0xb0a1}, //啊
{0x5550, 0xdffd}, //啐
{0x5555, 0xdffb}, //啕
{0x5556, 0xe0a2}, //啖
{0x555c, 0xe0a8}, //啜
{0x5561, 0xb7c8}, //啡
{0x5564, 0xc6a1}, //啤
{0x5565, 0xc9b6}, //啥
{0x5566, 0xc0b2}, //啦
{0x5567, 0xdff5}, //啧
{0x556a, 0xc5be}, //啪
{0x556c, 0xd8c4}, //啬
{0x556d, 0xdff9}, //啭
{0x556e, 0xc4f6}, //啮
{0x5575, 0xe0a3}, //啵
{0x5576, 0xe0a4}, //啶
{0x5577, 0xe0a5}, //啷
{0x5578, 0xd0a5}, //啸
{0x557b, 0xe0b4}, //啻
{0x557c, 0xcce4}, //啼
{0x557e, 0xe0b1}, //啾
{0x5580, 0xbfa6}, //喀
{0x5581, 0xe0af}, //喁
{0x5582, 0xceb9}, //喂
{0x5583, 0xe0ab}, //喃
{0x5584, 0xc9c6}, //善
{0x5587, 0xc0ae}, //喇
{0x5588, 0xe0ae}, //喈
{0x5589, 0xbaed}, //喉
{0x558a, 0xbab0}, //喊
{0x558b, 0xe0a9}, //喋
{0x558f, 0xdff6}, //喏
{0x5591, 0xe0b3}, //喑
{0x5594, 0xe0b8}, //喔
{0x5598, 0xb4ad}, //喘
{0x5599, 0xe0b9}, //喙
{0x559c, 0xcfb2}, //喜
{0x559d, 0xbac8}, //喝
{0x559f, 0xe0b0}, //喟
{0x55a7, 0xd0fa}, //喧
{0x55b1, 0xe0ac}, //喱
{0x55b3, 0xd4fb}, //喳
{0x55b5, 0xdff7}, //喵
{0x55b7, 0xc5e7}, //喷
{0x55b9, 0xe0ad}, //喹
{0x55bb, 0xd3f7}, //喻
{0x55bd, 0xe0b6}, //喽
{0x55be, 0xe0b7}, //喾
{0x55c4, 0xe0c4}, //嗄
{0x55c5, 0xd0e1}, //嗅
{0x55c9, 0xe0bc}, //嗉
{0x55cc, 0xe0c9}, //嗌
{0x55cd, 0xe0ca}, //嗍
{0x55d1, 0xe0be}, //嗑
{0x55d2, 0xe0aa}, //嗒
{0x55d3, 0xc9a4}, //嗓
{0x55d4, 0xe0c1}, //嗔
{0x55d6, 0xe0b2}, //嗖
{0x55dc, 0xcac8}, //嗜
{0x55dd, 0xe0c3}, //嗝
{0x55df, 0xe0b5}, //嗟
{0x55e1, 0xcecb}, //嗡
{0x55e3, 0xcbc3}, //嗣
{0x55e4, 0xe0cd}, //嗤
{0x55e5, 0xe0c6}, //嗥
{0x55e6, 0xe0c2}, //嗦
{0x55e8, 0xe0cb}, //嗨
{0x55ea, 0xe0ba}, //嗪
{0x55eb, 0xe0bf}, //嗫
{0x55ec, 0xe0c0}, //嗬
{0x55ef, 0xe0c5}, //嗯
{0x55f2, 0xe0c7}, //嗲
{0x55f3, 0xe0c8}, //嗳
{0x55f5, 0xe0cc}, //嗵
{0x55f7, 0xe0bb}, //嗷
{0x55fd, 0xcbd4}, //嗽
{0x55fe, 0xe0d5}, //嗾
{0x5600, 0xe0d6}, //嘀
{0x5601, 0xe0d2}, //嘁
{0x5608, 0xe0d0}, //嘈
{0x5609, 0xbcce}, //嘉
{0x560c, 0xe0d1}, //嘌
{0x560e, 0xb8c2}, //嘎
{0x560f, 0xd8c5}, //嘏
{0x5618, 0xd0ea}, //嘘
{0x561b, 0xc2ef}, //嘛
{0x561e, 0xe0cf}, //嘞
{0x561f, 0xe0bd}, //嘟
{0x5623, 0xe0d4}, //嘣
{0x5624, 0xe0d3}, //嘤
{0x5627, 0xe0d7}, //嘧
{0x562c, 0xe0dc}, //嘬
{0x562d, 0xe0d8}, //嘭
{0x5631, 0xd6f6}, //嘱
{0x5632, 0xb3b0}, //嘲
{0x5634, 0xd7ec}, //嘴
{0x5636, 0xcbbb}, //嘶
{0x5639, 0xe0da}, //嘹
{0x563b, 0xcefb}, //嘻
{0x563f, 0xbad9}, //嘿
{0x564c, 0xe0e1}, //噌
{0x564d, 0xe0dd}, //噍
{0x564e, 0xd2ad}, //噎
{0x5654, 0xe0e2}, //噔
{0x5657, 0xe0db}, //噗
{0x5658, 0xe0d9}, //噘
{0x5659, 0xe0df}, //噙
{0x565c, 0xe0e0}, //噜
{0x5662, 0xe0de}, //噢
{0x5664, 0xe0e4}, //噤
{0x5668, 0xc6f7}, //器
{0x5669, 0xd8ac}, //噩
{0x566a, 0xd4eb}, //噪
{0x566b, 0xe0e6}, //噫
{0x566c, 0xcac9}, //噬
{0x5671, 0xe0e5}, //噱
{0x5676, 0xb8c1}, //噶
{0x567b, 0xe0e7}, //噻
{0x567c, 0xe0e8}, //噼
{0x5685, 0xe0e9}, //嚅
{0x5686, 0xe0e3}, //嚆
{0x568e, 0xbabf}, //嚎
{0x568f, 0xcce7}, //嚏
{0x5693, 0xe0ea}, //嚓
{0x56a3, 0xcff9}, //嚣
{0x56af, 0xe0eb}, //嚯
{0x56b7, 0xc8c2}, //嚷
{0x56bc, 0xbdc0}, //嚼
{0x56ca, 0xc4d2}, //囊
{0x56d4, 0xe0ec}, //囔
{0x56d7, 0xe0ed}, //囗
{0x56da, 0xc7f4}, //囚
{0x56db, 0xcbc4}, //四
{0x56dd, 0xe0ee}, //囝
{0x56de, 0xbbd8}, //回
{0x56df, 0xd8b6}, //囟
{0x56e0, 0xd2f2}, //因
{0x56e1, 0xe0ef}, //囡
{0x56e2, 0xcdc5}, //团
{0x56e4, 0xb6da}, //囤
{0x56eb, 0xe0f1}, //囫
{0x56ed, 0xd4b0}, //园
{0x56f0, 0xc0a7}, //困
{0x56f1, 0xb4d1}, //囱
{0x56f4, 0xcea7}, //围
{0x56f5, 0xe0f0}, //囵
{0x56f9, 0xe0f2}, //囹
{0x56fa, 0xb9cc}, //固
{0x56fd, 0xb9fa}, //国
{0x56fe, 0xcdbc}, //图
{0x56ff, 0xe0f3}, //囿
{0x5703, 0xc6d4}, //圃
{0x5704, 0xe0f4}, //圄
{0x5706, 0xd4b2}, //圆
{0x5708, 0xc8a6}, //圈
{0x5709, 0xe0f6}, //圉
{0x570a, 0xe0f5}, //圊
{0x571c, 0xe0f7}, //圜
{0x571f, 0xcdc1}, //土
{0x5723, 0xcaa5}, //圣
{0x5728, 0xd4da}, //在
{0x5729, 0xdbd7}, //圩
{0x572a, 0xdbd9}, //圪
{0x572c, 0xdbd8}, //圬
{0x572d, 0xb9e7}, //圭
{0x572e, 0xdbdc}, //圮
{0x572f, 0xdbdd}, //圯
{0x5730, 0xb5d8}, //地
{0x5733, 0xdbda}, //圳
{0x5739, 0xdbdb}, //圹
{0x573a, 0xb3a1}, //场
{0x573b, 0xdbdf}, //圻
{0x573e, 0xbbf8}, //圾
{0x5740, 0xd6b7}, //址
{0x5742, 0xdbe0}, //坂
{0x5747, 0xbef9}, //均
{0x574a, 0xb7bb}, //坊
{0x574c, 0xdbd0}, //坌
{0x574d, 0xccae}, //坍
{0x574e, 0xbfb2}, //坎
{0x574f, 0xbbb5}, //坏
{0x5750, 0xd7f8}, //坐
{0x5751, 0xbfd3}, //坑
{0x5757, 0xbfe9}, //块
{0x575a, 0xbce1}, //坚
{0x575b, 0xccb3}, //坛
{0x575c, 0xdbde}, //坜
{0x575d, 0xb0d3}, //坝
{0x575e, 0xceeb}, //坞
{0x575f, 0xb7d8}, //坟
{0x5760, 0xd7b9}, //坠
{0x5761, 0xc6c2}, //坡
{0x5764, 0xc0a4}, //坤
{0x5766, 0xccb9}, //坦
{0x5768, 0xdbe7}, //坨
{0x5769, 0xdbe1}, //坩
{0x576a, 0xc6ba}, //坪
{0x576b, 0xdbe3}, //坫
{0x576d, 0xdbe8}, //坭
{0x576f, 0xc5f7}, //坯
{0x5773, 0xdbea}, //坳
{0x5776, 0xdbe9}, //坶
{0x5777, 0xbfc0}, //坷
{0x577b, 0xdbe6}, //坻
{0x577c, 0xdbe5}, //坼
{0x5782, 0xb4b9}, //垂
{0x5783, 0xc0ac}, //垃
{0x5784, 0xc2a2}, //垄
{0x5785, 0xdbe2}, //垅
{0x5786, 0xdbe4}, //垆
{0x578b, 0xd0cd}, //型
{0x578c, 0xdbed}, //垌
{0x5792, 0xc0dd}, //垒
{0x5793, 0xdbf2}, //垓
{0x579b, 0xb6e2}, //垛
{0x57a0, 0xdbf3}, //垠
{0x57a1, 0xdbd2}, //垡
{0x57a2, 0xb9b8}, //垢
{0x57a3, 0xd4ab}, //垣
{0x57a4, 0xdbec}, //垤
{0x57a6, 0xbfd1}, //垦
{0x57a7, 0xdbf0}, //垧
{0x57a9, 0xdbd1}, //垩
{0x57ab, 0xb5e6}, //垫
{0x57ad, 0xdbeb}, //垭
{0x57ae, 0xbfe5}, //垮
{0x57b2, 0xdbee}, //垲
{0x57b4, 0xdbf1}, //垴
{0x57b8, 0xdbf9}, //垸
{0x57c2, 0xb9a1}, //埂
{0x57c3, 0xb0a3}, //埃
{0x57cb, 0xc2f1}, //埋
{0x57ce, 0xb3c7}, //城
{0x57cf, 0xdbef}, //埏
{0x57d2, 0xdbf8}, //埒
{0x57d4, 0xc6d2}, //埔
{0x57d5, 0xdbf4}, //埕
{0x57d8, 0xdbf5}, //埘
{0x57d9, 0xdbf7}, //埙
{0x57da, 0xdbf6}, //埚
{0x57dd, 0xdbfe}, //埝
{0x57df, 0xd3f2}, //域
{0x57e0, 0xb2ba}, //埠
{0x57e4, 0xdbfd}, //埤
{0x57ed, 0xdca4}, //埭
{0x57ef, 0xdbfb}, //埯
{0x57f4, 0xdbfa}, //埴
{0x57f8, 0xdbfc}, //埸
{0x57f9, 0xc5e0}, //培
{0x57fa, 0xbbf9}, //基
{0x57fd, 0xdca3}, //埽
{0x5800, 0xdca5}, //堀
{0x5802, 0xccc3}, //堂
{0x5806, 0xb6d1}, //堆
{0x5807, 0xddc0}, //堇
{0x580b, 0xdca1}, //堋
{0x580d, 0xdca2}, //堍
{0x5811, 0xc7b5}, //堑
{0x5815, 0xb6e9}, //堕
{0x5819, 0xdca7}, //堙
{0x581e, 0xdca6}, //堞
{0x5820, 0xdca9}, //堠
{0x5821, 0xb1a4}, //堡
{0x5824, 0xb5cc}, //堤
{0x582a, 0xbfb0}, //堪
{0x5830, 0xd1df}, //堰
{0x5835, 0xb6c2}, //堵
{0x5844, 0xdca8}, //塄
{0x584c, 0xcbfa}, //塌
{0x584d, 0xebf3}, //塍
{0x5851, 0xcbdc}, //塑
{0x5854, 0xcbfe}, //塔
{0x5858, 0xccc1}, //塘
{0x585e, 0xc8fb}, //塞
{0x5865, 0xdcaa}, //塥
{0x586b, 0xccee}, //填
{0x586c, 0xdcab}, //塬
{0x587e, 0xdbd3}, //塾
{0x5880, 0xdcaf}, //墀
{0x5881, 0xdcac}, //墁
{0x5883, 0xbeb3}, //境
{0x5885, 0xcafb}, //墅
{0x5889, 0xdcad}, //墉
{0x5892, 0xc9ca}, //墒
{0x5893, 0xc4b9}, //墓
{0x5899, 0xc7bd}, //墙
{0x589a, 0xdcae}, //墚
{0x589e, 0xd4f6}, //增
{0x589f, 0xd0e6}, //墟
{0x58a8, 0xc4ab}, //墨
{0x58a9, 0xb6d5}, //墩
{0x58bc, 0xdbd4}, //墼
{0x58c1, 0xb1da}, //壁
{0x58c5, 0xdbd5}, //壅
{0x58d1, 0xdbd6}, //壑
{0x58d5, 0xbabe}, //壕
{0x58e4, 0xc8c0}, //壤
{0x58eb, 0xcabf}, //士
{0x58ec, 0xc8c9}, //壬
{0x58ee, 0xd7b3}, //壮
{0x58f0, 0xc9f9}, //声
{0x58f3, 0xbfc7}, //壳
{0x58f6, 0xbaf8}, //壶
{0x58f9, 0xd2bc}, //壹
{0x5902, 0xe2ba}, //夂
{0x5904, 0xb4a6}, //处
{0x5907, 0xb1b8}, //备
{0x590d, 0xb8b4}, //复
{0x590f, 0xcfc4}, //夏
{0x5914, 0xd9e7}, //夔
{0x5915, 0xcfa6}, //夕
{0x5916, 0xcde2}, //外
{0x5919, 0xd9ed}, //夙
{0x591a, 0xb6e0}, //多
{0x591c, 0xd2b9}, //夜
{0x591f, 0xb9bb}, //够
{0x5924, 0xe2b9}, //夤
{0x5925, 0xe2b7}, //夥
{0x5927, 0xb4f3}, //大
{0x5929, 0xccec}, //天
{0x592a, 0xccab}, //太
{0x592b, 0xb7f2}, //夫
{0x592d, 0xd8b2}, //夭
{0x592e, 0xd1eb}, //央
{0x592f, 0xbabb}, //夯
{0x5931, 0xcaa7}, //失
{0x5934, 0xcdb7}, //头
{0x5937, 0xd2c4}, //夷
{0x5938, 0xbfe4}, //夸
{0x5939, 0xbcd0}, //夹
{0x593a, 0xb6e1}, //夺
{0x593c, 0xdec5}, //夼
{0x5941, 0xdec6}, //奁
{0x5942, 0xdbbc}, //奂
{0x5944, 0xd1d9}, //奄
{0x5947, 0xc6e6}, //奇
{0x5948, 0xc4ce}, //奈
{0x5949, 0xb7ee}, //奉
{0x594b, 0xb7dc}, //奋
{0x594e, 0xbffc}, //奎
{0x594f, 0xd7e0}, //奏
{0x5951, 0xc6f5}, //契
{0x5954, 0xb1bc}, //奔
{0x5955, 0xdec8}, //奕
{0x5956, 0xbdb1}, //奖
{0x5957, 0xccd7}, //套
{0x5958, 0xdeca}, //奘
{0x595a, 0xdec9}, //奚
{0x5960, 0xb5ec}, //奠
{0x5962, 0xc9dd}, //奢
{0x5965, 0xb0c2}, //奥
{0x5973, 0xc5ae}, //女
{0x5974, 0xc5ab}, //奴
{0x5976, 0xc4cc}, //奶
{0x5978, 0xbce9}, //奸
{0x5979, 0xcbfd}, //她
{0x597d, 0xbac3}, //好
{0x5981, 0xe5f9}, //妁
{0x5982, 0xc8e7}, //如
{0x5983, 0xe5fa}, //妃
{0x5984, 0xcdfd}, //妄
{0x5986, 0xd7b1}, //妆
{0x5987, 0xb8be}, //妇
{0x5988, 0xc2e8}, //妈
{0x598a, 0xc8d1}, //妊
{0x598d, 0xe5fb}, //妍
{0x5992, 0xb6ca}, //妒
{0x5993, 0xbccb}, //妓
{0x5996, 0xd1fd}, //妖
{0x5997, 0xe6a1}, //妗
{0x5999, 0xc3ee}, //妙
{0x599e, 0xe6a4}, //妞
{0x59a3, 0xe5fe}, //妣
{0x59a4, 0xe6a5}, //妤
{0x59a5, 0xcdd7}, //妥
{0x59a8, 0xb7c1}, //妨
{0x59a9, 0xe5fc}, //妩
{0x59aa, 0xe5fd}, //妪
{0x59ab, 0xe6a3}, //妫
{0x59ae, 0xc4dd}, //妮
{0x59af, 0xe6a8}, //妯
{0x59b2, 0xe6a7}, //妲
{0x59b9, 0xc3c3}, //妹
{0x59bb, 0xc6de}, //妻
{0x59be, 0xe6aa}, //妾
{0x59c6, 0xc4b7}, //姆
{0x59ca, 0xe6a2}, //姊
{0x59cb, 0xcabc}, //始
{0x59d0, 0xbde3}, //姐
{0x59d1, 0xb9c3}, //姑
{0x59d2, 0xe6a6}, //姒
{0x59d3, 0xd0d5}, //姓
{0x59d4, 0xceaf}, //委
{0x59d7, 0xe6a9}, //姗
{0x59d8, 0xe6b0}, //姘
{0x59da, 0xd2a6}, //姚
{0x59dc, 0xbdaa}, //姜
{0x59dd, 0xe6ad}, //姝
{0x59e3, 0xe6af}, //姣
{0x59e5, 0xc0d1}, //姥
{0x59e8, 0xd2cc}, //姨
{0x59ec, 0xbca7}, //姬
{0x59f9, 0xe6b1}, //姹
{0x59fb, 0xd2f6}, //姻
{0x59ff, 0xd7cb}, //姿
{0x5a01, 0xcdfe}, //威
{0x5a03, 0xcdde}, //娃
{0x5a04, 0xc2a6}, //娄
{0x5a05, 0xe6ab}, //娅
{0x5a06, 0xe6ac}, //娆
{0x5a07, 0xbdbf}, //娇
{0x5a08, 0xe6ae}, //娈
{0x5a09, 0xe6b3}, //娉
{0x5a0c, 0xe6b2}, //娌
{0x5a11, 0xe6b6}, //娑
{0x5a13, 0xe6b8}, //娓
{0x5a18, 0xc4ef}, //娘
{0x5a1c, 0xc4c8}, //娜
{0x5a1f, 0xbeea}, //娟
{0x5a20, 0xc9ef}, //娠
{0x5a23, 0xe6b7}, //娣
{0x5a25, 0xb6f0}, //娥
{0x5a29, 0xc3e4}, //娩
{0x5a31, 0xd3e9}, //娱
{0x5a32, 0xe6b4}, //娲
{0x5a34, 0xe6b5}, //娴
{0x5a36, 0xc8a2}, //娶
{0x5a3c, 0xe6bd}, //娼
{0x5a40, 0xe6b9}, //婀
{0x5a46, 0xc6c5}, //婆
{0x5a49, 0xcdf1}, //婉
{0x5a4a, 0xe6bb}, //婊
{0x5a55, 0xe6bc}, //婕
{0x5a5a, 0xbbe9}, //婚
{0x5a62, 0xe6be}, //婢
{0x5a67, 0xe6ba}, //婧
{0x5a6a, 0xc0b7}, //婪
{0x5a74, 0xd3a4}, //婴
{0x5a75, 0xe6bf}, //婵
{0x5a76, 0xc9f4}, //婶
{0x5a77, 0xe6c3}, //婷
{0x5a7a, 0xe6c4}, //婺
{0x5a7f, 0xd0f6}, //婿
{0x5a92, 0xc3bd}, //媒
{0x5a9a, 0xc3c4}, //媚
{0x5a9b, 0xe6c2}, //媛
{0x5aaa, 0xe6c1}, //媪
{0x5ab2, 0xe6c7}, //媲
{0x5ab3, 0xcfb1}, //媳
{0x5ab5, 0xebf4}, //媵
{0x5ab8, 0xe6ca}, //媸
{0x5abe, 0xe6c5}, //媾
{0x5ac1, 0xbcde}, //嫁
{0x5ac2, 0xc9a9}, //嫂
{0x5ac9, 0xbcb5}, //嫉
{0x5acc, 0xcfd3}, //嫌
{0x5ad2, 0xe6c8}, //嫒
{0x5ad4, 0xe6c9}, //嫔
{0x5ad6, 0xe6ce}, //嫖
{0x5ad8, 0xe6d0}, //嫘
{0x5adc, 0xe6d1}, //嫜
{0x5ae0, 0xe6cb}, //嫠
{0x5ae1, 0xb5d5}, //嫡
{0x5ae3, 0xe6cc}, //嫣
{0x5ae6, 0xe6cf}, //嫦
{0x5ae9, 0xc4db}, //嫩
{0x5aeb, 0xe6c6}, //嫫
{0x5af1, 0xe6cd}, //嫱
{0x5b09, 0xe6d2}, //嬉
{0x5b16, 0xe6d4}, //嬖
{0x5b17, 0xe6d3}, //嬗
{0x5b32, 0xe6d5}, //嬲
{0x5b34, 0xd9f8}, //嬴
{0x5b37, 0xe6d6}, //嬷
{0x5b40, 0xe6d7}, //孀
{0x5b50, 0xd7d3}, //子
{0x5b51, 0xe6dd}, //孑
{0x5b53, 0xe6de}, //孓
{0x5b54, 0xbfd7}, //孔
{0x5b55, 0xd4d0}, //孕
{0x5b57, 0xd7d6}, //字
{0x5b58, 0xb4e6}, //存
{0x5b59, 0xcbef}, //孙
{0x5b5a, 0xe6da}, //孚
{0x5b5b, 0xd8c3}, //孛
{0x5b5c, 0xd7ce}, //孜
{0x5b5d, 0xd0a2}, //孝
{0x5b5f, 0xc3cf}, //孟
{0x5b62, 0xe6df}, //孢
{0x5b63, 0xbcbe}, //季
{0x5b64, 0xb9c2}, //孤
{0x5b65, 0xe6db}, //孥
{0x5b66, 0xd1a7}, //学
{0x5b69, 0xbaa2}, //孩
{0x5b6a, 0xc2cf}, //孪
{0x5b6c, 0xd8ab}, //孬
{0x5b70, 0xcaeb}, //孰
{0x5b71, 0xe5ee}, //孱
{0x5b73, 0xe6dc}, //孳
{0x5b75, 0xb7f5}, //孵
{0x5b7a, 0xc8e6}, //孺
{0x5b7d, 0xc4f5}, //孽
{0x5b80, 0xe5b2}, //宀
{0x5b81, 0xc4fe}, //宁
{0x5b83, 0xcbfc}, //它
{0x5b84, 0xe5b3}, //宄
{0x5b85, 0xd5ac}, //宅
{0x5b87, 0xd3ee}, //宇
{0x5b88, 0xcad8}, //守
{0x5b89, 0xb0b2}, //安
{0x5b8b, 0xcbce}, //宋
{0x5b8c, 0xcdea}, //完
{0x5b8f, 0xbaea}, //宏
{0x5b93, 0xe5b5}, //宓
{0x5b95, 0xe5b4}, //宕
{0x5b97, 0xd7da}, //宗
{0x5b98, 0xb9d9}, //官
{0x5b99, 0xd6e6}, //宙
{0x5b9a, 0xb6a8}, //定
{0x5b9b, 0xcdf0}, //宛
{0x5b9c, 0xd2cb}, //宜
{0x5b9d, 0xb1a6}, //宝
{0x5b9e, 0xcab5}, //实
{0x5ba0, 0xb3e8}, //宠
{0x5ba1, 0xc9f3}, //审
{0x5ba2, 0xbfcd}, //客
{0x5ba3, 0xd0fb}, //宣
{0x5ba4, 0xcad2}, //室
{0x5ba5, 0xe5b6}, //宥
{0x5ba6, 0xbbc2}, //宦
{0x5baa, 0xcfdc}, //宪
{0x5bab, 0xb9ac}, //宫
{0x5bb0, 0xd4d7}, //宰
{0x5bb3, 0xbaa6}, //害
{0x5bb4, 0xd1e7}, //宴
{0x5bb5, 0xcffc}, //宵
{0x5bb6, 0xbcd2}, //家
{0x5bb8, 0xe5b7}, //宸
{0x5bb9, 0xc8dd}, //容
{0x5bbd, 0xbfed}, //宽
{0x5bbe, 0xb1f6}, //宾
{0x5bbf, 0xcbde}, //宿
{0x5bc2, 0xbcc5}, //寂
{0x5bc4, 0xbcc4}, //寄
{0x5bc5, 0xd2fa}, //寅
{0x5bc6, 0xc3dc}, //密
{0x5bc7, 0xbfdc}, //寇
{0x5bcc, 0xb8bb}, //富
{0x5bd0, 0xc3c2}, //寐
{0x5bd2, 0xbaae}, //寒
{0x5bd3, 0xd4a2}, //寓
{0x5bdd, 0xc7de}, //寝
{0x5bde, 0xc4af}, //寞
{0x5bdf, 0xb2ec}, //察
{0x5be1, 0xb9d1}, //寡
{0x5be4, 0xe5bb}, //寤
{0x5be5, 0xc1c8}, //寥
{0x5be8, 0xd5af}, //寨
{0x5bee, 0xe5bc}, //寮
{0x5bf0, 0xe5be}, //寰
{0x5bf8, 0xb4e7}, //寸
{0x5bf9, 0xb6d4}, //对
{0x5bfa, 0xcbc2}, //寺
{0x5bfb, 0xd1b0}, //寻
{0x5bfc, 0xb5bc}, //导
{0x5bff, 0xcad9}, //寿
{0x5c01, 0xb7e2}, //封
{0x5c04, 0xc9e4}, //射
{0x5c06, 0xbdab}, //将
{0x5c09, 0xcebe}, //尉
{0x5c0a, 0xd7f0}, //尊
{0x5c0f, 0xd0a1}, //小
{0x5c11, 0xc9d9}, //少
{0x5c14, 0xb6fb}, //尔
{0x5c15, 0xe6d8}, //尕
{0x5c16, 0xbce2}, //尖
{0x5c18, 0xb3be}, //尘
{0x5c1a, 0xc9d0}, //尚
{0x5c1c, 0xe6d9}, //尜
{0x5c1d, 0xb3a2}, //尝
{0x5c22, 0xdecc}, //尢
{0x5c24, 0xd3c8}, //尤
{0x5c25, 0xdecd}, //尥
{0x5c27, 0xd2a2}, //尧
{0x5c2c, 0xdece}, //尬
{0x5c31, 0xbecd}, //就
{0x5c34, 0xdecf}, //尴
{0x5c38, 0xcaac}, //尸
{0x5c39, 0xd2fc}, //尹
{0x5c3a, 0xb3df}, //尺
{0x5c3b, 0xe5ea}, //尻
{0x5c3c, 0xc4e1}, //尼
{0x5c3d, 0xbea1}, //尽
{0x5c3e, 0xceb2}, //尾
{0x5c3f, 0xc4f2}, //尿
{0x5c40, 0xbed6}, //局
{0x5c41, 0xc6a8}, //屁
{0x5c42, 0xb2e3}, //层
{0x5c45, 0xbed3}, //居
{0x5c48, 0xc7fc}, //屈
{0x5c49, 0xcceb}, //屉
{0x5c4a, 0xbdec}, //届
{0x5c4b, 0xcedd}, //屋
{0x5c4e, 0xcaba}, //屎
{0x5c4f, 0xc6c1}, //屏
{0x5c50, 0xe5ec}, //屐
{0x5c51, 0xd0bc}, //屑
{0x5c55, 0xd5b9}, //展
{0x5c59, 0xe5ed}, //屙
{0x5c5e, 0xcaf4}, //属
{0x5c60, 0xcdc0}, //屠
{0x5c61, 0xc2c5}, //屡
{0x5c63, 0xe5ef}, //屣
{0x5c65, 0xc2c4}, //履
{0x5c66, 0xe5f0}, //屦
{0x5c6e, 0xe5f8}, //屮
{0x5c6f, 0xcdcd}, //屯
{0x5c71, 0xc9bd}, //山
{0x5c79, 0xd2d9}, //屹
{0x5c7a, 0xe1a8}, //屺
{0x5c7f, 0xd3ec}, //屿
{0x5c81, 0xcbea}, //岁
{0x5c82, 0xc6f1}, //岂
{0x5c88, 0xe1ac}, //岈
{0x5c8c, 0xe1a7}, //岌
{0x5c8d, 0xe1a9}, //岍
{0x5c90, 0xe1aa}, //岐
{0x5c91, 0xe1af}, //岑
{0x5c94, 0xb2ed}, //岔
{0x5c96, 0xe1ab}, //岖
{0x5c97, 0xb8da}, //岗
{0x5c98, 0xe1ad}, //岘
{0x5c99, 0xe1ae}, //岙
{0x5c9a, 0xe1b0}, //岚
{0x5c9b, 0xb5ba}, //岛
{0x5c9c, 0xe1b1}, //岜
{0x5ca2, 0xe1b3}, //岢
{0x5ca3, 0xe1b8}, //岣
{0x5ca9, 0xd1d2}, //岩
{0x5cab, 0xe1b6}, //岫
{0x5cac, 0xe1b5}, //岬
{0x5cad, 0xc1eb}, //岭
{0x5cb1, 0xe1b7}, //岱
{0x5cb3, 0xd4c0}, //岳
{0x5cb5, 0xe1b2}, //岵
{0x5cb7, 0xe1ba}, //岷
{0x5cb8, 0xb0b6}, //岸
{0x5cbd, 0xe1b4}, //岽
{0x5cbf, 0xbff9}, //岿
{0x5cc1, 0xe1b9}, //峁
{0x5cc4, 0xe1bb}, //峄
{0x5ccb, 0xe1be}, //峋
{0x5cd2, 0xe1bc}, //峒
{0x5cd9, 0xd6c5}, //峙
{0x5ce1, 0xcfbf}, //峡
{0x5ce4, 0xe1bd}, //峤
{0x5ce5, 0xe1bf}, //峥
{0x5ce6, 0xc2cd}, //峦
{0x5ce8, 0xb6eb}, //峨
{0x5cea, 0xd3f8}, //峪
{0x5ced, 0xc7cd}, //峭
{0x5cf0, 0xb7e5}, //峰
{0x5cfb, 0xbefe}, //峻
{0x5d02, 0xe1c0}, //崂
{0x5d03, 0xe1c1}, //崃
{0x5d06, 0xe1c7}, //崆
{0x5d07, 0xb3e7}, //崇
{0x5d0e, 0xc6e9}, //崎
{0x5d14, 0xb4de}, //崔
{0x5d16, 0xd1c2}, //崖
{0x5d1b, 0xe1c8}, //崛
{0x5d1e, 0xe1c6}, //崞
{0x5d24, 0xe1c5}, //崤
{0x5d26, 0xe1c3}, //崦
{0x5d27, 0xe1c2}, //崧
{0x5d29, 0xb1c0}, //崩
{0x5d2d, 0xd5b8}, //崭
{0x5d2e, 0xe1c4}, //崮
{0x5d34, 0xe1cb}, //崴
{0x5d3d, 0xe1cc}, //崽
{0x5d3e, 0xe1ca}, //崾
{0x5d47, 0xeffa}, //嵇
{0x5d4a, 0xe1d3}, //嵊
{0x5d4b, 0xe1d2}, //嵋
{0x5d4c, 0xc7b6}, //嵌
{0x5d58, 0xe1c9}, //嵘
{0x5d5b, 0xe1ce}, //嵛
{0x5d5d, 0xe1d0}, //嵝
{0x5d69, 0xe1d4}, //嵩
{0x5d6b, 0xe1d1}, //嵫
{0x5d6c, 0xe1cd}, //嵬
{0x5d6f, 0xe1cf}, //嵯
{0x5d74, 0xe1d5}, //嵴
{0x5d82, 0xe1d6}, //嶂
{0x5d99, 0xe1d7}, //嶙
{0x5d9d, 0xe1d8}, //嶝
{0x5db7, 0xe1da}, //嶷
{0x5dc5, 0xe1db}, //巅
{0x5dcd, 0xcea1}, //巍
{0x5ddb, 0xe7dd}, //巛
{0x5ddd, 0xb4a8}, //川
{0x5dde, 0xd6dd}, //州
{0x5de1, 0xd1b2}, //巡
{0x5de2, 0xb3b2}, //巢
{0x5de5, 0xb9a4}, //工
{0x5de6, 0xd7f3}, //左
{0x5de7, 0xc7c9}, //巧
{0x5de8, 0xbede}, //巨
{0x5de9, 0xb9ae}, //巩
{0x5deb, 0xced7}, //巫
{0x5dee, 0xb2ee}, //差
{0x5def, 0xdbcf}, //巯
{0x5df1, 0xbcba}, //己
{0x5df2, 0xd2d1}, //已
{0x5df3, 0xcbc8}, //巳
{0x5df4, 0xb0cd}, //巴
{0x5df7, 0xcfef}, //巷
{0x5dfd, 0xd9e3}, //巽
{0x5dfe, 0xbded}, //巾
{0x5e01, 0xb1d2}, //币
{0x5e02, 0xcad0}, //市
{0x5e03, 0xb2bc}, //布
{0x5e05, 0xcba7}, //帅
{0x5e06, 0xb7ab}, //帆
{0x5e08, 0xcaa6}, //师
{0x5e0c, 0xcfa3}, //希
{0x5e0f, 0xe0f8}, //帏
{0x5e10, 0xd5ca}, //帐
{0x5e11, 0xe0fb}, //帑
{0x5e14, 0xe0fa}, //帔
{0x5e15, 0xc5c1}, //帕
{0x5e16, 0xccfb}, //帖
{0x5e18, 0xc1b1}, //帘
{0x5e19, 0xe0f9}, //帙
{0x5e1a, 0xd6e3}, //帚
{0x5e1b, 0xb2af}, //帛
{0x5e1c, 0xd6c4}, //帜
{0x5e1d, 0xb5db}, //帝
{0x5e26, 0xb4f8}, //带
{0x5e27, 0xd6a1}, //帧
{0x5e2d, 0xcfaf}, //席
{0x5e2e, 0xb0ef}, //帮
{0x5e31, 0xe0fc}, //帱
{0x5e37, 0xe1a1}, //帷
{0x5e38, 0xb3a3}, //常
{0x5e3b, 0xe0fd}, //帻
{0x5e3c, 0xe0fe}, //帼
{0x5e3d, 0xc3b1}, //帽
{0x5e42, 0xc3dd}, //幂
{0x5e44, 0xe1a2}, //幄
{0x5e45, 0xb7f9}, //幅
{0x5e4c, 0xbbcf}, //幌
{0x5e54, 0xe1a3}, //幔
{0x5e55, 0xc4bb}, //幕
{0x5e5b, 0xe1a4}, //幛
{0x5e5e, 0xe1a5}, //幞
{0x5e61, 0xe1a6}, //幡
{0x5e62, 0xb4b1}, //幢
{0x5e72, 0xb8c9}, //干
{0x5e73, 0xc6bd}, //平
{0x5e74, 0xc4ea}, //年
{0x5e76, 0xb2a2}, //并
{0x5e78, 0xd0d2}, //幸
{0x5e7a, 0xe7db}, //幺
{0x5e7b, 0xbbc3}, //幻
{0x5e7c, 0xd3d7}, //幼
{0x5e7d, 0xd3c4}, //幽
{0x5e7f, 0xb9e3}, //广
{0x5e80, 0xe2cf}, //庀
{0x5e84, 0xd7af}, //庄
{0x5e86, 0xc7ec}, //庆
{0x5e87, 0xb1d3}, //庇
{0x5e8a, 0xb4b2}, //床
{0x5e8b, 0xe2d1}, //庋
{0x5e8f, 0xd0f2}, //序
{0x5e90, 0xc2ae}, //庐
{0x5e91, 0xe2d0}, //庑
{0x5e93, 0xbfe2}, //库
{0x5e94, 0xd3a6}, //应
{0x5e95, 0xb5d7}, //底
{0x5e96, 0xe2d2}, //庖
{0x5e97, 0xb5ea}, //店
{0x5e99, 0xc3ed}, //庙
{0x5e9a, 0xb8fd}, //庚
{0x5e9c, 0xb8ae}, //府
{0x5e9e, 0xc5d3}, //庞
{0x5e9f, 0xb7cf}, //废
{0x5ea0, 0xe2d4}, //庠
{0x5ea5, 0xe2d3}, //庥
{0x5ea6, 0xb6c8}, //度
{0x5ea7, 0xd7f9}, //座
{0x5ead, 0xcda5}, //庭
{0x5eb3, 0xe2d8}, //庳
{0x5eb5, 0xe2d6}, //庵
{0x5eb6, 0xcafc}, //庶
{0x5eb7, 0xbfb5}, //康
{0x5eb8, 0xd3b9}, //庸
{0x5eb9, 0xe2d5}, //庹
{0x5ebe, 0xe2d7}, //庾
{0x5ec9, 0xc1ae}, //廉
{0x5eca, 0xc0c8}, //廊
{0x5ed1, 0xe2db}, //廑
{0x5ed2, 0xe2da}, //廒
{0x5ed3, 0xc0aa}, //廓
{0x5ed6, 0xc1ce}, //廖
{0x5edb, 0xe2dc}, //廛
{0x5ee8, 0xe2dd}, //廨
{0x5eea, 0xe2de}, //廪
{0x5ef4, 0xdbc8}, //廴
{0x5ef6, 0xd1d3}, //延
{0x5ef7, 0xcda2}, //廷
{0x5efa, 0xbda8}, //建
{0x5efe, 0xdec3}, //廾
{0x5eff, 0xd8a5}, //廿
{0x5f00, 0xbfaa}, //开
{0x5f01, 0xdbcd}, //弁
{0x5f02, 0xd2ec}, //异
{0x5f03, 0xc6fa}, //弃
{0x5f04, 0xc5aa}, //弄
{0x5f08, 0xdec4}, //弈
{0x5f0a, 0xb1d7}, //弊
{0x5f0b, 0xdfae}, //弋
{0x5f0f, 0xcabd}, //式
{0x5f11, 0xdfb1}, //弑
{0x5f13, 0xb9ad}, //弓
{0x5f15, 0xd2fd}, //引
{0x5f17, 0xb8a5}, //弗
{0x5f18, 0xbaeb}, //弘
{0x5f1b, 0xb3da}, //弛
{0x5f1f, 0xb5dc}, //弟
{0x5f20, 0xd5c5}, //张
{0x5f25, 0xc3d6}, //弥
{0x5f26, 0xcfd2}, //弦
{0x5f27, 0xbba1}, //弧
{0x5f29, 0xe5f3}, //弩
{0x5f2a, 0xe5f2}, //弪
{0x5f2d, 0xe5f4}, //弭
{0x5f2f, 0xcde4}, //弯
{0x5f31, 0xc8f5}, //弱
{0x5f39, 0xb5af}, //弹
{0x5f3a, 0xc7bf}, //强
{0x5f3c, 0xe5f6}, //弼
{0x5f40, 0xecb0}, //彀
{0x5f50, 0xe5e6}, //彐
{0x5f52, 0xb9e9}, //归
{0x5f53, 0xb5b1}, //当
{0x5f55, 0xc2bc}, //录
{0x5f56, 0xe5e8}, //彖
{0x5f57, 0xe5e7}, //彗
{0x5f58, 0xe5e9}, //彘
{0x5f5d, 0xd2cd}, //彝
{0x5f61, 0xe1ea}, //彡
{0x5f62, 0xd0ce}, //形
{0x5f64, 0xcdae}, //彤
{0x5f66, 0xd1e5}, //彦
{0x5f69, 0xb2ca}, //彩
{0x5f6a, 0xb1eb}, //彪
{0x5f6c, 0xb1f2}, //彬
{0x5f6d, 0xc5ed}, //彭
{0x5f70, 0xd5c3}, //彰
{0x5f71, 0xd3b0}, //影
{0x5f73, 0xe1dc}, //彳
{0x5f77, 0xe1dd}, //彷
{0x5f79, 0xd2db}, //役
{0x5f7b, 0xb3b9}, //彻
{0x5f7c, 0xb1cb}, //彼
{0x5f80, 0xcdf9}, //往
{0x5f81, 0xd5f7}, //征
{0x5f82, 0xe1de}, //徂
{0x5f84, 0xbeb6}, //径
{0x5f85, 0xb4fd}, //待
{0x5f87, 0xe1df}, //徇
{0x5f88, 0xbadc}, //很
{0x5f89, 0xe1e0}, //徉
{0x5f8a, 0xbbb2}, //徊
{0x5f8b, 0xc2c9}, //律
{0x5f8c, 0xe1e1}, //後
{0x5f90, 0xd0ec}, //徐
{0x5f92, 0xcdbd}, //徒
{0x5f95, 0xe1e2}, //徕
{0x5f97, 0xb5c3}, //得
{0x5f98, 0xc5c7}, //徘
{0x5f99, 0xe1e3}, //徙
{0x5f9c, 0xe1e4}, //徜
{0x5fa1, 0xd3f9}, //御
{0x5fa8, 0xe1e5}, //徨
{0x5faa, 0xd1ad}, //循
{0x5fad, 0xe1e6}, //徭
{0x5fae, 0xcea2}, //微
{0x5fb5, 0xe1e7}, //徵
{0x5fb7, 0xb5c2}, //德
{0x5fbc, 0xe1e8}, //徼
{0x5fbd, 0xbbd5}, //徽
{0x5fc3, 0xd0c4}, //心
{0x5fc4, 0xe2e0}, //忄
{0x5fc5, 0xb1d8}, //必
{0x5fc6, 0xd2e4}, //忆
{0x5fc9, 0xe2e1}, //忉
{0x5fcc, 0xbcc9}, //忌
{0x5fcd, 0xc8cc}, //忍
{0x5fcf, 0xe2e3}, //忏
{0x5fd0, 0xecfe}, //忐
{0x5fd1, 0xecfd}, //忑
{0x5fd2, 0xdfaf}, //忒
{0x5fd6, 0xe2e2}, //忖
{0x5fd7, 0xd6be}, //志
{0x5fd8, 0xcdfc}, //忘
{0x5fd9, 0xc3a6}, //忙
{0x5fdd, 0xe3c3}, //忝
{0x5fe0, 0xd6d2}, //忠
{0x5fe1, 0xe2e7}, //忡
{0x5fe4, 0xe2e8}, //忤
{0x5fe7, 0xd3c7}, //忧
{0x5fea, 0xe2ec}, //忪
{0x5feb, 0xbfec}, //快
{0x5fed, 0xe2ed}, //忭
{0x5fee, 0xe2e5}, //忮
{0x5ff1, 0xb3c0}, //忱
{0x5ff5, 0xc4ee}, //念
{0x5ff8, 0xe2ee}, //忸
{0x5ffb, 0xd0c3}, //忻
{0x5ffd, 0xbaf6}, //忽
{0x5ffe, 0xe2e9}, //忾
{0x5fff, 0xb7de}, //忿
{0x6000, 0xbbb3}, //怀
{0x6001, 0xccac}, //态
{0x6002, 0xcbcb}, //怂
{0x6003, 0xe2e4}, //怃
{0x6004, 0xe2e6}, //怄
{0x6005, 0xe2ea}, //怅
{0x6006, 0xe2eb}, //怆
{0x600a, 0xe2f7}, //怊
{0x600d, 0xe2f4}, //怍
{0x600e, 0xd4f5}, //怎
{0x600f, 0xe2f3}, //怏
{0x6012, 0xc5ad}, //怒
{0x6014, 0xd5fa}, //怔
{0x6015, 0xc5c2}, //怕
{0x6016, 0xb2c0}, //怖
{0x6019, 0xe2ef}, //怙
{0x601b, 0xe2f2}, //怛
{0x601c, 0xc1af}, //怜
{0x601d, 0xcbbc}, //思
{0x6020, 0xb5a1}, //怠
{0x6021, 0xe2f9}, //怡
{0x6025, 0xbcb1}, //急
{0x6026, 0xe2f1}, //怦
{0x6027, 0xd0d4}, //性
{0x6028, 0xd4b9}, //怨
{0x6029, 0xe2f5}, //怩
{0x602a, 0xb9d6}, //怪
{0x602b, 0xe2f6}, //怫
{0x602f, 0xc7d3}, //怯
{0x6035, 0xe2f0}, //怵
{0x603b, 0xd7dc}, //总
{0x603c, 0xeda1}, //怼
{0x603f, 0xe2f8}, //怿
{0x6041, 0xeda5}, //恁
{0x6042, 0xe2fe}, //恂
{0x6043, 0xcad1}, //恃
{0x604b, 0xc1b5}, //恋
{0x604d, 0xbbd0}, //恍
{0x6050, 0xbfd6}, //恐
{0x6052, 0xbae3}, //恒
{0x6055, 0xcba1}, //恕
{0x6059, 0xeda6}, //恙
{0x605a, 0xeda3}, //恚
{0x605d, 0xeda2}, //恝
{0x6062, 0xbbd6}, //恢
{0x6063, 0xeda7}, //恣
{0x6064, 0xd0f4}, //恤
{0x6067, 0xeda4}, //恧
{0x6068, 0xbade}, //恨
{0x6069, 0xb6f7}, //恩
{0x606a, 0xe3a1}, //恪
{0x606b, 0xb6b2}, //恫
{0x606c, 0xccf1}, //恬
{0x606d, 0xb9a7}, //恭
{0x606f, 0xcfa2}, //息
{0x6070, 0xc7a1}, //恰
{0x6073, 0xbfd2}, //恳
{0x6076, 0xb6f1}, //恶
{0x6078, 0xe2fa}, //恸
{0x6079, 0xe2fb}, //恹
{0x607a, 0xe2fd}, //恺
{0x607b, 0xe2fc}, //恻
{0x607c, 0xc4d5}, //恼
{0x607d, 0xe3a2}, //恽
{0x607f, 0xd3c1}, //恿
{0x6083, 0xe3a7}, //悃
{0x6084, 0xc7c4}, //悄
{0x6089, 0xcfa4}, //悉
{0x608c, 0xe3a9}, //悌
{0x608d, 0xbab7}, //悍
{0x6092, 0xe3a8}, //悒
{0x6094, 0xbbda}, //悔
{0x6096, 0xe3a3}, //悖
{0x609a, 0xe3a4}, //悚
{0x609b, 0xe3aa}, //悛
{0x609d, 0xe3a6}, //悝
{0x609f, 0xcef2}, //悟
{0x60a0, 0xd3c6}, //悠
{0x60a3, 0xbbbc}, //患
{0x60a6, 0xd4c3}, //悦
{0x60a8, 0xc4fa}, //您
{0x60ab, 0xeda8}, //悫
{0x60ac, 0xd0fc}, //悬
{0x60ad, 0xe3a5}, //悭
{0x60af, 0xc3f5}, //悯
{0x60b1, 0xe3ad}, //悱
{0x60b2, 0xb1af}, //悲
{0x60b4, 0xe3b2}, //悴
{0x60b8, 0xbcc2}, //悸
{0x60bb, 0xe3ac}, //悻
{0x60bc, 0xb5bf}, //悼
{0x60c5, 0xc7e9}, //情
{0x60c6, 0xe3b0}, //惆
{0x60ca, 0xbeaa}, //惊
{0x60cb, 0xcdef}, //惋
{0x60d1, 0xbbf3}, //惑
{0x60d5, 0xcce8}, //惕
{0x60d8, 0xe3af}, //惘
{0x60da, 0xe3b1}, //惚
{0x60dc, 0xcfa7}, //惜
{0x60dd, 0xe3ae}, //惝
{0x60df, 0xcea9}, //惟
{0x60e0, 0xbbdd}, //惠
{0x60e6, 0xb5eb}, //惦
{0x60e7, 0xbee5}, //惧
{0x60e8, 0xb2d2}, //惨
{0x60e9, 0xb3cd}, //惩
{0x60eb, 0xb1b9}, //惫
{0x60ec, 0xe3ab}, //惬
{0x60ed, 0xb2d1}, //惭
{0x60ee, 0xb5ac}, //惮
{0x60ef, 0xb9df}, //惯
{0x60f0, 0xb6e8}, //惰
{0x60f3, 0xcfeb}, //想
{0x60f4, 0xe3b7}, //惴
{0x60f6, 0xbbcc}, //惶
{0x60f9, 0xc8c7}, //惹
{0x60fa, 0xd0ca}, //惺
{0x6100, 0xe3b8}, //愀
{0x6101, 0xb3ee}, //愁
{0x6106, 0xeda9}, //愆
{0x6108, 0xd3fa}, //愈
{0x6109, 0xd3e4}, //愉
{0x610d, 0xedaa}, //愍
{0x610e, 0xe3b9}, //愎
{0x610f, 0xd2e2}, //意
{0x6115, 0xe3b5}, //愕
{0x611a, 0xd3de}, //愚
{0x611f, 0xb8d0}, //感
{0x6120, 0xe3b3}, //愠
{0x6123, 0xe3b6}, //愣
{0x6124, 0xb7df}, //愤
{0x6126, 0xe3b4}, //愦
{0x6127, 0xc0a2}, //愧
{0x612b, 0xe3ba}, //愫
{0x613f, 0xd4b8}, //愿
{0x6148, 0xb4c8}, //慈
{0x614a, 0xe3bb}, //慊
{0x614c, 0xbbc5}, //慌
{0x614e, 0xc9f7}, //慎
{0x6151, 0xc9e5}, //慑
{0x6155, 0xc4bd}, //慕
{0x615d, 0xedab}, //慝
{0x6162, 0xc2fd}, //慢
{0x6167, 0xbbdb}, //慧
{0x6168, 0xbfae}, //慨
{0x6170, 0xcebf}, //慰
{0x6175, 0xe3bc}, //慵
{0x6177, 0xbfb6}, //慷
{0x618b, 0xb1ef}, //憋
{0x618e, 0xd4f7}, //憎
{0x6194, 0xe3be}, //憔
{0x619d, 0xedad}, //憝
{0x61a7, 0xe3bf}, //憧
{0x61a8, 0xbaa9}, //憨
{0x61a9, 0xedac}, //憩
{0x61ac, 0xe3bd}, //憬
{0x61b7, 0xe3c0}, //憷
{0x61be, 0xbab6}, //憾
{0x61c2, 0xb6ae}, //懂
{0x61c8, 0xd0b8}, //懈
{0x61ca, 0xb0c3}, //懊
{0x61cb, 0xedae}, //懋
{0x61d1, 0xedaf}, //懑
{0x61d2, 0xc0c1}, //懒
{0x61d4, 0xe3c1}, //懔
{0x61e6, 0xc5b3}, //懦
{0x61f5, 0xe3c2}, //懵
{0x61ff, 0xdcb2}, //懿
{0x6206, 0xedb0}, //戆
{0x6208, 0xb8ea}, //戈
{0x620a, 0xceec}, //戊
{0x620b, 0xeaa7}, //戋
{0x620c, 0xd0e7}, //戌
{0x620d, 0xcaf9}, //戍
{0x620e, 0xc8d6}, //戎
{0x620f, 0xcfb7}, //戏
{0x6210, 0xb3c9}, //成
{0x6211, 0xced2}, //我
{0x6212, 0xbde4}, //戒
{0x6215, 0xe3de}, //戕
{0x6216, 0xbbf2}, //或
{0x6217, 0xeaa8}, //戗
{0x6218, 0xd5bd}, //战
{0x621a, 0xc6dd}, //戚
{0x621b, 0xeaa9}, //戛
{0x621f, 0xeaaa}, //戟
{0x6221, 0xeaac}, //戡
{0x6222, 0xeaab}, //戢
{0x6224, 0xeaae}, //戤
{0x6225, 0xeaad}, //戥
{0x622a, 0xbdd8}, //截
{0x622c, 0xeaaf}, //戬
{0x622e, 0xc2be}, //戮
{0x6233, 0xb4c1}, //戳
{0x6234, 0xb4f7}, //戴
{0x6237, 0xbba7}, //户
{0x623d, 0xece6}, //戽
{0x623e, 0xece5}, //戾
{0x623f, 0xb7bf}, //房
{0x6240, 0xcbf9}, //所
{0x6241, 0xb1e2}, //扁
{0x6243, 0xece7}, //扃
{0x6247, 0xc9c8}, //扇
{0x6248, 0xece8}, //扈
{0x6249, 0xece9}, //扉
{0x624b, 0xcad6}, //手
{0x624c, 0xded0}, //扌
{0x624d, 0xb2c5}, //才
{0x624e, 0xd4fa}, //扎
{0x6251, 0xc6cb}, //扑
{0x6252, 0xb0c7}, //扒
{0x6253, 0xb4f2}, //打
{0x6254, 0xc8d3}, //扔
{0x6258, 0xcdd0}, //托
{0x625b, 0xbfb8}, //扛
{0x6263, 0xbfdb}, //扣
{0x6266, 0xc7a4}, //扦
{0x6267, 0xd6b4}, //执
{0x6269, 0xc0a9}, //扩
{0x626a, 0xded1}, //扪
{0x626b, 0xc9a8}, //扫
{0x626c, 0xd1ef}, //扬
{0x626d, 0xc5a4}, //扭
{0x626e, 0xb0e7}, //扮
{0x626f, 0xb3b6}, //扯
{0x6270, 0xc8c5}, //扰
{0x6273, 0xb0e2}, //扳
{0x6276, 0xb7f6}, //扶
{0x6279, 0xc5fa}, //批
{0x627c, 0xb6f3}, //扼
{0x627e, 0xd5d2}, //找
{0x627f, 0xb3d0}, //承
{0x6280, 0xbcbc}, //技
{0x6284, 0xb3ad}, //抄
{0x6289, 0xbef1}, //抉
{0x628a, 0xb0d1}, //把
{0x6291, 0xd2d6}, //抑
{0x6292, 0xcae3}, //抒
{0x6293, 0xd7a5}, //抓
{0x6295, 0xcdb6}, //投
{0x6296, 0xb6b6}, //抖
{0x6297, 0xbfb9}, //抗
{0x6298, 0xd5db}, //折
{0x629a, 0xb8a7}, //抚
{0x629b, 0xc5d7}, //抛
{0x629f, 0xded2}, //抟
{0x62a0, 0xbfd9}, //抠
{0x62a1, 0xc2d5}, //抡
{0x62a2, 0xc7c0}, //抢
{0x62a4, 0xbba4}, //护
{0x62a5, 0xb1a8}, //报
{0x62a8, 0xc5ea}, //抨
{0x62ab, 0xc5fb}, //披
{0x62ac, 0xcca7}, //抬
{0x62b1, 0xb1a7}, //抱
{0x62b5, 0xb5d6}, //抵
{0x62b9, 0xc4a8}, //抹
{0x62bb, 0xded3}, //抻
{0x62bc, 0xd1ba}, //押
{0x62bd, 0xb3e9}, //抽
{0x62bf, 0xc3f2}, //抿
{0x62c2, 0xb7f7}, //拂
{0x62c4, 0xd6f4}, //拄
{0x62c5, 0xb5a3}, //担
{0x62c6, 0xb2f0}, //拆
{0x62c7, 0xc4b4}, //拇
{0x62c8, 0xc4e9}, //拈
{0x62c9, 0xc0ad}, //拉
{0x62ca, 0xded4}, //拊
{0x62cc, 0xb0e8}, //拌
{0x62cd, 0xc5c4}, //拍
{0x62ce, 0xc1e0}, //拎
{0x62d0, 0xb9d5}, //拐
{0x62d2, 0xbedc}, //拒
{0x62d3, 0xcdd8}, //拓
{0x62d4, 0xb0ce}, //拔
{0x62d6, 0xcdcf}, //拖
{0x62d7, 0xded6}, //拗
{0x62d8, 0xbed0}, //拘
{0x62d9, 0xd7be}, //拙
{0x62da, 0xded5}, //拚
{0x62db, 0xd5d0}, //招
{0x62dc, 0xb0dd}, //拜
{0x62df, 0xc4e2}, //拟
{0x62e2, 0xc2a3}, //拢
{0x62e3, 0xbcf0}, //拣
{0x62e5, 0xd3b5}, //拥
{0x62e6, 0xc0b9}, //拦
{0x62e7, 0xc5a1}, //拧
{0x62e8, 0xb2a6}, //拨
{0x62e9, 0xd4f1}, //择
{0x62ec, 0xc0a8}, //括
{0x62ed, 0xcac3}, //拭
{0x62ee, 0xded7}, //拮
{0x62ef, 0xd5fc}, //拯
{0x62f1, 0xb9b0}, //拱
{0x62f3, 0xc8ad}, //拳
{0x62f4, 0xcba9}, //拴
{0x62f6, 0xded9}, //拶
{0x62f7, 0xbfbd}, //拷
{0x62fc, 0xc6b4}, //拼
{0x62fd, 0xd7a7}, //拽
{0x62fe, 0xcab0}, //拾
{0x62ff, 0xc4c3}, //拿
{0x6301, 0xb3d6}, //持
{0x6302, 0xb9d2}, //挂
{0x6307, 0xd6b8}, //指
{0x6308, 0xeafc}, //挈
{0x6309, 0xb0b4}, //按
{0x630e, 0xbfe6}, //挎
{0x6311, 0xccf4}, //挑
{0x6316, 0xcdda}, //挖
{0x631a, 0xd6bf}, //挚
{0x631b, 0xc2ce}, //挛
{0x631d, 0xcece}, //挝
{0x631e, 0xcca2}, //挞
{0x631f, 0xd0ae}, //挟
{0x6320, 0xc4d3}, //挠
{0x6321, 0xb5b2}, //挡
{0x6322, 0xded8}, //挢
{0x6323, 0xd5f5}, //挣
{0x6324, 0xbcb7}, //挤
{0x6325, 0xbbd3}, //挥
{0x6328, 0xb0a4}, //挨
{0x632a, 0xc5b2}, //挪
{0x632b, 0xb4ec}, //挫
{0x632f, 0xd5f1}, //振
{0x6332, 0xeafd}, //挲
{0x6339, 0xdeda}, //挹
{0x633a, 0xcda6}, //挺
{0x633d, 0xcdec}, //挽
{0x6342, 0xcee6}, //捂
{0x6343, 0xdedc}, //捃
{0x6345, 0xcdb1}, //捅
{0x6346, 0xc0a6}, //捆
{0x6349, 0xd7bd}, //捉
{0x634b, 0xdedb}, //捋
{0x634c, 0xb0c6}, //捌
{0x634d, 0xbab4}, //捍
{0x634e, 0xc9d3}, //捎
{0x634f, 0xc4f3}, //捏
{0x6350, 0xbee8}, //捐
{0x6355, 0xb2b6}, //捕
{0x635e, 0xc0cc}, //捞
{0x635f, 0xcbf0}, //损
{0x6361, 0xbcf1}, //捡
{0x6362, 0xbbbb}, //换
{0x6363, 0xb5b7}, //捣
{0x6367, 0xc5f5}, //捧
{0x6369, 0xdee6}, //捩
{0x636d, 0xdee3}, //捭
{0x636e, 0xbedd}, //据
{0x6371, 0xdedf}, //捱
{0x6376, 0xb4b7}, //捶
{0x6377, 0xbddd}, //捷
{0x637a, 0xdee0}, //捺
{0x637b, 0xc4ed}, //捻
{0x6380, 0xcfc6}, //掀
{0x6382, 0xb5e0}, //掂
{0x6387, 0xb6de}, //掇
{0x6388, 0xcada}, //授
{0x6389, 0xb5f4}, //掉
{0x638a, 0xdee5}, //掊
{0x638c, 0xd5c6}, //掌
{0x638e, 0xdee1}, //掎
{0x638f, 0xcccd}, //掏
{0x6390, 0xc6fe}, //掐
{0x6392, 0xc5c5}, //排
{0x6396, 0xd2b4}, //掖
{0x6398, 0xbef2}, //掘
{0x63a0, 0xc2d3}, //掠
{0x63a2, 0xccbd}, //探
{0x63a3, 0xb3b8}, //掣
{0x63a5, 0xbdd3}, //接
{0x63a7, 0xbfd8}, //控
{0x63a8, 0xcdc6}, //推
{0x63a9, 0xd1da}, //掩
{0x63aa, 0xb4eb}, //措
{0x63ac, 0xdee4}, //掬
{0x63ad, 0xdedd}, //掭
{0x63ae, 0xdee7}, //掮
{0x63b0, 0xeafe}, //掰
{0x63b3, 0xc2b0}, //掳
{0x63b4, 0xdee2}, //掴
{0x63b7, 0xd6c0}, //掷
{0x63b8, 0xb5a7}, //掸
{0x63ba, 0xb2f4}, //掺
{0x63bc, 0xdee8}, //掼
{0x63be, 0xdef2}, //掾
{0x63c4, 0xdeed}, //揄
{0x63c6, 0xdef1}, //揆
{0x63c9, 0xc8e0}, //揉
{0x63cd, 0xd7e1}, //揍
{0x63ce, 0xdeef}, //揎
{0x63cf, 0xc3e8}, //描
{0x63d0, 0xcce1}, //提
{0x63d2, 0xb2e5}, //插
{0x63d6, 0xd2be}, //揖
{0x63de, 0xdeee}, //揞
{0x63e0, 0xdeeb}, //揠
{0x63e1, 0xced5}, //握
{0x63e3, 0xb4a7}, //揣
{0x63e9, 0xbfab}, //揩
{0x63ea, 0xbebe}, //揪
{0x63ed, 0xbdd2}, //揭
{0x63f2, 0xdee9}, //揲
{0x63f4, 0xd4ae}, //援
{0x63f6, 0xdede}, //揶
{0x63f8, 0xdeea}, //揸
{0x63fd, 0xc0bf}, //揽
{0x63ff, 0xdeec}, //揿
{0x6400, 0xb2f3}, //搀
{0x6401, 0xb8e9}, //搁
{0x6402, 0xc2a7}, //搂
{0x6405, 0xbdc1}, //搅
{0x640b, 0xdef5}, //搋
{0x640c, 0xdef8}, //搌
{0x640f, 0xb2ab}, //搏
{0x6410, 0xb4a4}, //搐
{0x6413, 0xb4ea}, //搓
{0x6414, 0xc9a6}, //搔
{0x641b, 0xdef6}, //搛
{0x641c, 0xcbd1}, //搜
{0x641e, 0xb8e3}, //搞
{0x6420, 0xdef7}, //搠
{0x6421, 0xdefa}, //搡
{0x6426, 0xdef9}, //搦
{0x642a, 0xccc2}, //搪
{0x642c, 0xb0e1}, //搬
{0x642d, 0xb4ee}, //搭
{0x6434, 0xe5ba}, //搴
{0x643a, 0xd0af}, //携
{0x643d, 0xb2eb}, //搽
{0x643f, 0xeba1}, //搿
{0x6441, 0xdef4}, //摁
{0x6444, 0xc9e3}, //摄
{0x6445, 0xdef3}, //摅
{0x6446, 0xb0da}, //摆
{0x6447, 0xd2a1}, //摇
{0x6448, 0xb1f7}, //摈
{0x644a, 0xccaf}, //摊
{0x6452, 0xdef0}, //摒
{0x6454, 0xcba4}, //摔
{0x6458, 0xd5aa}, //摘
{0x645e, 0xdefb}, //摞
{0x6467, 0xb4dd}, //摧
{0x6469, 0xc4a6}, //摩
{0x646d, 0xdefd}, //摭
{0x6478, 0xc3fe}, //摸
{0x6479, 0xc4a1}, //摹
{0x647a, 0xdfa1}, //摺
{0x6482, 0xc1cc}, //撂
{0x6484, 0xdefc}, //撄
{0x6485, 0xbeef}, //撅
{0x6487, 0xc6b2}, //撇
{0x6491, 0xb3c5}, //撑
{0x6492, 0xc8f6}, //撒
{0x6495, 0xcbba}, //撕
{0x6496, 0xdefe}, //撖
{0x6499, 0xdfa4}, //撙
{0x649e, 0xd7b2}, //撞
{0x64a4, 0xb3b7}, //撤
{0x64a9, 0xc1c3}, //撩
{0x64ac, 0xc7cb}, //撬
{0x64ad, 0xb2a5}, //播
{0x64ae, 0xb4e9}, //撮
{0x64b0, 0xd7ab}, //撰
{0x64b5, 0xc4ec}, //撵
{0x64b7, 0xdfa2}, //撷
{0x64b8, 0xdfa3}, //撸
{0x64ba, 0xdfa5}, //撺
{0x64bc, 0xbab3}, //撼
{0x64c0, 0xdfa6}, //擀
{0x64c2, 0xc0de}, //擂
{0x64c5, 0xc9c3}, //擅
{0x64cd, 0xb2d9}, //操
{0x64ce, 0xc7e6}, //擎
{0x64d0, 0xdfa7}, //擐
{0x64d2, 0xc7dc}, //擒
{0x64d7, 0xdfa8}, //擗
{0x64d8, 0xeba2}, //擘
{0x64de, 0xcbd3}, //擞
{0x64e2, 0xdfaa}, //擢
{0x64e4, 0xdfa9}, //擤
{0x64e6, 0xb2c1}, //擦
{0x6500, 0xc5ca}, //攀
{0x6509, 0xdfab}, //攉
{0x6512, 0xd4dc}, //攒
{0x6518, 0xc8c1}, //攘
{0x6525, 0xdfac}, //攥
{0x652b, 0xbef0}, //攫
{0x652e, 0xdfad}, //攮
{0x652f, 0xd6a7}, //支
{0x6534, 0xeab7}, //攴
{0x6535, 0xebb6}, //攵
{0x6536, 0xcad5}, //收
{0x6538, 0xd8fc}, //攸
{0x6539, 0xb8c4}, //改
{0x653b, 0xb9a5}, //攻
{0x653e, 0xb7c5}, //放
{0x653f, 0xd5fe}, //政
{0x6545, 0xb9ca}, //故
{0x6548, 0xd0a7}, //效
{0x6549, 0xf4cd}, //敉
{0x654c, 0xb5d0}, //敌
{0x654f, 0xc3f4}, //敏
{0x6551, 0xbec8}, //救
{0x6555, 0xebb7}, //敕
{0x6556, 0xb0bd}, //敖
{0x6559, 0xbdcc}, //教
{0x655b, 0xc1b2}, //敛
{0x655d, 0xb1d6}, //敝
{0x655e, 0xb3a8}, //敞
{0x6562, 0xb8d2}, //敢
{0x6563, 0xc9a2}, //散
{0x6566, 0xb6d8}, //敦
{0x656b, 0xebb8}, //敫
{0x656c, 0xbeb4}, //敬
{0x6570, 0xcafd}, //数
{0x6572, 0xc7c3}, //敲
{0x6574, 0xd5fb}, //整
{0x6577, 0xb7f3}, //敷
{0x6587, 0xcec4}, //文
{0x658b, 0xd5ab}, //斋
{0x658c, 0xb1f3}, //斌
{0x6590, 0xecb3}, //斐
{0x6591, 0xb0df}, //斑
{0x6593, 0xecb5}, //斓
{0x6597, 0xb6b7}, //斗
{0x6599, 0xc1cf}, //料
{0x659b, 0xf5fa}, //斛
{0x659c, 0xd0b1}, //斜
{0x659f, 0xd5e5}, //斟
{0x65a1, 0xced3}, //斡
{0x65a4, 0xbdef}, //斤
{0x65a5, 0xb3e2}, //斥
{0x65a7, 0xb8ab}, //斧
{0x65a9, 0xd5b6}, //斩
{0x65ab, 0xedbd}, //斫
{0x65ad, 0xb6cf}, //断
{0x65af, 0xcbb9}, //斯
{0x65b0, 0xd0c2}, //新
{0x65b9, 0xb7bd}, //方
{0x65bc, 0xecb6}, //於
{0x65bd, 0xcaa9}, //施
{0x65c1, 0xc5d4}, //旁
{0x65c3, 0xecb9}, //旃
{0x65c4, 0xecb8}, //旄
{0x65c5, 0xc2c3}, //旅
{0x65c6, 0xecb7}, //旆
{0x65cb, 0xd0fd}, //旋
{0x65cc, 0xecba}, //旌
{0x65ce, 0xecbb}, //旎
{0x65cf, 0xd7e5}, //族
{0x65d2, 0xecbc}, //旒
{0x65d6, 0xecbd}, //旖
{0x65d7, 0xc6ec}, //旗
{0x65e0, 0xcede}, //无
{0x65e2, 0xbcc8}, //既
{0x65e5, 0xc8d5}, //日
{0x65e6, 0xb5a9}, //旦
{0x65e7, 0xbec9}, //旧
{0x65e8, 0xd6bc}, //旨
{0x65e9, 0xd4e7}, //早
{0x65ec, 0xd1ae}, //旬
{0x65ed, 0xd0f1}, //旭
{0x65ee, 0xeab8}, //旮
{0x65ef, 0xeab9}, //旯
{0x65f0, 0xeaba}, //旰
{0x65f1, 0xbab5}, //旱
{0x65f6, 0xcab1}, //时
{0x65f7, 0xbff5}, //旷
{0x65fa, 0xcdfa}, //旺
{0x6600, 0xeac0}, //昀
{0x6602, 0xb0ba}, //昂
{0x6603, 0xeabe}, //昃
{0x6606, 0xc0a5}, //昆
{0x660a, 0xeabb}, //昊
{0x660c, 0xb2fd}, //昌
{0x660e, 0xc3f7}, //明
{0x660f, 0xbbe8}, //昏
{0x6613, 0xd2d7}, //易
{0x6614, 0xcef4}, //昔
{0x6615, 0xeabf}, //昕
{0x6619, 0xeabc}, //昙
{0x661d, 0xeac3}, //昝
{0x661f, 0xd0c7}, //星
{0x6620, 0xd3b3}, //映
{0x6625, 0xb4ba}, //春
{0x6627, 0xc3c1}, //昧
{0x6628, 0xd7f2}, //昨
{0x662d, 0xd5d1}, //昭
{0x662f, 0xcac7}, //是
{0x6631, 0xeac5}, //昱
{0x6634, 0xeac4}, //昴
{0x6635, 0xeac7}, //昵
{0x6636, 0xeac6}, //昶
{0x663c, 0xd6e7}, //昼
{0x663e, 0xcfd4}, //显
{0x6641, 0xeacb}, //晁
{0x6643, 0xbbce}, //晃
{0x664b, 0xbdfa}, //晋
{0x664c, 0xc9ce}, //晌
{0x664f, 0xeacc}, //晏
{0x6652, 0xc9b9}, //晒
{0x6653, 0xcffe}, //晓
{0x6654, 0xeaca}, //晔
{0x6655, 0xd4ce}, //晕
{0x6656, 0xeacd}, //晖
{0x6657, 0xeacf}, //晗
{0x665a, 0xcded}, //晚
{0x665f, 0xeac9}, //晟
{0x6661, 0xeace}, //晡
{0x6664, 0xceee}, //晤
{0x6666, 0xbbde}, //晦
{0x6668, 0xb3bf}, //晨
{0x666e, 0xc6d5}, //普
{0x666f, 0xbeb0}, //景
{0x6670, 0xcefa}, //晰
{0x6674, 0xc7e7}, //晴
{0x6676, 0xbea7}, //晶
{0x6677, 0xead0}, //晷
{0x667a, 0xd6c7}, //智
{0x667e, 0xc1c0}, //晾
{0x6682, 0xd4dd}, //暂
{0x6684, 0xead1}, //暄
{0x6687, 0xcfbe}, //暇
{0x668c, 0xead2}, //暌
{0x6691, 0xcaee}, //暑
{0x6696, 0xc5af}, //暖
{0x6697, 0xb0b5}, //暗
{0x669d, 0xead4}, //暝
{0x66a7, 0xead3}, //暧
{0x66a8, 0xf4df}, //暨
{0x66ae, 0xc4ba}, //暮
{0x66b4, 0xb1a9}, //暴
{0x66b9, 0xe5df}, //暹
{0x66be, 0xead5}, //暾
{0x66d9, 0xcaef}, //曙
{0x66db, 0xead6}, //曛
{0x66dc, 0xead7}, //曜
{0x66dd, 0xc6d8}, //曝
{0x66e6, 0xead8}, //曦
{0x66e9, 0xead9}, //曩
{0x66f0, 0xd4bb}, //曰
{0x66f2, 0xc7fa}, //曲
{0x66f3, 0xd2b7}, //曳
{0x66f4, 0xb8fc}, //更
{0x66f7, 0xeac2}, //曷
{0x66f9, 0xb2dc}, //曹
{0x66fc, 0xc2fc}, //曼
{0x66fe, 0xd4f8}, //曾
{0x66ff, 0xcce6}, //替
{0x6700, 0xd7ee}, //最
{0x6708, 0xd4c2}, //月
{0x6709, 0xd3d0}, //有
{0x670a, 0xebc3}, //朊
{0x670b, 0xc5f3}, //朋
{0x670d, 0xb7fe}, //服
{0x6710, 0xebd4}, //朐
{0x6714, 0xcbb7}, //朔
{0x6715, 0xebde}, //朕
{0x6717, 0xc0ca}, //朗
{0x671b, 0xcdfb}, //望
{0x671d, 0xb3af}, //朝
{0x671f, 0xc6da}, //期
{0x6726, 0xebfc}, //朦
{0x6728, 0xc4be}, //木
{0x672a, 0xceb4}, //未
{0x672b, 0xc4a9}, //末
{0x672c, 0xb1be}, //本
{0x672d, 0xd4fd}, //札
{0x672f, 0xcaf5}, //术
{0x6731, 0xd6ec}, //朱
{0x6734, 0xc6d3}, //朴
{0x6735, 0xb6e4}, //朵
{0x673a, 0xbbfa}, //机
{0x673d, 0xd0e0}, //朽
{0x6740, 0xc9b1}, //杀
{0x6742, 0xd4d3}, //杂
{0x6743, 0xc8a8}, //权
{0x6746, 0xb8cb}, //杆
{0x6748, 0xe8be}, //杈
{0x6749, 0xc9bc}, //杉
{0x674c, 0xe8bb}, //杌
{0x674e, 0xc0ee}, //李
{0x674f, 0xd0d3}, //杏
{0x6750, 0xb2c4}, //材
{0x6751, 0xb4e5}, //村
{0x6753, 0xe8bc}, //杓
{0x6756, 0xd5c8}, //杖
{0x675c, 0xb6c5}, //杜
{0x675e, 0xe8bd}, //杞
{0x675f, 0xcaf8}, //束
{0x6760, 0xb8dc}, //杠
{0x6761, 0xccf5}, //条
{0x6765, 0xc0b4}, //来
{0x6768, 0xd1ee}, //杨
{0x6769, 0xe8bf}, //杩
{0x676a, 0xe8c2}, //杪
{0x676d, 0xbabc}, //杭
{0x676f, 0xb1ad}, //杯
{0x6770, 0xbddc}, //杰
{0x6772, 0xeabd}, //杲
{0x6773, 0xe8c3}, //杳
{0x6775, 0xe8c6}, //杵
{0x6777, 0xe8cb}, //杷
{0x677c, 0xe8cc}, //杼
{0x677e, 0xcbc9}, //松
{0x677f, 0xb0e5}, //板
{0x6781, 0xbcab}, //极
{0x6784, 0xb9b9}, //构
{0x6787, 0xe8c1}, //枇
{0x6789, 0xcdf7}, //枉
{0x678b, 0xe8ca}, //枋
{0x6790, 0xcef6}, //析
{0x6795, 0xd5ed}, //枕
{0x6797, 0xc1d6}, //林
{0x6798, 0xe8c4}, //枘
{0x679a, 0xc3b6}, //枚
{0x679c, 0xb9fb}, //果
{0x679d, 0xd6a6}, //枝
{0x679e, 0xe8c8}, //枞
{0x67a2, 0xcae0}, //枢
{0x67a3, 0xd4e6}, //枣
{0x67a5, 0xe8c0}, //枥
{0x67a7, 0xe8c5}, //枧
{0x67a8, 0xe8c7}, //枨
{0x67aa, 0xc7b9}, //枪
{0x67ab, 0xb7e3}, //枫
{0x67ad, 0xe8c9}, //枭
{0x67af, 0xbfdd}, //枯
{0x67b0, 0xe8d2}, //枰
{0x67b3, 0xe8d7}, //枳
{0x67b5, 0xe8d5}, //枵
{0x67b6, 0xbcdc}, //架
{0x67b7, 0xbccf}, //枷
{0x67b8, 0xe8db}, //枸
{0x67c1, 0xe8de}, //柁
{0x67c3, 0xe8da}, //柃
{0x67c4, 0xb1fa}, //柄
{0x67cf, 0xb0d8}, //柏
{0x67d0, 0xc4b3}, //某
{0x67d1, 0xb8cc}, //柑
{0x67d2, 0xc6e2}, //柒
{0x67d3, 0xc8be}, //染
{0x67d4, 0xc8e1}, //柔
{0x67d8, 0xe8cf}, //柘
{0x67d9, 0xe8d4}, //柙
{0x67da, 0xe8d6}, //柚
{0x67dc, 0xb9f1}, //柜
{0x67dd, 0xe8d8}, //柝
{0x67de, 0xd7f5}, //柞
{0x67e0, 0xc4fb}, //柠
{0x67e2, 0xe8dc}, //柢
{0x67e5, 0xb2e9}, //查
{0x67e9, 0xe8d1}, //柩
{0x67ec, 0xbced}, //柬
{0x67ef, 0xbfc2}, //柯
{0x67f0, 0xe8cd}, //柰
{0x67f1, 0xd6f9}, //柱
{0x67f3, 0xc1f8}, //柳
{0x67f4, 0xb2f1}, //柴
{0x67fd, 0xe8df}, //柽
{0x67ff, 0xcac1}, //柿
{0x6800, 0xe8d9}, //栀
{0x6805, 0xd5a4}, //栅
{0x6807, 0xb1ea}, //标
{0x6808, 0xd5bb}, //栈
{0x6809, 0xe8ce}, //栉
{0x680a, 0xe8d0}, //栊
{0x680b, 0xb6b0}, //栋
{0x680c, 0xe8d3}, //栌
{0x680e, 0xe8dd}, //栎
{0x680f, 0xc0b8}, //栏
{0x6811, 0xcaf7}, //树
{0x6813, 0xcba8}, //栓
{0x6816, 0xc6dc}, //栖
{0x6817, 0xc0f5}, //栗
{0x681d, 0xe8e9}, //栝
{0x6821, 0xd0a3}, //校
{0x6829, 0xe8f2}, //栩
{0x682a, 0xd6ea}, //株
{0x6832, 0xe8e0}, //栲
{0x6833, 0xe8e1}, //栳
{0x6837, 0xd1f9}, //样
{0x6838, 0xbacb}, //核
{0x6839, 0xb8f9}, //根
{0x683c, 0xb8f1}, //格
{0x683d, 0xd4d4}, //栽
{0x683e, 0xe8ef}, //栾
{0x6840, 0xe8ee}, //桀
{0x6841, 0xe8ec}, //桁
{0x6842, 0xb9f0}, //桂
{0x6843, 0xccd2}, //桃
{0x6844, 0xe8e6}, //桄
{0x6845, 0xcea6}, //桅
{0x6846, 0xbff2}, //框
{0x6848, 0xb0b8}, //案
{0x6849, 0xe8f1}, //桉
{0x684a, 0xe8f0}, //桊
{0x684c, 0xd7c0}, //桌
{0x684e, 0xe8e4}, //桎
{0x6850, 0xcda9}, //桐
{0x6851, 0xc9a3}, //桑
{0x6853, 0xbbb8}, //桓
{0x6854, 0xbddb}, //桔
{0x6855, 0xe8ea}, //桕
{0x6860, 0xe8e2}, //桠
{0x6861, 0xe8e3}, //桡
{0x6862, 0xe8e5}, //桢
{0x6863, 0xb5b5}, //档
{0x6864, 0xe8e7}, //桤
{0x6865, 0xc7c5}, //桥
{0x6866, 0xe8eb}, //桦
{0x6867, 0xe8ed}, //桧
{0x6868, 0xbdb0}, //桨
{0x6869, 0xd7ae}, //桩
{0x686b, 0xe8f8}, //桫
{0x6874, 0xe8f5}, //桴
{0x6876, 0xcdb0}, //桶
{0x6877, 0xe8f6}, //桷
{0x6881, 0xc1ba}, //梁
{0x6883, 0xe8e8}, //梃
{0x6885, 0xc3b7}, //梅
{0x6886, 0xb0f0}, //梆
{0x688f, 0xe8f4}, //梏
{0x6893, 0xe8f7}, //梓
{0x6897, 0xb9a3}, //梗
{0x68a2, 0xc9d2}, //梢
{0x68a6, 0xc3ce}, //梦
{0x68a7, 0xcee0}, //梧
{0x68a8, 0xc0e6}, //梨
{0x68ad, 0xcbf3}, //梭
{0x68af, 0xccdd}, //梯
{0x68b0, 0xd0b5}, //械
{0x68b3, 0xcae1}, //梳
{0x68b5, 0xe8f3}, //梵
{0x68c0, 0xbcec}, //检
{0x68c2, 0xe8f9}, //棂
{0x68c9, 0xc3de}, //棉
{0x68cb, 0xc6e5}, //棋
{0x68cd, 0xb9f7}, //棍
{0x68d2, 0xb0f4}, //棒
{0x68d5, 0xd7d8}, //棕
{0x68d8, 0xbcac}, //棘
{0x68da, 0xc5ef}, //棚
{0x68e0, 0xccc4}, //棠
{0x68e3, 0xe9a6}, //棣
{0x68ee, 0xc9ad}, //森
{0x68f0, 0xe9a2}, //棰
{0x68f1, 0xc0e2}, //棱
{0x68f5, 0xbfc3}, //棵
{0x68f9, 0xe8fe}, //棹
{0x68fa, 0xb9d7}, //棺
{0x68fc, 0xe8fb}, //棼
{0x6901, 0xe9a4}, //椁
{0x6905, 0xd2ce}, //椅
{0x690b, 0xe9a3}, //椋
{0x690d, 0xd6b2}, //植
{0x690e, 0xd7b5}, //椎
{0x6910, 0xe9a7}, //椐
{0x6912, 0xbdb7}, //椒
{0x691f, 0xe8fc}, //椟
{0x6920, 0xe8fd}, //椠
{0x6924, 0xe9a1}, //椤
{0x692d, 0xcdd6}, //椭
{0x6930, 0xd2ac}, //椰
{0x6934, 0xe9b2}, //椴
{0x6939, 0xe9a9}, //椹
{0x693d, 0xb4aa}, //椽
{0x693f, 0xb4bb}, //椿
{0x6942, 0xe9ab}, //楂
{0x6954, 0xd0a8}, //楔
{0x6957, 0xe9a5}, //楗
{0x695a, 0xb3fe}, //楚
{0x695d, 0xe9ac}, //楝
{0x695e, 0xc0e3}, //楞
{0x6960, 0xe9aa}, //楠
{0x6963, 0xe9b9}, //楣
{0x6966, 0xe9b8}, //楦
{0x696b, 0xe9ae}, //楫
{0x696e, 0xe8fa}, //楮
{0x6971, 0xe9a8}, //楱
{0x6977, 0xbfac}, //楷
{0x6978, 0xe9b1}, //楸
{0x6979, 0xe9ba}, //楹
{0x697c, 0xc2a5}, //楼
{0x6980, 0xe9af}, //榀
{0x6982, 0xb8c5}, //概
{0x6984, 0xe9ad}, //榄
{0x6986, 0xd3dc}, //榆
{0x6987, 0xe9b4}, //榇
{0x6988, 0xe9b5}, //榈
{0x6989, 0xe9b7}, //榉
{0x698d, 0xe9c7}, //榍
{0x6994, 0xc0c6}, //榔
{0x6995, 0xe9c5}, //榕
{0x6998, 0xe9b0}, //榘
{0x699b, 0xe9bb}, //榛
{0x699c, 0xb0f1}, //榜
{0x69a7, 0xe9bc}, //榧
{0x69a8, 0xd5a5}, //榨
{0x69ab, 0xe9be}, //榫
{0x69ad, 0xe9bf}, //榭
{0x69b1, 0xe9c1}, //榱
{0x69b4, 0xc1f1}, //榴
{0x69b7, 0xc8b6}, //榷
{0x69bb, 0xe9bd}, //榻
{0x69c1, 0xe9c2}, //槁
{0x69ca, 0xe9c3}, //槊
{0x69cc, 0xe9b3}, //槌
{0x69ce, 0xe9b6}, //槎
{0x69d0, 0xbbb1}, //槐
{0x69d4, 0xe9c0}, //槔
{0x69db, 0xbcf7}, //槛
{0x69df, 0xe9c4}, //槟
{0x69e0, 0xe9c6}, //槠
{0x69ed, 0xe9ca}, //槭
{0x69f2, 0xe9ce}, //槲
{0x69fd, 0xb2db}, //槽
{0x69ff, 0xe9c8}, //槿
{0x6a0a, 0xb7ae}, //樊
{0x6a17, 0xe9cb}, //樗
{0x6a18, 0xe9cc}, //樘
{0x6a1f, 0xd5c1}, //樟
{0x6a21, 0xc4a3}, //模
{0x6a28, 0xe9d8}, //樨
{0x6a2a, 0xbae1}, //横
{0x6a2f, 0xe9c9}, //樯
{0x6a31, 0xd3a3}, //樱
{0x6a35, 0xe9d4}, //樵
{0x6a3d, 0xe9d7}, //樽
{0x6a3e, 0xe9d0}, //樾
{0x6a44, 0xe9cf}, //橄
{0x6a47, 0xc7c1}, //橇
{0x6a50, 0xe9d2}, //橐
{0x6a58, 0xe9d9}, //橘
{0x6a59, 0xb3c8}, //橙
{0x6a5b, 0xe9d3}, //橛
{0x6a61, 0xcff0}, //橡
{0x6a65, 0xe9cd}, //橥
{0x6a71, 0xb3f7}, //橱
{0x6a79, 0xe9d6}, //橹
{0x6a7c, 0xe9da}, //橼
{0x6a80, 0xccb4}, //檀
{0x6a84, 0xcfad}, //檄
{0x6a8e, 0xe9d5}, //檎
{0x6a90, 0xe9dc}, //檐
{0x6a91, 0xe9db}, //檑
{0x6a97, 0xe9de}, //檗
{0x6aa0, 0xe9d1}, //檠
{0x6aa9, 0xe9dd}, //檩
{0x6aab, 0xe9df}, //檫
{0x6aac, 0xc3ca}, //檬
{0x6b20, 0xc7b7}, //欠
{0x6b21, 0xb4ce}, //次
{0x6b22, 0xbbb6}, //欢
{0x6b23, 0xd0c0}, //欣
{0x6b24, 0xeca3}, //欤
{0x6b27, 0xc5b7}, //欧
{0x6b32, 0xd3fb}, //欲
{0x6b37, 0xeca4}, //欷
{0x6b39, 0xeca5}, //欹
{0x6b3a, 0xc6db}, //欺
{0x6b3e, 0xbfee}, //款
{0x6b43, 0xeca6}, //歃
{0x6b46, 0xeca7}, //歆
{0x6b47, 0xd0aa}, //歇
{0x6b49, 0xc7b8}, //歉
{0x6b4c, 0xb8e8}, //歌
{0x6b59, 0xeca8}, //歙
{0x6b62, 0xd6b9}, //止
{0x6b63, 0xd5fd}, //正
{0x6b64, 0xb4cb}, //此
{0x6b65, 0xb2bd}, //步
{0x6b66, 0xcee4}, //武
{0x6b67, 0xc6e7}, //歧
{0x6b6a, 0xcde1}, //歪
{0x6b79, 0xb4f5}, //歹
{0x6b7b, 0xcbc0}, //死
{0x6b7c, 0xbcdf}, //歼
{0x6b81, 0xe9e2}, //殁
{0x6b82, 0xe9e3}, //殂
{0x6b83, 0xd1ea}, //殃
{0x6b84, 0xe9e5}, //殄
{0x6b86, 0xb4f9}, //殆
{0x6b87, 0xe9e4}, //殇
{0x6b89, 0xd1b3}, //殉
{0x6b8a, 0xcae2}, //殊
{0x6b8b, 0xb2d0}, //残
{0x6b8d, 0xe9e8}, //殍
{0x6b92, 0xe9e6}, //殒
{0x6b93, 0xe9e7}, //殓
{0x6b96, 0xd6b3}, //殖
{0x6b9a, 0xe9e9}, //殚
{0x6b9b, 0xe9ea}, //殛
{0x6ba1, 0xe9eb}, //殡
{0x6baa, 0xe9ec}, //殪
{0x6bb3, 0xecaf}, //殳
{0x6bb4, 0xc5b9}, //殴
{0x6bb5, 0xb6ce}, //段
{0x6bb7, 0xd2f3}, //殷
{0x6bbf, 0xb5ee}, //殿
{0x6bc1, 0xbbd9}, //毁
{0x6bc2, 0xecb1}, //毂
{0x6bc5, 0xd2e3}, //毅
{0x6bcb, 0xcee3}, //毋
{0x6bcd, 0xc4b8}, //母
{0x6bcf, 0xc3bf}, //每
{0x6bd2, 0xb6be}, //毒
{0x6bd3, 0xd8b9}, //毓
{0x6bd4, 0xb1c8}, //比
{0x6bd5, 0xb1cf}, //毕
{0x6bd6, 0xb1d1}, //毖
{0x6bd7, 0xc5fe}, //毗
{0x6bd9, 0xb1d0}, //毙
{0x6bdb, 0xc3ab}, //毛
{0x6be1, 0xd5b1}, //毡
{0x6bea, 0xeba4}, //毪
{0x6beb, 0xbac1}, //毫
{0x6bef, 0xccba}, //毯
{0x6bf3, 0xeba5}, //毳
{0x6bf5, 0xeba7}, //毵
{0x6bf9, 0xeba8}, //毹
{0x6bfd, 0xeba6}, //毽
{0x6c05, 0xeba9}, //氅
{0x6c06, 0xebab}, //氆
{0x6c07, 0xebaa}, //氇
{0x6c0d, 0xebac}, //氍
{0x6c0f, 0xcacf}, //氏
{0x6c10, 0xd8b5}, //氐
{0x6c11, 0xc3f1}, //民
{0x6c13, 0xc3a5}, //氓
{0x6c14, 0xc6f8}, //气
{0x6c15, 0xebad}, //氕
{0x6c16, 0xc4ca}, //氖
{0x6c18, 0xebae}, //氘
{0x6c19, 0xebaf}, //氙
{0x6c1a, 0xebb0}, //氚
{0x6c1b, 0xb7d5}, //氛
{0x6c1f, 0xb7fa}, //氟
{0x6c21, 0xebb1}, //氡
{0x6c22, 0xc7e2}, //氢
{0x6c24, 0xebb3}, //氤
{0x6c26, 0xbaa4}, //氦
{0x6c27, 0xd1f5}, //氧
{0x6c28, 0xb0b1}, //氨
{0x6c29, 0xebb2}, //氩
{0x6c2a, 0xebb4}, //氪
{0x6c2e, 0xb5aa}, //氮
{0x6c2f, 0xc2c8}, //氯
{0x6c30, 0xc7e8}, //氰
{0x6c32, 0xebb5}, //氲
{0x6c34, 0xcbae}, //水
{0x6c35, 0xe3df}, //氵
{0x6c38, 0xd3c0}, //永
{0x6c3d, 0xd9db}, //氽
{0x6c40, 0xcda1}, //汀
{0x6c41, 0xd6ad}, //汁
{0x6c42, 0xc7f3}, //求
{0x6c46, 0xd9e0}, //汆
{0x6c47, 0xbbe3}, //汇
{0x6c49, 0xbaba}, //汉
{0x6c4a, 0xe3e2}, //汊
{0x6c50, 0xcfab}, //汐
{0x6c54, 0xe3e0}, //汔
{0x6c55, 0xc9c7}, //汕
{0x6c57, 0xbab9}, //汗
{0x6c5b, 0xd1b4}, //汛
{0x6c5c, 0xe3e1}, //汜
{0x6c5d, 0xc8ea}, //汝
{0x6c5e, 0xb9af}, //汞
{0x6c5f, 0xbdad}, //江
{0x6c60, 0xb3d8}, //池
{0x6c61, 0xcedb}, //污
{0x6c64, 0xccc0}, //汤
{0x6c68, 0xe3e8}, //汨
{0x6c69, 0xe3e9}, //汩
{0x6c6a, 0xcdf4}, //汪
{0x6c70, 0xccad}, //汰
{0x6c72, 0xbcb3}, //汲
{0x6c74, 0xe3ea}, //汴
{0x6c76, 0xe3eb}, //汶
{0x6c79, 0xd0da}, //汹
{0x6c7d, 0xc6fb}, //汽
{0x6c7e, 0xb7da}, //汾
{0x6c81, 0xc7df}, //沁
{0x6c82, 0xd2ca}, //沂
{0x6c83, 0xced6}, //沃
{0x6c85, 0xe3e4}, //沅
{0x6c86, 0xe3ec}, //沆
{0x6c88, 0xc9f2}, //沈
{0x6c89, 0xb3c1}, //沉
{0x6c8c, 0xe3e7}, //沌
{0x6c8f, 0xc6e3}, //沏
{0x6c90, 0xe3e5}, //沐
{0x6c93, 0xedb3}, //沓
{0x6c94, 0xe3e6}, //沔
{0x6c99, 0xc9b3}, //沙
{0x6c9b, 0xc5e6}, //沛
{0x6c9f, 0xb9b5}, //沟
{0x6ca1, 0xc3bb}, //没
{0x6ca3, 0xe3e3}, //沣
{0x6ca4, 0xc5bd}, //沤
{0x6ca5, 0xc1a4}, //沥
{0x6ca6, 0xc2d9}, //沦
{0x6ca7, 0xb2d7}, //沧
{0x6ca9, 0xe3ed}, //沩
{0x6caa, 0xbba6}, //沪
{0x6cab, 0xc4ad}, //沫
{0x6cad, 0xe3f0}, //沭
{0x6cae, 0xbeda}, //沮
{0x6cb1, 0xe3fb}, //沱
{0x6cb2, 0xe3f5}, //沲
{0x6cb3, 0xbad3}, //河
{0x6cb8, 0xb7d0}, //沸
{0x6cb9, 0xd3cd}, //油
{0x6cbb, 0xd6ce}, //治
{0x6cbc, 0xd5d3}, //沼
{0x6cbd, 0xb9c1}, //沽
{0x6cbe, 0xd5b4}, //沾
{0x6cbf, 0xd1d8}, //沿
{0x6cc4, 0xd0b9}, //泄
{0x6cc5, 0xc7f6}, //泅
{0x6cc9, 0xc8aa}, //泉
{0x6cca, 0xb2b4}, //泊
{0x6ccc, 0xc3da}, //泌
{0x6cd0, 0xe3ee}, //泐
{0x6cd3, 0xe3fc}, //泓
{0x6cd4, 0xe3ef}, //泔
{0x6cd5, 0xb7a8}, //法
{0x6cd6, 0xe3f7}, //泖
{0x6cd7, 0xe3f4}, //泗
{0x6cdb, 0xb7ba}, //泛
{0x6cde, 0xc5a2}, //泞
{0x6ce0, 0xe3f6}, //泠
{0x6ce1, 0xc5dd}, //泡
{0x6ce2, 0xb2a8}, //波
{0x6ce3, 0xc6fc}, //泣
{0x6ce5, 0xc4e0}, //泥
{0x6ce8, 0xd7a2}, //注
{0x6cea, 0xc0e1}, //泪
{0x6ceb, 0xe3f9}, //泫
{0x6cee, 0xe3fa}, //泮
{0x6cef, 0xe3fd}, //泯
{0x6cf0, 0xcca9}, //泰
{0x6cf1, 0xe3f3}, //泱
{0x6cf3, 0xd3be}, //泳
{0x6cf5, 0xb1c3}, //泵
{0x6cf6, 0xedb4}, //泶
{0x6cf7, 0xe3f1}, //泷
{0x6cf8, 0xe3f2}, //泸
{0x6cfa, 0xe3f8}, //泺
{0x6cfb, 0xd0ba}, //泻
{0x6cfc, 0xc6c3}, //泼
{0x6cfd, 0xd4f3}, //泽
{0x6cfe, 0xe3fe}, //泾
{0x6d01, 0xbde0}, //洁
{0x6d04, 0xe4a7}, //洄
{0x6d07, 0xe4a6}, //洇
{0x6d0b, 0xd1f3}, //洋
{0x6d0c, 0xe4a3}, //洌
{0x6d0e, 0xe4a9}, //洎
{0x6d12, 0xc8f7}, //洒
{0x6d17, 0xcfb4}, //洗
{0x6d19, 0xe4a8}, //洙
{0x6d1a, 0xe4ae}, //洚
{0x6d1b, 0xc2e5}, //洛
{0x6d1e, 0xb6b4}, //洞
{0x6d25, 0xbdf2}, //津
{0x6d27, 0xe4a2}, //洧
{0x6d2a, 0xbae9}, //洪
{0x6d2b, 0xe4aa}, //洫
{0x6d2e, 0xe4ac}, //洮
{0x6d31, 0xb6fd}, //洱
{0x6d32, 0xd6de}, //洲
{0x6d33, 0xe4b2}, //洳
{0x6d35, 0xe4ad}, //洵
{0x6d39, 0xe4a1}, //洹
{0x6d3b, 0xbbee}, //活
{0x6d3c, 0xcddd}, //洼
{0x6d3d, 0xc7a2}, //洽
{0x6d3e, 0xc5c9}, //派
{0x6d41, 0xc1f7}, //流
{0x6d43, 0xe4a4}, //浃
{0x6d45, 0xc7b3}, //浅
{0x6d46, 0xbdac}, //浆
{0x6d47, 0xbdbd}, //浇
{0x6d48, 0xe4a5}, //浈
{0x6d4a, 0xd7c7}, //浊
{0x6d4b, 0xb2e2}, //测
{0x6d4d, 0xe4ab}, //浍
{0x6d4e, 0xbcc3}, //济
{0x6d4f, 0xe4af}, //浏
{0x6d51, 0xbbeb}, //浑
{0x6d52, 0xe4b0}, //浒
{0x6d53, 0xc5a8}, //浓
{0x6d54, 0xe4b1}, //浔
{0x6d59, 0xd5e3}, //浙
{0x6d5a, 0xbfa3}, //浚
{0x6d5c, 0xe4ba}, //浜
{0x6d5e, 0xe4b7}, //浞
{0x6d60, 0xe4bb}, //浠
{0x6d63, 0xe4bd}, //浣
{0x6d66, 0xc6d6}, //浦
{0x6d69, 0xbac6}, //浩
{0x6d6a, 0xc0cb}, //浪
{0x6d6e, 0xb8a1}, //浮
{0x6d6f, 0xe4b4}, //浯
{0x6d74, 0xd4a1}, //浴
{0x6d77, 0xbaa3}, //海
{0x6d78, 0xbdfe}, //浸
{0x6d7c, 0xe4bc}, //浼
{0x6d82, 0xcdbf}, //涂
{0x6d85, 0xc4f9}, //涅
{0x6d88, 0xcffb}, //消
{0x6d89, 0xc9e6}, //涉
{0x6d8c, 0xd3bf}, //涌
{0x6d8e, 0xcfd1}, //涎
{0x6d91, 0xe4b3}, //涑
{0x6d93, 0xe4b8}, //涓
{0x6d94, 0xe4b9}, //涔
{0x6d95, 0xcce9}, //涕
{0x6d9b, 0xccce}, //涛
{0x6d9d, 0xc0d4}, //涝
{0x6d9e, 0xe4b5}, //涞
{0x6d9f, 0xc1b0}, //涟
{0x6da0, 0xe4b6}, //涠
{0x6da1, 0xced0}, //涡
{0x6da3, 0xbbc1}, //涣
{0x6da4, 0xb5d3}, //涤
{0x6da6, 0xc8f3}, //润
{0x6da7, 0xbda7}, //涧
{0x6da8, 0xd5c7}, //涨
{0x6da9, 0xc9ac}, //涩
{0x6daa, 0xb8a2}, //涪
{0x6dab, 0xe4ca}, //涫
{0x6dae, 0xe4cc}, //涮
{0x6daf, 0xd1c4}, //涯
{0x6db2, 0xd2ba}, //液
{0x6db5, 0xbaad}, //涵
{0x6db8, 0xbad4}, //涸
{0x6dbf, 0xe4c3}, //涿
{0x6dc0, 0xb5ed}, //淀
{0x6dc4, 0xd7cd}, //淄
{0x6dc5, 0xe4c0}, //淅
{0x6dc6, 0xcffd}, //淆
{0x6dc7, 0xe4bf}, //淇
{0x6dcb, 0xc1dc}, //淋
{0x6dcc, 0xccca}, //淌
{0x6dd1, 0xcae7}, //淑
{0x6dd6, 0xc4d7}, //淖
{0x6dd8, 0xccd4}, //淘
{0x6dd9, 0xe4c8}, //淙
{0x6ddd, 0xe4c7}, //淝
{0x6dde, 0xe4c1}, //淞
{0x6de0, 0xe4c4}, //淠
{0x6de1, 0xb5ad}, //淡
{0x6de4, 0xd3d9}, //淤
{0x6de6, 0xe4c6}, //淦
{0x6deb, 0xd2f9}, //淫
{0x6dec, 0xb4e3}, //淬
{0x6dee, 0xbbb4}, //淮
{0x6df1, 0xc9ee}, //深
{0x6df3, 0xb4be}, //淳
{0x6df7, 0xbbec}, //混
{0x6df9, 0xd1cd}, //淹
{0x6dfb, 0xcced}, //添
{0x6dfc, 0xedb5}, //淼
{0x6e05, 0xc7e5}, //清
{0x6e0a, 0xd4a8}, //渊
{0x6e0c, 0xe4cb}, //渌
{0x6e0d, 0xd7d5}, //渍
{0x6e0e, 0xe4c2}, //渎
{0x6e10, 0xbda5}, //渐
{0x6e11, 0xe4c5}, //渑
{0x6e14, 0xd3e6}, //渔
{0x6e16, 0xe4c9}, //渖
{0x6e17, 0xc9f8}, //渗
{0x6e1a, 0xe4be}, //渚
{0x6e1d, 0xd3e5}, //渝
{0x6e20, 0xc7fe}, //渠
{0x6e21, 0xb6c9}, //渡
{0x6e23, 0xd4fc}, //渣
{0x6e24, 0xb2b3}, //渤
{0x6e25, 0xe4d7}, //渥
{0x6e29, 0xcec2}, //温
{0x6e2b, 0xe4cd}, //渫
{0x6e2d, 0xcebc}, //渭
{0x6e2f, 0xb8db}, //港
{0x6e32, 0xe4d6}, //渲
{0x6e34, 0xbfca}, //渴
{0x6e38, 0xd3ce}, //游
{0x6e3a, 0xc3ec}, //渺
{0x6e43, 0xc5c8}, //湃
{0x6e44, 0xe4d8}, //湄
{0x6e4d, 0xcdc4}, //湍
{0x6e4e, 0xe4cf}, //湎
{0x6e53, 0xe4d4}, //湓
{0x6e54, 0xe4d5}, //湔
{0x6e56, 0xbafe}, //湖
{0x6e58, 0xcfe6}, //湘
{0x6e5b, 0xd5bf}, //湛
{0x6e5f, 0xe4d2}, //湟
{0x6e6b, 0xe4d0}, //湫
{0x6e6e, 0xe4ce}, //湮
{0x6e7e, 0xcde5}, //湾
{0x6e7f, 0xcaaa}, //湿
{0x6e83, 0xc0a3}, //溃
{0x6e85, 0xbda6}, //溅
{0x6e86, 0xe4d3}, //溆
{0x6e89, 0xb8c8}, //溉
{0x6e8f, 0xe4e7}, //溏
{0x6e90, 0xd4b4}, //源
{0x6e98, 0xe4db}, //溘
{0x6e9c, 0xc1ef}, //溜
{0x6e9f, 0xe4e9}, //溟
{0x6ea2, 0xd2e7}, //溢
{0x6ea5, 0xe4df}, //溥
{0x6ea7, 0xe4e0}, //溧
{0x6eaa, 0xcfaa}, //溪
{0x6eaf, 0xcbdd}, //溯
{0x6eb1, 0xe4da}, //溱
{0x6eb2, 0xe4d1}, //溲
{0x6eb4, 0xe4e5}, //溴
{0x6eb6, 0xc8dc}, //溶
{0x6eb7, 0xe4e3}, //溷
{0x6eba, 0xc4e7}, //溺
{0x6ebb, 0xe4e2}, //溻
{0x6ebd, 0xe4e1}, //溽
{0x6ec1, 0xb3fc}, //滁
{0x6ec2, 0xe4e8}, //滂
{0x6ec7, 0xb5e1}, //滇
{0x6ecb, 0xd7cc}, //滋
{0x6ecf, 0xe4e6}, //滏
{0x6ed1, 0xbbac}, //滑
{0x6ed3, 0xd7d2}, //滓
{0x6ed4, 0xcccf}, //滔
{0x6ed5, 0xebf8}, //滕
{0x6ed7, 0xe4e4}, //滗
{0x6eda, 0xb9f6}, //滚
{0x6ede, 0xd6cd}, //滞
{0x6edf, 0xe4d9}, //滟
{0x6ee0, 0xe4dc}, //滠
{0x6ee1, 0xc2fa}, //满
{0x6ee2, 0xe4de}, //滢
{0x6ee4, 0xc2cb}, //滤
{0x6ee5, 0xc0c4}, //滥
{0x6ee6, 0xc2d0}, //滦
{0x6ee8, 0xb1f5}, //滨
{0x6ee9, 0xccb2}, //滩
{0x6ef4, 0xb5ce}, //滴
{0x6ef9, 0xe4ef}, //滹
{0x6f02, 0xc6af}, //漂
{0x6f06, 0xc6e1}, //漆
{0x6f09, 0xe4f5}, //漉
{0x6f0f, 0xc2a9}, //漏
{0x6f13, 0xc0ec}, //漓
{0x6f14, 0xd1dd}, //演
{0x6f15, 0xe4ee}, //漕
{0x6f20, 0xc4ae}, //漠
{0x6f24, 0xe4ed}, //漤
{0x6f29, 0xe4f6}, //漩
{0x6f2a, 0xe4f4}, //漪
{0x6f2b, 0xc2fe}, //漫
{0x6f2d, 0xe4dd}, //漭
{0x6f2f, 0xe4f0}, //漯
{0x6f31, 0xcafe}, //漱
{0x6f33, 0xd5c4}, //漳
{0x6f36, 0xe4f1}, //漶
{0x6f3e, 0xd1fa}, //漾
{0x6f46, 0xe4eb}, //潆
{0x6f47, 0xe4ec}, //潇
{0x6f4b, 0xe4f2}, //潋
{0x6f4d, 0xceab}, //潍
{0x6f58, 0xc5cb}, //潘
{0x6f5c, 0xc7b1}, //潜
{0x6f5e, 0xc2ba}, //潞
{0x6f62, 0xe4ea}, //潢
{0x6f66, 0xc1ca}, //潦
{0x6f6d, 0xccb6}, //潭
{0x6f6e, 0xb3b1}, //潮
{0x6f72, 0xe4fb}, //潲
{0x6f74, 0xe4f3}, //潴
{0x6f78, 0xe4fa}, //潸
{0x6f7a, 0xe4fd}, //潺
{0x6f7c, 0xe4fc}, //潼
{0x6f84, 0xb3ce}, //澄
{0x6f88, 0xb3ba}, //澈
{0x6f89, 0xe4f7}, //澉
{0x6f8c, 0xe4f9}, //澌
{0x6f8d, 0xe4f8}, //澍
{0x6f8e, 0xc5ec}, //澎
{0x6f9c, 0xc0bd}, //澜
{0x6fa1, 0xd4e8}, //澡
{0x6fa7, 0xe5a2}, //澧
{0x6fb3, 0xb0c4}, //澳
{0x6fb6, 0xe5a4}, //澶
{0x6fb9, 0xe5a3}, //澹
{0x6fc0, 0xbca4}, //激
{0x6fc2, 0xe5a5}, //濂
{0x6fc9, 0xe5a1}, //濉
{0x6fd1, 0xe4fe}, //濑
{0x6fd2, 0xb1f4}, //濒
{0x6fde, 0xe5a8}, //濞
{0x6fe0, 0xe5a9}, //濠
{0x6fe1, 0xe5a6}, //濡
{0x6fee, 0xe5a7}, //濮
{0x6fef, 0xe5aa}, //濯
{0x7011, 0xc6d9}, //瀑
{0x701a, 0xe5ab}, //瀚
{0x701b, 0xe5ad}, //瀛
{0x7023, 0xe5ac}, //瀣
{0x7035, 0xe5af}, //瀵
{0x7039, 0xe5ae}, //瀹
{0x704c, 0xb9e0}, //灌
{0x704f, 0xe5b0}, //灏
{0x705e, 0xe5b1}, //灞
{0x706b, 0xbbf0}, //火
{0x706c, 0xece1}, //灬
{0x706d, 0xc3f0}, //灭
{0x706f, 0xb5c6}, //灯
{0x7070, 0xbbd2}, //灰
{0x7075, 0xc1e9}, //灵
{0x7076, 0xd4ee}, //灶
{0x7078, 0xbec4}, //灸
{0x707c, 0xd7c6}, //灼
{0x707e, 0xd4d6}, //灾
{0x707f, 0xb2d3}, //灿
{0x7080, 0xecbe}, //炀
{0x7085, 0xeac1}, //炅
{0x7089, 0xc2af}, //炉
{0x708a, 0xb4b6}, //炊
{0x708e, 0xd1d7}, //炎
{0x7092, 0xb3b4}, //炒
{0x7094, 0xc8b2}, //炔
{0x7095, 0xbfbb}, //炕
{0x7096, 0xecc0}, //炖
{0x7099, 0xd6cb}, //炙
{0x709c, 0xecbf}, //炜
{0x709d, 0xecc1}, //炝
{0x70ab, 0xecc5}, //炫
{0x70ac, 0xbee6}, //炬
{0x70ad, 0xccbf}, //炭
{0x70ae, 0xc5da}, //炮
{0x70af, 0xbebc}, //炯
{0x70b1, 0xecc6}, //炱
{0x70b3, 0xb1fe}, //炳
{0x70b7, 0xecc4}, //炷
{0x70b8, 0xd5a8}, //炸
{0x70b9, 0xb5e3}, //点
{0x70bb, 0xecc2}, //炻
{0x70bc, 0xc1b6}, //炼
{0x70bd, 0xb3e3}, //炽
{0x70c0, 0xecc3}, //烀
{0x70c1, 0xcbb8}, //烁
{0x70c2, 0xc0c3}, //烂
{0x70c3, 0xccfe}, //烃
{0x70c8, 0xc1d2}, //烈
{0x70ca, 0xecc8}, //烊
{0x70d8, 0xbae6}, //烘
{0x70d9, 0xc0d3}, //烙
{0x70db, 0xd6f2}, //烛
{0x70df, 0xd1cc}, //烟
{0x70e4, 0xbfbe}, //烤
{0x70e6, 0xb7b3}, //烦
{0x70e7, 0xc9d5}, //烧
{0x70e8, 0xecc7}, //烨
{0x70e9, 0xbbe2}, //烩
{0x70eb, 0xcccc}, //烫
{0x70ec, 0xbdfd}, //烬
{0x70ed, 0xc8c8}, //热
{0x70ef, 0xcfa9}, //烯
{0x70f7, 0xcde9}, //烷
{0x70f9, 0xc5eb}, //烹
{0x70fd, 0xb7e9}, //烽
{0x7109, 0xd1c9}, //焉
{0x710a, 0xbab8}, //焊
{0x7110, 0xecc9}, //焐
{0x7113, 0xecca}, //焓
{0x7115, 0xbbc0}, //焕
{0x7116, 0xeccb}, //焖
{0x7118, 0xece2}, //焘
{0x7119, 0xb1ba}, //焙
{0x711a, 0xb7d9}, //焚
{0x7126, 0xbdb9}, //焦
{0x712f, 0xeccc}, //焯
{0x7130, 0xd1e6}, //焰
{0x7131, 0xeccd}, //焱
{0x7136, 0xc8bb}, //然
{0x7145, 0xecd1}, //煅
{0x714a, 0xecd3}, //煊
{0x714c, 0xbbcd}, //煌
{0x714e, 0xbce5}, //煎
{0x715c, 0xeccf}, //煜
{0x715e, 0xc9b7}, //煞
{0x7164, 0xc3ba}, //煤
{0x7166, 0xece3}, //煦
{0x7167, 0xd5d5}, //照
{0x7168, 0xecd0}, //煨
{0x716e, 0xd6f3}, //煮
{0x7172, 0xecd2}, //煲
{0x7173, 0xecce}, //煳
{0x7178, 0xecd4}, //煸
{0x717a, 0xecd5}, //煺
{0x717d, 0xc9bf}, //煽
{0x7184, 0xcfa8}, //熄
{0x718a, 0xd0dc}, //熊
{0x718f, 0xd1ac}, //熏
{0x7194, 0xc8db}, //熔
{0x7198, 0xecd6}, //熘
{0x7199, 0xcef5}, //熙
{0x719f, 0xcaec}, //熟
{0x71a0, 0xecda}, //熠
{0x71a8, 0xecd9}, //熨
{0x71ac, 0xb0be}, //熬
{0x71b3, 0xecd7}, //熳
{0x71b5, 0xecd8}, //熵
{0x71b9, 0xece4}, //熹
{0x71c3, 0xc8bc}, //燃
{0x71ce, 0xc1c7}, //燎
{0x71d4, 0xecdc}, //燔
{0x71d5, 0xd1e0}, //燕
{0x71e0, 0xecdb}, //燠
{0x71e5, 0xd4ef}, //燥
{0x71e7, 0xecdd}, //燧
{0x71ee, 0xdbc6}, //燮
{0x71f9, 0xecde}, //燹
{0x7206, 0xb1ac}, //爆
{0x721d, 0xecdf}, //爝
{0x7228, 0xece0}, //爨
{0x722a, 0xd7a6}, //爪
{0x722c, 0xc5c0}, //爬
{0x7230, 0xebbc}, //爰
{0x7231, 0xb0ae}, //爱
{0x7235, 0xbef4}, //爵
{0x7236, 0xb8b8}, //父
{0x7237, 0xd2af}, //爷
{0x7238, 0xb0d6}, //爸
{0x7239, 0xb5f9}, //爹
{0x723b, 0xd8b3}, //爻
{0x723d, 0xcbac}, //爽
{0x723f, 0xe3dd}, //爿
{0x7247, 0xc6ac}, //片
{0x7248, 0xb0e6}, //版
{0x724c, 0xc5c6}, //牌
{0x724d, 0xebb9}, //牍
{0x7252, 0xebba}, //牒
{0x7256, 0xebbb}, //牖
{0x7259, 0xd1c0}, //牙
{0x725b, 0xc5a3}, //牛
{0x725d, 0xeaf2}, //牝
{0x725f, 0xc4b2}, //牟
{0x7261, 0xc4b5}, //牡
{0x7262, 0xc0ce}, //牢
{0x7266, 0xeaf3}, //牦
{0x7267, 0xc4c1}, //牧
{0x7269, 0xceef}, //物
{0x726e, 0xeaf0}, //牮
{0x726f, 0xeaf4}, //牯
{0x7272, 0xc9fc}, //牲
{0x7275, 0xc7a3}, //牵
{0x7279, 0xccd8}, //特
{0x727a, 0xcefe}, //牺
{0x727e, 0xeaf5}, //牾
{0x727f, 0xeaf6}, //牿
{0x7280, 0xcfac}, //犀
{0x7281, 0xc0e7}, //犁
{0x7284, 0xeaf7}, //犄
{0x728a, 0xb6bf}, //犊
{0x728b, 0xeaf8}, //犋
{0x728d, 0xeaf9}, //犍
{0x728f, 0xeafa}, //犏
{0x7292, 0xeafb}, //犒
{0x729f, 0xeaf1}, //犟
{0x72ac, 0xc8ae}, //犬
{0x72ad, 0xe1eb}, //犭
{0x72af, 0xb7b8}, //犯
{0x72b0, 0xe1ec}, //犰
{0x72b4, 0xe1ed}, //犴
{0x72b6, 0xd7b4}, //状
{0x72b7, 0xe1ee}, //犷
{0x72b8, 0xe1ef}, //犸
{0x72b9, 0xd3cc}, //犹
{0x72c1, 0xe1f1}, //狁
{0x72c2, 0xbff1}, //狂
{0x72c3, 0xe1f0}, //狃
{0x72c4, 0xb5d2}, //狄
{0x72c8, 0xb1b7}, //狈
{0x72cd, 0xe1f3}, //狍
{0x72ce, 0xe1f2}, //狎
{0x72d0, 0xbafc}, //狐
{0x72d2, 0xe1f4}, //狒
{0x72d7, 0xb9b7}, //狗
{0x72d9, 0xbed1}, //狙
{0x72de, 0xc4fc}, //狞
{0x72e0, 0xbadd}, //狠
{0x72e1, 0xbdc6}, //狡
{0x72e8, 0xe1f5}, //狨
{0x72e9, 0xe1f7}, //狩
{0x72ec, 0xb6c0}, //独
{0x72ed, 0xcfc1}, //狭
{0x72ee, 0xcaa8}, //狮
{0x72ef, 0xe1f6}, //狯
{0x72f0, 0xd5f8}, //狰
{0x72f1, 0xd3fc}, //狱
{0x72f2, 0xe1f8}, //狲
{0x72f3, 0xe1fc}, //狳
{0x72f4, 0xe1f9}, //狴
{0x72f7, 0xe1fa}, //狷
{0x72f8, 0xc0ea}, //狸
{0x72fa, 0xe1fe}, //狺
{0x72fb, 0xe2a1}, //狻
{0x72fc, 0xc0c7}, //狼
{0x7301, 0xe1fb}, //猁
{0x7303, 0xe1fd}, //猃
{0x730a, 0xe2a5}, //猊
{0x730e, 0xc1d4}, //猎
{0x7313, 0xe2a3}, //猓
{0x7315, 0xe2a8}, //猕
{0x7316, 0xb2fe}, //猖
{0x7317, 0xe2a2}, //猗
{0x731b, 0xc3cd}, //猛
{0x731c, 0xb2c2}, //猜
{0x731d, 0xe2a7}, //猝
{0x731e, 0xe2a6}, //猞
{0x7321, 0xe2a4}, //猡
{0x7322, 0xe2a9}, //猢
{0x7325, 0xe2ab}, //猥
{0x7329, 0xd0c9}, //猩
{0x732a, 0xd6ed}, //猪
{0x732b, 0xc3a8}, //猫
{0x732c, 0xe2ac}, //猬
{0x732e, 0xcfd7}, //献
{0x7331, 0xe2ae}, //猱
{0x7334, 0xbaef}, //猴
{0x7337, 0xe9e0}, //猷
{0x7338, 0xe2ad}, //猸
{0x7339, 0xe2aa}, //猹
{0x733e, 0xbbab}, //猾
{0x733f, 0xd4b3}, //猿
{0x734d, 0xe2b0}, //獍
{0x7350, 0xe2af}, //獐
{0x7352, 0xe9e1}, //獒
{0x7357, 0xe2b1}, //獗
{0x7360, 0xe2b2}, //獠
{0x736c, 0xe2b3}, //獬
{0x736d, 0xcca1}, //獭
{0x736f, 0xe2b4}, //獯
{0x737e, 0xe2b5}, //獾
{0x7384, 0xd0fe}, //玄
{0x7387, 0xc2ca}, //率
{0x7389, 0xd3f1}, //玉
{0x738b, 0xcdf5}, //王
{0x738e, 0xe7e0}, //玎
{0x7391, 0xe7e1}, //玑
{0x7396, 0xbec1}, //玖
{0x739b, 0xc2ea}, //玛
{0x739f, 0xe7e4}, //玟
{0x73a2, 0xe7e3}, //玢
{0x73a9, 0xcde6}, //玩
{0x73ab, 0xc3b5}, //玫
{0x73ae, 0xe7e2}, //玮
{0x73af, 0xbbb7}, //环
{0x73b0, 0xcfd6}, //现
{0x73b2, 0xc1e1}, //玲
{0x73b3, 0xe7e9}, //玳
{0x73b7, 0xe7e8}, //玷
{0x73ba, 0xe7f4}, //玺
{0x73bb, 0xb2a3}, //玻
{0x73c0, 0xe7ea}, //珀
{0x73c2, 0xe7e6}, //珂
{0x73c8, 0xe7ec}, //珈
{0x73c9, 0xe7eb}, //珉
{0x73ca, 0xc9ba}, //珊
{0x73cd, 0xd5e4}, //珍
{0x73cf, 0xe7e5}, //珏
{0x73d0, 0xb7a9}, //珐
{0x73d1, 0xe7e7}, //珑
{0x73d9, 0xe7ee}, //珙
{0x73de, 0xe7f3}, //珞
{0x73e0, 0xd6e9}, //珠
{0x73e5, 0xe7ed}, //珥
{0x73e7, 0xe7f2}, //珧
{0x73e9, 0xe7f1}, //珩
{0x73ed, 0xb0e0}, //班
{0x73f2, 0xe7f5}, //珲
{0x7403, 0xc7f2}, //球
{0x7405, 0xc0c5}, //琅
{0x7406, 0xc0ed}, //理
{0x7409, 0xc1f0}, //琉
{0x740a, 0xe7f0}, //琊
{0x740f, 0xe7f6}, //琏
{0x7410, 0xcbf6}, //琐
{0x741a, 0xe8a2}, //琚
{0x741b, 0xe8a1}, //琛
{0x7422, 0xd7c1}, //琢
{0x7425, 0xe7fa}, //琥
{0x7426, 0xe7f9}, //琦
{0x7428, 0xe7fb}, //琨
{0x742a, 0xe7f7}, //琪
{0x742c, 0xe7fe}, //琬
{0x742e, 0xe7fd}, //琮
{0x7430, 0xe7fc}, //琰
{0x7433, 0xc1d5}, //琳
{0x7434, 0xc7d9}, //琴
{0x7435, 0xc5fd}, //琵
{0x7436, 0xc5c3}, //琶
{0x743c, 0xc7ed}, //琼
{0x7441, 0xe8a3}, //瑁
{0x7455, 0xe8a6}, //瑕
{0x7457, 0xe8a5}, //瑗
{0x7459, 0xe8a7}, //瑙
{0x745a, 0xbaf7}, //瑚
{0x745b, 0xe7f8}, //瑛
{0x745c, 0xe8a4}, //瑜
{0x745e, 0xc8f0}, //瑞
{0x745f, 0xc9aa}, //瑟
{0x746d, 0xe8a9}, //瑭
{0x7470, 0xb9e5}, //瑰
{0x7476, 0xd1fe}, //瑶
{0x7477, 0xe8a8}, //瑷
{0x747e, 0xe8aa}, //瑾
{0x7480, 0xe8ad}, //璀
{0x7481, 0xe8ae}, //璁
{0x7483, 0xc1a7}, //璃
{0x7487, 0xe8af}, //璇
{0x748b, 0xe8b0}, //璋
{0x748e, 0xe8ac}, //璎
{0x7490, 0xe8b4}, //璐
{0x749c, 0xe8ab}, //璜
{0x749e, 0xe8b1}, //璞
{0x74a7, 0xe8b5}, //璧
{0x74a8, 0xe8b2}, //璨
{0x74a9, 0xe8b3}, //璩
{0x74ba, 0xe8b7}, //璺
{0x74d2, 0xe8b6}, //瓒
{0x74dc, 0xb9cf}, //瓜
{0x74de, 0xf0ac}, //瓞
{0x74e0, 0xf0ad}, //瓠
{0x74e2, 0xc6b0}, //瓢
{0x74e3, 0xb0ea}, //瓣
{0x74e4, 0xc8bf}, //瓤
{0x74e6, 0xcddf}, //瓦
{0x74ee, 0xcecd}, //瓮
{0x74ef, 0xeab1}, //瓯
{0x74f4, 0xeab2}, //瓴
{0x74f6, 0xc6bf}, //瓶
{0x74f7, 0xb4c9}, //瓷
{0x74ff, 0xeab3}, //瓿
{0x7504, 0xd5e7}, //甄
{0x750d, 0xddf9}, //甍
{0x750f, 0xeab4}, //甏
{0x7511, 0xeab5}, //甑
{0x7513, 0xeab6}, //甓
{0x7518, 0xb8ca}, //甘
{0x7519, 0xdfb0}, //甙
{0x751a, 0xc9f5}, //甚
{0x751c, 0xccf0}, //甜
{0x751f, 0xc9fa}, //生
{0x7525, 0xc9fb}, //甥
{0x7528, 0xd3c3}, //用
{0x7529, 0xcba6}, //甩
{0x752b, 0xb8a6}, //甫
{0x752c, 0xf0ae}, //甬
{0x752d, 0xb1c2}, //甭
{0x752f, 0xe5b8}, //甯
{0x7530, 0xccef}, //田
{0x7531, 0xd3c9}, //由
{0x7532, 0xbcd7}, //甲
{0x7533, 0xc9ea}, //申
{0x7535, 0xb5e7}, //电
{0x7537, 0xc4d0}, //男
{0x7538, 0xb5e9}, //甸
{0x753a, 0xeeae}, //町
{0x753b, 0xbbad}, //画
{0x753e, 0xe7de}, //甾
{0x7540, 0xeeaf}, //畀
{0x7545, 0xb3a9}, //畅
{0x7548, 0xeeb2}, //畈
{0x754b, 0xeeb1}, //畋
{0x754c, 0xbde7}, //界
{0x754e, 0xeeb0}, //畎
{0x754f, 0xceb7}, //畏
{0x7554, 0xc5cf}, //畔
{0x7559, 0xc1f4}, //留
{0x755a, 0xdbce}, //畚
{0x755b, 0xeeb3}, //畛
{0x755c, 0xd0f3}, //畜
{0x7565, 0xc2d4}, //略
{0x7566, 0xc6e8}, //畦
{0x756a, 0xb7ac}, //番
{0x7572, 0xeeb4}, //畲
{0x7574, 0xb3eb}, //畴
{0x7578, 0xbbfb}, //畸
{0x7579, 0xeeb5}, //畹
{0x757f, 0xe7dc}, //畿
{0x7583, 0xeeb6}, //疃
{0x7586, 0xbdae}, //疆
{0x758b, 0xf1e2}, //疋
{0x758f, 0xcae8}, //疏
{0x7591, 0xd2c9}, //疑
{0x7592, 0xf0da}, //疒
{0x7594, 0xf0db}, //疔
{0x7596, 0xf0dc}, //疖
{0x7597, 0xc1c6}, //疗
{0x7599, 0xb8ed}, //疙
{0x759a, 0xbece}, //疚
{0x759d, 0xf0de}, //疝
{0x759f, 0xc5b1}, //疟
{0x75a0, 0xf0dd}, //疠
{0x75a1, 0xd1f1}, //疡
{0x75a3, 0xf0e0}, //疣
{0x75a4, 0xb0cc}, //疤
{0x75a5, 0xbdea}, //疥
{0x75ab, 0xd2df}, //疫
{0x75ac, 0xf0df}, //疬
{0x75ae, 0xb4af}, //疮
{0x75af, 0xb7e8}, //疯
{0x75b0, 0xf0e6}, //疰
{0x75b1, 0xf0e5}, //疱
{0x75b2, 0xc6a3}, //疲
{0x75b3, 0xf0e1}, //疳
{0x75b4, 0xf0e2}, //疴
{0x75b5, 0xb4c3}, //疵
{0x75b8, 0xf0e3}, //疸
{0x75b9, 0xd5ee}, //疹
{0x75bc, 0xccdb}, //疼
{0x75bd, 0xbed2}, //疽
{0x75be, 0xbcb2}, //疾
{0x75c2, 0xf0e8}, //痂
{0x75c3, 0xf0e7}, //痃
{0x75c4, 0xf0e4}, //痄
{0x75c5, 0xb2a1}, //病
{0x75c7, 0xd6a2}, //症
{0x75c8, 0xd3b8}, //痈
{0x75c9, 0xbeb7}, //痉
{0x75ca, 0xc8ac}, //痊
{0x75cd, 0xf0ea}, //痍
{0x75d2, 0xd1f7}, //痒
{0x75d4, 0xd6cc}, //痔
{0x75d5, 0xbadb}, //痕
{0x75d6, 0xf0e9}, //痖
{0x75d8, 0xb6bb}, //痘
{0x75db, 0xcdb4}, //痛
{0x75de, 0xc6a6}, //痞
{0x75e2, 0xc1a1}, //痢
{0x75e3, 0xf0eb}, //痣
{0x75e4, 0xf0ee}, //痤
{0x75e6, 0xf0ed}, //痦
{0x75e7, 0xf0f0}, //痧
{0x75e8, 0xf0ec}, //痨
{0x75ea, 0xbbbe}, //痪
{0x75eb, 0xf0ef}, //痫
{0x75f0, 0xccb5}, //痰
{0x75f1, 0xf0f2}, //痱
{0x75f4, 0xb3d5}, //痴
{0x75f9, 0xb1d4}, //痹
{0x75fc, 0xf0f3}, //痼
{0x75ff, 0xf0f4}, //痿
{0x7600, 0xf0f6}, //瘀
{0x7601, 0xb4e1}, //瘁
{0x7603, 0xf0f1}, //瘃
{0x7605, 0xf0f7}, //瘅
{0x760a, 0xf0fa}, //瘊
{0x760c, 0xf0f8}, //瘌
{0x7610, 0xf0f5}, //瘐
{0x7615, 0xf0fd}, //瘕
{0x7617, 0xf0f9}, //瘗
{0x7618, 0xf0fc}, //瘘
{0x7619, 0xf0fe}, //瘙
{0x761b, 0xf1a1}, //瘛
{0x761f, 0xcec1}, //瘟
{0x7620, 0xf1a4}, //瘠
{0x7622, 0xf1a3}, //瘢
{0x7624, 0xc1f6}, //瘤
{0x7625, 0xf0fb}, //瘥
{0x7626, 0xcadd}, //瘦
{0x7629, 0xb4f1}, //瘩
{0x762a, 0xb1f1}, //瘪
{0x762b, 0xccb1}, //瘫
{0x762d, 0xf1a6}, //瘭
{0x7630, 0xf1a7}, //瘰
{0x7633, 0xf1ac}, //瘳
{0x7634, 0xd5ce}, //瘴
{0x7635, 0xf1a9}, //瘵
{0x7638, 0xc8b3}, //瘸
{0x763c, 0xf1a2}, //瘼
{0x763e, 0xf1ab}, //瘾
{0x763f, 0xf1a8}, //瘿
{0x7640, 0xf1a5}, //癀
{0x7643, 0xf1aa}, //癃
{0x764c, 0xb0a9}, //癌
{0x764d, 0xf1ad}, //癍
{0x7654, 0xf1af}, //癔
{0x7656, 0xf1b1}, //癖
{0x765c, 0xf1b0}, //癜
{0x765e, 0xf1ae}, //癞
{0x7663, 0xd1a2}, //癣
{0x766b, 0xf1b2}, //癫
{0x766f, 0xf1b3}, //癯
{0x7678, 0xb9ef}, //癸
{0x767b, 0xb5c7}, //登
{0x767d, 0xb0d7}, //白
{0x767e, 0xb0d9}, //百
{0x7682, 0xd4ed}, //皂
{0x7684, 0xb5c4}, //的
{0x7686, 0xbdd4}, //皆
{0x7687, 0xbbca}, //皇
{0x7688, 0xf0a7}, //皈
{0x768b, 0xb8de}, //皋
{0x768e, 0xf0a8}, //皎
{0x7691, 0xb0a8}, //皑
{0x7693, 0xf0a9}, //皓
{0x7696, 0xcdee}, //皖
{0x7699, 0xf0aa}, //皙
{0x76a4, 0xf0ab}, //皤
{0x76ae, 0xc6a4}, //皮
{0x76b1, 0xd6e5}, //皱
{0x76b2, 0xf1e4}, //皲
{0x76b4, 0xf1e5}, //皴
{0x76bf, 0xc3f3}, //皿
{0x76c2, 0xd3db}, //盂
{0x76c5, 0xd6d1}, //盅
{0x76c6, 0xc5e8}, //盆
{0x76c8, 0xd3af}, //盈
{0x76ca, 0xd2e6}, //益
{0x76cd, 0xeec1}, //盍
{0x76ce, 0xb0bb}, //盎
{0x76cf, 0xd5b5}, //盏
{0x76d0, 0xd1ce}, //盐
{0x76d1, 0xbce0}, //监
{0x76d2, 0xbad0}, //盒
{0x76d4, 0xbff8}, //盔
{0x76d6, 0xb8c7}, //盖
{0x76d7, 0xb5c1}, //盗
{0x76d8, 0xc5cc}, //盘
{0x76db, 0xcaa2}, //盛
{0x76df, 0xc3cb}, //盟
{0x76e5, 0xeec2}, //盥
{0x76ee, 0xc4bf}, //目
{0x76ef, 0xb6a2}, //盯
{0x76f1, 0xedec}, //盱
{0x76f2, 0xc3a4}, //盲
{0x76f4, 0xd6b1}, //直
{0x76f8, 0xcfe0}, //相
{0x76f9, 0xedef}, //盹
{0x76fc, 0xc5ce}, //盼
{0x76fe, 0xb6dc}, //盾
{0x7701, 0xcaa1}, //省
{0x7704, 0xeded}, //眄
{0x7707, 0xedf0}, //眇
{0x7708, 0xedf1}, //眈
{0x7709, 0xc3bc}, //眉
{0x770b, 0xbfb4}, //看
{0x770d, 0xedee}, //眍
{0x7719, 0xedf4}, //眙
{0x771a, 0xedf2}, //眚
{0x771f, 0xd5e6}, //真
{0x7720, 0xc3df}, //眠
{0x7722, 0xedf3}, //眢
{0x7726, 0xedf6}, //眦
{0x7728, 0xd5a3}, //眨
{0x7729, 0xd1a3}, //眩
{0x772d, 0xedf5}, //眭
{0x772f, 0xc3d0}, //眯
{0x7735, 0xedf7}, //眵
{0x7736, 0xbff4}, //眶
{0x7737, 0xbeec}, //眷
{0x7738, 0xedf8}, //眸
{0x773a, 0xccf7}, //眺
{0x773c, 0xd1db}, //眼
{0x7740, 0xd7c5}, //着
{0x7741, 0xd5f6}, //睁
{0x7743, 0xedfc}, //睃
{0x7747, 0xedfb}, //睇
{0x7750, 0xedf9}, //睐
{0x7751, 0xedfa}, //睑
{0x775a, 0xedfd}, //睚
{0x775b, 0xbea6}, //睛
{0x7761, 0xcbaf}, //睡
{0x7762, 0xeea1}, //睢
{0x7763, 0xb6bd}, //督
{0x7765, 0xeea2}, //睥
{0x7766, 0xc4c0}, //睦
{0x7768, 0xedfe}, //睨
{0x776b, 0xbdde}, //睫
{0x776c, 0xb2c7}, //睬
{0x7779, 0xb6c3}, //睹
{0x777d, 0xeea5}, //睽
{0x777e, 0xd8ba}, //睾
{0x777f, 0xeea3}, //睿
{0x7780, 0xeea6}, //瞀
{0x7784, 0xc3e9}, //瞄
{0x7785, 0xb3f2}, //瞅
{0x778c, 0xeea7}, //瞌
{0x778d, 0xeea4}, //瞍
{0x778e, 0xcfb9}, //瞎
{0x7791, 0xeea8}, //瞑
{0x7792, 0xc2f7}, //瞒
{0x779f, 0xeea9}, //瞟
{0x77a0, 0xeeaa}, //瞠
{0x77a2, 0xdeab}, //瞢
{0x77a5, 0xc6b3}, //瞥
{0x77a7, 0xc7c6}, //瞧
{0x77a9, 0xd6f5}, //瞩
{0x77aa, 0xb5c9}, //瞪
{0x77ac, 0xcbb2}, //瞬
{0x77b0, 0xeeab}, //瞰
{0x77b3, 0xcdab}, //瞳
{0x77b5, 0xeeac}, //瞵
{0x77bb, 0xd5b0}, //瞻
{0x77bd, 0xeead}, //瞽
{0x77bf, 0xf6c4}, //瞿
{0x77cd, 0xdbc7}, //矍
{0x77d7, 0xb4a3}, //矗
{0x77db, 0xc3ac}, //矛
{0x77dc, 0xf1e6}, //矜
{0x77e2, 0xcab8}, //矢
{0x77e3, 0xd2d3}, //矣
{0x77e5, 0xd6aa}, //知
{0x77e7, 0xeff2}, //矧
{0x77e9, 0xbed8}, //矩
{0x77eb, 0xbdc3}, //矫
{0x77ec, 0xeff3}, //矬
{0x77ed, 0xb6cc}, //短
{0x77ee, 0xb0ab}, //矮
{0x77f3, 0xcaaf}, //石
{0x77f6, 0xedb6}, //矶
{0x77f8, 0xedb7}, //矸
{0x77fd, 0xcef9}, //矽
{0x77fe, 0xb7af}, //矾
{0x77ff, 0xbff3}, //矿
{0x7800, 0xedb8}, //砀
{0x7801, 0xc2eb}, //码
{0x7802, 0xc9b0}, //砂
{0x7809, 0xedb9}, //砉
{0x780c, 0xc6f6}, //砌
{0x780d, 0xbfb3}, //砍
{0x7811, 0xedbc}, //砑
{0x7812, 0xc5f8}, //砒
{0x7814, 0xd1d0}, //研
{0x7816, 0xd7a9}, //砖
{0x7817, 0xedba}, //砗
{0x7818, 0xedbb}, //砘
{0x781a, 0xd1e2}, //砚
{0x781c, 0xedbf}, //砜
{0x781d, 0xedc0}, //砝
{0x781f, 0xedc4}, //砟
{0x7823, 0xedc8}, //砣
{0x7825, 0xedc6}, //砥
{0x7826, 0xedce}, //砦
{0x7827, 0xd5e8}, //砧
{0x7829, 0xedc9}, //砩
{0x782c, 0xedc7}, //砬
{0x782d, 0xedbe}, //砭
{0x7830, 0xc5e9}, //砰
{0x7834, 0xc6c6}, //破
{0x7837, 0xc9e9}, //砷
{0x7838, 0xd4d2}, //砸
{0x7839, 0xedc1}, //砹
{0x783a, 0xedc2}, //砺
{0x783b, 0xedc3}, //砻
{0x783c, 0xedc5}, //砼
{0x783e, 0xc0f9}, //砾
{0x7840, 0xb4a1}, //础
{0x7845, 0xb9e8}, //硅
{0x7847, 0xedd0}, //硇
{0x784c, 0xedd1}, //硌
{0x784e, 0xedca}, //硎
{0x7850, 0xedcf}, //硐
{0x7852, 0xcef8}, //硒
{0x7855, 0xcbb6}, //硕
{0x7856, 0xedcc}, //硖
{0x7857, 0xedcd}, //硗
{0x785d, 0xcff5}, //硝
{0x786a, 0xedd2}, //硪
{0x786b, 0xc1f2}, //硫
{0x786c, 0xd3b2}, //硬
{0x786d, 0xedcb}, //硭
{0x786e, 0xc8b7}, //确
{0x7877, 0xbcef}, //硷
{0x787c, 0xc5f0}, //硼
{0x7887, 0xedd6}, //碇
{0x7889, 0xb5ef}, //碉
{0x788c, 0xc2b5}, //碌
{0x788d, 0xb0ad}, //碍
{0x788e, 0xcbe9}, //碎
{0x7891, 0xb1ae}, //碑
{0x7893, 0xedd4}, //碓
{0x7897, 0xcdeb}, //碗
{0x7898, 0xb5e2}, //碘
{0x789a, 0xedd5}, //碚
{0x789b, 0xedd3}, //碛
{0x789c, 0xedd7}, //碜
{0x789f, 0xb5fa}, //碟
{0x78a1, 0xedd8}, //碡
{0x78a3, 0xedd9}, //碣
{0x78a5, 0xeddc}, //碥
{0x78a7, 0xb1cc}, //碧
{0x78b0, 0xc5f6}, //碰
{0x78b1, 0xbcee}, //碱
{0x78b2, 0xedda}, //碲
{0x78b3, 0xccbc}, //碳
{0x78b4, 0xb2ea}, //碴
{0x78b9, 0xeddb}, //碹
{0x78be, 0xc4eb}, //碾
{0x78c1, 0xb4c5}, //磁
{0x78c5, 0xb0f5}, //磅
{0x78c9, 0xeddf}, //磉
{0x78ca, 0xc0da}, //磊
{0x78cb, 0xb4e8}, //磋
{0x78d0, 0xc5cd}, //磐
{0x78d4, 0xeddd}, //磔
{0x78d5, 0xbfc4}, //磕
{0x78d9, 0xedde}, //磙
{0x78e8, 0xc4a5}, //磨
{0x78ec, 0xede0}, //磬
{0x78f2, 0xede1}, //磲
{0x78f4, 0xede3}, //磴
{0x78f7, 0xc1d7}, //磷
{0x78fa, 0xbbc7}, //磺
{0x7901, 0xbdb8}, //礁
{0x7905, 0xede2}, //礅
{0x7913, 0xede4}, //礓
{0x791e, 0xede6}, //礞
{0x7924, 0xede5}, //礤
{0x7934, 0xede7}, //礴
{0x793a, 0xcabe}, //示
{0x793b, 0xecea}, //礻
{0x793c, 0xc0f1}, //礼
{0x793e, 0xc9e7}, //社
{0x7940, 0xeceb}, //祀
{0x7941, 0xc6ee}, //祁
{0x7946, 0xecec}, //祆
{0x7948, 0xc6ed}, //祈
{0x7949, 0xeced}, //祉
{0x7953, 0xecf0}, //祓
{0x7956, 0xd7e6}, //祖
{0x7957, 0xecf3}, //祗
{0x795a, 0xecf1}, //祚
{0x795b, 0xecee}, //祛
{0x795c, 0xecef}, //祜
{0x795d, 0xd7a3}, //祝
{0x795e, 0xc9f1}, //神
{0x795f, 0xcbee}, //祟
{0x7960, 0xecf4}, //祠
{0x7962, 0xecf2}, //祢
{0x7965, 0xcfe9}, //祥
{0x7967, 0xecf6}, //祧
{0x7968, 0xc6b1}, //票
{0x796d, 0xbcc0}, //祭
{0x796f, 0xecf5}, //祯
{0x7977, 0xb5bb}, //祷
{0x7978, 0xbbf6}, //祸
{0x797a, 0xecf7}, //祺
{0x7980, 0xd9f7}, //禀
{0x7981, 0xbdfb}, //禁
{0x7984, 0xc2bb}, //禄
{0x7985, 0xecf8}, //禅
{0x798a, 0xecf9}, //禊
{0x798f, 0xb8a3}, //福
{0x799a, 0xecfa}, //禚
{0x79a7, 0xecfb}, //禧
{0x79b3, 0xecfc}, //禳
{0x79b9, 0xd3ed}, //禹
{0x79ba, 0xd8ae}, //禺
{0x79bb, 0xc0eb}, //离
{0x79bd, 0xc7dd}, //禽
{0x79be, 0xbacc}, //禾
{0x79c0, 0xd0e3}, //秀
{0x79c1, 0xcbbd}, //私
{0x79c3, 0xcdba}, //秃
{0x79c6, 0xb8d1}, //秆
{0x79c9, 0xb1fc}, //秉
{0x79cb, 0xc7ef}, //秋
{0x79cd, 0xd6d6}, //种
{0x79d1, 0xbfc6}, //科
{0x79d2, 0xc3eb}, //秒
{0x79d5, 0xeff5}, //秕
{0x79d8, 0xc3d8}, //秘
{0x79df, 0xd7e2}, //租
{0x79e3, 0xeff7}, //秣
{0x79e4, 0xb3d3}, //秤
{0x79e6, 0xc7d8}, //秦
{0x79e7, 0xd1ed}, //秧
{0x79e9, 0xd6c8}, //秩
{0x79eb, 0xeff8}, //秫
{0x79ed, 0xeff6}, //秭
{0x79ef, 0xbbfd}, //积
{0x79f0, 0xb3c6}, //称
{0x79f8, 0xbdd5}, //秸
{0x79fb, 0xd2c6}, //移
{0x79fd, 0xbbe0}, //秽
{0x7a00, 0xcfa1}, //稀
{0x7a02, 0xeffc}, //稂
{0x7a03, 0xeffb}, //稃
{0x7a06, 0xeff9}, //稆
{0x7a0b, 0xb3cc}, //程
{0x7a0d, 0xc9d4}, //稍
{0x7a0e, 0xcbb0}, //税
{0x7a14, 0xeffe}, //稔
{0x7a17, 0xb0de}, //稗
{0x7a1a, 0xd6c9}, //稚
{0x7a1e, 0xeffd}, //稞
{0x7a20, 0xb3ed}, //稠
{0x7a23, 0xf6d5}, //稣
{0x7a33, 0xcec8}, //稳
{0x7a37, 0xf0a2}, //稷
{0x7a39, 0xf0a1}, //稹
{0x7a3b, 0xb5be}, //稻
{0x7a3c, 0xbcda}, //稼
{0x7a3d, 0xbbfc}, //稽
{0x7a3f, 0xb8e5}, //稿
{0x7a46, 0xc4c2}, //穆
{0x7a51, 0xf0a3}, //穑
{0x7a57, 0xcbeb}, //穗
{0x7a70, 0xf0a6}, //穰
{0x7a74, 0xd1a8}, //穴
{0x7a76, 0xbebf}, //究
{0x7a77, 0xc7ee}, //穷
{0x7a78, 0xf1b6}, //穸
{0x7a79, 0xf1b7}, //穹
{0x7a7a, 0xbfd5}, //空
{0x7a7f, 0xb4a9}, //穿
{0x7a80, 0xf1b8}, //窀
{0x7a81, 0xcdbb}, //突
{0x7a83, 0xc7d4}, //窃
{0x7a84, 0xd5ad}, //窄
{0x7a86, 0xf1b9}, //窆
{0x7a88, 0xf1ba}, //窈
{0x7a8d, 0xc7cf}, //窍
{0x7a91, 0xd2a4}, //窑
{0x7a92, 0xd6cf}, //窒
{0x7a95, 0xf1bb}, //窕
{0x7a96, 0xbdd1}, //窖
{0x7a97, 0xb4b0}, //窗
{0x7a98, 0xbebd}, //窘
{0x7a9c, 0xb4dc}, //窜
{0x7a9d, 0xced1}, //窝
{0x7a9f, 0xbfdf}, //窟
{0x7aa0, 0xf1bd}, //窠
{0x7aa5, 0xbffa}, //窥
{0x7aa6, 0xf1bc}, //窦
{0x7aa8, 0xf1bf}, //窨
{0x7aac, 0xf1be}, //窬
{0x7aad, 0xf1c0}, //窭
{0x7ab3, 0xf1c1}, //窳
{0x7abf, 0xc1fe}, //窿
{0x7acb, 0xc1a2}, //立
{0x7ad6, 0xcafa}, //竖
{0x7ad9, 0xd5be}, //站
{0x7ade, 0xbeba}, //竞
{0x7adf, 0xbeb9}, //竟
{0x7ae0, 0xd5c2}, //章
{0x7ae3, 0xbfa2}, //竣
{0x7ae5, 0xcdaf}, //童
{0x7ae6, 0xf1b5}, //竦
{0x7aed, 0xbddf}, //竭
{0x7aef, 0xb6cb}, //端
{0x7af9, 0xd6f1}, //竹
{0x7afa, 0xf3c3}, //竺
{0x7afd, 0xf3c4}, //竽
{0x7aff, 0xb8cd}, //竿
{0x7b03, 0xf3c6}, //笃
{0x7b04, 0xf3c7}, //笄
{0x7b06, 0xb0ca}, //笆
{0x7b08, 0xf3c5}, //笈
{0x7b0a, 0xf3c9}, //笊
{0x7b0b, 0xcbf1}, //笋
{0x7b0f, 0xf3cb}, //笏
{0x7b11, 0xd0a6}, //笑
{0x7b14, 0xb1ca}, //笔
{0x7b15, 0xf3c8}, //笕
{0x7b19, 0xf3cf}, //笙
{0x7b1b, 0xb5d1}, //笛
{0x7b1e, 0xf3d7}, //笞
{0x7b20, 0xf3d2}, //笠
{0x7b24, 0xf3d4}, //笤
{0x7b25, 0xf3d3}, //笥
{0x7b26, 0xb7fb}, //符
{0x7b28, 0xb1bf}, //笨
{0x7b2a, 0xf3ce}, //笪
{0x7b2b, 0xf3ca}, //笫
{0x7b2c, 0xb5da}, //第
{0x7b2e, 0xf3d0}, //笮
{0x7b31, 0xf3d1}, //笱
{0x7b33, 0xf3d5}, //笳
{0x7b38, 0xf3cd}, //笸
{0x7b3a, 0xbce3}, //笺
{0x7b3c, 0xc1fd}, //笼
{0x7b3e, 0xf3d6}, //笾
{0x7b45, 0xf3da}, //筅
{0x7b47, 0xf3cc}, //筇
{0x7b49, 0xb5c8}, //等
{0x7b4b, 0xbdee}, //筋
{0x7b4c, 0xf3dc}, //筌
{0x7b4f, 0xb7a4}, //筏
{0x7b50, 0xbff0}, //筐
{0x7b51, 0xd6fe}, //筑
{0x7b52, 0xcdb2}, //筒
{0x7b54, 0xb4f0}, //答
{0x7b56, 0xb2df}, //策
{0x7b58, 0xf3d8}, //筘
{0x7b5a, 0xf3d9}, //筚
{0x7b5b, 0xc9b8}, //筛
{0x7b5d, 0xf3dd}, //筝
{0x7b60, 0xf3de}, //筠
{0x7b62, 0xf3e1}, //筢
{0x7b6e, 0xf3df}, //筮
{0x7b71, 0xf3e3}, //筱
{0x7b72, 0xf3e2}, //筲
{0x7b75, 0xf3db}, //筵
{0x7b77, 0xbfea}, //筷
{0x7b79, 0xb3ef}, //筹
{0x7b7b, 0xf3e0}, //筻
{0x7b7e, 0xc7a9}, //签
{0x7b80, 0xbcf2}, //简
{0x7b85, 0xf3eb}, //箅
{0x7b8d, 0xb9bf}, //箍
{0x7b90, 0xf3e4}, //箐
{0x7b94, 0xb2ad}, //箔
{0x7b95, 0xbbfe}, //箕
{0x7b97, 0xcbe3}, //算
{0x7b9c, 0xf3ed}, //箜
{0x7b9d, 0xf3e9}, //箝
{0x7ba1, 0xb9dc}, //管
{0x7ba2, 0xf3ee}, //箢
{0x7ba6, 0xf3e5}, //箦
{0x7ba7, 0xf3e6}, //箧
{0x7ba8, 0xf3ea}, //箨
{0x7ba9, 0xc2e1}, //箩
{0x7baa, 0xf3ec}, //箪
{0x7bab, 0xf3ef}, //箫
{0x7bac, 0xf3e8}, //箬
{0x7bad, 0xbcfd}, //箭
{0x7bb1, 0xcfe4}, //箱
{0x7bb4, 0xf3f0}, //箴
{0x7bb8, 0xf3e7}, //箸
{0x7bc1, 0xf3f2}, //篁
{0x7bc6, 0xd7ad}, //篆
{0x7bc7, 0xc6aa}, //篇
{0x7bcc, 0xf3f3}, //篌
{0x7bd1, 0xf3f1}, //篑
{0x7bd3, 0xc2a8}, //篓
{0x7bd9, 0xb8dd}, //篙
{0x7bda, 0xf3f5}, //篚
{0x7bdd, 0xf3f4}, //篝
{0x7be1, 0xb4db}, //篡
{0x7be5, 0xf3f6}, //篥
{0x7be6, 0xf3f7}, //篦
{0x7bea, 0xf3f8}, //篪
{0x7bee, 0xc0ba}, //篮
{0x7bf1, 0xc0e9}, //篱
{0x7bf7, 0xc5f1}, //篷
{0x7bfc, 0xf3fb}, //篼
{0x7bfe, 0xf3fa}, //篾
{0x7c07, 0xb4d8}, //簇
{0x7c0b, 0xf3fe}, //簋
{0x7c0c, 0xf3f9}, //簌
{0x7c0f, 0xf3fc}, //簏
{0x7c16, 0xf3fd}, //簖
{0x7c1f, 0xf4a1}, //簟
{0x7c26, 0xf4a3}, //簦
{0x7c27, 0xbbc9}, //簧
{0x7c2a, 0xf4a2}, //簪
{0x7c38, 0xf4a4}, //簸
{0x7c3f, 0xb2be}, //簿
{0x7c40, 0xf4a6}, //籀
{0x7c41, 0xf4a5}, //籁
{0x7c4d, 0xbcae}, //籍
{0x7c73, 0xc3d7}, //米
{0x7c74, 0xd9e1}, //籴
{0x7c7b, 0xc0e0}, //类
{0x7c7c, 0xf4cc}, //籼
{0x7c7d, 0xd7d1}, //籽
{0x7c89, 0xb7db}, //粉
{0x7c91, 0xf4ce}, //粑
{0x7c92, 0xc1a3}, //粒
{0x7c95, 0xc6c9}, //粕
{0x7c97, 0xb4d6}, //粗
{0x7c98, 0xd5b3}, //粘
{0x7c9c, 0xf4d0}, //粜
{0x7c9d, 0xf4cf}, //粝
{0x7c9e, 0xf4d1}, //粞
{0x7c9f, 0xcbda}, //粟
{0x7ca2, 0xf4d2}, //粢
{0x7ca4, 0xd4c1}, //粤
{0x7ca5, 0xd6e0}, //粥
{0x7caa, 0xb7e0}, //粪
{0x7cae, 0xc1b8}, //粮
{0x7cb1, 0xc1bb}, //粱
{0x7cb2, 0xf4d3}, //粲
{0x7cb3, 0xbeac}, //粳
{0x7cb9, 0xb4e2}, //粹
{0x7cbc, 0xf4d4}, //粼
{0x7cbd, 0xf4d5}, //粽
{0x7cbe, 0xbeab}, //精
{0x7cc1, 0xf4d6}, //糁
{0x7cc5, 0xf4db}, //糅
{0x7cc7, 0xf4d7}, //糇
{0x7cc8, 0xf4da}, //糈
{0x7cca, 0xbafd}, //糊
{0x7ccc, 0xf4d8}, //糌
{0x7ccd, 0xf4d9}, //糍
{0x7cd5, 0xb8e2}, //糕
{0x7cd6, 0xccc7}, //糖
{0x7cd7, 0xf4dc}, //糗
{0x7cd9, 0xb2da}, //糙
{0x7cdc, 0xc3d3}, //糜
{0x7cdf, 0xd4e3}, //糟
{0x7ce0, 0xbfb7}, //糠
{0x7ce8, 0xf4dd}, //糨
{0x7cef, 0xc5b4}, //糯
{0x7cf8, 0xf4e9}, //糸
{0x7cfb, 0xcfb5}, //系
{0x7d0a, 0xcec9}, //紊
{0x7d20, 0xcbd8}, //素
{0x7d22, 0xcbf7}, //索
{0x7d27, 0xbdf4}, //紧
{0x7d2b, 0xd7cf}, //紫
{0x7d2f, 0xc0db}, //累
{0x7d6e, 0xd0f5}, //絮
{0x7d77, 0xf4ea}, //絷
{0x7da6, 0xf4eb}, //綦
{0x7dae, 0xf4ec}, //綮
{0x7e3b, 0xf7e3}, //縻
{0x7e41, 0xb7b1}, //繁
{0x7e47, 0xf4ed}, //繇
{0x7e82, 0xd7eb}, //纂
{0x7e9b, 0xf4ee}, //纛
{0x7e9f, 0xe6f9}, //纟
{0x7ea0, 0xbec0}, //纠
{0x7ea1, 0xe6fa}, //纡
{0x7ea2, 0xbaec}, //红
{0x7ea3, 0xe6fb}, //纣
{0x7ea4, 0xcfcb}, //纤
{0x7ea5, 0xe6fc}, //纥
{0x7ea6, 0xd4bc}, //约
{0x7ea7, 0xbcb6}, //级
{0x7ea8, 0xe6fd}, //纨
{0x7ea9, 0xe6fe}, //纩
{0x7eaa, 0xbccd}, //纪
{0x7eab, 0xc8d2}, //纫
{0x7eac, 0xceb3}, //纬
{0x7ead, 0xe7a1}, //纭
{0x7eaf, 0xb4bf}, //纯
{0x7eb0, 0xe7a2}, //纰
{0x7eb1, 0xc9b4}, //纱
{0x7eb2, 0xb8d9}, //纲
{0x7eb3, 0xc4c9}, //纳
{0x7eb5, 0xd7dd}, //纵
{0x7eb6, 0xc2da}, //纶
{0x7eb7, 0xb7d7}, //纷
{0x7eb8, 0xd6bd}, //纸
{0x7eb9, 0xcec6}, //纹
{0x7eba, 0xb7c4}, //纺
{0x7ebd, 0xc5a6}, //纽
{0x7ebe, 0xe7a3}, //纾
{0x7ebf, 0xcfdf}, //线
{0x7ec0, 0xe7a4}, //绀
{0x7ec1, 0xe7a5}, //绁
{0x7ec2, 0xe7a6}, //绂
{0x7ec3, 0xc1b7}, //练
{0x7ec4, 0xd7e9}, //组
{0x7ec5, 0xc9f0}, //绅
{0x7ec6, 0xcfb8}, //细
{0x7ec7, 0xd6af}, //织
{0x7ec8, 0xd6d5}, //终
{0x7ec9, 0xe7a7}, //绉
{0x7eca, 0xb0ed}, //绊
{0x7ecb, 0xe7a8}, //绋
{0x7ecc, 0xe7a9}, //绌
{0x7ecd, 0xc9dc}, //绍
{0x7ece, 0xd2ef}, //绎
{0x7ecf, 0xbead}, //经
{0x7ed0, 0xe7aa}, //绐
{0x7ed1, 0xb0f3}, //绑
{0x7ed2, 0xc8de}, //绒
{0x7ed3, 0xbde1}, //结
{0x7ed4, 0xe7ab}, //绔
{0x7ed5, 0xc8c6}, //绕
{0x7ed7, 0xe7ac}, //绗
{0x7ed8, 0xbbe6}, //绘
{0x7ed9, 0xb8f8}, //给
{0x7eda, 0xd1a4}, //绚
{0x7edb, 0xe7ad}, //绛
{0x7edc, 0xc2e7}, //络
{0x7edd, 0xbef8}, //绝
{0x7ede, 0xbdca}, //绞
{0x7edf, 0xcdb3}, //统
{0x7ee0, 0xe7ae}, //绠
{0x7ee1, 0xe7af}, //绡
{0x7ee2, 0xbeee}, //绢
{0x7ee3, 0xd0e5}, //绣
{0x7ee5, 0xcbe7}, //绥
{0x7ee6, 0xccd0}, //绦
{0x7ee7, 0xbccc}, //继
{0x7ee8, 0xe7b0}, //绨
{0x7ee9, 0xbca8}, //绩
{0x7eea, 0xd0f7}, //绪
{0x7eeb, 0xe7b1}, //绫
{0x7eed, 0xd0f8}, //续
{0x7eee, 0xe7b2}, //绮
{0x7eef, 0xe7b3}, //绯
{0x7ef0, 0xb4c2}, //绰
{0x7ef1, 0xe7b4}, //绱
{0x7ef2, 0xe7b5}, //绲
{0x7ef3, 0xc9fe}, //绳
{0x7ef4, 0xceac}, //维
{0x7ef5, 0xc3e0}, //绵
{0x7ef6, 0xe7b7}, //绶
{0x7ef7, 0xb1c1}, //绷
{0x7ef8, 0xb3f1}, //绸
{0x7efa, 0xe7b8}, //绺
{0x7efb, 0xe7b9}, //绻
{0x7efc, 0xd7db}, //综
{0x7efd, 0xd5c0}, //绽
{0x7efe, 0xe7ba}, //绾
{0x7eff, 0xc2cc}, //绿
{0x7f00, 0xd7ba}, //缀
{0x7f01, 0xe7bb}, //缁
{0x7f02, 0xe7bc}, //缂
{0x7f03, 0xe7bd}, //缃
{0x7f04, 0xbcea}, //缄
{0x7f05, 0xc3e5}, //缅
{0x7f06, 0xc0c2}, //缆
{0x7f07, 0xe7be}, //缇
{0x7f08, 0xe7bf}, //缈
{0x7f09, 0xbca9}, //缉
{0x7f0b, 0xe7c0}, //缋
{0x7f0c, 0xe7c1}, //缌
{0x7f0d, 0xe7b6}, //缍
{0x7f0e, 0xb6d0}, //缎
{0x7f0f, 0xe7c2}, //缏
{0x7f11, 0xe7c3}, //缑
{0x7f12, 0xe7c4}, //缒
{0x7f13, 0xbbba}, //缓
{0x7f14, 0xb5de}, //缔
{0x7f15, 0xc2c6}, //缕
{0x7f16, 0xb1e0}, //编
{0x7f17, 0xe7c5}, //缗
{0x7f18, 0xd4b5}, //缘
{0x7f19, 0xe7c6}, //缙
{0x7f1a, 0xb8bf}, //缚
{0x7f1b, 0xe7c8}, //缛
{0x7f1c, 0xe7c7}, //缜
{0x7f1d, 0xb7ec}, //缝
{0x7f1f, 0xe7c9}, //缟
{0x7f20, 0xb2f8}, //缠
{0x7f21, 0xe7ca}, //缡
{0x7f22, 0xe7cb}, //缢
{0x7f23, 0xe7cc}, //缣
{0x7f24, 0xe7cd}, //缤
{0x7f25, 0xe7ce}, //缥
{0x7f26, 0xe7cf}, //缦
{0x7f27, 0xe7d0}, //缧
{0x7f28, 0xd3a7}, //缨
{0x7f29, 0xcbf5}, //缩
{0x7f2a, 0xe7d1}, //缪
{0x7f2b, 0xe7d2}, //缫
{0x7f2c, 0xe7d3}, //缬
{0x7f2d, 0xe7d4}, //缭
{0x7f2e, 0xc9c9}, //缮
{0x7f2f, 0xe7d5}, //缯
{0x7f30, 0xe7d6}, //缰
{0x7f31, 0xe7d7}, //缱
{0x7f32, 0xe7d8}, //缲
{0x7f33, 0xe7d9}, //缳
{0x7f34, 0xbdc9}, //缴
{0x7f35, 0xe7da}, //缵
{0x7f36, 0xf3be}, //缶
{0x7f38, 0xb8d7}, //缸
{0x7f3a, 0xc8b1}, //缺
{0x7f42, 0xf3bf}, //罂
{0x7f44, 0xf3c0}, //罄
{0x7f45, 0xf3c1}, //罅
{0x7f50, 0xb9de}, //罐
{0x7f51, 0xcdf8}, //网
{0x7f54, 0xd8e8}, //罔
{0x7f55, 0xbab1}, //罕
{0x7f57, 0xc2de}, //罗
{0x7f58, 0xeeb7}, //罘
{0x7f5a, 0xb7a3}, //罚
{0x7f5f, 0xeeb9}, //罟
{0x7f61, 0xeeb8}, //罡
{0x7f62, 0xb0d5}, //罢
{0x7f68, 0xeebb}, //罨
{0x7f69, 0xd5d6}, //罩
{0x7f6a, 0xd7ef}, //罪
{0x7f6e, 0xd6c3}, //置
{0x7f71, 0xeebd}, //罱
{0x7f72, 0xcaf0}, //署
{0x7f74, 0xeebc}, //罴
{0x7f79, 0xeebe}, //罹
{0x7f7e, 0xeec0}, //罾
{0x7f81, 0xeebf}, //羁
{0x7f8a, 0xd1f2}, //羊
{0x7f8c, 0xc7bc}, //羌
{0x7f8e, 0xc3c0}, //美
{0x7f94, 0xb8e1}, //羔
{0x7f9a, 0xc1e7}, //羚
{0x7f9d, 0xf4c6}, //羝
{0x7f9e, 0xd0df}, //羞
{0x7f9f, 0xf4c7}, //羟
{0x7fa1, 0xcfdb}, //羡
{0x7fa4, 0xc8ba}, //群
{0x7fa7, 0xf4c8}, //羧
{0x7faf, 0xf4c9}, //羯
{0x7fb0, 0xf4ca}, //羰
{0x7fb2, 0xf4cb}, //羲
{0x7fb8, 0xd9fa}, //羸
{0x7fb9, 0xb8fe}, //羹
{0x7fbc, 0xe5f1}, //羼
{0x7fbd, 0xd3f0}, //羽
{0x7fbf, 0xf4e0}, //羿
{0x7fc1, 0xcecc}, //翁
{0x7fc5, 0xb3e1}, //翅
{0x7fca, 0xf1b4}, //翊
{0x7fcc, 0xd2ee}, //翌
{0x7fce, 0xf4e1}, //翎
{0x7fd4, 0xcfe8}, //翔
{0x7fd5, 0xf4e2}, //翕
{0x7fd8, 0xc7cc}, //翘
{0x7fdf, 0xb5d4}, //翟
{0x7fe0, 0xb4e4}, //翠
{0x7fe1, 0xf4e4}, //翡
{0x7fe5, 0xf4e3}, //翥
{0x7fe6, 0xf4e5}, //翦
{0x7fe9, 0xf4e6}, //翩
{0x7fee, 0xf4e7}, //翮
{0x7ff0, 0xbab2}, //翰
{0x7ff1, 0xb0bf}, //翱
{0x7ff3, 0xf4e8}, //翳
{0x7ffb, 0xb7ad}, //翻
{0x7ffc, 0xd2ed}, //翼
{0x8000, 0xd2ab}, //耀
{0x8001, 0xc0cf}, //老
{0x8003, 0xbfbc}, //考
{0x8004, 0xeba3}, //耄
{0x8005, 0xd5df}, //者
{0x8006, 0xeac8}, //耆
{0x800b, 0xf1f3}, //耋
{0x800c, 0xb6f8}, //而
{0x800d, 0xcba3}, //耍
{0x8010, 0xc4cd}, //耐
{0x8012, 0xf1e7}, //耒
{0x8014, 0xf1e8}, //耔
{0x8015, 0xb8fb}, //耕
{0x8016, 0xf1e9}, //耖
{0x8017, 0xbac4}, //耗
{0x8018, 0xd4c5}, //耘
{0x8019, 0xb0d2}, //耙
{0x801c, 0xf1ea}, //耜
{0x8020, 0xf1eb}, //耠
{0x8022, 0xf1ec}, //耢
{0x8025, 0xf1ed}, //耥
{0x8026, 0xf1ee}, //耦
{0x8027, 0xf1ef}, //耧
{0x8028, 0xf1f1}, //耨
{0x8029, 0xf1f0}, //耩
{0x802a, 0xc5d5}, //耪
{0x8031, 0xf1f2}, //耱
{0x8033, 0xb6fa}, //耳
{0x8035, 0xf1f4}, //耵
{0x8036, 0xd2ae}, //耶
{0x8037, 0xdec7}, //耷
{0x8038, 0xcbca}, //耸
{0x803b, 0xb3dc}, //耻
{0x803d, 0xb5a2}, //耽
{0x803f, 0xb9a2}, //耿
{0x8042, 0xc4f4}, //聂
{0x8043, 0xf1f5}, //聃
{0x8046, 0xf1f6}, //聆
{0x804a, 0xc1c4}, //聊
{0x804b, 0xc1fb}, //聋
{0x804c, 0xd6b0}, //职
{0x804d, 0xf1f7}, //聍
{0x8052, 0xf1f8}, //聒
{0x8054, 0xc1aa}, //联
{0x8058, 0xc6b8}, //聘
{0x805a, 0xbedb}, //聚
{0x8069, 0xf1f9}, //聩
{0x806a, 0xb4cf}, //聪
{0x8071, 0xf1fa}, //聱
{0x807f, 0xedb2}, //聿
{0x8080, 0xedb1}, //肀
{0x8083, 0xcbe0}, //肃
{0x8084, 0xd2de}, //肄
{0x8086, 0xcbc1}, //肆
{0x8087, 0xd5d8}, //肇
{0x8089, 0xc8e2}, //肉
{0x808b, 0xc0df}, //肋
{0x808c, 0xbca1}, //肌
{0x8093, 0xebc1}, //肓
{0x8096, 0xd0a4}, //肖
{0x8098, 0xd6e2}, //肘
{0x809a, 0xb6c7}, //肚
{0x809b, 0xb8d8}, //肛
{0x809c, 0xebc0}, //肜
{0x809d, 0xb8ce}, //肝
{0x809f, 0xebbf}, //肟
{0x80a0, 0xb3a6}, //肠
{0x80a1, 0xb9c9}, //股
{0x80a2, 0xd6ab}, //肢
{0x80a4, 0xb7f4}, //肤
{0x80a5, 0xb7ca}, //肥
{0x80a9, 0xbce7}, //肩
{0x80aa, 0xb7be}, //肪
{0x80ab, 0xebc6}, //肫
{0x80ad, 0xebc7}, //肭
{0x80ae, 0xb0b9}, //肮
{0x80af, 0xbfcf}, //肯
{0x80b1, 0xebc5}, //肱
{0x80b2, 0xd3fd}, //育
{0x80b4, 0xebc8}, //肴
{0x80b7, 0xebc9}, //肷
{0x80ba, 0xb7ce}, //肺
{0x80bc, 0xebc2}, //肼
{0x80bd, 0xebc4}, //肽
{0x80be, 0xc9f6}, //肾
{0x80bf, 0xd6d7}, //肿
{0x80c0, 0xd5cd}, //胀
{0x80c1, 0xd0b2}, //胁
{0x80c2, 0xebcf}, //胂
{0x80c3, 0xceb8}, //胃
{0x80c4, 0xebd0}, //胄
{0x80c6, 0xb5a8}, //胆
{0x80cc, 0xb1b3}, //背
{0x80cd, 0xebd2}, //胍
{0x80ce, 0xcca5}, //胎
{0x80d6, 0xc5d6}, //胖
{0x80d7, 0xebd3}, //胗
{0x80d9, 0xebd1}, //胙
{0x80da, 0xc5df}, //胚
{0x80db, 0xebce}, //胛
{0x80dc, 0xcaa4}, //胜
{0x80dd, 0xebd5}, //胝
{0x80de, 0xb0fb}, //胞
{0x80e1, 0xbafa}, //胡
{0x80e4, 0xd8b7}, //胤
{0x80e5, 0xf1e3}, //胥
{0x80e7, 0xebca}, //胧
{0x80e8, 0xebcb}, //胨
{0x80e9, 0xebcc}, //胩
{0x80ea, 0xebcd}, //胪
{0x80eb, 0xebd6}, //胫
{0x80ec, 0xe6c0}, //胬
{0x80ed, 0xebd9}, //胭
{0x80ef, 0xbfe8}, //胯
{0x80f0, 0xd2c8}, //胰
{0x80f1, 0xebd7}, //胱
{0x80f2, 0xebdc}, //胲
{0x80f3, 0xb8ec}, //胳
{0x80f4, 0xebd8}, //胴
{0x80f6, 0xbdba}, //胶
{0x80f8, 0xd0d8}, //胸
{0x80fa, 0xb0b7}, //胺
{0x80fc, 0xebdd}, //胼
{0x80fd, 0xc4dc}, //能
{0x8102, 0xd6ac}, //脂
{0x8106, 0xb4e0}, //脆
{0x8109, 0xc2f6}, //脉
{0x810a, 0xbcb9}, //脊
{0x810d, 0xebda}, //脍
{0x810e, 0xebdb}, //脎
{0x810f, 0xd4e0}, //脏
{0x8110, 0xc6ea}, //脐
{0x8111, 0xc4d4}, //脑
{0x8112, 0xebdf}, //脒
{0x8113, 0xc5a7}, //脓
{0x8114, 0xd9f5}, //脔
{0x8116, 0xb2b1}, //脖
{0x8118, 0xebe4}, //脘
{0x811a, 0xbdc5}, //脚
{0x811e, 0xebe2}, //脞
{0x812c, 0xebe3}, //脬
{0x812f, 0xb8ac}, //脯
{0x8131, 0xcdd1}, //脱
{0x8132, 0xebe5}, //脲
{0x8136, 0xebe1}, //脶
{0x8138, 0xc1b3}, //脸
{0x813e, 0xc6a2}, //脾
{0x8146, 0xccf3}, //腆
{0x8148, 0xebe6}, //腈
{0x814a, 0xc0b0}, //腊
{0x814b, 0xd2b8}, //腋
{0x814c, 0xebe7}, //腌
{0x8150, 0xb8af}, //腐
{0x8151, 0xb8ad}, //腑
{0x8153, 0xebe8}, //腓
{0x8154, 0xc7bb}, //腔
{0x8155, 0xcdf3}, //腕
{0x8159, 0xebea}, //腙
{0x815a, 0xebeb}, //腚
{0x8160, 0xebed}, //腠
{0x8165, 0xd0c8}, //腥
{0x8167, 0xebf2}, //腧
{0x8169, 0xebee}, //腩
{0x816d, 0xebf1}, //腭
{0x816e, 0xc8f9}, //腮
{0x8170, 0xd1fc}, //腰
{0x8171, 0xebec}, //腱
{0x8174, 0xebe9}, //腴
{0x8179, 0xb8b9}, //腹
{0x817a, 0xcfd9}, //腺
{0x817b, 0xc4e5}, //腻
{0x817c, 0xebef}, //腼
{0x817d, 0xebf0}, //腽
{0x817e, 0xccda}, //腾
{0x817f, 0xcdc8}, //腿
{0x8180, 0xb0f2}, //膀
{0x8182, 0xebf6}, //膂
{0x8188, 0xebf5}, //膈
{0x818a, 0xb2b2}, //膊
{0x818f, 0xb8e0}, //膏
{0x8191, 0xebf7}, //膑
{0x8198, 0xb1ec}, //膘
{0x819b, 0xccc5}, //膛
{0x819c, 0xc4a4}, //膜
{0x819d, 0xcfa5}, //膝
{0x81a3, 0xebf9}, //膣
{0x81a6, 0xeca2}, //膦
{0x81a8, 0xc5f2}, //膨
{0x81aa, 0xebfa}, //膪
{0x81b3, 0xc9c5}, //膳
{0x81ba, 0xe2df}, //膺
{0x81bb, 0xebfe}, //膻
{0x81c0, 0xcdce}, //臀
{0x81c1, 0xeca1}, //臁
{0x81c2, 0xb1db}, //臂
{0x81c3, 0xd3b7}, //臃
{0x81c6, 0xd2dc}, //臆
{0x81ca, 0xebfd}, //臊
{0x81cc, 0xebfb}, //臌
{0x81e3, 0xb3bc}, //臣
{0x81e7, 0xeab0}, //臧
{0x81ea, 0xd7d4}, //自
{0x81ec, 0xf4ab}, //臬
{0x81ed, 0xb3f4}, //臭
{0x81f3, 0xd6c1}, //至
{0x81f4, 0xd6c2}, //致
{0x81fb, 0xd5e9}, //臻
{0x81fc, 0xbeca}, //臼
{0x81fe, 0xf4a7}, //臾
{0x8200, 0xd2a8}, //舀
{0x8201, 0xf4a8}, //舁
{0x8202, 0xf4a9}, //舂
{0x8204, 0xf4aa}, //舄
{0x8205, 0xbecb}, //舅
{0x8206, 0xd3df}, //舆
{0x820c, 0xc9e0}, //舌
{0x820d, 0xc9e1}, //舍
{0x8210, 0xf3c2}, //舐
{0x8212, 0xcae6}, //舒
{0x8214, 0xccf2}, //舔
{0x821b, 0xe2b6}, //舛
{0x821c, 0xcbb4}, //舜
{0x821e, 0xcee8}, //舞
{0x821f, 0xd6db}, //舟
{0x8221, 0xf4ad}, //舡
{0x8222, 0xf4ae}, //舢
{0x8223, 0xf4af}, //舣
{0x8228, 0xf4b2}, //舨
{0x822a, 0xbabd}, //航
{0x822b, 0xf4b3}, //舫
{0x822c, 0xb0e3}, //般
{0x822d, 0xf4b0}, //舭
{0x822f, 0xf4b1}, //舯
{0x8230, 0xbda2}, //舰
{0x8231, 0xb2d5}, //舱
{0x8233, 0xf4b6}, //舳
{0x8234, 0xf4b7}, //舴
{0x8235, 0xb6e6}, //舵
{0x8236, 0xb2b0}, //舶
{0x8237, 0xcfcf}, //舷
{0x8238, 0xf4b4}, //舸
{0x8239, 0xb4ac}, //船
{0x823b, 0xf4b5}, //舻
{0x823e, 0xf4b8}, //舾
{0x8244, 0xf4b9}, //艄
{0x8247, 0xcda7}, //艇
{0x8249, 0xf4ba}, //艉
{0x824b, 0xf4bb}, //艋
{0x824f, 0xf4bc}, //艏
{0x8258, 0xcbd2}, //艘
{0x825a, 0xf4bd}, //艚
{0x825f, 0xf4be}, //艟
{0x8268, 0xf4bf}, //艨
{0x826e, 0xf4de}, //艮
{0x826f, 0xc1bc}, //良
{0x8270, 0xbce8}, //艰
{0x8272, 0xc9ab}, //色
{0x8273, 0xd1de}, //艳
{0x8274, 0xe5f5}, //艴
{0x8279, 0xdcb3}, //艹
{0x827a, 0xd2d5}, //艺
{0x827d, 0xdcb4}, //艽
{0x827e, 0xb0ac}, //艾
{0x827f, 0xdcb5}, //艿
{0x8282, 0xbdda}, //节
{0x8284, 0xdcb9}, //芄
{0x8288, 0xd8c2}, //芈
{0x828a, 0xdcb7}, //芊
{0x828b, 0xd3f3}, //芋
{0x828d, 0xc9d6}, //芍
{0x828e, 0xdcba}, //芎
{0x828f, 0xdcb6}, //芏
{0x8291, 0xdcbb}, //芑
{0x8292, 0xc3a2}, //芒
{0x8297, 0xdcbc}, //芗
{0x8298, 0xdcc5}, //芘
{0x8299, 0xdcbd}, //芙
{0x829c, 0xcedf}, //芜
{0x829d, 0xd6a5}, //芝
{0x829f, 0xdccf}, //芟
{0x82a1, 0xdccd}, //芡
{0x82a4, 0xdcd2}, //芤
{0x82a5, 0xbde6}, //芥
{0x82a6, 0xc2ab}, //芦
{0x82a8, 0xdcb8}, //芨
{0x82a9, 0xdccb}, //芩
{0x82aa, 0xdcce}, //芪
{0x82ab, 0xdcbe}, //芫
{0x82ac, 0xb7d2}, //芬
{0x82ad, 0xb0c5}, //芭
{0x82ae, 0xdcc7}, //芮
{0x82af, 0xd0be}, //芯
{0x82b0, 0xdcc1}, //芰
{0x82b1, 0xbba8}, //花
{0x82b3, 0xb7bc}, //芳
{0x82b4, 0xdccc}, //芴
{0x82b7, 0xdcc6}, //芷
{0x82b8, 0xdcbf}, //芸
{0x82b9, 0xc7db}, //芹
{0x82bd, 0xd1bf}, //芽
{0x82be, 0xdcc0}, //芾
{0x82c1, 0xdcca}, //苁
{0x82c4, 0xdcd0}, //苄
{0x82c7, 0xcead}, //苇
{0x82c8, 0xdcc2}, //苈
{0x82ca, 0xdcc3}, //苊
{0x82cb, 0xdcc8}, //苋
{0x82cc, 0xdcc9}, //苌
{0x82cd, 0xb2d4}, //苍
{0x82ce, 0xdcd1}, //苎
{0x82cf, 0xcbd5}, //苏
{0x82d1, 0xd4b7}, //苑
{0x82d2, 0xdcdb}, //苒
{0x82d3, 0xdcdf}, //苓
{0x82d4, 0xcca6}, //苔
{0x82d5, 0xdce6}, //苕
{0x82d7, 0xc3e7}, //苗
{0x82d8, 0xdcdc}, //苘
{0x82db, 0xbfc1}, //苛
{0x82dc, 0xdcd9}, //苜
{0x82de, 0xb0fa}, //苞
{0x82df, 0xb9b6}, //苟
{0x82e0, 0xdce5}, //苠
{0x82e1, 0xdcd3}, //苡
{0x82e3, 0xdcc4}, //苣
{0x82e4, 0xdcd6}, //苤
{0x82e5, 0xc8f4}, //若
{0x82e6, 0xbfe0}, //苦
{0x82eb, 0xc9bb}, //苫
{0x82ef, 0xb1bd}, //苯
{0x82f1, 0xd3a2}, //英
{0x82f4, 0xdcda}, //苴
{0x82f7, 0xdcd5}, //苷
{0x82f9, 0xc6bb}, //苹
{0x82fb, 0xdcde}, //苻
{0x8301, 0xd7c2}, //茁
{0x8302, 0xc3af}, //茂
{0x8303, 0xb7b6}, //范
{0x8304, 0xc7d1}, //茄
{0x8305, 0xc3a9}, //茅
{0x8306, 0xdce2}, //茆
{0x8307, 0xdcd8}, //茇
{0x8308, 0xdceb}, //茈
{0x8309, 0xdcd4}, //茉
{0x830c, 0xdcdd}, //茌
{0x830e, 0xbea5}, //茎
{0x830f, 0xdcd7}, //茏
{0x8311, 0xdce0}, //茑
{0x8314, 0xdce3}, //茔
{0x8315, 0xdce4}, //茕
{0x8317, 0xdcf8}, //茗
{0x831a, 0xdce1}, //茚
{0x831b, 0xdda2}, //茛
{0x831c, 0xdce7}, //茜
{0x8327, 0xbceb}, //茧
{0x8328, 0xb4c4}, //茨
{0x832b, 0xc3a3}, //茫
{0x832c, 0xb2e7}, //茬
{0x832d, 0xdcfa}, //茭
{0x832f, 0xdcf2}, //茯
{0x8331, 0xdcef}, //茱
{0x8333, 0xdcfc}, //茳
{0x8334, 0xdcee}, //茴
{0x8335, 0xd2f0}, //茵
{0x8336, 0xb2e8}, //茶
{0x8338, 0xc8d7}, //茸
{0x8339, 0xc8e3}, //茹
{0x833a, 0xdcfb}, //茺
{0x833c, 0xdced}, //茼
{0x8340, 0xdcf7}, //荀
{0x8343, 0xdcf5}, //荃
{0x8346, 0xbea3}, //荆
{0x8347, 0xdcf4}, //荇
{0x8349, 0xb2dd}, //草
{0x834f, 0xdcf3}, //荏
{0x8350, 0xbcf6}, //荐
{0x8351, 0xdce8}, //荑
{0x8352, 0xbbc4}, //荒
{0x8354, 0xc0f3}, //荔
{0x835a, 0xbcd4}, //荚
{0x835b, 0xdce9}, //荛
{0x835c, 0xdcea}, //荜
{0x835e, 0xdcf1}, //荞
{0x835f, 0xdcf6}, //荟
{0x8360, 0xdcf9}, //荠
{0x8361, 0xb5b4}, //荡
{0x8363, 0xc8d9}, //荣
{0x8364, 0xbbe7}, //荤
{0x8365, 0xdcfe}, //荥
{0x8366, 0xdcfd}, //荦
{0x8367, 0xd3ab}, //荧
{0x8368, 0xdda1}, //荨
{0x8369, 0xdda3}, //荩
{0x836a, 0xdda5}, //荪
{0x836b, 0xd2f1}, //荫
{0x836c, 0xdda4}, //荬
{0x836d, 0xdda6}, //荭
{0x836e, 0xdda7}, //荮
{0x836f, 0xd2a9}, //药
{0x8377, 0xbac9}, //荷
{0x8378, 0xdda9}, //荸
{0x837b, 0xddb6}, //荻
{0x837c, 0xddb1}, //荼
{0x837d, 0xddb4}, //荽
{0x8385, 0xddb0}, //莅
{0x8386, 0xc6ce}, //莆
{0x8389, 0xc0f2}, //莉
{0x838e, 0xc9af}, //莎
{0x8392, 0xdcec}, //莒
{0x8393, 0xddae}, //莓
{0x8398, 0xddb7}, //莘
{0x839b, 0xdcf0}, //莛
{0x839c, 0xddaf}, //莜
{0x839e, 0xddb8}, //莞
{0x83a0, 0xddac}, //莠
{0x83a8, 0xddb9}, //莨
{0x83a9, 0xddb3}, //莩
{0x83aa, 0xddad}, //莪
{0x83ab, 0xc4aa}, //莫
{0x83b0, 0xdda8}, //莰
{0x83b1, 0xc0b3}, //莱
{0x83b2, 0xc1ab}, //莲
{0x83b3, 0xddaa}, //莳
{0x83b4, 0xddab}, //莴
{0x83b6, 0xddb2}, //莶
{0x83b7, 0xbbf1}, //获
{0x83b8, 0xddb5}, //莸
{0x83b9, 0xd3a8}, //莹
{0x83ba, 0xddba}, //莺
{0x83bc, 0xddbb}, //莼
{0x83bd, 0xc3a7}, //莽
{0x83c0, 0xddd2}, //菀
{0x83c1, 0xddbc}, //菁
{0x83c5, 0xddd1}, //菅
{0x83c7, 0xb9bd}, //菇
{0x83ca, 0xbed5}, //菊
{0x83cc, 0xbefa}, //菌
{0x83cf, 0xbaca}, //菏
{0x83d4, 0xddca}, //菔
{0x83d6, 0xddc5}, //菖
{0x83d8, 0xddbf}, //菘
{0x83dc, 0xb2cb}, //菜
{0x83dd, 0xddc3}, //菝
{0x83df, 0xddcb}, //菟
{0x83e0, 0xb2a4}, //菠
{0x83e1, 0xddd5}, //菡
{0x83e5, 0xddbe}, //菥
{0x83e9, 0xc6d0}, //菩
{0x83ea, 0xddd0}, //菪
{0x83f0, 0xddd4}, //菰
{0x83f1, 0xc1e2}, //菱
{0x83f2, 0xb7c6}, //菲
{0x83f8, 0xddce}, //菸
{0x83f9, 0xddcf}, //菹
{0x83fd, 0xddc4}, //菽
{0x8401, 0xddbd}, //萁
{0x8403, 0xddcd}, //萃
{0x8404, 0xccd1}, //萄
{0x8406, 0xddc9}, //萆
{0x840b, 0xddc2}, //萋
{0x840c, 0xc3c8}, //萌
{0x840d, 0xc6bc}, //萍
{0x840e, 0xceae}, //萎
{0x840f, 0xddcc}, //萏
{0x8411, 0xddc8}, //萑
{0x8418, 0xddc1}, //萘
{0x841c, 0xddc6}, //萜
{0x841d, 0xc2dc}, //萝
{0x8424, 0xd3a9}, //萤
{0x8425, 0xd3aa}, //营
{0x8426, 0xddd3}, //萦
{0x8427, 0xcff4}, //萧
{0x8428, 0xc8f8}, //萨
{0x8431, 0xdde6}, //萱
{0x8438, 0xddc7}, //萸
{0x843c, 0xdde0}, //萼
{0x843d, 0xc2e4}, //落
{0x8446, 0xdde1}, //葆
{0x8451, 0xddd7}, //葑
{0x8457, 0xd6f8}, //著
{0x8459, 0xddd9}, //葙
{0x845a, 0xddd8}, //葚
{0x845b, 0xb8f0}, //葛
{0x845c, 0xddd6}, //葜
{0x8461, 0xc6cf}, //葡
{0x8463, 0xb6ad}, //董
{0x8469, 0xdde2}, //葩
{0x846b, 0xbaf9}, //葫
{0x846c, 0xd4e1}, //葬
{0x846d, 0xdde7}, //葭
{0x8471, 0xb4d0}, //葱
{0x8473, 0xddda}, //葳
{0x8475, 0xbffb}, //葵
{0x8476, 0xdde3}, //葶
{0x8478, 0xdddf}, //葸
{0x847a, 0xdddd}, //葺
{0x8482, 0xb5d9}, //蒂
{0x8487, 0xdddb}, //蒇
{0x8488, 0xdddc}, //蒈
{0x8489, 0xddde}, //蒉
{0x848b, 0xbdaf}, //蒋
{0x848c, 0xdde4}, //蒌
{0x848e, 0xdde5}, //蒎
{0x8497, 0xddf5}, //蒗
{0x8499, 0xc3c9}, //蒙
{0x849c, 0xcbe2}, //蒜
{0x84a1, 0xddf2}, //蒡
{0x84af, 0xd8e1}, //蒯
{0x84b2, 0xc6d1}, //蒲
{0x84b4, 0xddf4}, //蒴
{0x84b8, 0xd5f4}, //蒸
{0x84b9, 0xddf3}, //蒹
{0x84ba, 0xddf0}, //蒺
{0x84bd, 0xddec}, //蒽
{0x84bf, 0xddef}, //蒿
{0x84c1, 0xdde8}, //蓁
{0x84c4, 0xd0ee}, //蓄
{0x84c9, 0xc8d8}, //蓉
{0x84ca, 0xddee}, //蓊
{0x84cd, 0xdde9}, //蓍
{0x84d0, 0xddea}, //蓐
{0x84d1, 0xcbf2}, //蓑
{0x84d3, 0xdded}, //蓓
{0x84d6, 0xb1cd}, //蓖
{0x84dd, 0xc0b6}, //蓝
{0x84df, 0xbcbb}, //蓟
{0x84e0, 0xddf1}, //蓠
{0x84e3, 0xddf7}, //蓣
{0x84e5, 0xddf6}, //蓥
{0x84e6, 0xddeb}, //蓦
{0x84ec, 0xc5ee}, //蓬
{0x84f0, 0xddfb}, //蓰
{0x84fc, 0xdea4}, //蓼
{0x84ff, 0xdea3}, //蓿
{0x850c, 0xddf8}, //蔌
{0x8511, 0xc3ef}, //蔑
{0x8513, 0xc2fb}, //蔓
{0x8517, 0xd5e1}, //蔗
{0x851a, 0xceb5}, //蔚
{0x851f, 0xddfd}, //蔟
{0x8521, 0xb2cc}, //蔡
{0x852b, 0xc4e8}, //蔫
{0x852c, 0xcadf}, //蔬
{0x8537, 0xc7be}, //蔷
{0x8538, 0xddfa}, //蔸
{0x8539, 0xddfc}, //蔹
{0x853a, 0xddfe}, //蔺
{0x853b, 0xdea2}, //蔻
{0x853c, 0xb0aa}, //蔼
{0x853d, 0xb1ce}, //蔽
{0x8543, 0xdeac}, //蕃
{0x8548, 0xdea6}, //蕈
{0x8549, 0xbdb6}, //蕉
{0x854a, 0xc8ef}, //蕊
{0x8556, 0xdea1}, //蕖
{0x8559, 0xdea5}, //蕙
{0x855e, 0xdea9}, //蕞
{0x8564, 0xdea8}, //蕤
{0x8568, 0xdea7}, //蕨
{0x8572, 0xdead}, //蕲
{0x8574, 0xd4cc}, //蕴
{0x8579, 0xdeb3}, //蕹
{0x857a, 0xdeaa}, //蕺
{0x857b, 0xdeae}, //蕻
{0x857e, 0xc0d9}, //蕾
{0x8584, 0xb1a1}, //薄
{0x8585, 0xdeb6}, //薅
{0x8587, 0xdeb1}, //薇
{0x858f, 0xdeb2}, //薏
{0x859b, 0xd1a6}, //薛
{0x859c, 0xdeb5}, //薜
{0x85a4, 0xdeaf}, //薤
{0x85a8, 0xdeb0}, //薨
{0x85aa, 0xd0bd}, //薪
{0x85ae, 0xdeb4}, //薮
{0x85af, 0xcaed}, //薯
{0x85b0, 0xdeb9}, //薰
{0x85b7, 0xdeb8}, //薷
{0x85b9, 0xdeb7}, //薹
{0x85c1, 0xdebb}, //藁
{0x85c9, 0xbde5}, //藉
{0x85cf, 0xb2d8}, //藏
{0x85d0, 0xc3ea}, //藐
{0x85d3, 0xdeba}, //藓
{0x85d5, 0xc5ba}, //藕
{0x85dc, 0xdebc}, //藜
{0x85e4, 0xccd9}, //藤
{0x85e9, 0xb7aa}, //藩
{0x85fb, 0xd4e5}, //藻
{0x85ff, 0xdebd}, //藿
{0x8605, 0xdebf}, //蘅
{0x8611, 0xc4a2}, //蘑
{0x8616, 0xdec1}, //蘖
{0x8627, 0xdebe}, //蘧
{0x8629, 0xdec0}, //蘩
{0x8638, 0xd5ba}, //蘸
{0x863c, 0xdec2}, //蘼
{0x864d, 0xf2ae}, //虍
{0x864e, 0xbba2}, //虎
{0x864f, 0xc2b2}, //虏
{0x8650, 0xc5b0}, //虐
{0x8651, 0xc2c7}, //虑
{0x8654, 0xf2af}, //虔
{0x865a, 0xd0e9}, //虚
{0x865e, 0xd3dd}, //虞
{0x8662, 0xebbd}, //虢
{0x866b, 0xb3e6}, //虫
{0x866c, 0xf2b0}, //虬
{0x866e, 0xf2b1}, //虮
{0x8671, 0xcaad}, //虱
{0x8679, 0xbae7}, //虹
{0x867a, 0xf2b3}, //虺
{0x867b, 0xf2b5}, //虻
{0x867c, 0xf2b4}, //虼
{0x867d, 0xcbe4}, //虽
{0x867e, 0xcfba}, //虾
{0x867f, 0xf2b2}, //虿
{0x8680, 0xcab4}, //蚀
{0x8681, 0xd2cf}, //蚁
{0x8682, 0xc2ec}, //蚂
{0x868a, 0xcec3}, //蚊
{0x868b, 0xf2b8}, //蚋
{0x868c, 0xb0f6}, //蚌
{0x868d, 0xf2b7}, //蚍
{0x8693, 0xf2be}, //蚓
{0x8695, 0xb2cf}, //蚕
{0x869c, 0xd1c1}, //蚜
{0x869d, 0xf2ba}, //蚝
{0x86a3, 0xf2bc}, //蚣
{0x86a4, 0xd4e9}, //蚤
{0x86a7, 0xf2bb}, //蚧
{0x86a8, 0xf2b6}, //蚨
{0x86a9, 0xf2bf}, //蚩
{0x86aa, 0xf2bd}, //蚪
{0x86ac, 0xf2b9}, //蚬
{0x86af, 0xf2c7}, //蚯
{0x86b0, 0xf2c4}, //蚰
{0x86b1, 0xf2c6}, //蚱
{0x86b4, 0xf2ca}, //蚴
{0x86b5, 0xf2c2}, //蚵
{0x86b6, 0xf2c0}, //蚶
{0x86ba, 0xf2c5}, //蚺
{0x86c0, 0xd6fb}, //蛀
{0x86c4, 0xf2c1}, //蛄
{0x86c6, 0xc7f9}, //蛆
{0x86c7, 0xc9df}, //蛇
{0x86c9, 0xf2c8}, //蛉
{0x86ca, 0xb9c6}, //蛊
{0x86cb, 0xb5b0}, //蛋
{0x86ce, 0xf2c3}, //蛎
{0x86cf, 0xf2c9}, //蛏
{0x86d0, 0xf2d0}, //蛐
{0x86d1, 0xf2d6}, //蛑
{0x86d4, 0xbbd7}, //蛔
{0x86d8, 0xf2d5}, //蛘
{0x86d9, 0xcddc}, //蛙
{0x86db, 0xd6eb}, //蛛
{0x86de, 0xf2d2}, //蛞
{0x86df, 0xf2d4}, //蛟
{0x86e4, 0xb8f2}, //蛤
{0x86e9, 0xf2cb}, //蛩
{0x86ed, 0xf2ce}, //蛭
{0x86ee, 0xc2f9}, //蛮
{0x86f0, 0xd5dd}, //蛰
{0x86f1, 0xf2cc}, //蛱
{0x86f2, 0xf2cd}, //蛲
{0x86f3, 0xf2cf}, //蛳
{0x86f4, 0xf2d3}, //蛴
{0x86f8, 0xf2d9}, //蛸
{0x86f9, 0xd3bc}, //蛹
{0x86fe, 0xb6ea}, //蛾
{0x8700, 0xcaf1}, //蜀
{0x8702, 0xb7e4}, //蜂
{0x8703, 0xf2d7}, //蜃
{0x8707, 0xf2d8}, //蜇
{0x8708, 0xf2da}, //蜈
{0x8709, 0xf2dd}, //蜉
{0x870a, 0xf2db}, //蜊
{0x870d, 0xf2dc}, //蜍
{0x8712, 0xd1d1}, //蜒
{0x8713, 0xf2d1}, //蜓
{0x8715, 0xcdc9}, //蜕
{0x8717, 0xcecf}, //蜗
{0x8718, 0xd6a9}, //蜘
{0x871a, 0xf2e3}, //蜚
{0x871c, 0xc3db}, //蜜
{0x871e, 0xf2e0}, //蜞
{0x8721, 0xc0af}, //蜡
{0x8722, 0xf2ec}, //蜢
{0x8723, 0xf2de}, //蜣
{0x8725, 0xf2e1}, //蜥
{0x8729, 0xf2e8}, //蜩
{0x872e, 0xf2e2}, //蜮
{0x8731, 0xf2e7}, //蜱
{0x8734, 0xf2e6}, //蜴
{0x8737, 0xf2e9}, //蜷
{0x873b, 0xf2df}, //蜻
{0x873e, 0xf2e4}, //蜾
{0x873f, 0xf2ea}, //蜿
{0x8747, 0xd3ac}, //蝇
{0x8748, 0xf2e5}, //蝈
{0x8749, 0xb2f5}, //蝉
{0x874c, 0xf2f2}, //蝌
{0x874e, 0xd0ab}, //蝎
{0x8753, 0xf2f5}, //蝓
{0x8757, 0xbbc8}, //蝗
{0x8759, 0xf2f9}, //蝙
{0x8760, 0xf2f0}, //蝠
{0x8763, 0xf2f6}, //蝣
{0x8764, 0xf2f8}, //蝤
{0x8765, 0xf2fa}, //蝥
{0x876e, 0xf2f3}, //蝮
{0x8770, 0xf2f1}, //蝰
{0x8774, 0xbafb}, //蝴
{0x8776, 0xb5fb}, //蝶
{0x877b, 0xf2ef}, //蝻
{0x877c, 0xf2f7}, //蝼
{0x877d, 0xf2ed}, //蝽
{0x877e, 0xf2ee}, //蝾
{0x8782, 0xf2eb}, //螂
{0x8783, 0xf3a6}, //螃
{0x8785, 0xf3a3}, //螅
{0x8788, 0xf3a2}, //螈
{0x878b, 0xf2f4}, //螋
{0x878d, 0xc8da}, //融
{0x8793, 0xf2fb}, //螓
{0x8797, 0xf3a5}, //螗
{0x879f, 0xc3f8}, //螟
{0x87a8, 0xf2fd}, //螨
{0x87ab, 0xf3a7}, //螫
{0x87ac, 0xf3a9}, //螬
{0x87ad, 0xf3a4}, //螭
{0x87af, 0xf2fc}, //螯
{0x87b3, 0xf3ab}, //螳
{0x87b5, 0xf3aa}, //螵
{0x87ba, 0xc2dd}, //螺
{0x87bd, 0xf3ae}, //螽
{0x87c0, 0xf3b0}, //蟀
{0x87c6, 0xf3a1}, //蟆
{0x87ca, 0xf3b1}, //蟊
{0x87cb, 0xf3ac}, //蟋
{0x87d1, 0xf3af}, //蟑
{0x87d2, 0xf2fe}, //蟒
{0x87d3, 0xf3ad}, //蟓
{0x87db, 0xf3b2}, //蟛
{0x87e0, 0xf3b4}, //蟠
{0x87e5, 0xf3a8}, //蟥
{0x87ea, 0xf3b3}, //蟪
{0x87ee, 0xf3b5}, //蟮
{0x87f9, 0xd0b7}, //蟹
{0x87fe, 0xf3b8}, //蟾
{0x8803, 0xd9f9}, //蠃
{0x880a, 0xf3b9}, //蠊
{0x8813, 0xf3b7}, //蠓
{0x8815, 0xc8e4}, //蠕
{0x8816, 0xf3b6}, //蠖
{0x881b, 0xf3ba}, //蠛
{0x8821, 0xf3bb}, //蠡
{0x8822, 0xb4c0}, //蠢
{0x8832, 0xeec3}, //蠲
{0x8839, 0xf3bc}, //蠹
{0x883c, 0xf3bd}, //蠼
{0x8840, 0xd1aa}, //血
{0x8844, 0xf4ac}, //衄
{0x8845, 0xd0c6}, //衅
{0x884c, 0xd0d0}, //行
{0x884d, 0xd1dc}, //衍
{0x8854, 0xcfce}, //衔
{0x8857, 0xbdd6}, //街
{0x8859, 0xd1c3}, //衙
{0x8861, 0xbae2}, //衡
{0x8862, 0xe1e9}, //衢
{0x8863, 0xd2c2}, //衣
{0x8864, 0xf1c2}, //衤
{0x8865, 0xb2b9}, //补
{0x8868, 0xb1ed}, //表
{0x8869, 0xf1c3}, //衩
{0x886b, 0xc9c0}, //衫
{0x886c, 0xb3c4}, //衬
{0x886e, 0xd9f2}, //衮
{0x8870, 0xcba5}, //衰
{0x8872, 0xf1c4}, //衲
{0x8877, 0xd6d4}, //衷
{0x887d, 0xf1c5}, //衽
{0x887e, 0xf4c0}, //衾
{0x887f, 0xf1c6}, //衿
{0x8881, 0xd4ac}, //袁
{0x8882, 0xf1c7}, //袂
{0x8884, 0xb0c0}, //袄
{0x8885, 0xf4c1}, //袅
{0x8888, 0xf4c2}, //袈
{0x888b, 0xb4fc}, //袋
{0x888d, 0xc5db}, //袍
{0x8892, 0xccbb}, //袒
{0x8896, 0xd0e4}, //袖
{0x889c, 0xcde0}, //袜
{0x88a2, 0xf1c8}, //袢
{0x88a4, 0xd9f3}, //袤
{0x88ab, 0xb1bb}, //被
{0x88ad, 0xcfae}, //袭
{0x88b1, 0xb8a4}, //袱
{0x88b7, 0xf1ca}, //袷
{0x88bc, 0xf1cb}, //袼
{0x88c1, 0xb2c3}, //裁
{0x88c2, 0xc1d1}, //裂
{0x88c5, 0xd7b0}, //装
{0x88c6, 0xf1c9}, //裆
{0x88c9, 0xf1cc}, //裉
{0x88ce, 0xf1ce}, //裎
{0x88d2, 0xd9f6}, //裒
{0x88d4, 0xd2e1}, //裔
{0x88d5, 0xd4a3}, //裕
{0x88d8, 0xf4c3}, //裘
{0x88d9, 0xc8b9}, //裙
{0x88df, 0xf4c4}, //裟
{0x88e2, 0xf1cd}, //裢
{0x88e3, 0xf1cf}, //裣
{0x88e4, 0xbfe3}, //裤
{0x88e5, 0xf1d0}, //裥
{0x88e8, 0xf1d4}, //裨
{0x88f0, 0xf1d6}, //裰
{0x88f1, 0xf1d1}, //裱
{0x88f3, 0xc9d1}, //裳
{0x88f4, 0xc5e1}, //裴
{0x88f8, 0xc2e3}, //裸
{0x88f9, 0xb9fc}, //裹
{0x88fc, 0xf1d3}, //裼
{0x88fe, 0xf1d5}, //裾
{0x8902, 0xb9d3}, //褂
{0x890a, 0xf1db}, //褊
{0x8910, 0xbad6}, //褐
{0x8912, 0xb0fd}, //褒
{0x8913, 0xf1d9}, //褓
{0x8919, 0xf1d8}, //褙
{0x891a, 0xf1d2}, //褚
{0x891b, 0xf1da}, //褛
{0x8921, 0xf1d7}, //褡
{0x8925, 0xc8ec}, //褥
{0x892a, 0xcdca}, //褪
{0x892b, 0xf1dd}, //褫
{0x8930, 0xe5bd}, //褰
{0x8934, 0xf1dc}, //褴
{0x8936, 0xf1de}, //褶
{0x8941, 0xf1df}, //襁
{0x8944, 0xcfe5}, //襄
{0x895e, 0xf4c5}, //襞
{0x895f, 0xbdf3}, //襟
{0x8966, 0xf1e0}, //襦
{0x897b, 0xf1e1}, //襻
{0x897f, 0xcef7}, //西
{0x8981, 0xd2aa}, //要
{0x8983, 0xf1fb}, //覃
{0x8986, 0xb8b2}, //覆
{0x89c1, 0xbcfb}, //见
{0x89c2, 0xb9db}, //观
{0x89c4, 0xb9e6}, //规
{0x89c5, 0xc3d9}, //觅
{0x89c6, 0xcad3}, //视
{0x89c7, 0xeae8}, //觇
{0x89c8, 0xc0c0}, //览
{0x89c9, 0xbef5}, //觉
{0x89ca, 0xeae9}, //觊
{0x89cb, 0xeaea}, //觋
{0x89cc, 0xeaeb}, //觌
{0x89ce, 0xeaec}, //觎
{0x89cf, 0xeaed}, //觏
{0x89d0, 0xeaee}, //觐
{0x89d1, 0xeaef}, //觑
{0x89d2, 0xbdc7}, //角
{0x89d6, 0xf5fb}, //觖
{0x89da, 0xf5fd}, //觚
{0x89dc, 0xf5fe}, //觜
{0x89de, 0xf5fc}, //觞
{0x89e3, 0xbde2}, //解
{0x89e5, 0xf6a1}, //觥
{0x89e6, 0xb4a5}, //触
{0x89eb, 0xf6a2}, //觫
{0x89ef, 0xf6a3}, //觯
{0x89f3, 0xecb2}, //觳
{0x8a00, 0xd1d4}, //言
{0x8a07, 0xd9ea}, //訇
{0x8a3e, 0xf6a4}, //訾
{0x8a48, 0xeeba}, //詈
{0x8a79, 0xd5b2}, //詹
{0x8a89, 0xd3fe}, //誉
{0x8a8a, 0xccdc}, //誊
{0x8a93, 0xcac4}, //誓
{0x8b07, 0xe5c0}, //謇
{0x8b26, 0xf6a5}, //謦
{0x8b66, 0xbeaf}, //警
{0x8b6c, 0xc6a9}, //譬
{0x8ba0, 0xdaa5}, //讠
{0x8ba1, 0xbcc6}, //计
{0x8ba2, 0xb6a9}, //订
{0x8ba3, 0xb8bc}, //讣
{0x8ba4, 0xc8cf}, //认
{0x8ba5, 0xbca5}, //讥
{0x8ba6, 0xdaa6}, //讦
{0x8ba7, 0xdaa7}, //讧
{0x8ba8, 0xccd6}, //讨
{0x8ba9, 0xc8c3}, //让
{0x8baa, 0xdaa8}, //讪
{0x8bab, 0xc6fd}, //讫
{0x8bad, 0xd1b5}, //训
{0x8bae, 0xd2e9}, //议
{0x8baf, 0xd1b6}, //讯
{0x8bb0, 0xbcc7}, //记
{0x8bb2, 0xbdb2}, //讲
{0x8bb3, 0xbbe4}, //讳
{0x8bb4, 0xdaa9}, //讴
{0x8bb5, 0xdaaa}, //讵
{0x8bb6, 0xd1c8}, //讶
{0x8bb7, 0xdaab}, //讷
{0x8bb8, 0xd0ed}, //许
{0x8bb9, 0xb6ef}, //讹
{0x8bba, 0xc2db}, //论
{0x8bbc, 0xcbcf}, //讼
{0x8bbd, 0xb7ed}, //讽
{0x8bbe, 0xc9e8}, //设
{0x8bbf, 0xb7c3}, //访
{0x8bc0, 0xbef7}, //诀
{0x8bc1, 0xd6a4}, //证
{0x8bc2, 0xdaac}, //诂
{0x8bc3, 0xdaad}, //诃
{0x8bc4, 0xc6c0}, //评
{0x8bc5, 0xd7e7}, //诅
{0x8bc6, 0xcab6}, //识
{0x8bc8, 0xd5a9}, //诈
{0x8bc9, 0xcbdf}, //诉
{0x8bca, 0xd5ef}, //诊
{0x8bcb, 0xdaae}, //诋
{0x8bcc, 0xd6df}, //诌
{0x8bcd, 0xb4ca}, //词
{0x8bce, 0xdab0}, //诎
{0x8bcf, 0xdaaf}, //诏
{0x8bd1, 0xd2eb}, //译
{0x8bd2, 0xdab1}, //诒
{0x8bd3, 0xdab2}, //诓
{0x8bd4, 0xdab3}, //诔
{0x8bd5, 0xcad4}, //试
{0x8bd6, 0xdab4}, //诖
{0x8bd7, 0xcaab}, //诗
{0x8bd8, 0xdab5}, //诘
{0x8bd9, 0xdab6}, //诙
{0x8bda, 0xb3cf}, //诚
{0x8bdb, 0xd6ef}, //诛
{0x8bdc, 0xdab7}, //诜
{0x8bdd, 0xbbb0}, //话
{0x8bde, 0xb5ae}, //诞
{0x8bdf, 0xdab8}, //诟
{0x8be0, 0xdab9}, //诠
{0x8be1, 0xb9ee}, //诡
{0x8be2, 0xd1af}, //询
{0x8be3, 0xd2e8}, //诣
{0x8be4, 0xdaba}, //诤
{0x8be5, 0xb8c3}, //该
{0x8be6, 0xcfea}, //详
{0x8be7, 0xb2ef}, //诧
{0x8be8, 0xdabb}, //诨
{0x8be9, 0xdabc}, //诩
{0x8beb, 0xbdeb}, //诫
{0x8bec, 0xcedc}, //诬
{0x8bed, 0xd3ef}, //语
{0x8bee, 0xdabd}, //诮
{0x8bef, 0xcef3}, //误
{0x8bf0, 0xdabe}, //诰
{0x8bf1, 0xd3d5}, //诱
{0x8bf2, 0xbbe5}, //诲
{0x8bf3, 0xdabf}, //诳
{0x8bf4, 0xcbb5}, //说
{0x8bf5, 0xcbd0}, //诵
{0x8bf6, 0xdac0}, //诶
{0x8bf7, 0xc7eb}, //请
{0x8bf8, 0xd6ee}, //诸
{0x8bf9, 0xdac1}, //诹
{0x8bfa, 0xc5b5}, //诺
{0x8bfb, 0xb6c1}, //读
{0x8bfc, 0xdac2}, //诼
{0x8bfd, 0xb7cc}, //诽
{0x8bfe, 0xbfce}, //课
{0x8bff, 0xdac3}, //诿
{0x8c00, 0xdac4}, //谀
{0x8c01, 0xcbad}, //谁
{0x8c02, 0xdac5}, //谂
{0x8c03, 0xb5f7}, //调
{0x8c04, 0xdac6}, //谄
{0x8c05, 0xc1c2}, //谅
{0x8c06, 0xd7bb}, //谆
{0x8c07, 0xdac7}, //谇
{0x8c08, 0xccb8}, //谈
{0x8c0a, 0xd2ea}, //谊
{0x8c0b, 0xc4b1}, //谋
{0x8c0c, 0xdac8}, //谌
{0x8c0d, 0xb5fd}, //谍
{0x8c0e, 0xbbd1}, //谎
{0x8c0f, 0xdac9}, //谏
{0x8c10, 0xd0b3}, //谐
{0x8c11, 0xdaca}, //谑
{0x8c12, 0xdacb}, //谒
{0x8c13, 0xcebd}, //谓
{0x8c14, 0xdacc}, //谔
{0x8c15, 0xdacd}, //谕
{0x8c16, 0xdace}, //谖
{0x8c17, 0xb2f7}, //谗
{0x8c18, 0xdad1}, //谘
{0x8c19, 0xdacf}, //谙
{0x8c1a, 0xd1e8}, //谚
{0x8c1b, 0xdad0}, //谛
{0x8c1c, 0xc3d5}, //谜
{0x8c1d, 0xdad2}, //谝
{0x8c1f, 0xdad3}, //谟
{0x8c20, 0xdad4}, //谠
{0x8c21, 0xdad5}, //谡
{0x8c22, 0xd0bb}, //谢
{0x8c23, 0xd2a5}, //谣
{0x8c24, 0xb0f9}, //谤
{0x8c25, 0xdad6}, //谥
{0x8c26, 0xc7ab}, //谦
{0x8c27, 0xdad7}, //谧
{0x8c28, 0xbdf7}, //谨
{0x8c29, 0xc3a1}, //谩
{0x8c2a, 0xdad8}, //谪
{0x8c2b, 0xdad9}, //谫
{0x8c2c, 0xc3fd}, //谬
{0x8c2d, 0xccb7}, //谭
{0x8c2e, 0xdada}, //谮
{0x8c2f, 0xdadb}, //谯
{0x8c30, 0xc0be}, //谰
{0x8c31, 0xc6d7}, //谱
{0x8c32, 0xdadc}, //谲
{0x8c33, 0xdadd}, //谳
{0x8c34, 0xc7b4}, //谴
{0x8c35, 0xdade}, //谵
{0x8c36, 0xdadf}, //谶
{0x8c37, 0xb9c8}, //谷
{0x8c41, 0xbbed}, //豁
{0x8c46, 0xb6b9}, //豆
{0x8c47, 0xf4f8}, //豇
{0x8c49, 0xf4f9}, //豉
{0x8c4c, 0xcde3}, //豌
{0x8c55, 0xf5b9}, //豕
{0x8c5a, 0xebe0}, //豚
{0x8c61, 0xcff3}, //象
{0x8c62, 0xbbbf}, //豢
{0x8c6a, 0xbac0}, //豪
{0x8c6b, 0xd4a5}, //豫
{0x8c73, 0xe1d9}, //豳
{0x8c78, 0xf5f4}, //豸
{0x8c79, 0xb1aa}, //豹
{0x8c7a, 0xb2f2}, //豺
{0x8c82, 0xf5f5}, //貂
{0x8c85, 0xf5f7}, //貅
{0x8c89, 0xbad1}, //貉
{0x8c8a, 0xf5f6}, //貊
{0x8c8c, 0xc3b2}, //貌
{0x8c94, 0xf5f9}, //貔
{0x8c98, 0xf5f8}, //貘
{0x8d1d, 0xb1b4}, //贝
{0x8d1e, 0xd5ea}, //贞
{0x8d1f, 0xb8ba}, //负
{0x8d21, 0xb9b1}, //贡
{0x8d22, 0xb2c6}, //财
{0x8d23, 0xd4f0}, //责
{0x8d24, 0xcfcd}, //贤
{0x8d25, 0xb0dc}, //败
{0x8d26, 0xd5cb}, //账
{0x8d27, 0xbbf5}, //货
{0x8d28, 0xd6ca}, //质
{0x8d29, 0xb7b7}, //贩
{0x8d2a, 0xccb0}, //贪
{0x8d2b, 0xc6b6}, //贫
{0x8d2c, 0xb1e1}, //贬
{0x8d2d, 0xb9ba}, //购
{0x8d2e, 0xd6fc}, //贮
{0x8d2f, 0xb9e1}, //贯
{0x8d30, 0xb7a1}, //贰
{0x8d31, 0xbcfa}, //贱
{0x8d32, 0xeada}, //贲
{0x8d33, 0xeadb}, //贳
{0x8d34, 0xccf9}, //贴
{0x8d35, 0xb9f3}, //贵
{0x8d36, 0xeadc}, //贶
{0x8d37, 0xb4fb}, //贷
{0x8d38, 0xc3b3}, //贸
{0x8d39, 0xb7d1}, //费
{0x8d3a, 0xbad8}, //贺
{0x8d3b, 0xeadd}, //贻
{0x8d3c, 0xd4f4}, //贼
{0x8d3d, 0xeade}, //贽
{0x8d3e, 0xbcd6}, //贾
{0x8d3f, 0xbbdf}, //贿
{0x8d40, 0xeadf}, //赀
{0x8d41, 0xc1de}, //赁
{0x8d42, 0xc2b8}, //赂
{0x8d43, 0xd4df}, //赃
{0x8d44, 0xd7ca}, //资
{0x8d45, 0xeae0}, //赅
{0x8d46, 0xeae1}, //赆
{0x8d47, 0xeae4}, //赇
{0x8d48, 0xeae2}, //赈
{0x8d49, 0xeae3}, //赉
{0x8d4a, 0xc9de}, //赊
{0x8d4b, 0xb8b3}, //赋
{0x8d4c, 0xb6c4}, //赌
{0x8d4d, 0xeae5}, //赍
{0x8d4e, 0xcaea}, //赎
{0x8d4f, 0xc9cd}, //赏
{0x8d50, 0xb4cd}, //赐
{0x8d53, 0xe2d9}, //赓
{0x8d54, 0xc5e2}, //赔
{0x8d55, 0xeae6}, //赕
{0x8d56, 0xc0b5}, //赖
{0x8d58, 0xd7b8}, //赘
{0x8d59, 0xeae7}, //赙
{0x8d5a, 0xd7ac}, //赚
{0x8d5b, 0xc8fc}, //赛
{0x8d5c, 0xd8d3}, //赜
{0x8d5d, 0xd8cd}, //赝
{0x8d5e, 0xd4de}, //赞
{0x8d60, 0xd4f9}, //赠
{0x8d61, 0xc9c4}, //赡
{0x8d62, 0xd3ae}, //赢
{0x8d63, 0xb8d3}, //赣
{0x8d64, 0xb3e0}, //赤
{0x8d66, 0xc9e2}, //赦
{0x8d67, 0xf4f6}, //赧
{0x8d6b, 0xbad5}, //赫
{0x8d6d, 0xf4f7}, //赭
{0x8d70, 0xd7df}, //走
{0x8d73, 0xf4f1}, //赳
{0x8d74, 0xb8b0}, //赴
{0x8d75, 0xd5d4}, //赵
{0x8d76, 0xb8cf}, //赶
{0x8d77, 0xc6f0}, //起
{0x8d81, 0xb3c3}, //趁
{0x8d84, 0xf4f2}, //趄
{0x8d85, 0xb3ac}, //超
{0x8d8a, 0xd4bd}, //越
{0x8d8b, 0xc7f7}, //趋
{0x8d91, 0xf4f4}, //趑
{0x8d94, 0xf4f3}, //趔
{0x8d9f, 0xcccb}, //趟
{0x8da3, 0xc8a4}, //趣
{0x8db1, 0xf4f5}, //趱
{0x8db3, 0xd7e3}, //足
{0x8db4, 0xc5bf}, //趴
{0x8db5, 0xf5c0}, //趵
{0x8db8, 0xf5bb}, //趸
{0x8dba, 0xf5c3}, //趺
{0x8dbc, 0xf5c2}, //趼
{0x8dbe, 0xd6ba}, //趾
{0x8dbf, 0xf5c1}, //趿
{0x8dc3, 0xd4be}, //跃
{0x8dc4, 0xf5c4}, //跄
{0x8dc6, 0xf5cc}, //跆
{0x8dcb, 0xb0cf}, //跋
{0x8dcc, 0xb5f8}, //跌
{0x8dce, 0xf5c9}, //跎
{0x8dcf, 0xf5ca}, //跏
{0x8dd1, 0xc5dc}, //跑
{0x8dd6, 0xf5c5}, //跖
{0x8dd7, 0xf5c6}, //跗
{0x8dda, 0xf5c7}, //跚
{0x8ddb, 0xf5cb}, //跛
{0x8ddd, 0xbee0}, //距
{0x8dde, 0xf5c8}, //跞
{0x8ddf, 0xb8fa}, //跟
{0x8de3, 0xf5d0}, //跣
{0x8de4, 0xf5d3}, //跤
{0x8de8, 0xbfe7}, //跨
{0x8dea, 0xb9f2}, //跪
{0x8deb, 0xf5bc}, //跫
{0x8dec, 0xf5cd}, //跬
{0x8def, 0xc2b7}, //路
{0x8df3, 0xccf8}, //跳
{0x8df5, 0xbcf9}, //践
{0x8df7, 0xf5ce}, //跷
{0x8df8, 0xf5cf}, //跸
{0x8df9, 0xf5d1}, //跹
{0x8dfa, 0xb6e5}, //跺
{0x8dfb, 0xf5d2}, //跻
{0x8dfd, 0xf5d5}, //跽
{0x8e05, 0xf5bd}, //踅
{0x8e09, 0xf5d4}, //踉
{0x8e0a, 0xd3bb}, //踊
{0x8e0c, 0xb3ec}, //踌
{0x8e0f, 0xcca4}, //踏
{0x8e14, 0xf5d6}, //踔
{0x8e1d, 0xf5d7}, //踝
{0x8e1e, 0xbee1}, //踞
{0x8e1f, 0xf5d8}, //踟
{0x8e22, 0xccdf}, //踢
{0x8e23, 0xf5db}, //踣
{0x8e29, 0xb2c8}, //踩
{0x8e2a, 0xd7d9}, //踪
{0x8e2c, 0xf5d9}, //踬
{0x8e2e, 0xf5da}, //踮
{0x8e2f, 0xf5dc}, //踯
{0x8e31, 0xf5e2}, //踱
{0x8e35, 0xf5e0}, //踵
{0x8e39, 0xf5df}, //踹
{0x8e3a, 0xf5dd}, //踺
{0x8e3d, 0xf5e1}, //踽
{0x8e40, 0xf5de}, //蹀
{0x8e41, 0xf5e4}, //蹁
{0x8e42, 0xf5e5}, //蹂
{0x8e44, 0xcce3}, //蹄
{0x8e47, 0xe5bf}, //蹇
{0x8e48, 0xb5b8}, //蹈
{0x8e49, 0xf5e3}, //蹉
{0x8e4a, 0xf5e8}, //蹊
{0x8e4b, 0xcca3}, //蹋
{0x8e51, 0xf5e6}, //蹑
{0x8e52, 0xf5e7}, //蹒
{0x8e59, 0xf5be}, //蹙
{0x8e66, 0xb1c4}, //蹦
{0x8e69, 0xf5bf}, //蹩
{0x8e6c, 0xb5c5}, //蹬
{0x8e6d, 0xb2e4}, //蹭
{0x8e6f, 0xf5ec}, //蹯
{0x8e70, 0xf5e9}, //蹰
{0x8e72, 0xb6d7}, //蹲
{0x8e74, 0xf5ed}, //蹴
{0x8e76, 0xf5ea}, //蹶
{0x8e7c, 0xf5eb}, //蹼
{0x8e7f, 0xb4da}, //蹿
{0x8e81, 0xd4ea}, //躁
{0x8e85, 0xf5ee}, //躅
{0x8e87, 0xb3f9}, //躇
{0x8e8f, 0xf5ef}, //躏
{0x8e90, 0xf5f1}, //躐
{0x8e94, 0xf5f0}, //躔
{0x8e9c, 0xf5f2}, //躜
{0x8e9e, 0xf5f3}, //躞
{0x8eab, 0xc9ed}, //身
{0x8eac, 0xb9aa}, //躬
{0x8eaf, 0xc7fb}, //躯
{0x8eb2, 0xb6e3}, //躲
{0x8eba, 0xccc9}, //躺
{0x8ece, 0xeaa6}, //軎
{0x8f66, 0xb3b5}, //车
{0x8f67, 0xd4fe}, //轧
{0x8f68, 0xb9ec}, //轨
{0x8f69, 0xd0f9}, //轩
{0x8f6b, 0xe9ed}, //轫
{0x8f6c, 0xd7aa}, //转
{0x8f6d, 0xe9ee}, //轭
{0x8f6e, 0xc2d6}, //轮
{0x8f6f, 0xc8ed}, //软
{0x8f70, 0xbae4}, //轰
{0x8f71, 0xe9ef}, //轱
{0x8f72, 0xe9f0}, //轲
{0x8f73, 0xe9f1}, //轳
{0x8f74, 0xd6e1}, //轴
{0x8f75, 0xe9f2}, //轵
{0x8f76, 0xe9f3}, //轶
{0x8f77, 0xe9f5}, //轷
{0x8f78, 0xe9f4}, //轸
{0x8f79, 0xe9f6}, //轹
{0x8f7a, 0xe9f7}, //轺
{0x8f7b, 0xc7e1}, //轻
{0x8f7c, 0xe9f8}, //轼
{0x8f7d, 0xd4d8}, //载
{0x8f7e, 0xe9f9}, //轾
{0x8f7f, 0xbdce}, //轿
{0x8f81, 0xe9fa}, //辁
{0x8f82, 0xe9fb}, //辂
{0x8f83, 0xbdcf}, //较
{0x8f84, 0xe9fc}, //辄
{0x8f85, 0xb8a8}, //辅
{0x8f86, 0xc1be}, //辆
{0x8f87, 0xe9fd}, //辇
{0x8f88, 0xb1b2}, //辈
{0x8f89, 0xbbd4}, //辉
{0x8f8a, 0xb9f5}, //辊
{0x8f8b, 0xe9fe}, //辋
{0x8f8d, 0xeaa1}, //辍
{0x8f8e, 0xeaa2}, //辎
{0x8f8f, 0xeaa3}, //辏
{0x8f90, 0xb7f8}, //辐
{0x8f91, 0xbcad}, //辑
{0x8f93, 0xcae4}, //输
{0x8f94, 0xe0ce}, //辔
{0x8f95, 0xd4af}, //辕
{0x8f96, 0xcfbd}, //辖
{0x8f97, 0xd5b7}, //辗
{0x8f98, 0xeaa4}, //辘
{0x8f99, 0xd5de}, //辙
{0x8f9a, 0xeaa5}, //辚
{0x8f9b, 0xd0c1}, //辛
{0x8f9c, 0xb9bc}, //辜
{0x8f9e, 0xb4c7}, //辞
{0x8f9f, 0xb1d9}, //辟
{0x8fa3, 0xc0b1}, //辣
{0x8fa8, 0xb1e6}, //辨
{0x8fa9, 0xb1e7}, //辩
{0x8fab, 0xb1e8}, //辫
{0x8fb0, 0xb3bd}, //辰
{0x8fb1, 0xc8e8}, //辱
{0x8fb6, 0xe5c1}, //辶
{0x8fb9, 0xb1df}, //边
{0x8fbd, 0xc1c9}, //辽
{0x8fbe, 0xb4ef}, //达
{0x8fc1, 0xc7a8}, //迁
{0x8fc2, 0xd3d8}, //迂
{0x8fc4, 0xc6f9}, //迄
{0x8fc5, 0xd1b8}, //迅
{0x8fc7, 0xb9fd}, //过
{0x8fc8, 0xc2f5}, //迈
{0x8fce, 0xd3ad}, //迎
{0x8fd0, 0xd4cb}, //运
{0x8fd1, 0xbdfc}, //近
{0x8fd3, 0xe5c2}, //迓
{0x8fd4, 0xb7b5}, //返
{0x8fd5, 0xe5c3}, //迕
{0x8fd8, 0xbbb9}, //还
{0x8fd9, 0xd5e2}, //这
{0x8fdb, 0xbdf8}, //进
{0x8fdc, 0xd4b6}, //远
{0x8fdd, 0xcea5}, //违
{0x8fde, 0xc1ac}, //连
{0x8fdf, 0xb3d9}, //迟
{0x8fe2, 0xccf6}, //迢
{0x8fe4, 0xe5c6}, //迤
{0x8fe5, 0xe5c4}, //迥
{0x8fe6, 0xe5c8}, //迦
{0x8fe8, 0xe5ca}, //迨
{0x8fe9, 0xe5c7}, //迩
{0x8fea, 0xb5cf}, //迪
{0x8feb, 0xc6c8}, //迫
{0x8fed, 0xb5fc}, //迭
{0x8fee, 0xe5c5}, //迮
{0x8ff0, 0xcaf6}, //述
{0x8ff3, 0xe5c9}, //迳
{0x8ff7, 0xc3d4}, //迷
{0x8ff8, 0xb1c5}, //迸
{0x8ff9, 0xbca3}, //迹
{0x8ffd, 0xd7b7}, //追
{0x9000, 0xcdcb}, //退
{0x9001, 0xcbcd}, //送
{0x9002, 0xcaca}, //适
{0x9003, 0xccd3}, //逃
{0x9004, 0xe5cc}, //逄
{0x9005, 0xe5cb}, //逅
{0x9006, 0xc4e6}, //逆
{0x9009, 0xd1a1}, //选
{0x900a, 0xd1b7}, //逊
{0x900b, 0xe5cd}, //逋
{0x900d, 0xe5d0}, //逍
{0x900f, 0xcdb8}, //透
{0x9010, 0xd6f0}, //逐
{0x9011, 0xe5cf}, //逑
{0x9012, 0xb5dd}, //递
{0x9014, 0xcdbe}, //途
{0x9016, 0xe5d1}, //逖
{0x9017, 0xb6ba}, //逗
{0x901a, 0xcda8}, //通
{0x901b, 0xb9e4}, //逛
{0x901d, 0xcac5}, //逝
{0x901e, 0xb3d1}, //逞
{0x901f, 0xcbd9}, //速
{0x9020, 0xd4ec}, //造
{0x9021, 0xe5d2}, //逡
{0x9022, 0xb7ea}, //逢
{0x9026, 0xe5ce}, //逦
{0x902d, 0xe5d5}, //逭
{0x902e, 0xb4fe}, //逮
{0x902f, 0xe5d6}, //逯
{0x9035, 0xe5d3}, //逵
{0x9036, 0xe5d4}, //逶
{0x9038, 0xd2dd}, //逸
{0x903b, 0xc2df}, //逻
{0x903c, 0xb1c6}, //逼
{0x903e, 0xd3e2}, //逾
{0x9041, 0xb6dd}, //遁
{0x9042, 0xcbec}, //遂
{0x9044, 0xe5d7}, //遄
{0x9047, 0xd3f6}, //遇
{0x904d, 0xb1e9}, //遍
{0x904f, 0xb6f4}, //遏
{0x9050, 0xe5da}, //遐
{0x9051, 0xe5d8}, //遑
{0x9052, 0xe5d9}, //遒
{0x9053, 0xb5c0}, //道
{0x9057, 0xd2c5}, //遗
{0x9058, 0xe5dc}, //遘
{0x905b, 0xe5de}, //遛
{0x9062, 0xe5dd}, //遢
{0x9063, 0xc7b2}, //遣
{0x9065, 0xd2a3}, //遥
{0x9068, 0xe5db}, //遨
{0x906d, 0xd4e2}, //遭
{0x906e, 0xd5da}, //遮
{0x9074, 0xe5e0}, //遴
{0x9075, 0xd7f1}, //遵
{0x907d, 0xe5e1}, //遽
{0x907f, 0xb1dc}, //避
{0x9080, 0xd1fb}, //邀
{0x9082, 0xe5e2}, //邂
{0x9083, 0xe5e4}, //邃
{0x9088, 0xe5e3}, //邈
{0x908b, 0xe5e5}, //邋
{0x9091, 0xd2d8}, //邑
{0x9093, 0xb5cb}, //邓
{0x9095, 0xe7df}, //邕
{0x9097, 0xdaf5}, //邗
{0x9099, 0xdaf8}, //邙
{0x909b, 0xdaf6}, //邛
{0x909d, 0xdaf7}, //邝
{0x90a1, 0xdafa}, //邡
{0x90a2, 0xd0cf}, //邢
{0x90a3, 0xc4c7}, //那
{0x90a6, 0xb0ee}, //邦
{0x90aa, 0xd0b0}, //邪
{0x90ac, 0xdaf9}, //邬
{0x90ae, 0xd3ca}, //邮
{0x90af, 0xbaaa}, //邯
{0x90b0, 0xdba2}, //邰
{0x90b1, 0xc7f1}, //邱
{0x90b3, 0xdafc}, //邳
{0x90b4, 0xdafb}, //邴
{0x90b5, 0xc9db}, //邵
{0x90b6, 0xdafd}, //邶
{0x90b8, 0xdba1}, //邸
{0x90b9, 0xd7de}, //邹
{0x90ba, 0xdafe}, //邺
{0x90bb, 0xc1da}, //邻
{0x90be, 0xdba5}, //邾
{0x90c1, 0xd3f4}, //郁
{0x90c4, 0xdba7}, //郄
{0x90c5, 0xdba4}, //郅
{0x90c7, 0xdba8}, //郇
{0x90ca, 0xbdbc}, //郊
{0x90ce, 0xc0c9}, //郎
{0x90cf, 0xdba3}, //郏
{0x90d0, 0xdba6}, //郐
{0x90d1, 0xd6a3}, //郑
{0x90d3, 0xdba9}, //郓
{0x90d7, 0xdbad}, //郗
{0x90db, 0xdbae}, //郛
{0x90dc, 0xdbac}, //郜
{0x90dd, 0xbac2}, //郝
{0x90e1, 0xbfa4}, //郡
{0x90e2, 0xdbab}, //郢
{0x90e6, 0xdbaa}, //郦
{0x90e7, 0xd4c7}, //郧
{0x90e8, 0xb2bf}, //部
{0x90eb, 0xdbaf}, //郫
{0x90ed, 0xb9f9}, //郭
{0x90ef, 0xdbb0}, //郯
{0x90f4, 0xb3bb}, //郴
{0x90f8, 0xb5a6}, //郸
{0x90fd, 0xb6bc}, //都
{0x90fe, 0xdbb1}, //郾
{0x9102, 0xb6f5}, //鄂
{0x9104, 0xdbb2}, //鄄
{0x9119, 0xb1c9}, //鄙
{0x911e, 0xdbb4}, //鄞
{0x9122, 0xdbb3}, //鄢
{0x9123, 0xdbb5}, //鄣
{0x912f, 0xdbb7}, //鄯
{0x9131, 0xdbb6}, //鄱
{0x9139, 0xdbb8}, //鄹
{0x9143, 0xdbb9}, //酃
{0x9146, 0xdbba}, //酆
{0x9149, 0xd3cf}, //酉
{0x914a, 0xf4fa}, //酊
{0x914b, 0xc7f5}, //酋
{0x914c, 0xd7c3}, //酌
{0x914d, 0xc5e4}, //配
{0x914e, 0xf4fc}, //酎
{0x914f, 0xf4fd}, //酏
{0x9150, 0xf4fb}, //酐
{0x9152, 0xbec6}, //酒
{0x9157, 0xd0ef}, //酗
{0x915a, 0xb7d3}, //酚
{0x915d, 0xd4cd}, //酝
{0x915e, 0xccaa}, //酞
{0x9161, 0xf5a2}, //酡
{0x9162, 0xf5a1}, //酢
{0x9163, 0xbaa8}, //酣
{0x9164, 0xf4fe}, //酤
{0x9165, 0xcbd6}, //酥
{0x9169, 0xf5a4}, //酩
{0x916a, 0xc0d2}, //酪
{0x916c, 0xb3ea}, //酬
{0x916e, 0xcdaa}, //酮
{0x916f, 0xf5a5}, //酯
{0x9170, 0xf5a3}, //酰
{0x9171, 0xbdb4}, //酱
{0x9172, 0xf5a8}, //酲
{0x9174, 0xf5a9}, //酴
{0x9175, 0xbdcd}, //酵
{0x9176, 0xc3b8}, //酶
{0x9177, 0xbfe1}, //酷
{0x9178, 0xcbe1}, //酸
{0x9179, 0xf5aa}, //酹
{0x917d, 0xf5a6}, //酽
{0x917e, 0xf5a7}, //酾
{0x917f, 0xc4f0}, //酿
{0x9185, 0xf5ac}, //醅
{0x9187, 0xb4bc}, //醇
{0x9189, 0xd7ed}, //醉
{0x918b, 0xb4d7}, //醋
{0x918c, 0xf5ab}, //醌
{0x918d, 0xf5ae}, //醍
{0x9190, 0xf5ad}, //醐
{0x9191, 0xf5af}, //醑
{0x9192, 0xd0d1}, //醒
{0x919a, 0xc3d1}, //醚
{0x919b, 0xc8a9}, //醛
{0x91a2, 0xf5b0}, //醢
{0x91a3, 0xf5b1}, //醣
{0x91aa, 0xf5b2}, //醪
{0x91ad, 0xf5b3}, //醭
{0x91ae, 0xf5b4}, //醮
{0x91af, 0xf5b5}, //醯
{0x91b4, 0xf5b7}, //醴
{0x91b5, 0xf5b6}, //醵
{0x91ba, 0xf5b8}, //醺
{0x91c7, 0xb2c9}, //采
{0x91c9, 0xd3d4}, //釉
{0x91ca, 0xcacd}, //释
{0x91cc, 0xc0ef}, //里
{0x91cd, 0xd6d8}, //重
{0x91ce, 0xd2b0}, //野
{0x91cf, 0xc1bf}, //量
{0x91d1, 0xbdf0}, //金
{0x91dc, 0xb8aa}, //釜
{0x9274, 0xbcf8}, //鉴
{0x928e, 0xf6c6}, //銎
{0x92ae, 0xf6c7}, //銮
{0x92c8, 0xf6c8}, //鋈
{0x933e, 0xf6c9}, //錾
{0x936a, 0xf6ca}, //鍪
{0x938f, 0xf6cc}, //鎏
{0x93ca, 0xf6cb}, //鏊
{0x93d6, 0xf7e9}, //鏖
{0x943e, 0xf6cd}, //鐾
{0x946b, 0xf6ce}, //鑫
{0x9485, 0xeec4}, //钅
{0x9486, 0xeec5}, //钆
{0x9487, 0xeec6}, //钇
{0x9488, 0xd5eb}, //针
{0x9489, 0xb6a4}, //钉
{0x948a, 0xeec8}, //钊
{0x948b, 0xeec7}, //钋
{0x948c, 0xeec9}, //钌
{0x948d, 0xeeca}, //钍
{0x948e, 0xc7a5}, //钎
{0x948f, 0xeecb}, //钏
{0x9490, 0xeecc}, //钐
{0x9492, 0xb7b0}, //钒
{0x9493, 0xb5f6}, //钓
{0x9494, 0xeecd}, //钔
{0x9495, 0xeecf}, //钕
{0x9497, 0xeece}, //钗
{0x9499, 0xb8c6}, //钙
{0x949a, 0xeed0}, //钚
{0x949b, 0xeed1}, //钛
{0x949c, 0xeed2}, //钜
{0x949d, 0xb6db}, //钝
{0x949e, 0xb3ae}, //钞
{0x949f, 0xd6d3}, //钟
{0x94a0, 0xc4c6}, //钠
{0x94a1, 0xb1b5}, //钡
{0x94a2, 0xb8d6}, //钢
{0x94a3, 0xeed3}, //钣
{0x94a4, 0xeed4}, //钤
{0x94a5, 0xd4bf}, //钥
{0x94a6, 0xc7d5}, //钦
{0x94a7, 0xbefb}, //钧
{0x94a8, 0xced9}, //钨
{0x94a9, 0xb9b3}, //钩
{0x94aa, 0xeed6}, //钪
{0x94ab, 0xeed5}, //钫
{0x94ac, 0xeed8}, //钬
{0x94ad, 0xeed7}, //钭
{0x94ae, 0xc5a5}, //钮
{0x94af, 0xeed9}, //钯
{0x94b0, 0xeeda}, //钰
{0x94b1, 0xc7ae}, //钱
{0x94b2, 0xeedb}, //钲
{0x94b3, 0xc7af}, //钳
{0x94b4, 0xeedc}, //钴
{0x94b5, 0xb2a7}, //钵
{0x94b6, 0xeedd}, //钶
{0x94b7, 0xeede}, //钷
{0x94b8, 0xeedf}, //钸
{0x94b9, 0xeee0}, //钹
{0x94ba, 0xeee1}, //钺
{0x94bb, 0xd7ea}, //钻
{0x94bc, 0xeee2}, //钼
{0x94bd, 0xeee3}, //钽
{0x94be, 0xbcd8}, //钾
{0x94bf, 0xeee4}, //钿
{0x94c0, 0xd3cb}, //铀
{0x94c1, 0xccfa}, //铁
{0x94c2, 0xb2ac}, //铂
{0x94c3, 0xc1e5}, //铃
{0x94c4, 0xeee5}, //铄
{0x94c5, 0xc7a6}, //铅
{0x94c6, 0xc3ad}, //铆
{0x94c8, 0xeee6}, //铈
{0x94c9, 0xeee7}, //铉
{0x94ca, 0xeee8}, //铊
{0x94cb, 0xeee9}, //铋
{0x94cc, 0xeeea}, //铌
{0x94cd, 0xeeeb}, //铍
{0x94ce, 0xeeec}, //铎
{0x94d0, 0xeeed}, //铐
{0x94d1, 0xeeee}, //铑
{0x94d2, 0xeeef}, //铒
{0x94d5, 0xeef0}, //铕
{0x94d6, 0xeef1}, //铖
{0x94d7, 0xeef2}, //铗
{0x94d8, 0xeef4}, //铘
{0x94d9, 0xeef3}, //铙
{0x94db, 0xeef5}, //铛
{0x94dc, 0xcdad}, //铜
{0x94dd, 0xc2c1}, //铝
{0x94de, 0xeef6}, //铞
{0x94df, 0xeef7}, //铟
{0x94e0, 0xeef8}, //铠
{0x94e1, 0xd5a1}, //铡
{0x94e2, 0xeef9}, //铢
{0x94e3, 0xcfb3}, //铣
{0x94e4, 0xeefa}, //铤
{0x94e5, 0xeefb}, //铥
{0x94e7, 0xeefc}, //铧
{0x94e8, 0xeefd}, //铨
{0x94e9, 0xefa1}, //铩
{0x94ea, 0xeefe}, //铪
{0x94eb, 0xefa2}, //铫
{0x94ec, 0xb8f5}, //铬
{0x94ed, 0xc3fa}, //铭
{0x94ee, 0xefa3}, //铮
{0x94ef, 0xefa4}, //铯
{0x94f0, 0xbdc2}, //铰
{0x94f1, 0xd2bf}, //铱
{0x94f2, 0xb2f9}, //铲
{0x94f3, 0xefa5}, //铳
{0x94f4, 0xefa6}, //铴
{0x94f5, 0xefa7}, //铵
{0x94f6, 0xd2f8}, //银
{0x94f7, 0xefa8}, //铷
{0x94f8, 0xd6fd}, //铸
{0x94f9, 0xefa9}, //铹
{0x94fa, 0xc6cc}, //铺
{0x94fc, 0xefaa}, //铼
{0x94fd, 0xefab}, //铽
{0x94fe, 0xc1b4}, //链
{0x94ff, 0xefac}, //铿
{0x9500, 0xcffa}, //销
{0x9501, 0xcbf8}, //锁
{0x9502, 0xefae}, //锂
{0x9503, 0xefad}, //锃
{0x9504, 0xb3fa}, //锄
{0x9505, 0xb9f8}, //锅
{0x9506, 0xefaf}, //锆
{0x9507, 0xefb0}, //锇
{0x9508, 0xd0e2}, //锈
{0x9509, 0xefb1}, //锉
{0x950a, 0xefb2}, //锊
{0x950b, 0xb7e6}, //锋
{0x950c, 0xd0bf}, //锌
{0x950d, 0xefb3}, //锍
{0x950e, 0xefb4}, //锎
{0x950f, 0xefb5}, //锏
{0x9510, 0xc8f1}, //锐
{0x9511, 0xcce0}, //锑
{0x9512, 0xefb6}, //锒
{0x9513, 0xefb7}, //锓
{0x9514, 0xefb8}, //锔
{0x9515, 0xefb9}, //锕
{0x9516, 0xefba}, //锖
{0x9517, 0xd5e0}, //锗
{0x9518, 0xefbb}, //锘
{0x9519, 0xb4ed}, //错
{0x951a, 0xc3aa}, //锚
{0x951b, 0xefbc}, //锛
{0x951d, 0xefbd}, //锝
{0x951e, 0xefbe}, //锞
{0x951f, 0xefbf}, //锟
{0x9521, 0xcefd}, //锡
{0x9522, 0xefc0}, //锢
{0x9523, 0xc2e0}, //锣
{0x9524, 0xb4b8}, //锤
{0x9525, 0xd7b6}, //锥
{0x9526, 0xbdf5}, //锦
{0x9528, 0xcfc7}, //锨
{0x9529, 0xefc3}, //锩
{0x952a, 0xefc1}, //锪
{0x952b, 0xefc2}, //锫
{0x952c, 0xefc4}, //锬
{0x952d, 0xb6a7}, //锭
{0x952e, 0xbcfc}, //键
{0x952f, 0xbee2}, //锯
{0x9530, 0xc3cc}, //锰
{0x9531, 0xefc5}, //锱
{0x9532, 0xefc6}, //锲
{0x9534, 0xefc7}, //锴
{0x9535, 0xefcf}, //锵
{0x9536, 0xefc8}, //锶
{0x9537, 0xefc9}, //锷
{0x9538, 0xefca}, //锸
{0x9539, 0xc7c2}, //锹
{0x953a, 0xeff1}, //锺
{0x953b, 0xb6cd}, //锻
{0x953c, 0xefcb}, //锼
{0x953e, 0xefcc}, //锾
{0x953f, 0xefcd}, //锿
{0x9540, 0xb6c6}, //镀
{0x9541, 0xc3be}, //镁
{0x9542, 0xefce}, //镂
{0x9544, 0xefd0}, //镄
{0x9545, 0xefd1}, //镅
{0x9546, 0xefd2}, //镆
{0x9547, 0xd5f2}, //镇
{0x9549, 0xefd3}, //镉
{0x954a, 0xc4f7}, //镊
{0x954c, 0xefd4}, //镌
{0x954d, 0xc4f8}, //镍
{0x954e, 0xefd5}, //镎
{0x954f, 0xefd6}, //镏
{0x9550, 0xb8e4}, //镐
{0x9551, 0xb0f7}, //镑
{0x9552, 0xefd7}, //镒
{0x9553, 0xefd8}, //镓
{0x9554, 0xefd9}, //镔
{0x9556, 0xefda}, //镖
{0x9557, 0xefdb}, //镗
{0x9558, 0xefdc}, //镘
{0x9559, 0xefdd}, //镙
{0x955b, 0xefde}, //镛
{0x955c, 0xbeb5}, //镜
{0x955d, 0xefe1}, //镝
{0x955e, 0xefdf}, //镞
{0x955f, 0xefe0}, //镟
{0x9561, 0xefe2}, //镡
{0x9562, 0xefe3}, //镢
{0x9563, 0xc1cd}, //镣
{0x9564, 0xefe4}, //镤
{0x9565, 0xefe5}, //镥
{0x9566, 0xefe6}, //镦
{0x9567, 0xefe7}, //镧
{0x9568, 0xefe8}, //镨
{0x9569, 0xefe9}, //镩
{0x956a, 0xefea}, //镪
{0x956b, 0xefeb}, //镫
{0x956c, 0xefec}, //镬
{0x956d, 0xc0d8}, //镭
{0x956f, 0xefed}, //镯
{0x9570, 0xc1ad}, //镰
{0x9571, 0xefee}, //镱
{0x9572, 0xefef}, //镲
{0x9573, 0xeff0}, //镳
{0x9576, 0xcfe2}, //镶
{0x957f, 0xb3a4}, //长
{0x95e8, 0xc3c5}, //门
{0x95e9, 0xe3c5}, //闩
{0x95ea, 0xc9c1}, //闪
{0x95eb, 0xe3c6}, //闫
{0x95ed, 0xb1d5}, //闭
{0x95ee, 0xceca}, //问
{0x95ef, 0xb4b3}, //闯
{0x95f0, 0xc8f2}, //闰
{0x95f1, 0xe3c7}, //闱
{0x95f2, 0xcfd0}, //闲
{0x95f3, 0xe3c8}, //闳
{0x95f4, 0xbce4}, //间
{0x95f5, 0xe3c9}, //闵
{0x95f6, 0xe3ca}, //闶
{0x95f7, 0xc3c6}, //闷
{0x95f8, 0xd5a2}, //闸
{0x95f9, 0xc4d6}, //闹
{0x95fa, 0xb9eb}, //闺
{0x95fb, 0xcec5}, //闻
{0x95fc, 0xe3cb}, //闼
{0x95fd, 0xc3f6}, //闽
{0x95fe, 0xe3cc}, //闾
{0x9600, 0xb7a7}, //阀
{0x9601, 0xb8f3}, //阁
{0x9602, 0xbad2}, //阂
{0x9603, 0xe3cd}, //阃
{0x9604, 0xe3ce}, //阄
{0x9605, 0xd4c4}, //阅
{0x9606, 0xe3cf}, //阆
{0x9608, 0xe3d0}, //阈
{0x9609, 0xd1cb}, //阉
{0x960a, 0xe3d1}, //阊
{0x960b, 0xe3d2}, //阋
{0x960c, 0xe3d3}, //阌
{0x960d, 0xe3d4}, //阍
{0x960e, 0xd1d6}, //阎
{0x960f, 0xe3d5}, //阏
{0x9610, 0xb2fb}, //阐
{0x9611, 0xc0bb}, //阑
{0x9612, 0xe3d6}, //阒
{0x9614, 0xc0ab}, //阔
{0x9615, 0xe3d7}, //阕
{0x9616, 0xe3d8}, //阖
{0x9617, 0xe3d9}, //阗
{0x9619, 0xe3da}, //阙
{0x961a, 0xe3db}, //阚
{0x961c, 0xb8b7}, //阜
{0x961d, 0xdae2}, //阝
{0x961f, 0xb6d3}, //队
{0x9621, 0xdae4}, //阡
{0x9622, 0xdae3}, //阢
{0x962a, 0xdae6}, //阪
{0x962e, 0xc8ee}, //阮
{0x9631, 0xdae5}, //阱
{0x9632, 0xb7c0}, //防
{0x9633, 0xd1f4}, //阳
{0x9634, 0xd2f5}, //阴
{0x9635, 0xd5f3}, //阵
{0x9636, 0xbdd7}, //阶
{0x963b, 0xd7e8}, //阻
{0x963c, 0xdae8}, //阼
{0x963d, 0xdae7}, //阽
{0x963f, 0xb0a2}, //阿
{0x9640, 0xcdd3}, //陀
{0x9642, 0xdae9}, //陂
{0x9644, 0xb8bd}, //附
{0x9645, 0xbcca}, //际
{0x9646, 0xc2bd}, //陆
{0x9647, 0xc2a4}, //陇
{0x9648, 0xb3c2}, //陈
{0x9649, 0xdaea}, //陉
{0x964b, 0xc2aa}, //陋
{0x964c, 0xc4b0}, //陌
{0x964d, 0xbdb5}, //降
{0x9650, 0xcfde}, //限
{0x9654, 0xdaeb}, //陔
{0x9655, 0xc9c2}, //陕
{0x965b, 0xb1dd}, //陛
{0x965f, 0xdaec}, //陟
{0x9661, 0xb6b8}, //陡
{0x9662, 0xd4ba}, //院
{0x9664, 0xb3fd}, //除
{0x9667, 0xdaed}, //陧
{0x9668, 0xd4c9}, //陨
{0x9669, 0xcfd5}, //险
{0x966a, 0xc5e3}, //陪
{0x966c, 0xdaee}, //陬
{0x9672, 0xdaef}, //陲
{0x9674, 0xdaf0}, //陴
{0x9675, 0xc1ea}, //陵
{0x9676, 0xccd5}, //陶
{0x9677, 0xcfdd}, //陷
{0x9685, 0xd3e7}, //隅
{0x9686, 0xc2a1}, //隆
{0x9688, 0xdaf1}, //隈
{0x968b, 0xcbe5}, //隋
{0x968d, 0xdaf2}, //隍
{0x968f, 0xcbe6}, //随
{0x9690, 0xd2fe}, //隐
{0x9694, 0xb8f4}, //隔
{0x9697, 0xdaf3}, //隗
{0x9698, 0xb0af}, //隘
{0x9699, 0xcfb6}, //隙
{0x969c, 0xd5cf}, //障
{0x96a7, 0xcbed}, //隧
{0x96b0, 0xdaf4}, //隰
{0x96b3, 0xe3c4}, //隳
{0x96b6, 0xc1a5}, //隶
{0x96b9, 0xf6bf}, //隹
{0x96bc, 0xf6c0}, //隼
{0x96bd, 0xf6c1}, //隽
{0x96be, 0xc4d1}, //难
{0x96c0, 0xc8b8}, //雀
{0x96c1, 0xd1e3}, //雁
{0x96c4, 0xd0db}, //雄
{0x96c5, 0xd1c5}, //雅
{0x96c6, 0xbcaf}, //集
{0x96c7, 0xb9cd}, //雇
{0x96c9, 0xeff4}, //雉
{0x96cc, 0xb4c6}, //雌
{0x96cd, 0xd3ba}, //雍
{0x96ce, 0xf6c2}, //雎
{0x96cf, 0xb3fb}, //雏
{0x96d2, 0xf6c3}, //雒
{0x96d5, 0xb5f1}, //雕
{0x96e0, 0xf6c5}, //雠
{0x96e8, 0xd3ea}, //雨
{0x96e9, 0xf6a7}, //雩
{0x96ea, 0xd1a9}, //雪
{0x96ef, 0xf6a9}, //雯
{0x96f3, 0xf6a8}, //雳
{0x96f6, 0xc1e3}, //零
{0x96f7, 0xc0d7}, //雷
{0x96f9, 0xb1a2}, //雹
{0x96fe, 0xceed}, //雾
{0x9700, 0xd0e8}, //需
{0x9701, 0xf6ab}, //霁
{0x9704, 0xcff6}, //霄
{0x9706, 0xf6aa}, //霆
{0x9707, 0xd5f0}, //震
{0x9708, 0xf6ac}, //霈
{0x9709, 0xc3b9}, //霉
{0x970d, 0xbbf4}, //霍
{0x970e, 0xf6ae}, //霎
{0x970f, 0xf6ad}, //霏
{0x9713, 0xc4de}, //霓
{0x9716, 0xc1d8}, //霖
{0x971c, 0xcbaa}, //霜
{0x971e, 0xcfbc}, //霞
{0x972a, 0xf6af}, //霪
{0x972d, 0xf6b0}, //霭
{0x9730, 0xf6b1}, //霰
{0x9732, 0xc2b6}, //露
{0x9738, 0xb0d4}, //霸
{0x9739, 0xc5f9}, //霹
{0x973e, 0xf6b2}, //霾
{0x9752, 0xc7e0}, //青
{0x9753, 0xf6a6}, //靓
{0x9756, 0xbeb8}, //靖
{0x9759, 0xbeb2}, //静
{0x975b, 0xb5e5}, //靛
{0x975e, 0xb7c7}, //非
{0x9760, 0xbfbf}, //靠
{0x9761, 0xc3d2}, //靡
{0x9762, 0xc3e6}, //面
{0x9765, 0xd8cc}, //靥
{0x9769, 0xb8ef}, //革
{0x9773, 0xbdf9}, //靳
{0x9774, 0xd1a5}, //靴
{0x9776, 0xb0d0}, //靶
{0x977c, 0xf7b0}, //靼
{0x9785, 0xf7b1}, //鞅
{0x978b, 0xd0ac}, //鞋
{0x978d, 0xb0b0}, //鞍
{0x9791, 0xf7b2}, //鞑
{0x9792, 0xf7b3}, //鞒
{0x9794, 0xf7b4}, //鞔
{0x9798, 0xc7ca}, //鞘
{0x97a0, 0xbecf}, //鞠
{0x97a3, 0xf7b7}, //鞣
{0x97ab, 0xf7b6}, //鞫
{0x97ad, 0xb1de}, //鞭
{0x97af, 0xf7b5}, //鞯
{0x97b2, 0xf7b8}, //鞲
{0x97b4, 0xf7b9}, //鞴
{0x97e6, 0xcea4}, //韦
{0x97e7, 0xc8cd}, //韧
{0x97e9, 0xbaab}, //韩
{0x97ea, 0xe8b8}, //韪
{0x97eb, 0xe8b9}, //韫
{0x97ec, 0xe8ba}, //韬
{0x97ed, 0xbec2}, //韭
{0x97f3, 0xd2f4}, //音
{0x97f5, 0xd4cf}, //韵
{0x97f6, 0xc9d8}, //韶
{0x9875, 0xd2b3}, //页
{0x9876, 0xb6a5}, //顶
{0x9877, 0xc7ea}, //顷
{0x9878, 0xf1fc}, //顸
{0x9879, 0xcfee}, //项
{0x987a, 0xcbb3}, //顺
{0x987b, 0xd0eb}, //须
{0x987c, 0xe7ef}, //顼
{0x987d, 0xcde7}, //顽
{0x987e, 0xb9cb}, //顾
{0x987f, 0xb6d9}, //顿
{0x9880, 0xf1fd}, //颀
{0x9881, 0xb0e4}, //颁
{0x9882, 0xcbcc}, //颂
{0x9883, 0xf1fe}, //颃
{0x9884, 0xd4a4}, //预
{0x9885, 0xc2ad}, //颅
{0x9886, 0xc1ec}, //领
{0x9887, 0xc6c4}, //颇
{0x9888, 0xbeb1}, //颈
{0x9889, 0xf2a1}, //颉
{0x988a, 0xbcd5}, //颊
{0x988c, 0xf2a2}, //颌
{0x988d, 0xf2a3}, //颍
{0x988f, 0xf2a4}, //颏
{0x9890, 0xd2c3}, //颐
{0x9891, 0xc6b5}, //频
{0x9893, 0xcdc7}, //颓
{0x9894, 0xf2a5}, //颔
{0x9896, 0xd3b1}, //颖
{0x9897, 0xbfc5}, //颗
{0x9898, 0xcce2}, //题
{0x989a, 0xf2a6}, //颚
{0x989b, 0xf2a7}, //颛
{0x989c, 0xd1d5}, //颜
{0x989d, 0xb6ee}, //额
{0x989e, 0xf2a8}, //颞
{0x989f, 0xf2a9}, //颟
{0x98a0, 0xb5df}, //颠
{0x98a1, 0xf2aa}, //颡
{0x98a2, 0xf2ab}, //颢
{0x98a4, 0xb2fc}, //颤
{0x98a5, 0xf2ac}, //颥
{0x98a6, 0xf2ad}, //颦
{0x98a7, 0xc8a7}, //颧
{0x98ce, 0xb7e7}, //风
{0x98d1, 0xeca9}, //飑
{0x98d2, 0xecaa}, //飒
{0x98d3, 0xecab}, //飓
{0x98d5, 0xecac}, //飕
{0x98d8, 0xc6ae}, //飘
{0x98d9, 0xecad}, //飙
{0x98da, 0xecae}, //飚
{0x98de, 0xb7c9}, //飞
{0x98df, 0xcab3}, //食
{0x98e7, 0xe2b8}, //飧
{0x98e8, 0xf7cf}, //飨
{0x990d, 0xf7d0}, //餍
{0x9910, 0xb2cd}, //餐
{0x992e, 0xf7d1}, //餮
{0x9954, 0xf7d3}, //饔
{0x9955, 0xf7d2}, //饕
{0x9963, 0xe2bb}, //饣
{0x9965, 0xbca2}, //饥
{0x9967, 0xe2bc}, //饧
{0x9968, 0xe2bd}, //饨
{0x9969, 0xe2be}, //饩
{0x996a, 0xe2bf}, //饪
{0x996b, 0xe2c0}, //饫
{0x996c, 0xe2c1}, //饬
{0x996d, 0xb7b9}, //饭
{0x996e, 0xd2fb}, //饮
{0x996f, 0xbda4}, //饯
{0x9970, 0xcace}, //饰
{0x9971, 0xb1a5}, //饱
{0x9972, 0xcbc7}, //饲
{0x9974, 0xe2c2}, //饴
{0x9975, 0xb6fc}, //饵
{0x9976, 0xc8c4}, //饶
{0x9977, 0xe2c3}, //饷
{0x997a, 0xbdc8}, //饺
{0x997c, 0xb1fd}, //饼
{0x997d, 0xe2c4}, //饽
{0x997f, 0xb6f6}, //饿
{0x9980, 0xe2c5}, //馀
{0x9981, 0xc4d9}, //馁
{0x9984, 0xe2c6}, //馄
{0x9985, 0xcfda}, //馅
{0x9986, 0xb9dd}, //馆
{0x9987, 0xe2c7}, //馇
{0x9988, 0xc0a1}, //馈
{0x998a, 0xe2c8}, //馊
{0x998b, 0xb2f6}, //馋
{0x998d, 0xe2c9}, //馍
{0x998f, 0xc1f3}, //馏
{0x9990, 0xe2ca}, //馐
{0x9991, 0xe2cb}, //馑
{0x9992, 0xc2f8}, //馒
{0x9993, 0xe2cc}, //馓
{0x9994, 0xe2cd}, //馔
{0x9995, 0xe2ce}, //馕
{0x9996, 0xcad7}, //首
{0x9997, 0xd8b8}, //馗
{0x9998, 0xd9e5}, //馘
{0x9999, 0xcfe3}, //香
{0x99a5, 0xf0a5}, //馥
{0x99a8, 0xdcb0}, //馨
{0x9a6c, 0xc2ed}, //马
{0x9a6d, 0xd4a6}, //驭
{0x9a6e, 0xcdd4}, //驮
{0x9a6f, 0xd1b1}, //驯
{0x9a70, 0xb3db}, //驰
{0x9a71, 0xc7fd}, //驱
{0x9a73, 0xb2b5}, //驳
{0x9a74, 0xc2bf}, //驴
{0x9a75, 0xe6e0}, //驵
{0x9a76, 0xcabb}, //驶
{0x9a77, 0xe6e1}, //驷
{0x9a78, 0xe6e2}, //驸
{0x9a79, 0xbed4}, //驹
{0x9a7a, 0xe6e3}, //驺
{0x9a7b, 0xd7a4}, //驻
{0x9a7c, 0xcdd5}, //驼
{0x9a7d, 0xe6e5}, //驽
{0x9a7e, 0xbcdd}, //驾
{0x9a7f, 0xe6e4}, //驿
{0x9a80, 0xe6e6}, //骀
{0x9a81, 0xe6e7}, //骁
{0x9a82, 0xc2ee}, //骂
{0x9a84, 0xbdbe}, //骄
{0x9a85, 0xe6e8}, //骅
{0x9a86, 0xc2e6}, //骆
{0x9a87, 0xbaa7}, //骇
{0x9a88, 0xe6e9}, //骈
{0x9a8a, 0xe6ea}, //骊
{0x9a8b, 0xb3d2}, //骋
{0x9a8c, 0xd1e9}, //验
{0x9a8f, 0xbfa5}, //骏
{0x9a90, 0xe6eb}, //骐
{0x9a91, 0xc6ef}, //骑
{0x9a92, 0xe6ec}, //骒
{0x9a93, 0xe6ed}, //骓
{0x9a96, 0xe6ee}, //骖
{0x9a97, 0xc6ad}, //骗
{0x9a98, 0xe6ef}, //骘
{0x9a9a, 0xc9a7}, //骚
{0x9a9b, 0xe6f0}, //骛
{0x9a9c, 0xe6f1}, //骜
{0x9a9d, 0xe6f2}, //骝
{0x9a9e, 0xe5b9}, //骞
{0x9a9f, 0xe6f3}, //骟
{0x9aa0, 0xe6f4}, //骠
{0x9aa1, 0xc2e2}, //骡
{0x9aa2, 0xe6f5}, //骢
{0x9aa3, 0xe6f6}, //骣
{0x9aa4, 0xd6e8}, //骤
{0x9aa5, 0xe6f7}, //骥
{0x9aa7, 0xe6f8}, //骧
{0x9aa8, 0xb9c7}, //骨
{0x9ab0, 0xf7bb}, //骰
{0x9ab1, 0xf7ba}, //骱
{0x9ab6, 0xf7be}, //骶
{0x9ab7, 0xf7bc}, //骷
{0x9ab8, 0xbaa1}, //骸
{0x9aba, 0xf7bf}, //骺
{0x9abc, 0xf7c0}, //骼
{0x9ac0, 0xf7c2}, //髀
{0x9ac1, 0xf7c1}, //髁
{0x9ac2, 0xf7c4}, //髂
{0x9ac5, 0xf7c3}, //髅
{0x9acb, 0xf7c5}, //髋
{0x9acc, 0xf7c6}, //髌
{0x9ad1, 0xf7c7}, //髑
{0x9ad3, 0xcbe8}, //髓
{0x9ad8, 0xb8df}, //高
{0x9adf, 0xf7d4}, //髟
{0x9ae1, 0xf7d5}, //髡
{0x9ae6, 0xf7d6}, //髦
{0x9aeb, 0xf7d8}, //髫
{0x9aed, 0xf7da}, //髭
{0x9aef, 0xf7d7}, //髯
{0x9af9, 0xf7db}, //髹
{0x9afb, 0xf7d9}, //髻
{0x9b03, 0xd7d7}, //鬃
{0x9b08, 0xf7dc}, //鬈
{0x9b0f, 0xf7dd}, //鬏
{0x9b13, 0xf7de}, //鬓
{0x9b1f, 0xf7df}, //鬟
{0x9b23, 0xf7e0}, //鬣
{0x9b2f, 0xdbcb}, //鬯
{0x9b32, 0xd8aa}, //鬲
{0x9b3b, 0xe5f7}, //鬻
{0x9b3c, 0xb9ed}, //鬼
{0x9b41, 0xbffd}, //魁
{0x9b42, 0xbbea}, //魂
{0x9b43, 0xf7c9}, //魃
{0x9b44, 0xc6c7}, //魄
{0x9b45, 0xf7c8}, //魅
{0x9b47, 0xf7ca}, //魇
{0x9b48, 0xf7cc}, //魈
{0x9b49, 0xf7cb}, //魉
{0x9b4d, 0xf7cd}, //魍
{0x9b4f, 0xceba}, //魏
{0x9b51, 0xf7ce}, //魑
{0x9b54, 0xc4a7}, //魔
{0x9c7c, 0xd3e3}, //鱼
{0x9c7f, 0xf6cf}, //鱿
{0x9c81, 0xc2b3}, //鲁
{0x9c82, 0xf6d0}, //鲂
{0x9c85, 0xf6d1}, //鲅
{0x9c86, 0xf6d2}, //鲆
{0x9c87, 0xf6d3}, //鲇
{0x9c88, 0xf6d4}, //鲈
{0x9c8b, 0xf6d6}, //鲋
{0x9c8d, 0xb1ab}, //鲍
{0x9c8e, 0xf6d7}, //鲎
{0x9c90, 0xf6d8}, //鲐
{0x9c91, 0xf6d9}, //鲑
{0x9c92, 0xf6da}, //鲒
{0x9c94, 0xf6db}, //鲔
{0x9c95, 0xf6dc}, //鲕
{0x9c9a, 0xf6dd}, //鲚
{0x9c9b, 0xf6de}, //鲛
{0x9c9c, 0xcfca}, //鲜
{0x9c9e, 0xf6df}, //鲞
{0x9c9f, 0xf6e0}, //鲟
{0x9ca0, 0xf6e1}, //鲠
{0x9ca1, 0xf6e2}, //鲡
{0x9ca2, 0xf6e3}, //鲢
{0x9ca3, 0xf6e4}, //鲣
{0x9ca4, 0xc0f0}, //鲤
{0x9ca5, 0xf6e5}, //鲥
{0x9ca6, 0xf6e6}, //鲦
{0x9ca7, 0xf6e7}, //鲧
{0x9ca8, 0xf6e8}, //鲨
{0x9ca9, 0xf6e9}, //鲩
{0x9cab, 0xf6ea}, //鲫
{0x9cad, 0xf6eb}, //鲭
{0x9cae, 0xf6ec}, //鲮
{0x9cb0, 0xf6ed}, //鲰
{0x9cb1, 0xf6ee}, //鲱
{0x9cb2, 0xf6ef}, //鲲
{0x9cb3, 0xf6f0}, //鲳
{0x9cb4, 0xf6f1}, //鲴
{0x9cb5, 0xf6f2}, //鲵
{0x9cb6, 0xf6f3}, //鲶
{0x9cb7, 0xf6f4}, //鲷
{0x9cb8, 0xbea8}, //鲸
{0x9cba, 0xf6f5}, //鲺
{0x9cbb, 0xf6f6}, //鲻
{0x9cbc, 0xf6f7}, //鲼
{0x9cbd, 0xf6f8}, //鲽
{0x9cc3, 0xc8fa}, //鳃
{0x9cc4, 0xf6f9}, //鳄
{0x9cc5, 0xf6fa}, //鳅
{0x9cc6, 0xf6fb}, //鳆
{0x9cc7, 0xf6fc}, //鳇
{0x9cca, 0xf6fd}, //鳊
{0x9ccb, 0xf6fe}, //鳋
{0x9ccc, 0xf7a1}, //鳌
{0x9ccd, 0xf7a2}, //鳍
{0x9cce, 0xf7a3}, //鳎
{0x9ccf, 0xf7a4}, //鳏
{0x9cd0, 0xf7a5}, //鳐
{0x9cd3, 0xf7a6}, //鳓
{0x9cd4, 0xf7a7}, //鳔
{0x9cd5, 0xf7a8}, //鳕
{0x9cd6, 0xb1ee}, //鳖
{0x9cd7, 0xf7a9}, //鳗
{0x9cd8, 0xf7aa}, //鳘
{0x9cd9, 0xf7ab}, //鳙
{0x9cdc, 0xf7ac}, //鳜
{0x9cdd, 0xf7ad}, //鳝
{0x9cde, 0xc1db}, //鳞
{0x9cdf, 0xf7ae}, //鳟
{0x9ce2, 0xf7af}, //鳢
{0x9e1f, 0xc4f1}, //鸟
{0x9e20, 0xf0af}, //鸠
{0x9e21, 0xbca6}, //鸡
{0x9e22, 0xf0b0}, //鸢
{0x9e23, 0xc3f9}, //鸣
{0x9e25, 0xc5b8}, //鸥
{0x9e26, 0xd1bb}, //鸦
{0x9e28, 0xf0b1}, //鸨
{0x9e29, 0xf0b2}, //鸩
{0x9e2a, 0xf0b3}, //鸪
{0x9e2b, 0xf0b4}, //鸫
{0x9e2c, 0xf0b5}, //鸬
{0x9e2d, 0xd1bc}, //鸭
{0x9e2f, 0xd1ec}, //鸯
{0x9e31, 0xf0b7}, //鸱
{0x9e32, 0xf0b6}, //鸲
{0x9e33, 0xd4a7}, //鸳
{0x9e35, 0xcdd2}, //鸵
{0x9e36, 0xf0b8}, //鸶
{0x9e37, 0xf0ba}, //鸷
{0x9e38, 0xf0b9}, //鸸
{0x9e39, 0xf0bb}, //鸹
{0x9e3a, 0xf0bc}, //鸺
{0x9e3d, 0xb8eb}, //鸽
{0x9e3e, 0xf0bd}, //鸾
{0x9e3f, 0xbae8}, //鸿
{0x9e41, 0xf0be}, //鹁
{0x9e42, 0xf0bf}, //鹂
{0x9e43, 0xbee9}, //鹃
{0x9e44, 0xf0c0}, //鹄
{0x9e45, 0xb6ec}, //鹅
{0x9e46, 0xf0c1}, //鹆
{0x9e47, 0xf0c2}, //鹇
{0x9e48, 0xf0c3}, //鹈
{0x9e49, 0xf0c4}, //鹉
{0x9e4a, 0xc8b5}, //鹊
{0x9e4b, 0xf0c5}, //鹋
{0x9e4c, 0xf0c6}, //鹌
{0x9e4e, 0xf0c7}, //鹎
{0x9e4f, 0xc5f4}, //鹏
{0x9e51, 0xf0c8}, //鹑
{0x9e55, 0xf0c9}, //鹕
{0x9e57, 0xf0ca}, //鹗
{0x9e58, 0xf7bd}, //鹘
{0x9e5a, 0xf0cb}, //鹚
{0x9e5b, 0xf0cc}, //鹛
{0x9e5c, 0xf0cd}, //鹜
{0x9e5e, 0xf0ce}, //鹞
{0x9e63, 0xf0cf}, //鹣
{0x9e64, 0xbad7}, //鹤
{0x9e66, 0xf0d0}, //鹦
{0x9e67, 0xf0d1}, //鹧
{0x9e68, 0xf0d2}, //鹨
{0x9e69, 0xf0d3}, //鹩
{0x9e6a, 0xf0d4}, //鹪
{0x9e6b, 0xf0d5}, //鹫
{0x9e6c, 0xf0d6}, //鹬
{0x9e6d, 0xf0d8}, //鹭
{0x9e70, 0xd3a5}, //鹰
{0x9e71, 0xf0d7}, //鹱
{0x9e73, 0xf0d9}, //鹳
{0x9e7e, 0xf5ba}, //鹾
{0x9e7f, 0xc2b9}, //鹿
{0x9e82, 0xf7e4}, //麂
{0x9e87, 0xf7e5}, //麇
{0x9e88, 0xf7e6}, //麈
{0x9e8b, 0xf7e7}, //麋
{0x9e92, 0xf7e8}, //麒
{0x9e93, 0xc2b4}, //麓
{0x9e9d, 0xf7ea}, //麝
{0x9e9f, 0xf7eb}, //麟
{0x9ea6, 0xc2f3}, //麦
{0x9eb4, 0xf4f0}, //麴
{0x9eb8, 0xf4ef}, //麸
{0x9ebb, 0xc2e9}, //麻
{0x9ebd, 0xf7e1}, //麽
{0x9ebe, 0xf7e2}, //麾
{0x9ec4, 0xbbc6}, //黄
{0x9ec9, 0xd9e4}, //黉
{0x9ecd, 0xcaf2}, //黍
{0x9ece, 0xc0e8}, //黎
{0x9ecf, 0xf0a4}, //黏
{0x9ed1, 0xbada}, //黑
{0x9ed4, 0xc7ad}, //黔
{0x9ed8, 0xc4ac}, //默
{0x9edb, 0xf7ec}, //黛
{0x9edc, 0xf7ed}, //黜
{0x9edd, 0xf7ee}, //黝
{0x9edf, 0xf7f0}, //黟
{0x9ee0, 0xf7ef}, //黠
{0x9ee2, 0xf7f1}, //黢
{0x9ee5, 0xf7f4}, //黥
{0x9ee7, 0xf7f3}, //黧
{0x9ee9, 0xf7f2}, //黩
{0x9eea, 0xf7f5}, //黪
{0x9eef, 0xf7f6}, //黯
{0x9ef9, 0xede9}, //黹
{0x9efb, 0xedea}, //黻
{0x9efc, 0xedeb}, //黼
{0x9efe, 0xf6bc}, //黾
{0x9f0b, 0xf6bd}, //鼋
{0x9f0d, 0xf6be}, //鼍
{0x9f0e, 0xb6a6}, //鼎
{0x9f10, 0xd8be}, //鼐
{0x9f13, 0xb9c4}, //鼓
{0x9f17, 0xd8bb}, //鼗
{0x9f19, 0xdcb1}, //鼙
{0x9f20, 0xcaf3}, //鼠
{0x9f22, 0xf7f7}, //鼢
{0x9f2c, 0xf7f8}, //鼬
{0x9f2f, 0xf7f9}, //鼯
{0x9f37, 0xf7fb}, //鼷
{0x9f39, 0xf7fa}, //鼹
{0x9f3b, 0xb1c7}, //鼻
{0x9f3d, 0xf7fc}, //鼽
{0x9f3e, 0xf7fd}, //鼾
{0x9f44, 0xf7fe}, //齄
{0x9f50, 0xc6eb}, //齐
{0x9f51, 0xecb4}, //齑
{0x9f7f, 0xb3dd}, //齿
{0x9f80, 0xf6b3}, //龀
{0x9f83, 0xf6b4}, //龃
{0x9f84, 0xc1e4}, //龄
{0x9f85, 0xf6b5}, //龅
{0x9f86, 0xf6b6}, //龆
{0x9f87, 0xf6b7}, //龇
{0x9f88, 0xf6b8}, //龈
{0x9f89, 0xf6b9}, //龉
{0x9f8a, 0xf6ba}, //龊
{0x9f8b, 0xc8a3}, //龋
{0x9f8c, 0xf6bb}, //龌
{0x9f99, 0xc1fa}, //龙
{0x9f9a, 0xb9a8}, //龚
{0x9f9b, 0xede8}, //龛
{0x9f9f, 0xb9ea}, //龟
{0x9fa0, 0xd9df}, //龠
{0xff01, 0xa3a1}, //！
{0xff02, 0xa3a2}, //＂
{0xff03, 0xa3a3}, //＃
{0xff04, 0xa1e7}, //＄
{0xff05, 0xa3a5}, //％
{0xff06, 0xa3a6}, //＆
{0xff07, 0xa3a7}, //＇
{0xff08, 0xa3a8}, //（
{0xff09, 0xa3a9}, //）
{0xff0a, 0xa3aa}, //＊
{0xff0b, 0xa3ab}, //＋
{0xff0c, 0xa3ac}, //，
{0xff0d, 0xa3ad}, //－
{0xff0e, 0xa3ae}, //．
{0xff0f, 0xa3af}, //／
{0xff10, 0xa3b0}, //０
{0xff11, 0xa3b1}, //１
{0xff12, 0xa3b2}, //２
{0xff13, 0xa3b3}, //３
{0xff14, 0xa3b4}, //４
{0xff15, 0xa3b5}, //５
{0xff16, 0xa3b6}, //６
{0xff17, 0xa3b7}, //７
{0xff18, 0xa3b8}, //８
{0xff19, 0xa3b9}, //９
{0xff1a, 0xa3ba}, //：
{0xff1b, 0xa3bb}, //；
{0xff1c, 0xa3bc}, //＜
{0xff1d, 0xa3bd}, //＝
{0xff1e, 0xa3be}, //＞
{0xff1f, 0xa3bf}, //？
{0xff20, 0xa3c0}, //＠
{0xff21, 0xa3c1}, //Ａ
{0xff22, 0xa3c2}, //Ｂ
{0xff23, 0xa3c3}, //Ｃ
{0xff24, 0xa3c4}, //Ｄ
{0xff25, 0xa3c5}, //Ｅ
{0xff26, 0xa3c6}, //Ｆ
{0xff27, 0xa3c7}, //Ｇ
{0xff28, 0xa3c8}, //Ｈ
{0xff29, 0xa3c9}, //Ｉ
{0xff2a, 0xa3ca}, //Ｊ
{0xff2b, 0xa3cb}, //Ｋ
{0xff2c, 0xa3cc}, //Ｌ
{0xff2d, 0xa3cd}, //Ｍ
{0xff2e, 0xa3ce}, //Ｎ
{0xff2f, 0xa3cf}, //Ｏ
{0xff30, 0xa3d0}, //Ｐ
{0xff31, 0xa3d1}, //Ｑ
{0xff32, 0xa3d2}, //Ｒ
{0xff33, 0xa3d3}, //Ｓ
{0xff34, 0xa3d4}, //Ｔ
{0xff35, 0xa3d5}, //Ｕ
{0xff36, 0xa3d6}, //Ｖ
{0xff37, 0xa3d7}, //Ｗ
{0xff38, 0xa3d8}, //Ｘ
{0xff39, 0xa3d9}, //Ｙ
{0xff3a, 0xa3da}, //Ｚ
{0xff3b, 0xa3db}, //［
{0xff3c, 0xa3dc}, //＼
{0xff3d, 0xa3dd}, //］
{0xff3e, 0xa3de}, //＾
{0xff3f, 0xa3df}, //＿
{0xff40, 0xa3e0}, //｀
{0xff41, 0xa3e1}, //ａ
{0xff42, 0xa3e2}, //ｂ
{0xff43, 0xa3e3}, //ｃ
{0xff44, 0xa3e4}, //ｄ
{0xff45, 0xa3e5}, //ｅ
{0xff46, 0xa3e6}, //ｆ
{0xff47, 0xa3e7}, //ｇ
{0xff48, 0xa3e8}, //ｈ
{0xff49, 0xa3e9}, //ｉ
{0xff4a, 0xa3ea}, //ｊ
{0xff4b, 0xa3eb}, //ｋ
{0xff4c, 0xa3ec}, //ｌ
{0xff4d, 0xa3ed}, //ｍ
{0xff4e, 0xa3ee}, //ｎ
{0xff4f, 0xa3ef}, //ｏ
{0xff50, 0xa3f0}, //ｐ
{0xff51, 0xa3f1}, //ｑ
{0xff52, 0xa3f2}, //ｒ
{0xff53, 0xa3f3}, //ｓ
{0xff54, 0xa3f4}, //ｔ
{0xff55, 0xa3f5}, //ｕ
{0xff56, 0xa3f6}, //ｖ
{0xff57, 0xa3f7}, //ｗ
{0xff58, 0xa3f8}, //ｘ
{0xff59, 0xa3f9}, //ｙ
{0xff5a, 0xa3fa}, //ｚ
{0xff5b, 0xa3fb}, //｛
{0xff5c, 0xa3fc}, //｜
{0xff5d, 0xa3fd}, //｝
{0xff5e, 0xa1ab}, //～
{0xffe0, 0xa1e9}, //￠
{0xffe1, 0xa1ea}, //￡
{0xffe3, 0xa3fe}, //￣
{0xffe5, 0xa3a4}, //￥
};
